college_id,branch,district,year,applications,sanctioned_seats,filled_seats,vacant_seats,cutoff_percentile,placement_rate,graduation_rate,filled_seats_next_year
COL0001,BCom,Dharashiv,2021,597,340,239,101,49.15,62.7,80.7,220
COL0001,BCom,Dharashiv,2022,611,330,220,110,53.13,61.9,69.8,246
COL0001,BCom,Dharashiv,2023,649,320,246,74,50.51,67.1,81.4,242
COL0001,BCom,Dharashiv,2024,638,330,242,88,50.22,64.9,82.3,316
COL0002,BSc Mathematics,Yavatmal,2021,662,200,177,23,72.13,91.5,100.0,169
COL0002,BSc Mathematics,Yavatmal,2022,686,200,169,31,69.41,87.9,100.0,187
COL0002,BSc Mathematics,Yavatmal,2023,728,220,187,33,73.77,96.7,100.0,190
COL0002,BSc Mathematics,Yavatmal,2024,797,220,190,30,70.27,94.2,100.0,211
COL0003,B.Ed,Mumbai City,2021,133,40,35,5,77.09,86.7,100.0,36
COL0003,B.Ed,Mumbai City,2022,143,40,36,4,79.14,88.6,99.9,36
COL0003,B.Ed,Mumbai City,2023,137,40,36,4,79.86,91.7,100.0,34
COL0003,B.Ed,Mumbai City,2024,136,40,34,6,81.53,88.5,100.0,34
COL0004,B.Ed,Nanded,2021,48,40,26,14,54.37,56.1,65.4,28
COL0004,B.Ed,Nanded,2022,58,40,28,12,53.75,59.1,68.0,26
COL0004,B.Ed,Nanded,2023,54,40,26,14,53.05,54.9,70.9,28
COL0004,B.Ed,Nanded,2024,57,40,28,12,53.7,56.7,66.4,34
COL0005,BSc,Solapur,2021,1239,550,417,133,54.87,76.0,86.7,410
COL0005,BSc,Solapur,2022,1200,580,410,170,54.01,72.8,92.5,462
COL0005,BSc,Solapur,2023,1409,580,462,118,55.26,72.7,88.5,525
COL0005,BSc,Solapur,2024,1522,640,525,115,53.71,76.7,91.3,438
COL0006,BCom,Dharashiv,2021,124,150,89,61,37.13,63.1,73.5,84
COL0006,BCom,Dharashiv,2022,119,150,84,66,36.37,58.1,70.4,104
COL0006,BCom,Dharashiv,2023,146,170,104,66,37.25,65.1,82.3,90
COL0006,BCom,Dharashiv,2024,137,160,90,70,37.31,60.3,69.9,90
COL0007,BCom,Satara,2021,444,120,104,16,70.13,74.1,91.2,107
COL0007,BCom,Satara,2022,471,120,107,13,67.85,80.7,91.6,110
COL0007,BCom,Satara,2023,478,120,110,10,71.03,73.7,90.5,110
COL0007,BCom,Satara,2024,488,120,110,10,69.37,82.5,100.0,136
COL0008,BE Computer Engineering,Amravati,2021,152,80,60,20,80.08,71.7,86.0,59
COL0008,BE Computer Engineering,Amravati,2022,157,80,59,21,76.48,80.7,97.1,60
COL0008,BE Computer Engineering,Amravati,2023,165,80,60,20,80.38,80.6,99.2,65
COL0008,BE Computer Engineering,Amravati,2024,170,90,65,25,76.4,79.8,98.1,55
COL0009,BE Civil Engineering,Nashik,2021,174,60,49,11,91.62,91.9,100.0,49
COL0009,BE Civil Engineering,Nashik,2022,177,60,49,11,91.76,90.2,100.0,52
COL0009,BE Civil Engineering,Nashik,2023,198,60,52,8,94.45,88.2,100.0,52
COL0009,BE Civil Engineering,Nashik,2024,198,60,52,8,95.8,93.0,100.0,64
COL0010,D.Ed,Pune,2021,330,80,75,5,82.0,87.1,100.0,78
COL0010,D.Ed,Pune,2022,351,80,78,2,81.58,86.1,100.0,77
COL0010,D.Ed,Pune,2023,364,80,77,3,80.26,88.0,100.0,90
COL0010,D.Ed,Pune,2024,435,90,90,0,80.6,93.8,100.0,100
COL0011,BSc,Parbhani,2021,339,200,133,67,50.94,65.7,84.0,134
COL0011,BSc,Parbhani,2022,340,200,134,66,50.32,65.6,80.5,153
COL0011,BSc,Parbhani,2023,403,200,153,47,51.66,62.4,76.8,148
COL0011,BSc,Parbhani,2024,385,190,148,42,52.86,68.7,86.0,167
COL0012,BCom,Thane,2021,450,150,125,25,64.47,77.6,93.1,117
COL0012,BCom,Thane,2022,422,140,117,23,64.38,89.2,100.0,124
COL0012,BCom,Thane,2023,434,140,124,16,66.37,88.0,100.0,122
COL0012,BCom,Thane,2024,468,140,122,18,63.71,80.9,94.9,124
COL0013,BE Civil Engineering,Jalna,2021,87,60,41,19,69.92,69.9,89.1,38
COL0013,BE Civil Engineering,Jalna,2022,81,60,38,22,74.12,75.0,92.4,42
COL0013,BE Civil Engineering,Jalna,2023,92,60,42,18,70.47,72.6,89.5,43
COL0013,BE Civil Engineering,Jalna,2024,97,60,43,17,74.05,76.6,85.4,51
COL0014,Diploma in Civil Engineering,Kolhapur,2021,75,50,32,18,52.68,67.4,86.6,36
COL0014,Diploma in Civil Engineering,Kolhapur,2022,89,50,36,14,52.76,66.5,76.3,34
COL0014,Diploma in Civil Engineering,Kolhapur,2023,87,50,34,16,56.49,69.4,89.4,37
COL0014,Diploma in Civil Engineering,Kolhapur,2024,99,50,37,13,52.93,63.0,76.6,37
COL0015,BA,Dhule,2021,1006,550,403,147,52.52,64.7,83.1,439
COL0015,BA,Dhule,2022,1222,580,439,141,50.83,59.5,76.6,425
COL0015,BA,Dhule,2023,1222,610,425,185,51.95,55.7,65.1,447
COL0015,BA,Dhule,2024,1272,570,447,123,53.43,62.6,79.8,376
COL0016,BBA,Mumbai City,2021,101,50,35,15,69.76,81.9,100.0,35
COL0016,BBA,Mumbai City,2022,98,50,35,15,72.78,75.4,91.3,47
COL0016,BBA,Mumbai City,2023,134,60,47,13,70.39,73.9,87.6,36
COL0016,BBA,Mumbai City,2024,105,50,36,14,70.42,81.6,100.0,46
COL0017,BA,Pune,2021,482,170,142,28,62.78,82.3,96.2,146
COL0017,BA,Pune,2022,525,170,146,24,60.94,86.0,100.0,135
COL0017,BA,Pune,2023,497,160,135,25,62.64,85.6,98.8,147
COL0017,BA,Pune,2024,528,180,147,33,62.38,84.4,100.0,147
COL0018,BSc,Chandrapur,2021,404,200,149,51,52.04,78.3,87.5,150
COL0018,BSc,Chandrapur,2022,438,200,150,50,52.29,78.6,88.3,173
COL0018,BSc,Chandrapur,2023,502,220,173,47,55.63,77.2,93.4,167
COL0018,BSc,Chandrapur,2024,484,230,167,63,54.22,77.6,90.6,155
COL0019,BCom,Nashik,2021,991,410,324,86,54.35,72.4,86.9,298
COL0019,BCom,Nashik,2022,897,420,298,122,55.17,69.2,85.8,312
COL0019,BCom,Nashik,2023,993,420,312,108,57.09,74.2,87.7,306
COL0019,BCom,Nashik,2024,945,400,306,94,56.05,66.6,76.3,339
COL0020,BCom,Amravati,2021,1229,270,260,10,68.58,97.0,100.0,254
COL0020,BCom,Amravati,2022,1242,260,254,6,68.18,92.0,100.0,273
COL0020,BCom,Amravati,2023,1330,280,273,7,70.09,98.0,100.0,239
COL0020,BCom,Amravati,2024,1255,240,239,1,66.76,95.6,100.0,279
COL0021,Diploma in Computer Engineering,Nandurbar,2021,163,80,57,23,63.4,76.3,92.1,58
COL0021,Diploma in Computer Engineering,Nandurbar,2022,163,80,58,22,59.36,74.2,90.6,61
COL0021,Diploma in Computer Engineering,Nandurbar,2023,187,80,61,19,62.21,79.6,91.8,54
COL0021,Diploma in Computer Engineering,Nandurbar,2024,170,70,54,16,64.81,78.6,90.4,62
COL0022,BSc,Buldhana,2021,1033,410,334,76,56.86,74.1,84.5,356
COL0022,BSc,Buldhana,2022,1157,430,356,74,57.88,81.8,100.0,313
COL0022,BSc,Buldhana,2023,1052,400,313,87,58.21,78.5,98.1,390
COL0022,BSc,Buldhana,2024,1353,460,390,70,60.52,79.8,93.3,364
COL0023,B.Pharm,Dharashiv,2021,91,50,36,14,67.07,67.8,78.8,34
COL0023,B.Pharm,Dharashiv,2022,88,50,34,16,65.45,70.2,84.7,36
COL0023,B.Pharm,Dharashiv,2023,102,50,36,14,64.41,74.0,83.7,43
COL0023,B.Pharm,Dharashiv,2024,120,60,43,17,66.73,66.8,82.1,47
COL0024,BCom,Chhatrapati Sambhajinagar,2021,561,200,155,45,62.8,88.8,100.0,170
COL0024,BCom,Chhatrapati Sambhajinagar,2022,603,210,170,40,61.53,80.5,95.8,175
COL0024,BCom,Chhatrapati Sambhajinagar,2023,627,210,175,35,62.82,80.3,100.0,173
COL0024,BCom,Chhatrapati Sambhajinagar,2024,630,200,173,27,63.45,92.2,100.0,209
COL0025,BCom,Parbhani,2021,527,250,186,64,54.91,77.1,96.3,197
COL0025,BCom,Parbhani,2022,582,250,197,53,52.0,77.6,89.2,201
COL0025,BCom,Parbhani,2023,610,270,201,69,55.66,80.4,96.4,205
COL0025,BCom,Parbhani,2024,627,280,205,75,52.47,75.7,89.6,215
COL0026,BA,Gondia,2021,185,120,84,36,45.18,65.3,80.0,87
COL0026,BA,Gondia,2022,199,120,87,33,44.98,61.8,74.9,87
COL0026,BA,Gondia,2023,212,130,87,43,47.54,61.3,77.3,79
COL0026,BA,Gondia,2024,193,120,79,41,44.78,57.1,75.4,73
COL0027,BA English,Chhatrapati Sambhajinagar,2021,278,150,107,43,45.73,66.8,76.7,110
COL0027,BA English,Chhatrapati Sambhajinagar,2022,286,150,110,40,47.07,72.2,86.3,110
COL0027,BA English,Chhatrapati Sambhajinagar,2023,296,160,110,50,45.94,69.1,85.8,141
COL0027,BA English,Chhatrapati Sambhajinagar,2024,383,180,141,39,44.37,76.7,87.6,98
COL0028,MBBS,Pune,2021,376,90,84,6,99.95,95.5,100.0,84
COL0028,MBBS,Pune,2022,383,90,84,6,99.95,94.6,100.0,88
COL0028,MBBS,Pune,2023,400,90,88,2,99.95,88.3,100.0,98
COL0028,MBBS,Pune,2024,460,100,98,2,99.95,95.5,100.0,97
COL0029,BA English,Dharashiv,2021,490,110,104,6,63.66,98.0,100.0,105
COL0029,BA English,Dharashiv,2022,510,110,105,5,63.31,92.9,100.0,98
COL0029,BA English,Dharashiv,2023,505,100,98,2,60.4,96.3,100.0,106
COL0029,BA English,Dharashiv,2024,529,110,106,4,60.68,98.0,100.0,109
COL0030,BE Computer Engineering,Ahmednagar,2021,249,100,79,21,84.21,86.0,99.1,77
COL0030,BE Computer Engineering,Ahmednagar,2022,254,100,77,23,87.61,84.9,98.4,67
COL0030,BE Computer Engineering,Ahmednagar,2023,209,90,67,23,86.11,93.4,100.0,91
COL0030,BE Computer Engineering,Ahmednagar,2024,297,110,91,19,85.47,91.8,100.0,103
COL0031,B.Arch,Sindhudurg,2021,76,50,33,17,72.18,73.3,84.8,35
COL0031,B.Arch,Sindhudurg,2022,87,50,35,15,69.12,74.4,92.8,34
COL0031,B.Arch,Sindhudurg,2023,80,50,34,16,69.18,71.9,91.1,36
COL0031,B.Arch,Sindhudurg,2024,92,50,36,14,73.04,78.0,95.7,35
COL0032,BSc,Kolhapur,2021,281,140,99,41,56.2,70.5,80.9,109
COL0032,BSc,Kolhapur,2022,331,140,109,31,54.34,71.8,85.1,99
COL0032,BSc,Kolhapur,2023,314,130,99,31,53.15,76.9,91.9,103
COL0032,BSc,Kolhapur,2024,332,140,103,37,53.04,76.0,90.9,143
COL0033,BE Civil Engineering,Nashik,2021,526,130,119,11,99.49,92.1,100.0,137
COL0033,BE Civil Engineering,Nashik,2022,651,140,137,3,99.95,97.8,100.0,121
COL0033,BE Civil Engineering,Nashik,2023,593,130,121,9,99.95,97.8,100.0,129
COL0033,BE Civil Engineering,Nashik,2024,619,130,129,1,98.45,93.9,100.0,129
COL0034,BE Mechanical Engineering,Solapur,2021,213,130,89,41,73.27,68.7,86.1,87
COL0034,BE Mechanical Engineering,Solapur,2022,195,130,87,43,74.07,67.0,84.2,79
COL0034,BE Mechanical Engineering,Solapur,2023,179,120,79,41,75.17,67.2,83.7,112
COL0034,BE Mechanical Engineering,Solapur,2024,274,150,112,38,73.04,72.4,86.8,98
COL0035,BE Electrical Engineering,Satara,2021,237,100,77,23,87.84,88.9,100.0,80
COL0035,BE Electrical Engineering,Satara,2022,256,100,80,20,89.36,94.0,100.0,84
COL0035,BE Electrical Engineering,Satara,2023,293,110,84,26,89.93,84.9,100.0,85
COL0035,BE Electrical Engineering,Satara,2024,280,100,85,15,86.81,91.3,100.0,92
COL0036,BCom,Beed,2021,179,110,77,33,45.85,64.5,72.5,85
COL0036,BCom,Beed,2022,184,120,85,35,47.43,63.0,75.0,87
COL0036,BCom,Beed,2023,200,120,87,33,49.9,60.9,74.5,88
COL0036,BCom,Beed,2024,198,120,88,32,47.44,67.8,81.9,73
COL0037,BA LLB,Jalgaon,2021,101,50,36,14,70.1,77.9,96.0,37
COL0037,BA LLB,Jalgaon,2022,104,50,37,13,69.05,81.4,99.6,39
COL0037,BA LLB,Jalgaon,2023,116,50,39,11,72.63,76.2,85.6,36
COL0037,BA LLB,Jalgaon,2024,111,50,36,14,73.8,71.6,82.8,37
COL0038,BA English,Chandrapur,2021,172,100,68,32,47.39,70.0,79.1,70
COL0038,BA English,Chandrapur,2022,184,100,70,30,47.15,68.8,87.7,77
COL0038,BA English,Chandrapur,2023,212,100,77,23,47.87,64.8,73.3,74
COL0038,BA English,Chandrapur,2024,206,100,74,26,45.08,62.4,80.3,82
COL0039,BSc,Washim,2021,1327,550,431,119,56.57,80.3,93.4,430
COL0039,BSc,Washim,2022,1445,570,430,140,56.87,78.5,89.1,448
COL0039,BSc,Washim,2023,1544,550,448,102,57.36,84.8,100.0,403
COL0039,BSc,Washim,2024,1340,510,403,107,57.36,73.9,83.0,482
COL0040,Diploma in Electrical Engineering,Ratnagiri,2021,93,50,35,15,60.49,76.0,85.1,34
COL0040,Diploma in Electrical Engineering,Ratnagiri,2022,94,50,34,16,62.93,81.4,99.7,36
COL0040,Diploma in Electrical Engineering,Ratnagiri,2023,108,50,36,14,63.17,80.0,92.0,44
COL0040,Diploma in Electrical Engineering,Ratnagiri,2024,127,60,44,16,60.22,75.8,86.4,40
COL0041,BSc Mathematics,Amravati,2021,379,100,92,8,70.91,96.8,100.0,91
COL0041,BSc Mathematics,Amravati,2022,394,100,91,9,71.66,97.4,100.0,99
COL0041,BSc Mathematics,Amravati,2023,433,110,99,11,73.77,95.4,100.0,92
COL0041,BSc Mathematics,Amravati,2024,417,100,92,8,74.84,93.3,100.0,90
COL0042,MBA,Jalgaon,2021,215,80,65,15,79.09,76.2,90.6,63
COL0042,MBA,Jalgaon,2022,216,80,63,17,76.81,80.5,100.0,64
COL0042,MBA,Jalgaon,2023,223,80,64,16,77.34,83.2,100.0,72
COL0042,MBA,Jalgaon,2024,235,90,72,18,79.59,81.2,99.1,74
COL0043,BE Computer Engineering,Amravati,2021,142,50,40,10,89.82,93.4,100.0,40
COL0043,BE Computer Engineering,Amravati,2022,145,50,40,10,91.02,98.0,100.0,43
COL0043,BE Computer Engineering,Amravati,2023,157,50,43,7,89.99,91.0,100.0,50
COL0043,BE Computer Engineering,Amravati,2024,186,60,50,10,91.77,95.2,100.0,52
COL0044,BCom,Raigad,2021,721,460,309,151,46.12,56.6,66.3,309
COL0044,BCom,Raigad,2022,749,440,309,131,45.47,56.5,70.8,344
COL0044,BCom,Raigad,2023,814,470,344,126,43.96,66.3,82.1,362
COL0044,BCom,Raigad,2024,929,490,362,128,46.0,60.5,74.1,270
COL0045,BA LLB,Gadchiroli,2021,268,100,79,21,79.8,85.2,99.3,83
COL0045,BA LLB,Gadchiroli,2022,295,100,83,17,82.56,81.7,92.1,88
COL0045,BA LLB,Gadchiroli,2023,322,100,88,12,84.15,81.6,96.7,79
COL0045,BA LLB,Gadchiroli,2024,304,90,79,11,82.53,88.5,99.3,86
COL0046,BA,Kolhapur,2021,1026,380,313,67,58.64,74.5,85.6,299
COL0046,BA,Kolhapur,2022,956,380,299,81,57.33,76.7,87.8,318
COL0046,BA,Kolhapur,2023,1094,400,318,82,56.71,77.4,87.6,273
COL0046,BA,Kolhapur,2024,895,350,273,77,58.92,71.8,91.3,387
COL0047,BA,Nagpur,2021,503,310,219,91,46.05,59.3,76.2,215
COL0047,BA,Nagpur,2022,480,330,215,115,47.79,58.6,77.6,208
COL0047,BA,Nagpur,2023,479,300,208,92,46.86,63.2,77.6,230
COL0047,BA,Nagpur,2024,550,310,230,80,46.0,58.4,72.4,235
COL0048,BE Civil Engineering,Nanded,2021,142,80,53,27,80.59,77.8,91.1,55
COL0048,BE Civil Engineering,Nanded,2022,148,80,55,25,78.98,73.8,83.1,56
COL0048,BE Civil Engineering,Nanded,2023,152,80,56,24,80.1,73.6,88.1,58
COL0048,BE Civil Engineering,Nanded,2024,167,80,58,22,81.91,80.9,89.7,75
COL0049,BE Civil Engineering,Pune,2021,81,60,41,19,69.82,70.3,86.7,37
COL0049,BE Civil Engineering,Pune,2022,78,60,37,23,70.01,69.9,81.4,41
COL0049,BE Civil Engineering,Pune,2023,83,60,41,19,69.64,70.5,79.3,46
COL0049,BE Civil Engineering,Pune,2024,102,70,46,24,71.27,67.6,76.5,45
COL0050,BCom,Ahmednagar,2021,613,490,303,187,42.3,58.5,74.4,340
COL0050,BCom,Ahmednagar,2022,712,480,340,140,41.66,65.0,79.0,334
COL0050,BCom,Ahmednagar,2023,710,530,334,196,43.28,71.2,86.6,384
COL0050,BCom,Ahmednagar,2024,867,570,384,186,43.28,64.6,83.2,351
COL0051,BCom,Raigad,2021,351,200,133,67,50.33,66.1,82.5,143
COL0051,BCom,Raigad,2022,397,200,143,57,50.44,58.2,68.2,166
COL0051,BCom,Raigad,2023,432,220,166,54,52.5,65.7,80.0,151
COL0051,BCom,Raigad,2024,438,210,151,59,53.08,56.1,72.0,139
COL0052,B.Pharm,Chhatrapati Sambhajinagar,2021,182,50,43,7,83.98,93.6,100.0,43
COL0052,B.Pharm,Chhatrapati Sambhajinagar,2022,182,50,43,7,86.33,97.0,100.0,45
COL0052,B.Pharm,Chhatrapati Sambhajinagar,2023,195,50,45,5,84.4,94.5,100.0,47
COL0052,B.Pharm,Chhatrapati Sambhajinagar,2024,215,50,47,3,85.23,95.9,100.0,56
COL0053,BBA,Raigad,2021,201,100,69,31,72.44,72.1,84.3,78
COL0053,BBA,Raigad,2022,236,100,78,22,73.96,80.4,100.0,86
COL0053,BBA,Raigad,2023,259,110,86,24,70.24,70.0,84.8,75
COL0053,BBA,Raigad,2024,237,100,75,25,71.61,73.9,91.3,75
COL0054,B.Sc Nursing,Amravati,2021,94,50,37,13,56.12,70.3,81.3,35
COL0054,B.Sc Nursing,Amravati,2022,95,50,35,15,60.11,76.8,96.2,35
COL0054,B.Sc Nursing,Amravati,2023,95,50,35,15,60.13,67.5,81.7,35
COL0054,B.Sc Nursing,Amravati,2024,100,50,35,15,57.89,70.7,79.8,38
COL0055,B.Pharm,Pune,2021,158,80,56,24,71.77,84.4,96.0,57
COL0055,B.Pharm,Pune,2022,176,80,57,23,69.43,86.1,96.4,72
COL0055,B.Pharm,Pune,2023,212,90,72,18,72.08,82.3,95.0,59
COL0055,B.Pharm,Pune,2024,177,80,59,21,68.6,82.8,97.1,60
COL0056,Diploma in Mechanical Engineering,Nandurbar,2021,132,50,40,10,64.96,84.7,100.0,39
COL0056,Diploma in Mechanical Engineering,Nandurbar,2022,122,50,39,11,64.56,81.8,100.0,41
COL0056,Diploma in Mechanical Engineering,Nandurbar,2023,132,50,41,9,64.8,79.3,92.8,41
COL0056,Diploma in Mechanical Engineering,Nandurbar,2024,141,50,41,9,65.9,86.1,100.0,48
COL0057,BE Computer Engineering,Kolhapur,2021,226,90,71,19,86.13,88.7,100.0,74
COL0057,BE Computer Engineering,Kolhapur,2022,238,90,74,16,85.47,89.8,100.0,70
COL0057,BE Computer Engineering,Kolhapur,2023,221,90,70,20,87.46,81.7,96.4,61
COL0057,BE Computer Engineering,Kolhapur,2024,204,80,61,19,87.0,82.9,96.7,64
COL0058,LLB,Nagpur,2021,117,50,39,11,68.44,73.5,88.1,39
COL0058,LLB,Nagpur,2022,120,50,39,11,71.39,76.5,96.5,48
COL0058,LLB,Nagpur,2023,146,60,48,12,71.12,74.3,85.2,47
COL0058,LLB,Nagpur,2024,144,60,47,13,74.06,76.7,86.8,48
COL0059,MBBS,Pune,2021,248,80,67,13,99.95,88.5,99.5,73
COL0059,MBBS,Pune,2022,288,80,73,7,99.95,89.3,99.8,68
COL0059,MBBS,Pune,2023,274,80,68,12,99.95,89.1,100.0,72
COL0059,MBBS,Pune,2024,295,80,72,8,99.95,95.5,100.0,76
COL0060,BCom,Mumbai Suburban,2021,1039,310,268,42,69.74,84.8,100.0,296
COL0060,BCom,Mumbai Suburban,2022,1216,320,296,24,68.47,83.9,94.7,274
COL0060,BCom,Mumbai Suburban,2023,1133,300,274,26,69.66,84.3,99.3,269
COL0060,BCom,Mumbai Suburban,2024,1116,310,269,41,72.73,85.0,100.0,336
COL0061,BA English,Nanded,2021,352,100,87,13,62.65,91.4,100.0,86
COL0061,BA English,Nanded,2022,338,100,86,14,60.61,89.8,100.0,78
COL0061,BA English,Nanded,2023,308,90,78,12,62.58,86.5,100.0,91
COL0061,BA English,Nanded,2024,380,100,91,9,63.87,82.8,100.0,109
COL0062,BA,Nagpur,2021,782,270,218,52,63.4,80.8,95.6,212
COL0062,BA,Nagpur,2022,763,260,212,48,65.07,85.8,96.0,253
COL0062,BA,Nagpur,2023,941,300,253,47,64.45,87.5,100.0,247
COL0062,BA,Nagpur,2024,964,300,247,53,65.08,86.6,99.7,225
COL0063,B.Tech Agricultural Engineering,Thane,2021,114,50,38,12,64.28,75.2,84.2,37
COL0063,B.Tech Agricultural Engineering,Thane,2022,107,50,37,13,64.74,81.6,98.0,38
COL0063,B.Tech Agricultural Engineering,Thane,2023,111,50,38,12,64.52,81.3,99.8,38
COL0063,B.Tech Agricultural Engineering,Thane,2024,117,50,38,12,67.62,72.6,82.5,46
COL0064,BBA,Chandrapur,2021,113,50,37,13,76.55,84.1,98.2,42
COL0064,BBA,Chandrapur,2022,141,50,42,8,75.69,84.1,100.0,37
COL0064,BBA,Chandrapur,2023,126,50,37,13,77.36,84.5,96.8,34
COL0064,BBA,Chandrapur,2024,115,40,34,6,77.22,83.0,100.0,49
COL0065,BE Computer Engineering,Solapur,2021,114,50,38,12,86.35,64.5,76.8,39
COL0065,BE Computer Engineering,Solapur,2022,123,50,39,11,87.8,77.8,97.3,38
COL0065,BE Computer Engineering,Solapur,2023,115,50,38,12,86.19,72.7,93.1,41
COL0065,BE Computer Engineering,Solapur,2024,136,50,41,9,84.95,74.8,94.7,39
COL0066,BSc Mathematics,Akola,2021,324,150,116,34,55.55,80.6,100.0,112
COL0066,BSc Mathematics,Akola,2022,314,150,112,38,56.43,88.1,100.0,102
COL0066,BSc Mathematics,Akola,2023,282,140,102,38,56.31,84.1,100.0,118
COL0066,BSc Mathematics,Akola,2024,350,150,118,32,57.63,88.7,100.0,114
COL0067,BA,Hingoli,2021,411,140,119,21,62.69,78.7,99.2,108
COL0067,BA,Hingoli,2022,387,140,108,32,59.24,74.8,87.6,104
COL0067,BA,Hingoli,2023,382,130,104,26,60.88,85.2,100.0,124
COL0067,BA,Hingoli,2024,437,140,124,16,63.14,82.1,100.0,139
COL0068,BCom,Washim,2021,572,180,144,36,70.49,82.9,97.5,152
COL0068,BCom,Washim,2022,590,180,152,28,71.39,89.2,100.0,172
COL0068,BCom,Washim,2023,705,200,172,28,70.14,95.4,100.0,178
COL0068,BCom,Washim,2024,722,210,178,32,67.71,92.8,100.0,195
COL0069,BCom,Dhule,2021,539,310,214,96,52.09,70.9,89.8,230
COL0069,BCom,Dhule,2022,620,320,230,90,51.0,71.3,82.3,250
COL0069,BCom,Dhule,2023,634,340,250,90,53.93,64.8,74.6,271
COL0069,BCom,Dhule,2024,753,360,271,89,50.52,62.2,74.3,246
COL0070,Diploma in Civil Engineering,Pune,2021,244,80,68,12,72.04,80.3,98.4,70
COL0070,Diploma in Civil Engineering,Pune,2022,264,80,70,10,72.9,84.3,98.0,67
COL0070,Diploma in Civil Engineering,Pune,2023,257,80,67,13,72.69,88.1,100.0,66
COL0070,Diploma in Civil Engineering,Pune,2024,259,80,66,14,75.73,85.0,100.0,63
COL0071,BA,Dhule,2021,418,180,130,50,57.36,89.2,100.0,140
COL0071,BA,Dhule,2022,437,180,140,40,58.19,84.5,100.0,144
COL0071,BA,Dhule,2023,459,180,144,36,58.13,80.8,92.9,144
COL0071,BA,Dhule,2024,491,180,144,36,55.55,80.9,99.4,129
COL0072,BCom,Jalgaon,2021,283,370,194,176,38.5,55.9,70.3,199
COL0072,BCom,Jalgaon,2022,275,370,199,171,36.08,54.4,65.2,215
COL0072,BCom,Jalgaon,2023,320,340,215,125,38.31,66.4,82.8,272
COL0072,BCom,Jalgaon,2024,408,430,272,158,36.37,68.3,75.7,239
COL0073,GNM,Beed,2021,112,50,38,12,62.05,76.5,86.7,38
COL0073,GNM,Beed,2022,108,50,38,12,64.63,68.5,86.8,37
COL0073,GNM,Beed,2023,117,50,37,13,62.88,71.7,82.0,46
COL0073,GNM,Beed,2024,143,60,46,14,65.7,77.2,89.9,30
COL0074,Diploma in Computer Engineering,Beed,2021,162,50,42,8,78.46,94.1,100.0,45
COL0074,Diploma in Computer Engineering,Beed,2022,178,50,45,5,76.69,98.0,100.0,45
COL0074,Diploma in Computer Engineering,Beed,2023,189,50,45,5,76.54,98.0,100.0,44
COL0074,Diploma in Computer Engineering,Beed,2024,178,50,44,6,78.76,95.7,100.0,48
COL0075,BCom,Bhandara,2021,657,260,207,53,59.66,83.8,100.0,216
COL0075,BCom,Bhandara,2022,730,260,216,44,59.79,77.6,87.5,196
COL0075,BCom,Bhandara,2023,659,260,196,64,58.2,80.0,93.7,233
COL0075,BCom,Bhandara,2024,822,290,233,57,58.28,78.9,95.3,237
COL0076,BA,Palghar,2021,297,160,116,44,48.19,74.0,92.0,115
COL0076,BA,Palghar,2022,291,170,115,55,48.69,66.0,84.3,102
COL0076,BA,Palghar,2023,259,150,102,48,51.56,69.7,87.9,111
COL0076,BA,Palghar,2024,285,160,111,49,52.54,66.4,80.7,134
COL0077,BA,Sangli,2021,293,180,126,54,47.84,66.4,74.7,131
COL0077,BA,Sangli,2022,308,190,131,59,45.52,70.3,84.2,125
COL0077,BA,Sangli,2023,315,190,125,65,48.36,65.9,84.9,115
COL0077,BA,Sangli,2024,293,160,115,45,48.57,64.6,83.3,122
COL0078,BSc Mathematics,Chhatrapati Sambhajinagar,2021,209,170,106,64,43.63,67.3,79.8,117
COL0078,BSc Mathematics,Chhatrapati Sambhajinagar,2022,245,170,117,53,45.05,67.4,79.3,107
COL0078,BSc Mathematics,Chhatrapati Sambhajinagar,2023,228,160,107,53,46.49,65.5,73.6,119
COL0078,BSc Mathematics,Chhatrapati Sambhajinagar,2024,239,190,119,71,46.69,67.1,81.0,126
COL0079,BA English,Ahmednagar,2021,296,110,89,21,54.61,80.4,100.0,86
COL0079,BA English,Ahmednagar,2022,283,110,86,24,51.39,85.8,100.0,100
COL0079,BA English,Ahmednagar,2023,323,120,100,20,54.89,87.1,100.0,96
COL0079,BA English,Ahmednagar,2024,327,120,96,24,52.59,89.4,100.0,105
COL0080,BSc Computer Science,Wardha,2021,166,100,71,29,51.2,67.6,84.6,68
COL0080,BSc Computer Science,Wardha,2022,153,100,68,32,52.18,72.3,92.5,66
COL0080,BSc Computer Science,Wardha,2023,150,90,66,24,50.44,73.1,84.2,63
COL0080,BSc Computer Science,Wardha,2024,147,90,63,27,49.95,70.7,81.8,91
COL0081,BA,Solapur,2021,734,540,353,187,43.87,58.5,66.9,331
COL0081,BA,Solapur,2022,727,550,331,219,43.39,55.1,73.1,329
COL0081,BA,Solapur,2023,671,520,329,191,44.06,61.1,78.0,382
COL0081,BA,Solapur,2024,822,620,382,238,45.22,55.1,73.4,354
COL0082,Diploma in Mechanical Engineering,Mumbai Suburban,2021,70,50,31,19,51.82,64.4,77.7,34
COL0082,Diploma in Mechanical Engineering,Mumbai Suburban,2022,75,50,34,16,55.54,65.8,84.1,33
COL0082,Diploma in Mechanical Engineering,Mumbai Suburban,2023,80,50,33,17,54.29,69.2,88.7,37
COL0082,Diploma in Mechanical Engineering,Mumbai Suburban,2024,85,50,37,13,52.82,66.9,78.3,43
COL0083,BCom,Kolhapur,2021,923,310,261,49,65.52,77.6,92.3,265
COL0083,BCom,Kolhapur,2022,991,320,265,55,67.92,82.0,99.7,252
COL0083,BCom,Kolhapur,2023,982,290,252,38,66.12,84.0,100.0,326
COL0083,BCom,Kolhapur,2024,1205,370,326,44,69.05,86.5,100.0,268
COL0084,BE Mechanical Engineering,Nashik,2021,129,50,38,12,92.93,87.5,100.0,42
COL0084,BE Mechanical Engineering,Nashik,2022,152,50,42,8,94.52,83.3,100.0,44
COL0084,BE Mechanical Engineering,Nashik,2023,155,50,44,6,95.47,90.7,100.0,40
COL0084,BE Mechanical Engineering,Nashik,2024,152,50,40,10,92.5,89.5,100.0,50
COL0085,BCom,Sangli,2021,462,150,126,24,67.17,95.1,100.0,130
COL0085,BCom,Sangli,2022,487,160,130,30,68.99,93.7,100.0,152
COL0085,BCom,Sangli,2023,610,170,152,18,68.43,92.1,100.0,159
COL0085,BCom,Sangli,2024,636,170,159,11,67.79,98.0,100.0,138
COL0086,B.Pharm,Pune,2021,67,50,31,19,59.73,72.3,87.8,33
COL0086,B.Pharm,Pune,2022,75,50,33,17,61.44,77.1,85.9,32
COL0086,B.Pharm,Pune,2023,79,50,32,18,61.32,73.9,86.3,34
COL0086,B.Pharm,Pune,2024,79,50,34,16,64.54,72.9,84.9,28
COL0087,BA,Chandrapur,2021,545,240,186,54,56.11,80.8,97.2,178
COL0087,BA,Chandrapur,2022,525,240,178,62,54.71,75.4,93.7,186
COL0087,BA,Chandrapur,2023,560,260,186,74,52.03,75.7,96.2,218
COL0087,BA,Chandrapur,2024,645,270,218,52,53.45,82.3,94.5,173
COL0088,BA English,Amravati,2021,311,100,84,16,58.55,81.7,99.4,83
COL0088,BA English,Amravati,2022,307,100,83,17,58.22,92.0,100.0,95
COL0088,BA English,Amravati,2023,342,110,95,15,58.79,88.0,100.0,84
COL0088,BA English,Amravati,2024,325,100,84,16,57.89,83.1,100.0,100
COL0089,BCom,Nashik,2021,627,200,166,34,63.5,83.0,100.0,176
COL0089,BCom,Nashik,2022,649,200,176,24,63.84,80.6,93.1,194
COL0089,BCom,Nashik,2023,738,220,194,26,68.37,83.8,96.1,203
COL0089,BCom,Nashik,2024,837,220,203,17,67.07,83.3,100.0,173
COL0090,BE Computer Engineering,Thane,2021,761,180,166,14,99.0,98.0,100.0,162
COL0090,BE Computer Engineering,Thane,2022,732,180,162,18,97.43,92.0,100.0,176
COL0090,BE Computer Engineering,Thane,2023,828,190,176,14,99.95,98.0,100.0,158
COL0090,BE Computer Engineering,Thane,2024,729,170,158,12,99.95,98.0,100.0,171
COL0091,BCom,Thane,2021,344,140,112,28,55.13,81.7,97.3,102
COL0091,BCom,Thane,2022,320,130,102,28,57.66,78.1,98.1,104
COL0091,BCom,Thane,2023,339,140,104,36,57.53,68.3,86.3,118
COL0091,BCom,Thane,2024,399,140,118,22,59.21,75.2,89.6,132
COL0092,BE Mechanical Engineering,Jalgaon,2021,146,80,59,21,76.82,78.5,89.8,60
COL0092,BE Mechanical Engineering,Jalgaon,2022,152,80,60,20,78.51,67.2,86.7,54
COL0092,BE Mechanical Engineering,Jalgaon,2023,135,80,54,26,77.64,67.6,86.3,65
COL0092,BE Mechanical Engineering,Jalgaon,2024,171,90,65,25,75.67,69.3,77.9,51
COL0093,BA Economics,Satara,2021,160,100,71,29,41.28,64.4,80.7,68
COL0093,BA Economics,Satara,2022,148,100,68,32,39.88,60.6,74.8,70
COL0093,BA Economics,Satara,2023,168,100,70,30,43.4,69.2,79.5,71
COL0093,BA Economics,Satara,2024,177,100,71,29,43.27,64.7,83.5,73
COL0094,MBA,Nagpur,2021,146,50,40,10,87.43,98.0,100.0,44
COL0094,MBA,Nagpur,2022,167,50,44,6,85.69,98.0,100.0,45
COL0094,MBA,Nagpur,2023,178,50,45,5,86.95,92.1,100.0,51
COL0094,MBA,Nagpur,2024,207,60,51,9,87.23,96.5,100.0,55
COL0095,MBBS,Gondia,2021,292,170,114,56,96.9,79.1,87.8,126
COL0095,MBBS,Gondia,2022,335,170,126,44,94.97,76.3,96.5,129
COL0095,MBBS,Gondia,2023,363,180,129,51,97.3,79.6,98.6,137
COL0095,MBBS,Gondia,2024,382,190,137,53,97.34,77.9,94.5,128
COL0096,BSc Mathematics,Dhule,2021,245,100,76,24,62.5,88.0,100.0,74
COL0096,BSc Mathematics,Dhule,2022,230,100,74,26,59.8,84.2,100.0,76
COL0096,BSc Mathematics,Dhule,2023,251,100,76,24,63.21,92.0,100.0,78
COL0096,BSc Mathematics,Dhule,2024,267,100,78,22,64.17,89.2,100.0,86
COL0097,BA,Nagpur,2021,1584,410,383,27,66.05,93.7,100.0,381
COL0097,BA,Nagpur,2022,1609,430,381,49,69.1,96.6,100.0,399
COL0097,BA,Nagpur,2023,1749,450,399,51,67.63,90.9,100.0,438
COL0097,BA,Nagpur,2024,1941,450,438,12,69.8,98.0,100.0,423
COL0098,BCom,Yavatmal,2021,524,180,143,37,63.79,83.1,100.0,149
COL0098,BCom,Yavatmal,2022,542,180,149,31,63.18,85.6,100.0,165
COL0098,BCom,Yavatmal,2023,610,200,165,35,66.88,87.5,100.0,151
COL0098,BCom,Yavatmal,2024,544,180,151,29,66.37,90.1,100.0,199
COL0099,BA,Solapur,2021,220,160,100,60,45.93,70.7,80.1,115
COL0099,BA,Solapur,2022,278,160,115,45,44.88,65.9,81.5,120
COL0099,BA,Solapur,2023,294,180,120,60,47.88,67.4,77.4,117
COL0099,BA,Solapur,2024,293,180,117,63,48.03,76.6,85.3,143
COL0100,BE Electronics & Telecommunication,Gadchiroli,2021,227,80,62,18,94.32,82.4,100.0,69
COL0100,BE Electronics & Telecommunication,Gadchiroli,2022,246,80,69,11,94.69,90.4,100.0,72
COL0100,BE Electronics & Telecommunication,Gadchiroli,2023,268,90,72,18,94.01,91.1,100.0,65
COL0100,BE Electronics & Telecommunication,Gadchiroli,2024,252,80,65,15,97.19,94.0,100.0,58
COL0101,BA,Sangli,2021,867,500,356,144,46.33,62.8,70.6,332
COL0101,BA,Sangli,2022,785,500,332,168,46.14,64.8,82.8,352
COL0101,BA,Sangli,2023,853,480,352,128,46.81,63.9,81.8,396
COL0101,BA,Sangli,2024,923,530,396,134,48.32,62.8,74.6,340
COL0102,BCom,Raigad,2021,427,110,103,7,71.75,98.0,100.0,99
COL0102,BCom,Raigad,2022,425,110,99,11,70.24,95.9,100.0,88
COL0102,BCom,Raigad,2023,391,100,88,12,72.87,93.5,100.0,122
COL0102,BCom,Raigad,2024,543,130,122,8,71.52,98.0,100.0,109
COL0103,D.Ed,Mumbai City,2021,110,80,51,29,50.67,57.4,67.6,55
COL0103,D.Ed,Mumbai City,2022,118,80,55,25,52.88,60.0,78.6,51
COL0103,D.Ed,Mumbai City,2023,102,80,51,29,50.83,59.5,70.0,61
COL0103,D.Ed,Mumbai City,2024,125,90,61,29,55.25,55.4,69.7,59
COL0104,Diploma in Computer Engineering,Dharashiv,2021,98,50,37,13,56.77,69.9,84.3,37
COL0104,Diploma in Computer Engineering,Dharashiv,2022,98,50,37,13,59.14,69.4,89.1,38
COL0104,Diploma in Computer Engineering,Dharashiv,2023,104,50,38,12,59.98,72.3,85.9,42
COL0104,Diploma in Computer Engineering,Dharashiv,2024,116,60,42,18,60.31,76.5,85.3,47
COL0105,B.Sc Nursing,Thane,2021,127,50,41,9,66.83,82.5,98.6,40
COL0105,B.Sc Nursing,Thane,2022,128,50,40,10,66.96,85.4,100.0,48
COL0105,B.Sc Nursing,Thane,2023,156,60,48,12,68.02,77.9,89.8,39
COL0105,B.Sc Nursing,Thane,2024,136,50,39,11,68.92,83.4,99.7,41
COL0106,B.Arch,Latur,2021,67,30,22,8,80.2,77.6,98.0,24
COL0106,B.Arch,Latur,2022,69,30,24,6,80.02,84.5,100.0,22
COL0106,B.Arch,Latur,2023,68,30,22,8,80.12,88.0,100.0,22
COL0106,B.Arch,Latur,2024,67,30,22,8,77.46,87.3,100.0,24
COL0107,MBA,Pune,2021,133,50,40,10,76.61,78.3,95.1,39
COL0107,MBA,Pune,2022,130,50,39,11,76.07,82.0,100.0,39
COL0107,MBA,Pune,2023,129,50,39,11,76.1,83.5,94.8,51
COL0107,MBA,Pune,2024,176,60,51,9,76.01,88.3,100.0,49
COL0108,BBA,Sindhudurg,2021,193,80,62,18,77.72,72.9,85.5,60
COL0108,BBA,Sindhudurg,2022,190,80,60,20,76.44,82.2,99.3,66
COL0108,BBA,Sindhudurg,2023,207,80,66,14,74.02,79.3,90.3,64
COL0108,BBA,Sindhudurg,2024,208,80,64,16,75.96,77.5,92.6,73
COL0109,BCom,Nanded,2021,410,120,108,12,68.58,85.9,96.9,120
COL0109,BCom,Nanded,2022,470,130,120,10,68.39,81.4,93.5,96
COL0109,BCom,Nanded,2023,400,110,96,14,70.85,86.8,100.0,106
COL0109,BCom,Nanded,2024,447,120,106,14,69.4,80.5,94.2,124
COL0110,BCom,Nagpur,2021,513,140,119,21,68.44,93.7,100.0,124
COL0110,BCom,Nagpur,2022,540,140,124,16,69.71,88.4,100.0,123
COL0110,BCom,Nagpur,2023,544,140,123,17,66.63,93.7,100.0,156
COL0110,BCom,Nagpur,2024,672,160,156,4,68.14,88.8,100.0,158
COL0111,BCom,Mumbai Suburban,2021,377,360,222,138,40.45,55.5,70.4,231
COL0111,BCom,Mumbai Suburban,2022,454,380,231,149,40.5,62.2,70.4,265
COL0111,BCom,Mumbai Suburban,2023,481,390,265,125,44.48,65.2,84.4,216
COL0111,BCom,Mumbai Suburban,2024,414,360,216,144,42.92,59.8,70.2,247
COL0112,BE Civil Engineering,Kolhapur,2021,190,80,61,19,85.73,78.4,94.4,66
COL0112,BE Civil Engineering,Kolhapur,2022,210,80,66,14,89.04,81.1,92.8,60
COL0112,BE Civil Engineering,Kolhapur,2023,189,80,60,20,86.2,76.7,92.3,66
COL0112,BE Civil Engineering,Kolhapur,2024,218,80,66,14,89.07,78.7,97.8,57
COL0113,BE Mechanical Engineering,Nashik,2021,193,60,52,8,92.42,88.4,99.6,51
COL0113,BE Mechanical Engineering,Nashik,2022,178,60,51,9,92.86,92.3,100.0,49
COL0113,BE Mechanical Engineering,Nashik,2023,174,60,49,11,93.99,87.3,100.0,49
COL0113,BE Mechanical Engineering,Nashik,2024,178,60,49,11,93.1,95.3,100.0,58
COL0114,MBBS,Chhatrapati Sambhajinagar,2021,325,210,146,64,95.73,79.0,96.4,128
COL0114,MBBS,Chhatrapati Sambhajinagar,2022,301,200,128,72,93.96,73.5,82.4,148
COL0114,MBBS,Chhatrapati Sambhajinagar,2023,340,200,148,52,94.91,77.3,86.6,135
COL0114,MBBS,Chhatrapati Sambhajinagar,2024,341,200,135,65,96.0,77.2,90.1,171
COL0115,Diploma in Computer Engineering,Palghar,2021,200,50,47,3,79.19,87.8,100.0,44
COL0115,Diploma in Computer Engineering,Palghar,2022,196,50,44,6,80.19,96.8,100.0,45
COL0115,Diploma in Computer Engineering,Palghar,2023,205,50,45,5,78.54,87.3,99.7,59
COL0115,Diploma in Computer Engineering,Palghar,2024,267,60,59,1,79.14,87.5,100.0,49
COL0116,BSc Physics,Mumbai City,2021,213,80,65,15,63.96,79.6,94.6,65
COL0116,BSc Physics,Mumbai City,2022,216,80,65,15,61.29,82.7,99.5,62
COL0116,BSc Physics,Mumbai City,2023,212,80,62,18,62.17,84.2,97.3,64
COL0116,BSc Physics,Mumbai City,2024,225,80,64,16,65.44,80.2,91.8,67
COL0117,BCom,Mumbai City,2021,698,240,195,45,63.52,83.6,100.0,199
COL0117,BCom,Mumbai City,2022,716,240,199,41,61.95,89.5,100.0,216
COL0117,BCom,Mumbai City,2023,793,260,216,44,63.81,91.2,100.0,184
COL0117,BCom,Mumbai City,2024,691,220,184,36,63.12,94.4,100.0,233
COL0118,D.Pharm,Pune,2021,167,50,43,7,85.7,96.7,100.0,42
COL0118,D.Pharm,Pune,2022,161,50,42,8,84.78,98.0,100.0,44
COL0118,D.Pharm,Pune,2023,175,50,44,6,86.0,92.8,100.0,45
COL0118,D.Pharm,Pune,2024,183,50,45,5,87.01,94.5,100.0,43
COL0119,BE Electronics & Telecommunication,Buldhana,2021,127,50,40,10,90.04,84.0,98.8,41
COL0119,BE Electronics & Telecommunication,Buldhana,2022,141,50,41,9,90.11,84.6,95.6,39
COL0119,BE Electronics & Telecommunication,Buldhana,2023,135,50,39,11,86.67,87.4,98.4,41
COL0119,BE Electronics & Telecommunication,Buldhana,2024,134,50,41,9,89.84,85.2,98.2,42
COL0120,BA,Nagpur,2021,1359,370,322,48,67.26,91.3,100.0,334
COL0120,BA,Nagpur,2022,1428,370,334,36,67.91,91.3,100.0,351
COL0120,BA,Nagpur,2023,1478,400,351,49,66.56,95.7,100.0,322
COL0120,BA,Nagpur,2024,1456,360,322,38,70.76,88.8,100.0,347
COL0121,BE Mechanical Engineering,Solapur,2021,617,200,162,38,95.87,81.9,95.3,171
COL0121,BE Mechanical Engineering,Solapur,2022,631,210,171,39,95.56,78.0,91.7,166
COL0121,BE Mechanical Engineering,Solapur,2023,620,190,166,24,97.05,85.4,100.0,156
COL0121,BE Mechanical Engineering,Solapur,2024,619,190,156,34,99.19,82.4,96.1,196
COL0122,BE Computer Engineering,Mumbai Suburban,2021,148,50,42,8,95.95,86.6,98.6,44
COL0122,BE Computer Engineering,Mumbai Suburban,2022,155,50,44,6,94.34,90.6,100.0,43
COL0122,BE Computer Engineering,Mumbai Suburban,2023,165,50,43,7,94.45,93.0,100.0,43
COL0122,BE Computer Engineering,Mumbai Suburban,2024,164,50,43,7,95.74,95.9,100.0,45
COL0123,BCom,Amravati,2021,372,200,149,51,53.52,71.9,86.3,144
COL0123,BCom,Amravati,2022,379,210,144,66,50.97,66.0,76.7,141
COL0123,BCom,Amravati,2023,394,200,141,59,51.59,70.6,84.1,159
COL0123,BCom,Amravati,2024,451,230,159,71,54.71,73.6,87.8,186
COL0124,BE Electrical Engineering,Parbhani,2021,196,50,47,3,99.95,95.0,100.0,45
COL0124,BE Electrical Engineering,Parbhani,2022,200,50,45,5,99.95,93.9,100.0,49
COL0124,BE Electrical Engineering,Parbhani,2023,217,50,49,1,99.95,94.9,100.0,48
COL0124,BE Electrical Engineering,Parbhani,2024,216,50,48,2,99.49,93.0,100.0,57
COL0125,BA English,Chhatrapati Sambhajinagar,2021,349,150,119,31,49.4,78.8,93.5,115
COL0125,BA English,Chhatrapati Sambhajinagar,2022,350,150,115,35,53.0,72.4,87.2,131
COL0125,BA English,Chhatrapati Sambhajinagar,2023,426,160,131,29,50.98,82.0,97.8,114
COL0125,BA English,Chhatrapati Sambhajinagar,2024,375,140,114,26,52.54,74.6,90.2,128
COL0126,BE Computer Engineering,Mumbai Suburban,2021,348,130,108,22,87.31,89.2,100.0,102
COL0126,BE Computer Engineering,Mumbai Suburban,2022,346,130,102,28,90.31,89.6,100.0,106
COL0126,BE Computer Engineering,Mumbai Suburban,2023,363,130,106,24,89.69,93.3,100.0,115
COL0126,BE Computer Engineering,Mumbai Suburban,2024,400,150,115,35,88.59,92.5,100.0,93
COL0127,LLB,Mumbai City,2021,111,80,51,29,58.2,64.8,82.8,55
COL0127,LLB,Mumbai City,2022,128,80,55,25,57.23,70.7,87.8,51
COL0127,LLB,Mumbai City,2023,117,80,51,29,57.65,66.8,77.6,45
COL0127,LLB,Mumbai City,2024,111,70,45,25,60.5,69.1,79.7,48
COL0128,B.Pharm,Ahmednagar,2021,97,50,37,13,64.55,80.6,97.3,33
COL0128,B.Pharm,Ahmednagar,2022,87,50,33,17,64.09,86.8,97.1,44
COL0128,B.Pharm,Ahmednagar,2023,111,60,44,16,68.08,81.9,97.1,39
COL0128,B.Pharm,Ahmednagar,2024,102,50,39,11,68.98,84.7,99.8,42
COL0129,Diploma in Mechanical Engineering,Nanded,2021,97,50,37,13,55.14,74.2,87.2,36
COL0129,Diploma in Mechanical Engineering,Nanded,2022,93,50,36,14,55.39,73.6,83.6,36
COL0129,Diploma in Mechanical Engineering,Nanded,2023,93,50,36,14,59.93,75.9,86.3,29
COL0129,Diploma in Mechanical Engineering,Nanded,2024,76,40,29,11,55.63,77.4,96.2,37
COL0130,BE Computer Engineering,Mumbai Suburban,2021,99,120,69,51,58.82,62.8,79.3,69
COL0130,BE Computer Engineering,Mumbai Suburban,2022,95,120,69,51,59.85,68.6,76.9,70
COL0130,BE Computer Engineering,Mumbai Suburban,2023,110,120,70,50,60.99,66.7,83.2,66
COL0130,BE Computer Engineering,Mumbai Suburban,2024,106,120,66,54,62.4,64.5,78.2,69
COL0131,Diploma in Electrical Engineering,Nashik,2021,125,50,39,11,67.57,74.7,88.8,39
COL0131,Diploma in Electrical Engineering,Nashik,2022,120,50,39,11,63.57,76.7,90.9,41
COL0131,Diploma in Electrical Engineering,Nashik,2023,129,50,41,9,65.65,78.4,87.2,50
COL0131,Diploma in Electrical Engineering,Nashik,2024,170,60,50,10,64.57,72.3,87.3,39
COL0132,BCom,Yavatmal,2021,250,140,93,47,50.02,64.3,74.2,101
COL0132,BCom,Yavatmal,2022,264,140,101,39,50.94,68.9,83.8,109
COL0132,BCom,Yavatmal,2023,296,150,109,41,50.09,67.3,76.8,119
COL0132,BCom,Yavatmal,2024,325,160,119,41,48.51,62.3,73.3,109
COL0133,D.Pharm,Pune,2021,213,80,66,14,73.4,84.7,99.7,62
COL0133,D.Pharm,Pune,2022,212,80,62,18,73.49,80.4,97.6,68
COL0133,D.Pharm,Pune,2023,225,80,68,12,73.22,79.6,95.8,64
COL0133,D.Pharm,Pune,2024,227,80,64,16,75.24,83.1,100.0,58
COL0134,BA History,Nashik,2021,376,150,117,33,53.05,78.8,97.5,111
COL0134,BA History,Nashik,2022,354,150,111,39,51.46,77.1,95.8,132
COL0134,BA History,Nashik,2023,457,160,132,28,53.04,72.5,82.3,142
COL0134,BA History,Nashik,2024,492,170,142,28,55.71,75.5,94.6,136
COL0135,Diploma in Computer Engineering,Nandurbar,2021,231,100,76,24,65.86,85.1,100.0,82
COL0135,Diploma in Computer Engineering,Nandurbar,2022,258,100,82,18,66.71,79.0,95.0,75
COL0135,Diploma in Computer Engineering,Nandurbar,2023,237,100,75,25,64.78,82.7,94.6,77
COL0135,Diploma in Computer Engineering,Nandurbar,2024,262,100,77,23,68.95,77.3,87.9,75
COL0136,Diploma in Civil Engineering,Pune,2021,190,50,45,5,80.26,94.1,100.0,47
COL0136,Diploma in Civil Engineering,Pune,2022,193,50,47,3,78.11,94.3,100.0,44
COL0136,Diploma in Civil Engineering,Pune,2023,194,50,44,6,77.41,90.3,100.0,48
COL0136,Diploma in Civil Engineering,Pune,2024,218,50,48,2,77.29,93.8,100.0,46
COL0137,BA,Akola,2021,1477,380,353,27,69.08,94.0,100.0,343
COL0137,BA,Akola,2022,1473,370,343,27,67.78,96.1,100.0,369
COL0137,BA,Akola,2023,1619,380,369,11,70.27,96.3,100.0,355
COL0137,BA,Akola,2024,1567,360,355,5,70.3,96.9,100.0,458
COL0138,BCom,Chhatrapati Sambhajinagar,2021,871,490,344,146,48.65,73.2,90.3,348
COL0138,BCom,Chhatrapati Sambhajinagar,2022,899,480,348,132,49.67,64.1,76.6,365
COL0138,BCom,Chhatrapati Sambhajinagar,2023,1029,500,365,135,51.1,67.0,85.9,346
COL0138,BCom,Chhatrapati Sambhajinagar,2024,970,500,346,154,52.98,71.6,83.3,333
COL0139,BCom,Washim,2021,474,280,198,82,46.33,64.7,79.8,183
COL0139,BCom,Washim,2022,420,270,183,87,46.06,64.7,75.6,213
COL0139,BCom,Washim,2023,510,310,213,97,49.05,68.6,79.3,229
COL0139,BCom,Washim,2024,582,320,229,91,48.25,64.8,79.6,210
COL0140,B.Ed,Solapur,2021,113,40,33,7,72.75,83.0,96.5,33
COL0140,B.Ed,Solapur,2022,116,40,33,7,75.45,82.4,100.0,32
COL0140,B.Ed,Solapur,2023,115,40,32,8,72.83,80.3,98.9,35
COL0140,B.Ed,Solapur,2024,125,40,35,5,72.0,90.4,100.0,34
COL0141,BCom,Sangli,2021,264,100,80,20,61.3,78.3,93.2,83
COL0141,BCom,Sangli,2022,285,100,83,17,63.24,84.9,100.0,84
COL0141,BCom,Sangli,2023,297,100,84,16,62.46,90.2,100.0,90
COL0141,BCom,Sangli,2024,319,110,90,20,65.17,83.6,98.1,105
COL0142,BA,Kolhapur,2021,468,140,121,19,67.1,89.3,100.0,123
COL0142,BA,Kolhapur,2022,499,140,123,17,67.8,89.0,100.0,128
COL0142,BA,Kolhapur,2023,517,140,128,12,66.62,89.7,100.0,144
COL0142,BA,Kolhapur,2024,576,160,144,16,65.76,91.6,100.0,138
COL0143,BE Electrical Engineering,Mumbai Suburban,2021,340,100,87,13,95.6,88.5,100.0,88
COL0143,BE Electrical Engineering,Mumbai Suburban,2022,339,100,88,12,97.59,95.6,100.0,93
COL0143,BE Electrical Engineering,Mumbai Suburban,2023,359,110,93,17,95.45,89.2,100.0,93
COL0143,BE Electrical Engineering,Mumbai Suburban,2024,370,100,93,7,98.17,96.8,100.0,93
COL0144,MBA,Wardha,2021,190,80,60,20,79.56,74.3,90.8,61
COL0144,MBA,Wardha,2022,205,80,61,19,76.77,77.8,87.9,66
COL0144,MBA,Wardha,2023,224,80,66,14,77.08,79.1,97.1,60
COL0144,MBA,Wardha,2024,197,70,60,10,77.16,80.5,90.9,57
COL0145,BA English,Nashik,2021,121,100,62,38,41.26,62.7,71.3,64
COL0145,BA English,Nashik,2022,137,100,64,36,39.59,63.5,76.0,62
COL0145,BA English,Nashik,2023,130,100,62,38,41.66,57.1,64.8,68
COL0145,BA English,Nashik,2024,144,100,68,32,38.73,58.4,75.6,71
COL0146,BA,Thane,2021,725,210,176,34,69.67,93.5,100.0,189
COL0146,BA,Thane,2022,806,210,189,21,69.94,93.4,100.0,191
COL0146,BA,Thane,2023,820,210,191,19,67.27,97.7,100.0,203
COL0146,BA,Thane,2024,918,210,203,7,66.97,98.0,100.0,197
COL0147,B.Pharm,Mumbai City,2021,168,80,57,23,70.86,72.7,82.0,56
COL0147,B.Pharm,Mumbai City,2022,166,80,56,24,71.99,71.5,86.9,64
COL0147,B.Pharm,Mumbai City,2023,197,90,64,26,71.91,77.0,93.8,53
COL0147,B.Pharm,Mumbai City,2024,161,70,53,17,70.4,71.9,90.7,70
COL0148,BCom,Nandurbar,2021,1007,280,241,39,65.56,91.7,100.0,265
COL0148,BCom,Nandurbar,2022,1123,280,265,15,67.07,90.0,100.0,246
COL0148,BCom,Nandurbar,2023,1047,270,246,24,70.23,92.1,100.0,235
COL0148,BCom,Nandurbar,2024,1066,250,235,15,66.63,97.9,100.0,309
COL0149,BCom,Mumbai Suburban,2021,487,210,157,53,60.99,77.5,97.7,156
COL0149,BCom,Mumbai Suburban,2022,517,210,156,54,59.74,85.8,98.2,189
COL0149,BCom,Mumbai Suburban,2023,615,230,189,41,61.02,85.8,100.0,205
COL0149,BCom,Mumbai Suburban,2024,689,250,205,45,61.8,85.6,100.0,179
COL0150,BE Computer Engineering,Sangli,2021,127,70,51,19,79.82,78.6,88.8,50
COL0150,BE Computer Engineering,Sangli,2022,127,70,50,20,75.84,84.1,95.4,52
COL0150,BE Computer Engineering,Sangli,2023,137,70,52,18,79.14,73.7,89.1,58
COL0150,BE Computer Engineering,Sangli,2024,165,80,58,22,78.24,81.1,96.0,45
COL0151,BA Economics,Nagpur,2021,479,110,106,4,60.02,83.1,100.0,104
COL0151,BA Economics,Nagpur,2022,478,110,104,6,62.17,84.3,98.7,109
COL0151,BA Economics,Nagpur,2023,499,120,109,11,61.53,89.5,100.0,112
COL0151,BA Economics,Nagpur,2024,544,120,112,8,62.47,92.2,100.0,106
COL0152,B.Ed,Solapur,2021,288,80,68,12,81.97,92.2,100.0,69
COL0152,B.Ed,Solapur,2022,282,80,69,11,79.07,96.2,100.0,83
COL0152,B.Ed,Solapur,2023,348,90,83,7,79.31,96.1,100.0,77
COL0152,B.Ed,Solapur,2024,332,80,77,3,81.27,98.0,100.0,97
COL0153,Diploma in Civil Engineering,Pune,2021,315,100,84,16,76.46,84.1,100.0,83
COL0153,Diploma in Civil Engineering,Pune,2022,325,100,83,17,75.74,88.4,99.6,93
COL0153,Diploma in Civil Engineering,Pune,2023,363,100,93,7,79.19,94.4,100.0,113
COL0153,Diploma in Civil Engineering,Pune,2024,478,120,113,7,76.29,91.0,100.0,101
COL0154,BCom,Washim,2021,419,180,138,42,53.86,71.3,81.1,146
COL0154,BCom,Washim,2022,421,190,146,44,56.37,83.1,100.0,140
COL0154,BCom,Washim,2023,428,190,140,50,55.56,72.4,83.0,134
COL0154,BCom,Washim,2024,409,180,134,46,56.88,76.6,94.1,173
COL0155,BSc Computer Science,Solapur,2021,209,100,70,30,58.1,79.8,89.1,76
COL0155,BSc Computer Science,Solapur,2022,221,100,76,24,59.61,78.0,98.0,75
COL0155,BSc Computer Science,Solapur,2023,226,100,75,25,59.51,86.3,100.0,93
COL0155,BSc Computer Science,Solapur,2024,282,120,93,27,58.83,83.6,93.7,91
COL0156,BA,Yavatmal,2021,429,360,225,135,38.64,66.8,84.2,225
COL0156,BA,Yavatmal,2022,391,350,225,125,40.59,61.8,73.9,245
COL0156,BA,Yavatmal,2023,426,370,245,125,37.5,62.7,76.1,209
COL0156,BA,Yavatmal,2024,396,320,209,111,40.16,60.5,69.3,259
COL0157,BSc,Pune,2021,460,110,104,6,68.27,91.9,100.0,108
COL0157,BSc,Pune,2022,486,110,108,2,69.14,93.8,100.0,104
COL0157,BSc,Pune,2023,491,110,104,6,67.64,92.0,100.0,96
COL0157,BSc,Pune,2024,443,100,96,4,70.23,92.5,100.0,109
COL0158,Diploma in Electrical Engineering,Solapur,2021,209,80,63,17,68.82,81.5,96.5,61
COL0158,Diploma in Electrical Engineering,Solapur,2022,199,80,61,19,68.8,80.2,89.8,65
COL0158,Diploma in Electrical Engineering,Solapur,2023,209,80,65,15,68.97,72.7,88.2,74
COL0158,Diploma in Electrical Engineering,Solapur,2024,255,90,74,16,66.65,73.0,87.3,60
COL0159,BSc Mathematics,Mumbai City,2021,533,200,154,46,68.0,97.2,100.0,167
COL0159,BSc Mathematics,Mumbai City,2022,605,210,167,43,65.69,98.0,100.0,168
COL0159,BSc Mathematics,Mumbai City,2023,636,210,168,42,66.0,96.7,100.0,201
COL0159,BSc Mathematics,Mumbai City,2024,759,230,201,29,69.78,98.0,100.0,199
COL0160,D.Pharm,Satara,2021,48,50,28,22,53.34,56.9,68.7,29
COL0160,D.Pharm,Satara,2022,50,50,29,21,52.0,54.5,66.3,31
COL0160,D.Pharm,Satara,2023,52,50,31,19,51.51,50.9,68.9,35
COL0160,D.Pharm,Satara,2024,66,60,35,25,54.91,55.1,69.5,34
COL0161,B.Pharm,Chhatrapati Sambhajinagar,2021,144,50,39,11,80.15,88.0,99.1,41
COL0161,B.Pharm,Chhatrapati Sambhajinagar,2022,151,50,41,9,82.22,90.0,100.0,41
COL0161,B.Pharm,Chhatrapati Sambhajinagar,2023,158,50,41,9,81.41,86.8,97.3,51
COL0161,B.Pharm,Chhatrapati Sambhajinagar,2024,188,60,51,9,82.7,85.1,96.8,46
COL0162,Diploma in Civil Engineering,Chhatrapati Sambhajinagar,2021,373,80,79,1,77.19,89.5,100.0,80
COL0162,Diploma in Civil Engineering,Chhatrapati Sambhajinagar,2022,397,80,80,0,77.85,98.0,100.0,68
COL0162,Diploma in Civil Engineering,Chhatrapati Sambhajinagar,2023,347,70,68,2,81.05,93.3,100.0,80
COL0162,Diploma in Civil Engineering,Chhatrapati Sambhajinagar,2024,420,80,80,0,78.25,90.5,100.0,80
COL0163,BE Computer Engineering,Gadchiroli,2021,156,60,47,13,93.88,98.0,100.0,47
COL0163,BE Computer Engineering,Gadchiroli,2022,161,60,47,13,90.58,91.3,100.0,51
COL0163,BE Computer Engineering,Gadchiroli,2023,191,60,51,9,91.8,92.7,100.0,49
COL0163,BE Computer Engineering,Gadchiroli,2024,183,60,49,11,93.62,98.0,100.0,41
COL0164,BSc Computer Science,Chandrapur,2021,241,80,67,13,67.66,85.2,100.0,70
COL0164,BSc Computer Science,Chandrapur,2022,241,80,70,10,69.38,93.9,100.0,68
COL0164,BSc Computer Science,Chandrapur,2023,247,80,68,12,66.28,95.3,100.0,73
COL0164,BSc Computer Science,Chandrapur,2024,283,90,73,17,67.86,98.0,100.0,68
COL0165,BA,Pune,2021,1101,410,317,93,64.16,88.9,100.0,328
COL0165,BA,Pune,2022,1132,400,328,72,62.84,94.4,100.0,370
COL0165,BA,Pune,2023,1299,450,370,80,64.57,91.4,100.0,377
COL0165,BA,Pune,2024,1354,460,377,83,61.3,86.7,99.3,444
COL0166,B.Pharm,Raigad,2021,170,50,42,8,83.59,95.5,100.0,46
COL0166,B.Pharm,Raigad,2022,187,50,46,4,86.21,98.0,100.0,54
COL0166,B.Pharm,Raigad,2023,233,60,54,6,86.03,98.0,100.0,44
COL0166,B.Pharm,Raigad,2024,194,50,44,6,88.36,97.7,100.0,49
COL0167,BE Mechanical Engineering,Thane,2021,308,110,89,21,92.72,92.8,100.0,92
COL0167,BE Mechanical Engineering,Thane,2022,313,110,92,18,93.66,85.6,99.9,95
COL0167,BE Mechanical Engineering,Thane,2023,329,110,95,15,91.75,90.4,100.0,101
COL0167,BE Mechanical Engineering,Thane,2024,361,120,101,19,91.83,83.2,95.3,75
COL0168,BSc Mathematics,Nashik,2021,540,170,140,30,69.65,95.1,100.0,155
COL0168,BSc Mathematics,Nashik,2022,606,170,155,15,72.29,98.0,100.0,153
COL0168,BSc Mathematics,Nashik,2023,598,180,153,27,72.76,95.8,100.0,185
COL0168,BSc Mathematics,Nashik,2024,746,200,185,15,73.45,98.0,100.0,180
COL0169,BSc Computer Science,Jalna,2021,304,200,139,61,46.36,77.0,96.8,121
COL0169,BSc Computer Science,Jalna,2022,263,190,121,69,49.44,66.9,83.7,154
COL0169,BSc Computer Science,Jalna,2023,345,220,154,66,50.97,76.1,91.2,152
COL0169,BSc Computer Science,Jalna,2024,346,220,152,68,49.85,68.5,78.4,130
COL0170,B.Arch,Amravati,2021,61,30,22,8,79.57,86.6,95.9,21
COL0170,B.Arch,Amravati,2022,60,30,21,9,79.64,81.1,99.0,23
COL0170,B.Arch,Amravati,2023,72,30,23,7,81.37,91.2,100.0,23
COL0170,B.Arch,Amravati,2024,70,30,23,7,77.58,88.5,100.0,24
COL0171,BCom,Nanded,2021,597,200,160,40,67.96,98.0,100.0,181
COL0171,BCom,Nanded,2022,719,200,181,19,71.12,92.7,100.0,166
COL0171,BCom,Nanded,2023,678,190,166,24,67.71,91.9,100.0,187
COL0171,BCom,Nanded,2024,776,220,187,33,67.18,97.3,100.0,184
COL0172,BSc,Pune,2021,462,230,162,68,55.36,77.3,96.9,174
COL0172,BSc,Pune,2022,542,230,174,56,56.7,76.1,94.9,175
COL0172,BSc,Pune,2023,539,240,175,65,57.2,82.2,93.1,172
COL0172,BSc,Pune,2024,564,230,172,58,56.6,83.8,94.7,168
COL0173,BCom,Pune,2021,282,120,89,31,59.6,70.8,90.9,93
COL0173,BCom,Pune,2022,303,120,93,27,59.51,76.1,96.0,94
COL0173,BCom,Pune,2023,317,120,94,26,59.22,83.5,100.0,86
COL0173,BCom,Pune,2024,298,110,86,24,63.84,76.5,93.7,94
COL0174,GNM,Mumbai City,2021,186,50,45,5,73.35,98.0,100.0,44
COL0174,GNM,Mumbai City,2022,181,50,44,6,76.38,96.9,100.0,45
COL0174,GNM,Mumbai City,2023,194,50,45,5,74.47,93.5,100.0,45
COL0174,GNM,Mumbai City,2024,205,50,45,5,73.81,92.9,100.0,59
COL0175,BCom,Jalna,2021,778,450,297,153,47.43,67.9,84.7,325
COL0175,BCom,Jalna,2022,815,460,325,135,51.15,63.4,82.7,366
COL0175,BCom,Jalna,2023,965,480,366,114,49.41,68.9,88.3,301
COL0175,BCom,Jalna,2024,852,410,301,109,51.32,66.7,84.7,392
COL0176,BA,Satara,2021,1207,550,422,128,53.04,78.4,91.3,455
COL0176,BA,Satara,2022,1359,580,455,125,52.96,71.5,82.6,407
COL0176,BA,Satara,2023,1253,540,407,133,54.65,75.9,94.9,407
COL0176,BA,Satara,2024,1251,540,407,133,56.28,75.9,86.6,489
COL0177,BE Computer Engineering,Chhatrapati Sambhajinagar,2021,106,80,50,30,72.46,71.1,90.2,54
COL0177,BE Computer Engineering,Chhatrapati Sambhajinagar,2022,119,80,54,26,71.24,68.6,82.4,55
COL0177,BE Computer Engineering,Chhatrapati Sambhajinagar,2023,135,80,55,25,75.81,76.7,87.6,57
COL0177,BE Computer Engineering,Chhatrapati Sambhajinagar,2024,145,80,57,23,71.99,69.8,82.8,53
COL0178,MBBS,Hingoli,2021,375,220,153,67,98.14,70.2,90.3,143
COL0178,MBBS,Hingoli,2022,377,210,143,67,95.39,72.1,80.9,153
COL0178,MBBS,Hingoli,2023,386,220,153,67,95.46,72.1,92.0,160
COL0178,MBBS,Hingoli,2024,397,230,160,70,96.61,77.9,88.3,177
COL0179,BCom,Sindhudurg,2021,1147,410,321,89,61.17,94.7,100.0,323
COL0179,BCom,Sindhudurg,2022,1160,400,323,77,64.26,86.6,100.0,320
COL0179,BCom,Sindhudurg,2023,1200,390,320,70,63.09,93.7,100.0,373
COL0179,BCom,Sindhudurg,2024,1438,420,373,47,60.94,98.0,100.0,379
COL0180,BCom,Pune,2021,1146,410,333,77,63.35,83.9,100.0,336
COL0180,BCom,Pune,2022,1242,430,336,94,60.75,90.1,100.0,351
COL0180,BCom,Pune,2023,1282,440,351,89,64.31,83.9,95.6,370
COL0180,BCom,Pune,2024,1399,430,370,60,62.42,85.0,100.0,417
COL0181,BA,Hingoli,2021,426,270,189,81,46.77,68.3,77.1,185
COL0181,BA,Hingoli,2022,415,260,185,75,49.19,71.4,82.1,173
COL0181,BA,Hingoli,2023,411,250,173,77,44.72,63.4,71.2,185
COL0181,BA,Hingoli,2024,486,280,185,95,47.8,64.4,78.9,235
COL0182,BCom,Raigad,2021,160,100,72,28,47.66,63.5,75.3,66
COL0182,BCom,Raigad,2022,147,100,66,34,45.86,61.4,73.1,74
COL0182,BCom,Raigad,2023,171,100,74,26,46.88,68.2,84.4,66
COL0182,BCom,Raigad,2024,155,100,66,34,45.07,65.9,84.6,76
COL0183,BE Computer Engineering,Nanded,2021,246,100,79,21,85.21,74.9,95.6,74
COL0183,BE Computer Engineering,Nanded,2022,236,100,74,26,85.29,79.4,92.9,76
COL0183,BE Computer Engineering,Nanded,2023,252,100,76,24,85.56,89.2,100.0,90
COL0183,BE Computer Engineering,Nanded,2024,287,110,90,20,88.09,84.1,100.0,100
COL0184,BCom,Dharashiv,2021,852,410,286,124,56.23,80.7,96.7,319
COL0184,BCom,Dharashiv,2022,981,400,319,81,54.4,75.3,91.5,297
COL0184,BCom,Dharashiv,2023,917,390,297,93,53.95,78.9,92.1,318
COL0184,BCom,Dharashiv,2024,1013,410,318,92,56.97,78.6,89.9,308
COL0185,Diploma in Mechanical Engineering,Jalgaon,2021,123,100,63,37,49.98,58.6,66.1,60
COL0185,Diploma in Mechanical Engineering,Jalgaon,2022,122,100,60,40,48.52,59.8,77.9,67
COL0185,Diploma in Mechanical Engineering,Jalgaon,2023,142,110,67,43,48.39,55.7,66.7,70
COL0185,Diploma in Mechanical Engineering,Jalgaon,2024,159,110,70,40,47.79,60.0,74.6,58
COL0186,BA Economics,Kolhapur,2021,281,100,78,22,58.31,80.2,95.9,77
COL0186,BA Economics,Kolhapur,2022,280,100,77,23,59.66,84.5,100.0,80
COL0186,BA Economics,Kolhapur,2023,303,100,80,20,57.8,82.1,94.7,93
COL0186,BA Economics,Kolhapur,2024,343,110,93,17,56.32,86.6,100.0,107
COL0187,B.Pharm,Dhule,2021,191,50,45,5,86.5,98.0,100.0,44
COL0187,B.Pharm,Dhule,2022,182,50,44,6,86.6,93.3,100.0,46
COL0187,B.Pharm,Dhule,2023,202,50,46,4,83.86,98.0,100.0,37
COL0187,B.Pharm,Dhule,2024,167,40,37,3,84.57,92.8,100.0,57
COL0188,BSc,Mumbai Suburban,2021,644,410,271,139,48.68,63.0,72.8,291
COL0188,BSc,Mumbai Suburban,2022,691,420,291,129,47.18,55.6,66.9,295
COL0188,BSc,Mumbai Suburban,2023,746,410,295,115,46.32,62.4,70.3,272
COL0188,BSc,Mumbai Suburban,2024,645,370,272,98,47.37,57.9,76.4,334
COL0189,MBBS,Chhatrapati Sambhajinagar,2021,141,80,57,23,98.6,71.4,83.3,54
COL0189,MBBS,Chhatrapati Sambhajinagar,2022,149,80,54,26,95.72,78.0,87.7,66
COL0189,MBBS,Chhatrapati Sambhajinagar,2023,180,90,66,24,95.73,79.6,96.2,68
COL0189,MBBS,Chhatrapati Sambhajinagar,2024,178,90,68,22,97.89,77.8,89.3,55
COL0190,BA LLB,Thane,2021,54,50,31,19,52.32,63.1,74.2,34
COL0190,BA LLB,Thane,2022,63,50,34,16,53.31,64.9,73.5,33
COL0190,BA LLB,Thane,2023,60,50,33,17,52.03,62.1,75.5,34
COL0190,BA LLB,Thane,2024,70,50,34,16,55.79,73.4,81.8,34
COL0191,BE Computer Engineering,Sangli,2021,117,50,38,12,87.29,88.0,100.0,39
COL0191,BE Computer Engineering,Sangli,2022,125,50,39,11,85.35,85.0,100.0,38
COL0191,BE Computer Engineering,Sangli,2023,127,50,38,12,88.05,91.9,100.0,46
COL0191,BE Computer Engineering,Sangli,2024,152,60,46,14,86.16,95.9,100.0,49
COL0192,BE Computer Engineering,Solapur,2021,202,100,69,31,83.7,77.2,94.9,74
COL0192,BE Computer Engineering,Solapur,2022,208,100,74,26,81.65,81.4,95.1,72
COL0192,BE Computer Engineering,Solapur,2023,220,100,72,28,80.99,72.9,89.2,79
COL0192,BE Computer Engineering,Solapur,2024,252,100,79,21,85.88,80.8,100.0,90
COL0193,BE Computer Engineering,Jalna,2021,368,180,136,44,80.68,67.5,86.6,131
COL0193,BE Computer Engineering,Jalna,2022,352,180,131,49,79.74,69.1,83.7,128
COL0193,BE Computer Engineering,Jalna,2023,336,170,128,42,81.83,65.3,80.0,134
COL0193,BE Computer Engineering,Jalna,2024,381,170,134,36,80.03,65.0,78.5,174
COL0194,BSc,Dhule,2021,1201,350,306,44,65.89,90.4,100.0,307
COL0194,BSc,Dhule,2022,1206,370,307,63,69.77,86.0,96.9,286
COL0194,BSc,Dhule,2023,1123,340,286,54,65.99,83.9,100.0,335
COL0194,BSc,Dhule,2024,1413,370,335,35,66.94,93.3,100.0,282
COL0195,BA LLB,Wardha,2021,163,80,60,20,65.53,69.3,80.5,53
COL0195,BA LLB,Wardha,2022,135,80,53,27,66.47,71.4,88.6,66
COL0195,BA LLB,Wardha,2023,174,90,66,24,67.27,69.2,80.2,69
COL0195,BA LLB,Wardha,2024,190,90,69,21,67.6,70.4,83.5,52
COL0196,BE Electrical Engineering,Washim,2021,296,120,96,24,83.85,75.2,93.5,96
COL0196,BE Electrical Engineering,Washim,2022,292,120,96,24,87.53,78.6,95.6,99
COL0196,BE Electrical Engineering,Washim,2023,308,120,99,21,84.0,78.8,95.8,90
COL0196,BE Electrical Engineering,Washim,2024,290,120,90,30,88.23,80.4,92.5,96
COL0197,BE Electronics & Telecommunication,Jalna,2021,404,140,113,27,93.86,92.7,100.0,111
COL0197,BE Electronics & Telecommunication,Jalna,2022,377,140,111,29,92.23,97.3,100.0,116
COL0197,BE Electronics & Telecommunication,Jalna,2023,418,140,116,24,92.68,96.8,100.0,127
COL0197,BE Electronics & Telecommunication,Jalna,2024,481,150,127,23,93.67,90.3,100.0,139
COL0198,BA,Latur,2021,478,180,139,41,61.22,84.7,97.5,167
COL0198,BA,Latur,2022,616,190,167,23,65.31,91.0,100.0,155
COL0198,BA,Latur,2023,572,180,155,25,65.19,88.7,100.0,175
COL0198,BA,Latur,2024,658,200,175,25,64.44,87.7,100.0,165
COL0199,BA,Amravati,2021,354,100,86,14,70.26,98.0,100.0,91
COL0199,BA,Amravati,2022,402,100,91,9,69.0,97.6,100.0,88
COL0199,BA,Amravati,2023,387,100,88,12,66.37,93.4,100.0,81
COL0199,BA,Amravati,2024,371,90,81,9,70.84,98.0,100.0,108
COL0200,Diploma in Civil Engineering,Pune,2021,232,80,66,14,75.26,86.4,100.0,64
COL0200,Diploma in Civil Engineering,Pune,2022,231,80,64,16,75.73,96.7,100.0,78
COL0200,Diploma in Civil Engineering,Pune,2023,288,90,78,12,73.04,97.5,100.0,77
COL0200,Diploma in Civil Engineering,Pune,2024,310,90,77,13,73.21,95.4,100.0,64
COL0201,BCom,Mumbai City,2021,1294,460,355,105,62.55,75.6,86.6,395
COL0201,BCom,Mumbai City,2022,1381,480,395,85,64.36,78.4,94.5,344
COL0201,BCom,Mumbai City,2023,1282,420,344,76,63.65,86.2,98.6,349
COL0201,BCom,Mumbai City,2024,1258,410,349,61,65.35,81.7,92.3,441
COL0202,BE Computer Engineering,Thane,2021,360,200,139,61,77.41,75.7,90.2,143
COL0202,BE Computer Engineering,Thane,2022,391,210,143,67,76.15,75.6,85.5,146
COL0202,BE Computer Engineering,Thane,2023,374,200,146,54,75.88,76.9,97.0,164
COL0202,BE Computer Engineering,Thane,2024,423,220,164,56,77.57,70.8,80.2,173
COL0203,BA,Mumbai Suburban,2021,358,160,116,44,59.87,85.7,99.5,119
COL0203,BA,Mumbai Suburban,2022,373,160,119,41,58.85,84.8,97.9,128
COL0203,BA,Mumbai Suburban,2023,402,160,128,32,58.1,86.4,100.0,145
COL0203,BA,Mumbai Suburban,2024,505,180,145,35,59.41,86.4,100.0,160
COL0204,BE Electronics & Telecommunication,Thane,2021,155,80,57,23,81.37,77.0,93.8,55
COL0204,BE Electronics & Telecommunication,Thane,2022,150,80,55,25,79.05,77.1,87.1,61
COL0204,BE Electronics & Telecommunication,Thane,2023,179,80,61,19,78.27,77.4,95.9,71
COL0204,BE Electronics & Telecommunication,Thane,2024,211,90,71,19,82.18,80.8,93.1,64
COL0205,BSc,Mumbai City,2021,547,420,268,152,46.01,69.0,84.0,309
COL0205,BSc,Mumbai City,2022,652,440,309,131,44.96,68.1,86.4,315
COL0205,BSc,Mumbai City,2023,667,450,315,135,44.41,67.6,77.7,324
COL0205,BSc,Mumbai City,2024,690,450,324,126,44.97,63.5,71.9,292
COL0206,BA LLB,Nanded,2021,133,80,57,23,63.75,71.4,80.7,53
COL0206,BA LLB,Nanded,2022,123,80,53,27,60.44,69.3,87.9,58
COL0206,BA LLB,Nanded,2023,141,80,58,22,64.72,74.8,88.1,63
COL0206,BA LLB,Nanded,2024,162,90,63,27,62.68,72.9,91.0,51
COL0207,BE Computer Engineering,Yavatmal,2021,351,100,86,14,99.44,93.5,100.0,87
COL0207,BE Computer Engineering,Yavatmal,2022,367,100,87,13,99.95,92.1,100.0,84
COL0207,BE Computer Engineering,Yavatmal,2023,349,90,84,6,99.55,98.0,100.0,84
COL0207,BE Computer Engineering,Yavatmal,2024,357,90,84,6,99.56,98.0,100.0,82
COL0208,BCom,Solapur,2021,308,140,105,35,54.4,75.6,88.8,102
COL0208,BCom,Solapur,2022,287,140,102,38,54.98,75.3,89.3,101
COL0208,BCom,Solapur,2023,311,140,101,39,51.93,73.3,92.6,113
COL0208,BCom,Solapur,2024,343,140,113,27,54.16,71.7,83.7,120
COL0209,BCom,Palghar,2021,570,190,158,32,64.55,90.4,100.0,160
COL0209,BCom,Palghar,2022,596,200,160,40,63.55,80.9,99.8,156
COL0209,BCom,Palghar,2023,576,180,156,24,63.92,88.2,100.0,140
COL0209,BCom,Palghar,2024,517,170,140,30,66.38,84.3,98.3,150
COL0210,BE Electrical Engineering,Pune,2021,166,130,88,42,68.26,67.7,80.7,92
COL0210,BE Electrical Engineering,Pune,2022,183,140,92,48,69.43,64.7,76.7,85
COL0210,BE Electrical Engineering,Pune,2023,170,130,85,45,71.55,61.9,69.6,92
COL0210,BE Electrical Engineering,Pune,2024,190,130,92,38,67.9,62.4,75.6,92
COL0211,D.Pharm,Beed,2021,167,50,45,5,81.87,92.9,100.0,45
COL0211,D.Pharm,Beed,2022,181,50,45,5,84.21,93.5,100.0,45
COL0211,D.Pharm,Beed,2023,182,50,45,5,85.98,98.0,100.0,47
COL0211,D.Pharm,Beed,2024,194,50,47,3,84.2,95.3,100.0,44
COL0212,BA English,Latur,2021,110,100,63,37,37.87,60.8,76.9,65
COL0212,BA English,Latur,2022,125,100,65,35,37.95,67.7,81.8,62
COL0212,BA English,Latur,2023,118,100,62,38,38.85,63.3,75.8,72
COL0212,BA English,Latur,2024,142,110,72,38,37.09,62.8,76.7,60
COL0213,B.Tech Agricultural Engineering,Pune,2021,141,50,41,9,75.09,89.2,100.0,43
COL0213,B.Tech Agricultural Engineering,Pune,2022,162,50,43,7,74.61,90.8,100.0,43
COL0213,B.Tech Agricultural Engineering,Pune,2023,157,50,43,7,74.76,92.0,100.0,53
COL0213,B.Tech Agricultural Engineering,Pune,2024,198,60,53,7,73.86,85.5,100.0,51
COL0214,BCom,Mumbai City,2021,796,250,209,41,67.09,91.9,100.0,226
COL0214,BCom,Mumbai City,2022,872,260,226,34,69.24,98.0,100.0,204
COL0214,BCom,Mumbai City,2023,797,240,204,36,69.88,89.1,100.0,256
COL0214,BCom,Mumbai City,2024,1032,280,256,24,70.53,93.5,100.0,216
COL0215,BA English,Satara,2021,232,150,98,52,42.88,70.5,79.6,113
COL0215,BA English,Satara,2022,284,150,113,37,45.78,67.7,83.9,112
COL0215,BA English,Satara,2023,286,160,112,48,45.34,67.0,77.9,111
COL0215,BA English,Satara,2024,285,160,111,49,46.02,66.3,80.5,119
COL0216,BCom,Latur,2021,691,410,282,128,50.5,70.2,78.7,273
COL0216,BCom,Latur,2022,703,410,273,137,50.46,69.7,85.6,285
COL0216,BCom,Latur,2023,736,390,285,105,51.96,63.2,81.0,285
COL0216,BCom,Latur,2024,798,400,285,115,48.48,71.2,88.5,313
COL0217,Diploma in Mechanical Engineering,Chhatrapati Sambhajinagar,2021,289,80,72,8,75.67,84.1,100.0,68
COL0217,Diploma in Mechanical Engineering,Chhatrapati Sambhajinagar,2022,280,80,68,12,76.04,87.6,100.0,69
COL0217,Diploma in Mechanical Engineering,Chhatrapati Sambhajinagar,2023,280,80,69,11,77.69,81.8,100.0,75
COL0217,Diploma in Mechanical Engineering,Chhatrapati Sambhajinagar,2024,306,80,75,5,79.73,80.9,100.0,70
COL0218,MBA,Mumbai City,2021,112,80,52,28,60.57,69.9,83.8,50
COL0218,MBA,Mumbai City,2022,115,80,50,30,57.17,69.1,83.1,60
COL0218,MBA,Mumbai City,2023,146,90,60,30,60.08,65.3,74.9,59
COL0218,MBA,Mumbai City,2024,140,90,59,31,61.17,63.3,72.9,60
COL0219,BSc Computer Science,Mumbai Suburban,2021,214,80,62,18,67.31,95.2,100.0,66
COL0219,BSc Computer Science,Mumbai Suburban,2022,232,80,66,14,68.76,96.8,100.0,66
COL0219,BSc Computer Science,Mumbai Suburban,2023,247,80,66,14,67.27,93.4,100.0,76
COL0219,BSc Computer Science,Mumbai Suburban,2024,271,90,76,14,66.41,90.2,100.0,57
COL0220,BE Electronics & Telecommunication,Kolhapur,2021,182,80,63,17,86.88,79.7,89.5,57
COL0220,BE Electronics & Telecommunication,Kolhapur,2022,174,80,57,23,84.76,83.5,95.1,65
COL0220,BE Electronics & Telecommunication,Kolhapur,2023,204,80,65,15,88.25,84.4,100.0,53
COL0220,BE Electronics & Telecommunication,Kolhapur,2024,171,70,53,17,86.57,85.7,99.3,77
COL0221,BSc Physics,Ratnagiri,2021,159,210,113,97,39.53,68.3,86.6,126
COL0221,BSc Physics,Ratnagiri,2022,199,210,126,84,36.8,67.7,82.4,103
COL0221,BSc Physics,Ratnagiri,2023,171,190,103,87,40.42,72.0,86.4,136
COL0221,BSc Physics,Ratnagiri,2024,199,230,136,94,39.69,72.1,82.0,143
COL0222,BSc,Parbhani,2021,1050,550,382,168,56.08,74.6,94.4,426
COL0222,BSc,Parbhani,2022,1273,580,426,154,53.59,75.0,91.1,435
COL0222,BSc,Parbhani,2023,1332,600,435,165,54.17,74.5,86.9,411
COL0222,BSc,Parbhani,2024,1290,520,411,109,56.53,77.8,91.1,432
COL0223,BCom,Nanded,2021,169,110,72,38,49.8,61.2,68.7,80
COL0223,BCom,Nanded,2022,183,110,80,30,47.63,62.8,81.6,73
COL0223,BCom,Nanded,2023,176,100,73,27,48.23,56.5,73.4,82
COL0223,BCom,Nanded,2024,194,110,82,28,46.78,59.5,69.9,89
COL0224,B.Pharm,Ahmednagar,2021,55,50,32,18,53.61,68.2,85.5,32
COL0224,B.Pharm,Ahmednagar,2022,56,50,32,18,57.78,75.6,92.8,34
COL0224,B.Pharm,Ahmednagar,2023,67,50,34,16,57.95,71.5,90.8,38
COL0224,B.Pharm,Ahmednagar,2024,79,60,38,22,58.34,72.0,89.1,38
COL0225,BA History,Raigad,2021,240,100,73,27,50.2,80.6,92.0,83
COL0225,BA History,Raigad,2022,277,100,83,17,52.54,80.5,91.4,81
COL0225,BA History,Raigad,2023,265,100,81,19,51.79,83.8,100.0,85
COL0225,BA History,Raigad,2024,292,100,85,15,54.25,77.9,92.7,82
COL0226,BE Electrical Engineering,Nashik,2021,112,60,42,18,75.73,81.3,100.0,44
COL0226,BE Electrical Engineering,Nashik,2022,119,60,44,16,79.68,71.6,82.6,43
COL0226,BE Electrical Engineering,Nashik,2023,119,60,43,17,78.84,71.2,81.7,43
COL0226,BE Electrical Engineering,Nashik,2024,119,60,43,17,78.53,73.8,89.5,39
COL0227,BE Electronics & Telecommunication,Satara,2021,83,50,34,16,77.28,76.9,90.9,37
COL0227,BE Electronics & Telecommunication,Satara,2022,98,50,37,13,79.96,77.6,96.7,35
COL0227,BE Electronics & Telecommunication,Satara,2023,90,50,35,15,78.13,77.5,89.8,34
COL0227,BE Electronics & Telecommunication,Satara,2024,89,50,34,16,75.88,81.2,95.0,38
COL0228,B.Pharm,Thane,2021,112,50,36,14,70.13,86.5,100.0,41
COL0228,B.Pharm,Thane,2022,123,50,41,9,72.58,80.9,100.0,37
COL0228,B.Pharm,Thane,2023,114,50,37,13,73.95,79.5,88.6,32
COL0228,B.Pharm,Thane,2024,105,40,32,8,71.47,80.7,99.7,39
COL0229,BCom,Solapur,2021,648,310,226,84,55.23,74.6,84.0,236
COL0229,BCom,Solapur,2022,671,310,236,74,58.25,65.4,80.8,249
COL0229,BCom,Solapur,2023,724,320,249,71,54.52,73.6,87.0,244
COL0229,BCom,Solapur,2024,752,310,244,66,57.2,77.6,96.3,197
COL0230,BA,Mumbai City,2021,699,410,279,131,44.52,63.7,82.7,263
COL0230,BA,Mumbai City,2022,598,400,263,137,46.31,74.4,87.7,286
COL0230,BA,Mumbai City,2023,730,420,286,134,47.5,68.8,78.5,266
COL0230,BA,Mumbai City,2024,636,390,266,124,49.1,62.9,75.4,286
COL0231,BE Electronics & Telecommunication,Nagpur,2021,772,200,187,13,98.18,96.6,100.0,186
COL0231,BE Electronics & Telecommunication,Nagpur,2022,767,200,186,14,99.95,95.7,100.0,188
COL0231,BE Electronics & Telecommunication,Nagpur,2023,825,200,188,12,99.95,97.0,100.0,212
COL0231,BE Electronics & Telecommunication,Nagpur,2024,949,220,212,8,99.95,98.0,100.0,218
COL0232,BSc Mathematics,Mumbai Suburban,2021,616,200,166,34,67.22,91.0,100.0,172
COL0232,BSc Mathematics,Mumbai Suburban,2022,632,200,172,28,69.4,90.9,100.0,161
COL0232,BSc Mathematics,Mumbai Suburban,2023,596,200,161,39,68.04,85.8,100.0,191
COL0232,BSc Mathematics,Mumbai Suburban,2024,720,230,191,39,68.08,88.5,100.0,162
COL0233,MBBS,Ahmednagar,2021,359,210,154,56,95.94,69.9,81.2,144
COL0233,MBBS,Ahmednagar,2022,342,210,144,66,97.86,68.9,87.9,139
COL0233,MBBS,Ahmednagar,2023,352,210,139,71,94.87,70.1,77.9,127
COL0233,MBBS,Ahmednagar,2024,327,190,127,63,97.81,73.0,88.4,198
COL0234,B.Ed,Pune,2021,191,40,39,1,78.01,97.4,100.0,38
COL0234,B.Ed,Pune,2022,183,40,38,2,80.33,89.2,100.0,38
COL0234,B.Ed,Pune,2023,193,40,38,2,79.39,98.0,100.0,40
COL0234,B.Ed,Pune,2024,207,40,40,0,83.14,98.0,100.0,40
COL0235,BA,Palghar,2021,215,110,77,33,53.07,69.7,80.4,78
COL0235,BA,Palghar,2022,218,110,78,32,51.79,69.3,85.3,83
COL0235,BA,Palghar,2023,246,110,83,27,53.25,69.0,78.6,87
COL0235,BA,Palghar,2024,261,110,87,23,53.55,68.3,76.8,82
COL0236,Diploma in Mechanical Engineering,Parbhani,2021,165,80,56,24,63.61,79.2,98.6,62
COL0236,Diploma in Mechanical Engineering,Parbhani,2022,178,80,62,18,64.38,76.6,85.2,61
COL0236,Diploma in Mechanical Engineering,Parbhani,2023,184,80,61,19,60.95,79.9,95.0,66
COL0236,Diploma in Mechanical Engineering,Parbhani,2024,199,90,66,24,62.46,72.4,92.9,63
COL0237,B.Sc Agriculture,Yavatmal,2021,94,50,35,15,57.14,76.1,89.8,33
COL0237,B.Sc Agriculture,Yavatmal,2022,84,50,33,17,59.69,75.2,87.8,36
COL0237,B.Sc Agriculture,Yavatmal,2023,92,50,36,14,61.38,69.9,89.0,34
COL0237,B.Sc Agriculture,Yavatmal,2024,89,50,34,16,58.68,70.5,87.7,35
COL0238,BE Computer Engineering,Mumbai City,2021,71,50,32,18,71.49,74.1,87.1,34
COL0238,BE Computer Engineering,Mumbai City,2022,81,50,34,16,72.9,69.6,81.5,34
COL0238,BE Computer Engineering,Mumbai City,2023,82,50,34,16,72.11,74.0,85.3,33
COL0238,BE Computer Engineering,Mumbai City,2024,75,50,33,17,71.9,72.3,81.5,33
COL0239,BCom,Chhatrapati Sambhajinagar,2021,693,510,318,192,44.08,59.7,71.0,334
COL0239,BCom,Chhatrapati Sambhajinagar,2022,765,520,334,186,47.64,66.9,79.3,374
COL0239,BCom,Chhatrapati Sambhajinagar,2023,901,550,374,176,46.77,60.2,77.6,430
COL0239,BCom,Chhatrapati Sambhajinagar,2024,1085,580,430,150,47.39,56.6,72.0,330
COL0240,BCom,Jalgaon,2021,384,200,146,54,51.47,66.7,79.9,160
COL0240,BCom,Jalgaon,2022,439,210,160,50,50.27,67.9,84.2,167
COL0240,BCom,Jalgaon,2023,432,220,167,53,49.92,63.2,76.3,172
COL0240,BCom,Jalgaon,2024,472,230,172,58,50.35,63.0,78.5,145
COL0241,BSc Computer Science,Chandrapur,2021,199,110,78,32,53.47,75.5,87.3,78
COL0241,BSc Computer Science,Chandrapur,2022,212,110,78,32,55.05,83.2,94.8,80
COL0241,BSc Computer Science,Chandrapur,2023,208,110,80,30,55.56,79.0,97.8,76
COL0241,BSc Computer Science,Chandrapur,2024,206,100,76,24,52.09,89.1,100.0,78
COL0242,BBA,Akola,2021,120,50,39,11,76.95,83.9,95.1,39
COL0242,BBA,Akola,2022,123,50,39,11,77.84,81.4,95.6,37
COL0242,BBA,Akola,2023,124,50,37,13,73.74,80.6,100.0,40
COL0242,BBA,Akola,2024,136,50,40,10,74.34,79.4,93.1,41
COL0243,Diploma in Mechanical Engineering,Nanded,2021,133,50,39,11,66.91,76.8,91.7,38
COL0243,Diploma in Mechanical Engineering,Nanded,2022,125,50,38,12,70.43,81.0,96.5,39
COL0243,Diploma in Mechanical Engineering,Nanded,2023,132,50,39,11,70.0,79.8,96.5,41
COL0243,Diploma in Mechanical Engineering,Nanded,2024,148,50,41,9,67.35,84.4,100.0,34
COL0244,BA History,Akola,2021,336,200,130,70,45.35,73.2,81.5,142
COL0244,BA History,Akola,2022,386,200,142,58,46.91,69.2,83.3,147
COL0244,BA History,Akola,2023,409,210,147,63,48.18,79.2,92.8,128
COL0244,BA History,Akola,2024,353,180,128,52,48.51,68.2,83.6,135
COL0245,BA English,Akola,2021,206,150,93,57,40.16,66.9,81.1,95
COL0245,BA English,Akola,2022,216,150,95,55,38.67,68.5,84.3,103
COL0245,BA English,Akola,2023,222,160,103,57,40.77,70.8,84.4,97
COL0245,BA English,Akola,2024,217,150,97,53,39.22,76.3,92.8,108
COL0246,B.Pharm,Sindhudurg,2021,77,50,33,17,61.44,69.5,88.6,32
COL0246,B.Pharm,Sindhudurg,2022,77,50,32,18,61.74,69.1,85.1,35
COL0246,B.Pharm,Sindhudurg,2023,80,50,35,15,63.76,73.0,86.8,35
COL0246,B.Pharm,Sindhudurg,2024,87,50,35,15,62.45,76.0,94.8,34
COL0247,BCom,Pune,2021,544,150,136,14,71.12,81.0,100.0,130
COL0247,BCom,Pune,2022,563,150,130,20,70.19,83.8,100.0,152
COL0247,BCom,Pune,2023,633,160,152,8,69.64,85.9,100.0,162
COL0247,BCom,Pune,2024,732,180,162,18,68.78,77.5,88.1,162
COL0248,BSc,Nagpur,2021,1166,460,348,112,59.65,77.3,97.3,388
COL0248,BSc,Nagpur,2022,1305,470,388,82,56.33,81.8,93.1,392
COL0248,BSc,Nagpur,2023,1348,480,392,88,59.18,83.5,94.7,405
COL0248,BSc,Nagpur,2024,1388,510,405,105,58.89,76.3,95.6,375
COL0249,BCom,Amravati,2021,1606,410,382,28,69.49,88.6,100.0,362
COL0249,BCom,Amravati,2022,1625,400,362,38,66.29,94.8,100.0,381
COL0249,BCom,Amravati,2023,1651,390,381,9,70.03,98.0,100.0,449
COL0249,BCom,Amravati,2024,2043,480,449,31,68.8,94.2,100.0,410
COL0250,BA,Parbhani,2021,788,280,231,49,64.61,77.9,97.1,259
COL0250,BA,Parbhani,2022,943,300,259,41,63.6,75.3,91.3,214
COL0250,BA,Parbhani,2023,807,270,214,56,64.68,86.2,100.0,279
COL0250,BA,Parbhani,2024,1063,330,279,51,63.39,81.2,99.7,196
COL0251,MBA,Nagpur,2021,55,50,29,21,54.49,60.0,70.9,34
COL0251,MBA,Nagpur,2022,70,50,34,16,57.56,54.3,65.0,33
COL0251,MBA,Nagpur,2023,74,50,33,17,56.1,61.8,76.7,28
COL0251,MBA,Nagpur,2024,56,40,28,12,55.53,57.4,69.2,26
COL0252,BA,Mumbai City,2021,597,250,191,59,59.02,77.5,93.5,198
COL0252,BA,Mumbai City,2022,677,260,198,62,58.17,80.3,99.2,211
COL0252,BA,Mumbai City,2023,698,270,211,59,60.69,81.6,92.7,188
COL0252,BA,Mumbai City,2024,665,240,188,52,59.24,82.8,92.9,245
COL0253,BCom,Mumbai City,2021,119,110,70,40,43.55,63.9,74.0,67
COL0253,BCom,Mumbai City,2022,125,110,67,43,39.79,62.5,76.2,81
COL0253,BCom,Mumbai City,2023,160,120,81,39,40.08,71.4,91.2,61
COL0253,BCom,Mumbai City,2024,120,100,61,39,42.34,70.3,85.7,86
COL0254,D.Ed,Palghar,2021,135,80,54,26,59.98,77.0,86.0,54
COL0254,D.Ed,Palghar,2022,145,80,54,26,63.04,74.2,86.8,55
COL0254,D.Ed,Palghar,2023,153,80,55,25,62.26,67.3,82.2,67
COL0254,D.Ed,Palghar,2024,190,90,67,23,60.66,75.0,85.0,62
COL0255,BCom,Mumbai Suburban,2021,352,370,223,147,35.38,54.1,68.1,226
COL0255,BCom,Mumbai Suburban,2022,338,380,226,154,38.69,56.9,68.4,248
COL0255,BCom,Mumbai Suburban,2023,374,390,248,142,37.5,58.2,66.3,267
COL0255,BCom,Mumbai Suburban,2024,411,430,267,163,40.09,50.9,60.0,217
COL0256,MBA,Ahmednagar,2021,263,80,69,11,88.61,77.6,88.8,73
COL0256,MBA,Ahmednagar,2022,285,80,73,7,88.11,80.7,92.5,70
COL0256,MBA,Ahmednagar,2023,272,80,70,10,90.08,79.5,100.0,63
COL0256,MBA,Ahmednagar,2024,266,70,63,7,91.03,79.5,97.3,78
COL0257,BA History,Beed,2021,405,200,149,51,46.52,75.8,84.4,149
COL0257,BA History,Beed,2022,419,190,149,41,47.66,71.4,86.5,135
COL0257,BA History,Beed,2023,386,190,135,55,50.61,72.0,90.6,141
COL0257,BA History,Beed,2024,423,190,141,49,48.5,78.4,88.6,132
COL0258,BA,Yavatmal,2021,187,100,68,32,52.51,68.9,84.1,74
COL0258,BA,Yavatmal,2022,226,100,74,26,54.59,76.3,85.7,82
COL0258,BA,Yavatmal,2023,234,110,82,28,54.93,76.0,94.0,67
COL0258,BA,Yavatmal,2024,198,90,67,23,52.73,67.1,81.2,83
COL0259,BA LLB,Nanded,2021,449,100,95,5,90.43,98.0,100.0,96
COL0259,BA LLB,Nanded,2022,461,100,96,4,87.71,90.9,100.0,105
COL0259,BA LLB,Nanded,2023,528,110,105,5,90.46,97.9,100.0,119
COL0259,BA LLB,Nanded,2024,609,120,119,1,89.42,94.3,100.0,99
COL0260,BCom,Beed,2021,663,280,207,73,59.04,78.7,97.8,229
COL0260,BCom,Beed,2022,743,290,229,61,57.45,78.4,91.9,203
COL0260,BCom,Beed,2023,662,270,203,67,59.03,77.5,87.7,217
COL0260,BCom,Beed,2024,724,260,217,43,58.42,87.4,100.0,243
COL0261,BBA,Jalgaon,2021,172,50,45,5,88.51,92.1,100.0,44
COL0261,BBA,Jalgaon,2022,166,50,44,6,86.56,98.0,100.0,46
COL0261,BBA,Jalgaon,2023,190,50,46,4,88.08,92.4,100.0,46
COL0261,BBA,Jalgaon,2024,193,50,46,4,87.76,96.5,100.0,46
COL0262,B.Arch,Ratnagiri,2021,101,30,25,5,94.09,98.0,100.0,27
COL0262,B.Arch,Ratnagiri,2022,110,30,27,3,93.96,98.0,100.0,27
COL0262,B.Arch,Ratnagiri,2023,115,30,27,3,90.47,98.0,100.0,26
COL0262,B.Arch,Ratnagiri,2024,112,30,26,4,93.75,98.0,100.0,29
COL0263,BA Economics,Ahmednagar,2021,567,150,134,16,63.35,97.6,100.0,132
COL0263,BA Economics,Ahmednagar,2022,562,150,132,18,62.69,91.6,100.0,137
COL0263,BA Economics,Ahmednagar,2023,588,150,137,13,60.47,97.7,100.0,126
COL0263,BA Economics,Ahmednagar,2024,563,130,126,4,60.6,90.3,100.0,168
COL0264,BSc,Ratnagiri,2021,419,110,99,11,68.34,98.0,100.0,102
COL0264,BSc,Ratnagiri,2022,430,110,102,8,67.8,92.6,100.0,104
COL0264,BSc,Ratnagiri,2023,450,110,104,6,69.81,92.6,100.0,118
COL0264,BSc,Ratnagiri,2024,511,130,118,12,70.93,89.4,100.0,117
COL0265,BA,Kolhapur,2021,778,410,287,123,51.64,78.8,89.3,307
COL0265,BA,Kolhapur,2022,934,400,307,93,54.66,75.3,91.6,327
COL0265,BA,Kolhapur,2023,927,450,327,123,53.81,74.4,83.0,293
COL0265,BA,Kolhapur,2024,895,400,293,107,52.83,75.0,91.7,285
COL0266,BE Civil Engineering,Kolhapur,2021,183,60,51,9,91.51,94.3,100.0,47
COL0266,BE Civil Engineering,Kolhapur,2022,169,60,47,13,91.5,98.0,100.0,53
COL0266,BE Civil Engineering,Kolhapur,2023,194,60,53,7,95.0,93.1,100.0,41
COL0266,BE Civil Engineering,Kolhapur,2024,153,50,41,9,92.87,96.8,100.0,42
COL0267,BA,Jalgaon,2021,854,280,232,48,65.1,74.2,91.1,227
COL0267,BA,Jalgaon,2022,807,280,227,53,63.93,74.7,86.9,231
COL0267,BA,Jalgaon,2023,883,280,231,49,66.09,76.7,95.8,234
COL0267,BA,Jalgaon,2024,863,260,234,26,64.67,81.0,100.0,232
COL0268,MBBS,Nagpur,2021,856,210,196,14,99.95,91.1,100.0,210
COL0268,MBBS,Nagpur,2022,925,220,210,10,99.0,92.1,100.0,191
COL0268,MBBS,Nagpur,2023,874,210,191,19,98.59,93.2,100.0,180
COL0268,MBBS,Nagpur,2024,816,190,180,10,99.52,87.3,100.0,210
COL0269,BA English,Thane,2021,210,160,101,59,42.91,64.7,72.8,108
COL0269,BA English,Thane,2022,257,170,108,62,39.28,67.3,74.9,118
COL0269,BA English,Thane,2023,265,170,118,52,41.59,69.1,85.0,140
COL0269,BA English,Thane,2024,313,190,140,50,42.4,64.9,77.5,128
COL0270,BCom,Chandrapur,2021,350,410,225,185,35.36,55.8,73.1,250
COL0270,BCom,Chandrapur,2022,410,410,250,160,36.93,52.3,60.0,223
COL0270,BCom,Chandrapur,2023,348,410,223,187,36.69,47.2,60.0,242
COL0270,BCom,Chandrapur,2024,362,420,242,178,33.38,52.7,69.3,272
COL0271,BE Mechanical Engineering,Raigad,2021,140,70,48,22,81.81,82.7,95.5,49
COL0271,BE Mechanical Engineering,Raigad,2022,138,70,49,21,81.28,77.3,93.1,55
COL0271,BE Mechanical Engineering,Raigad,2023,155,70,55,15,84.65,80.7,95.8,57
COL0271,BE Mechanical Engineering,Raigad,2024,167,70,57,13,84.64,80.5,97.0,63
COL0272,D.Pharm,Chandrapur,2021,54,50,29,21,56.22,72.3,82.7,30
COL0272,D.Pharm,Chandrapur,2022,61,50,30,20,54.9,72.5,90.8,31
COL0272,D.Pharm,Chandrapur,2023,59,50,31,19,57.43,69.8,84.0,30
COL0272,D.Pharm,Chandrapur,2024,64,50,30,20,57.19,66.5,77.3,34
COL0273,B.Pharm,Ahmednagar,2021,128,50,41,9,75.26,90.3,100.0,37
COL0273,B.Pharm,Ahmednagar,2022,116,50,37,13,74.66,86.4,100.0,38
COL0273,B.Pharm,Ahmednagar,2023,118,50,38,12,72.5,88.0,100.0,38
COL0273,B.Pharm,Ahmednagar,2024,121,50,38,12,74.06,86.6,100.0,51
COL0274,BE Electrical Engineering,Kolhapur,2021,200,80,64,16,89.07,85.6,96.7,61
COL0274,BE Electrical Engineering,Kolhapur,2022,207,80,61,19,87.45,84.7,100.0,67
COL0274,BE Electrical Engineering,Kolhapur,2023,219,80,67,13,88.31,81.4,94.8,73
COL0274,BE Electrical Engineering,Kolhapur,2024,246,90,73,17,87.39,89.8,100.0,72
COL0275,BCom,Dhule,2021,255,170,107,63,44.87,69.2,79.9,110
COL0275,BCom,Dhule,2022,244,170,110,60,47.12,71.8,80.7,110
COL0275,BCom,Dhule,2023,267,160,110,50,48.28,69.8,83.2,123
COL0275,BCom,Dhule,2024,311,170,123,47,46.93,63.4,79.9,114
COL0276,BCom,Washim,2021,438,310,212,98,45.59,63.8,76.3,203
COL0276,BCom,Washim,2022,451,320,203,117,43.07,61.6,79.5,228
COL0276,BCom,Washim,2023,480,340,228,112,46.88,67.2,84.1,190
COL0276,BCom,Washim,2024,440,280,190,90,43.39,65.1,77.1,246
COL0277,BE Computer Engineering,Solapur,2021,86,60,42,18,72.6,75.6,84.4,40
COL0277,BE Computer Engineering,Solapur,2022,93,60,40,20,73.43,71.9,86.3,45
COL0277,BE Computer Engineering,Solapur,2023,108,70,45,25,74.83,72.7,82.1,33
COL0277,BE Computer Engineering,Solapur,2024,75,50,33,17,72.0,74.9,90.8,39
COL0278,BA English,Amravati,2021,804,200,186,14,61.35,92.2,100.0,179
COL0278,BA English,Amravati,2022,795,200,179,21,64.2,90.8,100.0,210
COL0278,BA English,Amravati,2023,943,220,210,10,61.83,97.8,100.0,184
COL0278,BA English,Amravati,2024,820,190,184,6,61.37,87.7,100.0,200
COL0279,BCom,Chandrapur,2021,799,530,333,197,45.11,58.8,74.5,340
COL0279,BCom,Chandrapur,2022,832,530,340,190,48.42,59.7,78.5,404
COL0279,BCom,Chandrapur,2023,987,590,404,186,45.46,62.0,78.8,392
COL0279,BCom,Chandrapur,2024,1017,570,392,178,49.73,65.1,79.0,449
COL0280,BE Civil Engineering,Mumbai City,2021,167,90,66,24,77.05,75.9,87.0,61
COL0280,BE Civil Engineering,Mumbai City,2022,158,90,61,29,79.32,71.8,91.4,61
COL0280,BE Civil Engineering,Mumbai City,2023,166,90,61,29,79.76,81.8,94.2,78
COL0280,BE Civil Engineering,Mumbai City,2024,218,100,78,22,79.18,78.4,96.9,63
COL0281,BSc,Ahmednagar,2021,887,550,373,177,47.2,65.2,80.0,385
COL0281,BSc,Ahmednagar,2022,908,550,385,165,45.31,62.9,82.0,394
COL0281,BSc,Ahmednagar,2023,947,550,394,156,48.15,63.0,77.2,357
COL0281,BSc,Ahmednagar,2024,903,500,357,143,49.19,72.3,82.4,353
COL0282,BCom,Dharashiv,2021,150,100,71,29,48.0,60.6,76.2,68
COL0282,BCom,Dharashiv,2022,151,100,68,32,46.44,57.6,73.8,72
COL0282,BCom,Dharashiv,2023,167,100,72,28,48.63,65.5,78.9,74
COL0282,BCom,Dharashiv,2024,183,110,74,36,46.38,67.9,78.6,80
COL0283,BCom,Mumbai Suburban,2021,393,100,94,6,68.05,90.3,100.0,88
COL0283,BCom,Mumbai Suburban,2022,377,100,88,12,72.4,95.1,100.0,93
COL0283,BCom,Mumbai Suburban,2023,403,100,93,7,69.21,98.0,100.0,84
COL0283,BCom,Mumbai Suburban,2024,379,90,84,6,73.06,91.2,100.0,117
COL0284,B.Sc Nursing,Thane,2021,171,80,60,20,61.97,77.0,95.7,57
COL0284,B.Sc Nursing,Thane,2022,161,80,57,23,62.49,72.6,91.8,70
COL0284,B.Sc Nursing,Thane,2023,199,90,70,20,59.51,66.1,82.9,58
COL0284,B.Sc Nursing,Thane,2024,166,80,58,22,59.27,75.0,93.1,65
COL0285,BSc,Nashik,2021,600,200,163,37,65.72,90.4,100.0,171
COL0285,BSc,Nashik,2022,656,200,171,29,67.96,81.9,99.7,167
COL0285,BSc,Nashik,2023,648,200,167,33,66.8,83.2,96.5,175
COL0285,BSc,Nashik,2024,687,210,175,35,65.3,87.8,100.0,156
COL0286,MBA,Akola,2021,148,80,57,23,66.93,67.7,81.5,56
COL0286,MBA,Akola,2022,151,80,56,24,68.11,63.4,80.7,59
COL0286,MBA,Akola,2023,154,80,59,21,65.87,71.7,82.0,66
COL0286,MBA,Akola,2024,181,90,66,24,64.33,64.8,81.5,74
COL0287,BA,Solapur,2021,303,220,147,73,43.57,62.3,74.4,131
COL0287,BA,Solapur,2022,267,210,131,79,43.52,64.2,74.3,153
COL0287,BA,Solapur,2023,322,230,153,77,42.28,56.9,75.6,152
COL0287,BA,Solapur,2024,342,220,152,68,42.53,62.0,75.0,151
COL0288,BSc,Satara,2021,812,210,194,16,67.45,93.9,100.0,192
COL0288,BSc,Satara,2022,843,220,192,28,69.71,97.1,100.0,174
COL0288,BSc,Satara,2023,794,190,174,16,71.01,88.9,100.0,202
COL0288,BSc,Satara,2024,911,210,202,8,67.37,93.1,100.0,225
COL0289,BA English,Ratnagiri,2021,97,100,61,39,30.7,61.6,76.7,56
COL0289,BA English,Ratnagiri,2022,93,100,56,44,34.67,53.9,71.8,57
COL0289,BA English,Ratnagiri,2023,92,100,57,43,31.4,50.6,60.0,57
COL0289,BA English,Ratnagiri,2024,96,100,57,43,34.51,56.5,67.1,59
COL0290,BA,Thane,2021,592,150,134,16,67.03,98.0,100.0,156
COL0290,BA,Thane,2022,720,160,156,4,66.91,96.7,100.0,138
COL0290,BA,Thane,2023,663,150,138,12,67.76,92.9,100.0,148
COL0290,BA,Thane,2024,696,150,148,2,71.24,93.5,100.0,149
COL0291,GNM,Nashik,2021,140,50,40,10,70.64,78.7,98.7,43
COL0291,GNM,Nashik,2022,152,50,43,7,67.91,90.0,100.0,44
COL0291,GNM,Nashik,2023,164,50,44,6,72.31,84.9,100.0,42
COL0291,GNM,Nashik,2024,162,50,42,8,71.56,91.2,100.0,45
COL0292,B.Ed,Chhatrapati Sambhajinagar,2021,180,80,61,19,66.28,84.1,100.0,66
COL0292,B.Ed,Chhatrapati Sambhajinagar,2022,206,80,66,14,69.77,80.5,100.0,65
COL0292,B.Ed,Chhatrapati Sambhajinagar,2023,209,80,65,15,68.26,86.8,99.4,59
COL0292,B.Ed,Chhatrapati Sambhajinagar,2024,200,70,59,11,69.99,78.0,92.7,70
COL0293,B.Pharm,Akola,2021,215,50,46,4,82.56,98.0,100.0,50
COL0293,B.Pharm,Akola,2022,242,50,50,0,85.0,95.9,100.0,60
COL0293,B.Pharm,Akola,2023,292,60,60,0,84.33,98.0,100.0,48
COL0293,B.Pharm,Akola,2024,234,50,48,2,84.43,95.7,100.0,57
COL0294,BE Civil Engineering,Raigad,2021,105,90,55,35,66.61,62.5,81.2,57
COL0294,BE Civil Engineering,Raigad,2022,116,90,57,33,70.77,64.3,76.2,67
COL0294,BE Civil Engineering,Raigad,2023,139,100,67,33,69.05,67.7,84.7,59
COL0294,BE Civil Engineering,Raigad,2024,131,90,59,31,71.85,58.1,74.9,73
COL0295,B.Ed,Hingoli,2021,242,80,64,16,76.01,95.9,100.0,69
COL0295,B.Ed,Hingoli,2022,274,80,69,11,78.84,88.7,100.0,81
COL0295,B.Ed,Hingoli,2023,305,90,81,9,76.58,89.3,100.0,74
COL0295,B.Ed,Hingoli,2024,286,80,74,6,78.66,98.0,100.0,66
COL0296,GNM,Palghar,2021,103,80,50,30,51.25,55.9,66.3,56
COL0296,GNM,Palghar,2022,126,80,56,24,53.63,56.2,73.6,57
COL0296,GNM,Palghar,2023,128,90,57,33,52.3,67.9,81.5,58
COL0296,GNM,Palghar,2024,127,90,58,32,53.73,63.1,82.0,58
COL0297,BBA,Thane,2021,99,50,38,12,66.07,69.2,86.2,37
COL0297,BBA,Thane,2022,103,50,37,13,65.37,70.2,85.4,38
COL0297,BBA,Thane,2023,99,50,38,12,65.93,76.1,85.9,43
COL0297,BBA,Thane,2024,121,60,43,17,70.37,74.1,87.2,39
COL0298,B.Pharm,Chhatrapati Sambhajinagar,2021,84,50,33,17,66.51,79.4,91.2,35
COL0298,B.Pharm,Chhatrapati Sambhajinagar,2022,94,50,35,15,62.52,75.5,94.7,37
COL0298,B.Pharm,Chhatrapati Sambhajinagar,2023,96,50,37,13,66.82,81.9,95.3,38
COL0298,B.Pharm,Chhatrapati Sambhajinagar,2024,97,50,38,12,66.62,84.5,96.3,35
COL0299,BE Computer Engineering,Nashik,2021,267,190,119,71,71.38,65.6,77.2,125
COL0299,BE Computer Engineering,Nashik,2022,302,190,125,65,73.54,71.7,81.0,116
COL0299,BE Computer Engineering,Nashik,2023,271,170,116,54,75.65,65.5,75.8,125
COL0299,BE Computer Engineering,Nashik,2024,322,180,125,55,74.02,68.2,77.7,138
COL0300,BE Mechanical Engineering,Ahmednagar,2021,479,130,118,12,98.6,86.8,99.9,121
COL0300,BE Mechanical Engineering,Ahmednagar,2022,474,140,121,19,98.38,88.2,100.0,108
COL0300,BE Mechanical Engineering,Ahmednagar,2023,436,120,108,12,98.46,89.5,100.0,103
COL0300,BE Mechanical Engineering,Ahmednagar,2024,426,120,103,17,99.23,85.7,98.1,126
COL0301,MBBS,Satara,2021,562,170,145,25,98.68,98.0,100.0,144
COL0301,MBBS,Satara,2022,596,170,144,26,97.84,96.3,100.0,153
COL0301,MBBS,Satara,2023,656,170,153,17,99.95,95.8,100.0,144
COL0301,MBBS,Satara,2024,609,160,144,16,99.29,98.0,100.0,136
COL0302,BCom,Sindhudurg,2021,247,120,85,35,57.71,81.2,95.4,91
COL0302,BCom,Sindhudurg,2022,268,120,91,29,57.67,82.3,99.9,82
COL0302,BCom,Sindhudurg,2023,258,110,82,28,58.7,80.2,98.7,86
COL0302,BCom,Sindhudurg,2024,280,110,86,24,57.79,73.9,90.5,75
COL0303,B.Arch,Chhatrapati Sambhajinagar,2021,187,50,45,5,93.15,93.4,100.0,48
COL0303,B.Arch,Chhatrapati Sambhajinagar,2022,200,50,48,2,90.17,98.0,100.0,48
COL0303,B.Arch,Chhatrapati Sambhajinagar,2023,209,50,48,2,92.69,97.8,100.0,59
COL0303,B.Arch,Chhatrapati Sambhajinagar,2024,256,60,59,1,93.07,92.9,100.0,49
COL0304,BCom,Mumbai Suburban,2021,248,100,74,26,60.91,81.9,93.2,79
COL0304,BCom,Mumbai Suburban,2022,248,100,79,21,58.12,77.4,98.0,84
COL0304,BCom,Mumbai Suburban,2023,280,100,84,16,57.6,83.9,99.4,77
COL0304,BCom,Mumbai Suburban,2024,256,100,77,23,61.17,86.7,96.9,87
COL0305,B.Pharm,Beed,2021,71,50,34,16,56.75,68.9,80.8,33
COL0305,B.Pharm,Beed,2022,64,50,33,17,56.82,68.0,85.4,31
COL0305,B.Pharm,Beed,2023,65,50,31,19,60.23,71.9,82.6,35
COL0305,B.Pharm,Beed,2024,71,50,35,15,58.59,67.1,84.2,42
COL0306,BA,Chhatrapati Sambhajinagar,2021,1598,470,387,83,65.54,82.6,100.0,417
COL0306,BA,Chhatrapati Sambhajinagar,2022,1727,460,417,43,67.61,82.3,92.6,474
COL0306,BA,Chhatrapati Sambhajinagar,2023,1976,500,474,26,67.21,84.5,97.0,457
COL0306,BA,Chhatrapati Sambhajinagar,2024,1984,510,457,53,67.53,84.8,100.0,395
COL0307,BA,Gadchiroli,2021,1466,410,367,43,65.8,98.0,100.0,379
COL0307,BA,Gadchiroli,2022,1600,420,379,41,70.25,95.5,100.0,395
COL0307,BA,Gadchiroli,2023,1731,430,395,35,70.99,97.9,100.0,368
COL0307,BA,Gadchiroli,2024,1618,390,368,22,68.91,95.7,100.0,422
COL0308,B.Pharm,Nagpur,2021,196,80,62,18,72.23,88.9,100.0,63
COL0308,B.Pharm,Nagpur,2022,207,80,63,17,72.59,84.2,98.2,65
COL0308,B.Pharm,Nagpur,2023,210,80,65,15,73.29,80.9,96.9,69
COL0308,B.Pharm,Nagpur,2024,238,90,69,21,75.75,83.4,93.6,73
COL0309,BA LLB,Buldhana,2021,321,80,75,5,89.38,81.5,96.0,73
COL0309,BA LLB,Buldhana,2022,328,80,73,7,90.77,86.9,100.0,85
COL0309,BA LLB,Buldhana,2023,383,90,85,5,86.13,86.3,97.0,84
COL0309,BA LLB,Buldhana,2024,371,90,84,6,86.98,89.7,100.0,99
COL0310,BE Electrical Engineering,Mumbai City,2021,298,100,84,16,94.38,93.1,100.0,81
COL0310,BE Electrical Engineering,Mumbai City,2022,283,100,81,19,92.66,88.9,100.0,83
COL0310,BE Electrical Engineering,Mumbai City,2023,302,100,83,17,93.3,98.0,100.0,98
COL0310,BE Electrical Engineering,Mumbai City,2024,370,120,98,22,94.4,93.0,100.0,99
COL0311,BE Mechanical Engineering,Chhatrapati Sambhajinagar,2021,146,60,47,13,87.27,86.2,100.0,48
COL0311,BE Mechanical Engineering,Chhatrapati Sambhajinagar,2022,147,60,48,12,86.66,84.1,100.0,49
COL0311,BE Mechanical Engineering,Chhatrapati Sambhajinagar,2023,156,60,49,11,89.1,81.4,93.8,49
COL0311,BE Mechanical Engineering,Chhatrapati Sambhajinagar,2024,165,60,49,11,89.53,84.6,100.0,47
COL0312,BA English,Chhatrapati Sambhajinagar,2021,392,100,94,6,62.3,96.3,100.0,89
COL0312,BA English,Chhatrapati Sambhajinagar,2022,390,100,89,11,62.28,94.9,100.0,91
COL0312,BA English,Chhatrapati Sambhajinagar,2023,389,100,91,9,63.71,94.2,100.0,118
COL0312,BA English,Chhatrapati Sambhajinagar,2024,531,120,118,2,60.78,94.5,100.0,109
COL0313,BSc Physics,Nashik,2021,463,200,150,50,63.1,93.4,100.0,147
COL0313,BSc Physics,Nashik,2022,493,200,147,53,59.99,86.9,100.0,174
COL0313,BSc Physics,Nashik,2023,595,220,174,46,61.19,94.0,100.0,151
COL0313,BSc Physics,Nashik,2024,522,180,151,29,62.88,98.0,100.0,179
COL0314,B.Sc Nursing,Nagpur,2021,101,50,35,15,61.75,81.1,92.4,39
COL0314,B.Sc Nursing,Nagpur,2022,122,50,39,11,62.99,75.1,91.3,38
COL0314,B.Sc Nursing,Nagpur,2023,124,50,38,12,62.66,82.6,95.0,38
COL0314,B.Sc Nursing,Nagpur,2024,120,50,38,12,64.07,83.8,100.0,38
COL0315,BSc Mathematics,Sindhudurg,2021,371,100,87,13,69.83,98.0,100.0,88
COL0315,BSc Mathematics,Sindhudurg,2022,376,100,88,12,71.31,90.6,100.0,82
COL0315,BSc Mathematics,Sindhudurg,2023,359,90,82,8,71.51,98.0,100.0,104
COL0315,BSc Mathematics,Sindhudurg,2024,454,110,104,6,70.4,98.0,100.0,98
COL0316,MBBS,Mumbai Suburban,2021,345,130,100,30,97.47,98.0,100.0,105
COL0316,MBBS,Mumbai Suburban,2022,378,130,105,25,98.2,98.0,100.0,97
COL0316,MBBS,Mumbai Suburban,2023,361,120,97,23,98.09,93.5,100.0,121
COL0316,MBBS,Mumbai Suburban,2024,457,140,121,19,99.95,94.7,100.0,115
COL0317,MBBS,Amravati,2021,344,170,121,49,97.73,88.2,100.0,132
COL0317,MBBS,Amravati,2022,404,180,132,48,96.41,82.3,92.0,135
COL0317,MBBS,Amravati,2023,396,180,135,45,97.5,78.7,94.3,134
COL0317,MBBS,Amravati,2024,422,180,134,46,99.95,89.1,99.8,140
COL0318,BCom,Amravati,2021,222,160,98,62,46.07,59.6,75.0,113
COL0318,BCom,Amravati,2022,246,160,113,47,44.94,63.3,75.2,102
COL0318,BCom,Amravati,2023,227,150,102,48,43.91,60.4,76.5,111
COL0318,BCom,Amravati,2024,267,160,111,49,47.2,62.0,70.6,90
COL0319,BSc,Parbhani,2021,737,310,247,63,55.32,75.1,85.7,222
COL0319,BSc,Parbhani,2022,656,300,222,78,55.99,72.2,80.9,232
COL0319,BSc,Parbhani,2023,739,290,232,58,57.63,68.0,78.1,227
COL0319,BSc,Parbhani,2024,698,300,227,73,53.52,72.1,90.7,291
COL0320,BSc Computer Science,Nashik,2021,346,100,90,10,72.83,98.0,100.0,89
COL0320,BSc Computer Science,Nashik,2022,359,100,89,11,72.54,91.8,100.0,92
COL0320,BSc Computer Science,Nashik,2023,381,100,92,8,75.04,90.1,100.0,97
COL0320,BSc Computer Science,Nashik,2024,408,110,97,13,70.42,91.5,100.0,88
COL0321,B.Ed,Thane,2021,265,80,71,9,78.27,82.1,93.2,67
COL0321,B.Ed,Thane,2022,248,80,67,13,75.54,80.7,92.3,77
COL0321,B.Ed,Thane,2023,299,90,77,13,76.68,81.7,95.6,64
COL0321,B.Ed,Thane,2024,261,70,64,6,78.92,77.0,89.9,78
COL0322,MBA,Raigad,2021,319,100,86,14,84.74,88.5,100.0,87
COL0322,MBA,Raigad,2022,307,100,87,13,85.75,87.6,99.1,94
COL0322,MBA,Raigad,2023,341,110,94,16,85.6,86.1,98.5,98
COL0322,MBA,Raigad,2024,384,110,98,12,84.95,89.2,100.0,96
COL0323,Diploma in Civil Engineering,Nanded,2021,311,100,86,14,74.25,89.5,100.0,90
COL0323,Diploma in Civil Engineering,Nanded,2022,328,110,90,20,73.19,89.8,100.0,87
COL0323,Diploma in Civil Engineering,Nanded,2023,342,100,87,13,74.05,86.7,100.0,99
COL0323,Diploma in Civil Engineering,Nanded,2024,401,110,99,11,77.53,96.0,100.0,106
COL0324,BCom,Pune,2021,581,280,212,68,51.46,73.0,83.7,217
COL0324,BCom,Pune,2022,597,280,217,63,51.68,71.6,85.3,244
COL0324,BCom,Pune,2023,721,310,244,66,53.1,67.0,78.8,181
COL0324,BCom,Pune,2024,554,250,181,69,51.72,70.0,79.7,199
COL0325,BCom,Kolhapur,2021,745,410,279,131,51.68,66.2,81.8,293
COL0325,BCom,Kolhapur,2022,831,420,293,127,53.17,73.0,82.0,335
COL0325,BCom,Kolhapur,2023,960,450,335,115,51.34,71.3,81.3,287
COL0325,BCom,Kolhapur,2024,811,380,287,93,52.83,73.6,93.0,276
COL0326,BA English,Yavatmal,2021,365,150,119,31,51.77,77.8,88.7,122
COL0326,BA English,Yavatmal,2022,409,150,122,28,50.65,71.3,89.9,120
COL0326,BA English,Yavatmal,2023,385,160,120,40,55.02,72.7,92.5,125
COL0326,BA English,Yavatmal,2024,399,160,125,35,54.04,72.4,83.2,118
COL0327,BCom,Parbhani,2021,493,210,161,49,59.52,81.0,100.0,168
COL0327,BCom,Parbhani,2022,557,220,168,52,61.05,70.8,83.5,168
COL0327,BCom,Parbhani,2023,539,200,168,32,62.31,73.6,86.3,175
COL0327,BCom,Parbhani,2024,589,230,175,55,58.84,79.0,99.6,194
COL0328,BE Civil Engineering,Jalgaon,2021,269,60,56,4,99.24,95.2,100.0,60
COL0328,BE Civil Engineering,Jalgaon,2022,286,60,60,0,97.68,98.0,100.0,68
COL0328,BE Civil Engineering,Jalgaon,2023,328,70,68,2,99.95,94.9,100.0,68
COL0328,BE Civil Engineering,Jalgaon,2024,339,70,68,2,97.93,98.0,100.0,60
COL0329,BE Mechanical Engineering,Gadchiroli,2021,72,50,32,18,69.64,66.0,83.5,35
COL0329,BE Mechanical Engineering,Gadchiroli,2022,74,50,35,15,72.78,69.0,87.6,41
COL0329,BE Mechanical Engineering,Gadchiroli,2023,86,60,41,19,73.01,64.2,72.2,43
COL0329,BE Mechanical Engineering,Gadchiroli,2024,92,60,43,17,71.13,68.9,85.6,33
COL0330,Diploma in Civil Engineering,Nashik,2021,100,50,37,13,58.45,73.7,87.9,39
COL0330,Diploma in Civil Engineering,Nashik,2022,107,50,39,11,56.94,72.0,82.7,38
COL0330,Diploma in Civil Engineering,Nashik,2023,111,50,38,12,59.03,85.3,100.0,29
COL0330,Diploma in Civil Engineering,Nashik,2024,80,40,29,11,61.49,83.5,94.6,46
COL0331,BE Mechanical Engineering,Nagpur,2021,129,70,48,22,77.25,79.3,89.3,53
COL0331,BE Mechanical Engineering,Nagpur,2022,147,70,53,17,75.81,74.2,88.2,50
COL0331,BE Mechanical Engineering,Nagpur,2023,133,70,50,20,80.52,78.6,92.0,55
COL0331,BE Mechanical Engineering,Nagpur,2024,157,80,55,25,80.87,75.8,91.3,65
COL0332,Diploma in Computer Engineering,Dharashiv,2021,89,50,35,15,54.5,65.3,77.3,37
COL0332,Diploma in Computer Engineering,Dharashiv,2022,94,50,37,13,54.75,67.1,76.6,36
COL0332,Diploma in Computer Engineering,Dharashiv,2023,87,50,36,14,56.95,73.0,86.2,37
COL0332,Diploma in Computer Engineering,Dharashiv,2024,100,50,37,13,57.34,71.3,81.0,34
COL0333,BCom,Thane,2021,391,240,170,70,45.26,66.8,84.9,151
COL0333,BCom,Thane,2022,365,230,151,79,45.98,54.3,72.5,169
COL0333,BCom,Thane,2023,415,240,169,71,48.05,55.9,70.8,171
COL0333,BCom,Thane,2024,423,240,171,69,47.36,62.2,72.8,181
COL0334,BA Economics,Mumbai Suburban,2021,493,150,127,23,62.73,89.0,100.0,136
COL0334,BA Economics,Mumbai Suburban,2022,540,160,136,24,61.0,86.4,96.9,125
COL0334,BA Economics,Mumbai Suburban,2023,477,140,125,15,62.72,85.6,100.0,119
COL0334,BA Economics,Mumbai Suburban,2024,485,140,119,21,59.24,90.5,100.0,139
COL0335,Diploma in Computer Engineering,Pune,2021,124,50,37,13,68.97,82.5,100.0,41
COL0335,Diploma in Computer Engineering,Pune,2022,145,50,41,9,71.76,75.5,85.2,40
COL0335,Diploma in Computer Engineering,Pune,2023,140,50,40,10,69.33,76.0,96.1,40
COL0335,Diploma in Computer Engineering,Pune,2024,142,50,40,10,68.02,77.3,96.2,51
COL0336,BA LLB,Yavatmal,2021,193,80,61,19,76.35,79.8,99.3,61
COL0336,BA LLB,Yavatmal,2022,186,80,61,19,76.43,77.4,94.3,67
COL0336,BA LLB,Yavatmal,2023,223,90,67,23,75.83,84.6,97.7,67
COL0336,BA LLB,Yavatmal,2024,213,80,67,13,77.51,83.7,94.4,67
COL0337,BE Electrical Engineering,Nashik,2021,195,150,91,59,68.99,72.8,81.3,109
COL0337,BE Electrical Engineering,Nashik,2022,232,160,109,51,68.32,67.2,86.5,107
COL0337,BE Electrical Engineering,Nashik,2023,233,170,107,63,67.99,63.9,81.3,120
COL0337,BE Electrical Engineering,Nashik,2024,250,170,120,50,68.24,67.4,84.6,100
COL0338,MBBS,Sindhudurg,2021,384,170,122,48,95.99,82.0,94.4,123
COL0338,MBBS,Sindhudurg,2022,366,170,123,47,96.5,89.5,100.0,127
COL0338,MBBS,Sindhudurg,2023,381,160,127,33,99.95,90.4,100.0,137
COL0338,MBBS,Sindhudurg,2024,421,180,137,43,99.95,89.1,100.0,162
COL0339,B.Arch,Pune,2021,48,30,21,9,68.92,71.5,87.9,19
COL0339,B.Arch,Pune,2022,45,30,19,11,68.53,67.0,79.9,20
COL0339,B.Arch,Pune,2023,45,30,20,10,68.95,68.3,77.6,22
COL0339,B.Arch,Pune,2024,53,30,22,8,72.81,78.8,87.5,21
COL0340,BCom,Yavatmal,2021,968,410,310,100,60.88,79.0,88.8,340
COL0340,BCom,Yavatmal,2022,1119,420,340,80,60.98,77.8,94.6,316
COL0340,BCom,Yavatmal,2023,1019,400,316,84,61.36,75.4,95.9,346
COL0340,BCom,Yavatmal,2024,1162,410,346,64,60.08,80.1,91.2,369
COL0341,BA Economics,Dharashiv,2021,347,200,137,63,48.78,60.6,73.5,137
COL0341,BA Economics,Dharashiv,2022,357,200,137,63,45.64,66.7,82.3,146
COL0341,BA Economics,Dharashiv,2023,415,210,146,64,45.71,67.3,78.7,133
COL0341,BA Economics,Dharashiv,2024,360,180,133,47,45.59,66.9,79.3,152
COL0342,BA LLB,Sindhudurg,2021,88,80,48,32,52.7,61.3,72.9,48
COL0342,BA LLB,Sindhudurg,2022,91,80,48,32,52.61,63.4,71.2,50
COL0342,BA LLB,Sindhudurg,2023,100,80,50,30,55.24,63.7,82.2,55
COL0342,BA LLB,Sindhudurg,2024,100,80,55,25,54.61,71.1,83.7,52
COL0343,BA,Mumbai City,2021,300,140,107,33,52.27,75.2,86.8,106
COL0343,BA,Mumbai City,2022,306,150,106,44,50.82,71.6,86.6,92
COL0343,BA,Mumbai City,2023,277,130,92,38,50.81,70.9,89.4,114
COL0343,BA,Mumbai City,2024,341,150,114,36,54.91,70.9,89.6,109
COL0344,BCom,Wardha,2021,489,260,182,78,48.95,69.5,80.0,194
COL0344,BCom,Wardha,2022,483,260,194,66,50.54,66.2,86.2,165
COL0344,BCom,Wardha,2023,441,240,165,75,47.75,76.4,90.5,191
COL0344,BCom,Wardha,2024,532,270,191,79,52.06,73.2,91.4,236
COL0345,B.Tech Agricultural Engineering,Jalgaon,2021,68,50,31,19,53.68,61.0,69.6,33
COL0345,B.Tech Agricultural Engineering,Jalgaon,2022,65,50,33,17,50.98,60.6,75.0,41
COL0345,B.Tech Agricultural Engineering,Jalgaon,2023,92,60,41,19,52.23,57.7,71.8,28
COL0345,B.Tech Agricultural Engineering,Jalgaon,2024,65,40,28,12,51.56,71.5,81.3,28
COL0346,Diploma in Electrical Engineering,Hingoli,2021,265,80,70,10,78.53,93.8,100.0,71
COL0346,Diploma in Electrical Engineering,Hingoli,2022,275,80,71,9,76.57,91.0,100.0,70
COL0346,Diploma in Electrical Engineering,Hingoli,2023,284,80,70,10,77.13,93.0,100.0,76
COL0346,Diploma in Electrical Engineering,Hingoli,2024,303,90,76,14,76.52,98.0,100.0,83
COL0347,BBA,Nashik,2021,209,100,74,26,68.73,75.6,84.2,75
COL0347,BBA,Nashik,2022,218,100,75,25,72.35,70.4,80.7,86
COL0347,BBA,Nashik,2023,260,110,86,24,71.2,68.8,88.6,65
COL0347,BBA,Nashik,2024,202,90,65,25,70.54,70.7,90.1,73
COL0348,BSc,Satara,2021,358,280,174,106,44.43,60.1,69.8,190
COL0348,BSc,Satara,2022,365,290,190,100,43.88,61.6,72.3,212
COL0348,BSc,Satara,2023,451,310,212,98,40.14,58.6,77.4,189
COL0348,BSc,Satara,2024,412,270,189,81,40.8,58.3,76.4,194
COL0349,B.Pharm,Solapur,2021,93,50,35,15,66.29,73.7,90.4,38
COL0349,B.Pharm,Solapur,2022,100,50,38,12,67.11,79.4,99.2,35
COL0349,B.Pharm,Solapur,2023,93,50,35,15,66.88,77.4,91.8,44
COL0349,B.Pharm,Solapur,2024,119,60,44,16,64.8,73.5,83.2,43
COL0350,B.Ed,Mumbai Suburban,2021,71,40,29,11,63.13,68.0,85.5,27
COL0350,B.Ed,Mumbai Suburban,2022,70,40,27,13,60.02,77.8,88.0,29
COL0350,B.Ed,Mumbai Suburban,2023,81,40,29,11,62.74,70.2,88.7,28
COL0350,B.Ed,Mumbai Suburban,2024,75,40,28,12,60.46,67.2,82.2,35
COL0351,BSc,Sangli,2021,639,200,162,38,67.87,84.5,99.9,180
COL0351,BSc,Sangli,2022,701,210,180,30,68.77,94.5,100.0,197
COL0351,BSc,Sangli,2023,799,220,197,23,66.41,94.6,100.0,165
COL0351,BSc,Sangli,2024,691,180,165,15,68.05,93.5,100.0,194
COL0352,B.Sc Agriculture,Wardha,2021,148,50,40,10,77.06,93.7,100.0,43
COL0352,B.Sc Agriculture,Wardha,2022,160,50,43,7,78.39,96.7,100.0,54
COL0352,B.Sc Agriculture,Wardha,2023,214,60,54,6,74.82,93.8,100.0,44
COL0352,B.Sc Agriculture,Wardha,2024,171,50,44,6,76.58,96.0,100.0,43
COL0353,BSc,Pune,2021,371,210,140,70,48.4,68.6,78.9,156
COL0353,BSc,Pune,2022,389,220,156,64,48.89,64.2,80.9,176
COL0353,BSc,Pune,2023,457,230,176,54,52.48,61.3,69.0,150
COL0353,BSc,Pune,2024,410,200,150,50,49.05,68.3,79.7,165
COL0354,Diploma in Civil Engineering,Chandrapur,2021,236,100,78,22,61.89,76.4,86.6,72
COL0354,Diploma in Civil Engineering,Chandrapur,2022,211,100,72,28,62.18,81.2,99.9,76
COL0354,Diploma in Civil Engineering,Chandrapur,2023,236,100,76,24,65.78,81.1,100.0,68
COL0354,Diploma in Civil Engineering,Chandrapur,2024,208,90,68,22,66.22,83.3,94.4,61
COL0355,BE Mechanical Engineering,Mumbai City,2021,274,80,69,11,99.95,93.5,100.0,74
COL0355,BE Mechanical Engineering,Mumbai City,2022,292,80,74,6,99.95,90.8,100.0,61
COL0355,BE Mechanical Engineering,Mumbai City,2023,252,70,61,9,98.21,89.9,100.0,73
COL0355,BE Mechanical Engineering,Mumbai City,2024,311,80,73,7,98.87,95.2,100.0,72
COL0356,BA,Dhule,2021,792,260,213,47,68.46,98.0,100.0,223
COL0356,BA,Dhule,2022,833,260,223,37,66.27,87.5,100.0,221
COL0356,BA,Dhule,2023,858,260,221,39,65.03,88.7,100.0,267
COL0356,BA,Dhule,2024,1047,290,267,23,67.88,93.2,100.0,276
COL0357,BE Civil Engineering,Mumbai City,2021,208,80,66,14,90.72,82.9,94.3,63
COL0357,BE Civil Engineering,Mumbai City,2022,209,80,63,17,90.17,82.3,96.6,66
COL0357,BE Civil Engineering,Mumbai City,2023,214,80,66,14,91.47,82.4,94.7,68
COL0357,BE Civil Engineering,Mumbai City,2024,225,80,68,12,90.25,90.1,100.0,60
COL0358,B.Pharm,Sangli,2021,149,50,43,7,78.64,89.6,100.0,43
COL0358,B.Pharm,Sangli,2022,151,50,43,7,79.14,87.9,100.0,44
COL0358,B.Pharm,Sangli,2023,154,50,44,6,78.59,89.6,100.0,43
COL0358,B.Pharm,Sangli,2024,166,50,43,7,77.49,93.0,100.0,53
COL0359,MBA,Sangli,2021,266,100,81,19,76.31,77.1,86.2,83
COL0359,MBA,Sangli,2022,264,100,83,17,79.57,77.9,98.0,84
COL0359,MBA,Sangli,2023,289,100,84,16,76.11,76.7,88.6,73
COL0359,MBA,Sangli,2024,249,90,73,17,79.84,82.2,100.0,75
COL0360,BA History,Beed,2021,342,100,84,16,62.72,88.3,100.0,90
COL0360,BA History,Beed,2022,357,100,90,10,62.92,81.5,97.8,93
COL0360,BA History,Beed,2023,385,100,93,7,63.33,93.2,100.0,95
COL0360,BA History,Beed,2024,395,100,95,5,64.97,89.6,100.0,113
COL0361,BE Electronics & Telecommunication,Nanded,2021,304,100,83,17,91.56,86.3,100.0,80
COL0361,BE Electronics & Telecommunication,Nanded,2022,279,100,80,20,91.38,87.1,100.0,91
COL0361,BE Electronics & Telecommunication,Nanded,2023,332,110,91,19,94.11,86.4,100.0,79
COL0361,BE Electronics & Telecommunication,Nanded,2024,283,90,79,11,93.8,82.2,100.0,78
COL0362,B.Ed,Mumbai Suburban,2021,72,40,29,11,58.63,72.8,85.2,29
COL0362,B.Ed,Mumbai Suburban,2022,70,40,29,11,58.9,64.1,74.4,27
COL0362,B.Ed,Mumbai Suburban,2023,66,40,27,13,58.68,71.1,88.9,27
COL0362,B.Ed,Mumbai Suburban,2024,66,40,27,13,57.24,75.2,91.1,27
COL0363,BCom,Mumbai City,2021,797,410,296,114,47.46,78.3,95.2,292
COL0363,BCom,Mumbai City,2022,762,430,292,138,50.33,73.4,85.9,260
COL0363,BCom,Mumbai City,2023,681,380,260,120,51.99,71.8,89.3,254
COL0363,BCom,Mumbai City,2024,656,370,254,116,52.48,71.5,87.2,253
COL0364,BE Computer Engineering,Hingoli,2021,667,200,177,23,98.7,90.4,100.0,174
COL0364,BE Computer Engineering,Hingoli,2022,672,210,174,36,96.59,98.0,100.0,198
COL0364,BE Computer Engineering,Hingoli,2023,775,220,198,22,99.04,89.8,100.0,165
COL0364,BE Computer Engineering,Hingoli,2024,693,190,165,25,99.95,92.2,100.0,181
COL0365,BE Electrical Engineering,Beed,2021,158,60,49,11,88.96,81.5,93.5,48
COL0365,BE Electrical Engineering,Beed,2022,150,60,48,12,88.88,84.9,98.8,49
COL0365,BE Electrical Engineering,Beed,2023,164,60,49,11,88.95,80.9,98.8,55
COL0365,BE Electrical Engineering,Beed,2024,189,70,55,15,90.62,83.2,100.0,57
COL0366,BA,Nashik,2021,728,210,178,32,65.51,98.0,100.0,177
COL0366,BA,Nashik,2022,747,200,177,23,67.94,95.2,100.0,195
COL0366,BA,Nashik,2023,868,220,195,25,70.5,90.0,100.0,191
COL0366,BA,Nashik,2024,839,210,191,19,70.75,94.3,100.0,207
COL0367,BCom,Mumbai Suburban,2021,344,310,178,132,40.56,70.1,83.4,174
COL0367,BCom,Mumbai Suburban,2022,323,300,174,126,42.01,61.8,75.1,176
COL0367,BCom,Mumbai Suburban,2023,325,290,176,114,39.71,66.7,78.4,203
COL0367,BCom,Mumbai Suburban,2024,388,300,203,97,43.05,71.4,80.6,176
COL0368,Diploma in Mechanical Engineering,Yavatmal,2021,211,100,71,29,60.61,68.7,86.6,70
COL0368,Diploma in Mechanical Engineering,Yavatmal,2022,212,100,70,30,63.89,73.2,86.1,74
COL0368,Diploma in Mechanical Engineering,Yavatmal,2023,231,100,74,26,64.4,81.2,96.0,78
COL0368,Diploma in Mechanical Engineering,Yavatmal,2024,238,100,78,22,61.9,72.9,85.4,88
COL0369,BE Computer Engineering,Mumbai Suburban,2021,380,180,126,54,82.36,83.2,99.2,138
COL0369,BE Computer Engineering,Mumbai Suburban,2022,414,180,138,42,84.66,80.1,90.3,147
COL0369,BE Computer Engineering,Mumbai Suburban,2023,434,190,147,43,83.53,82.9,100.0,150
COL0369,BE Computer Engineering,Mumbai Suburban,2024,435,190,150,40,84.45,78.1,93.1,169
COL0370,BSc,Thane,2021,160,150,90,60,42.06,56.0,65.4,104
COL0370,BSc,Thane,2022,183,160,104,56,40.53,57.6,67.4,111
COL0370,BSc,Thane,2023,217,170,111,59,40.65,57.5,69.8,98
COL0370,BSc,Thane,2024,186,150,98,52,38.38,50.0,67.2,115
COL0371,B.Pharm,Gadchiroli,2021,267,80,67,13,85.28,93.1,100.0,70
COL0371,B.Pharm,Gadchiroli,2022,282,80,70,10,86.34,92.4,100.0,83
COL0371,B.Pharm,Gadchiroli,2023,343,90,83,7,85.36,98.0,100.0,85
COL0371,B.Pharm,Gadchiroli,2024,341,90,85,5,87.41,96.2,100.0,65
COL0372,BSc Physics,Yavatmal,2021,300,150,104,46,60.25,85.2,100.0,117
COL0372,BSc Physics,Yavatmal,2022,333,160,117,43,56.31,88.2,100.0,107
COL0372,BSc Physics,Yavatmal,2023,307,140,107,33,58.75,84.9,100.0,103
COL0372,BSc Physics,Yavatmal,2024,326,140,103,37,56.97,81.3,95.1,130
COL0373,Diploma in Civil Engineering,Chhatrapati Sambhajinagar,2021,116,100,62,38,47.3,57.5,72.3,65
COL0373,Diploma in Civil Engineering,Chhatrapati Sambhajinagar,2022,130,100,65,35,47.99,57.0,67.0,68
COL0373,Diploma in Civil Engineering,Chhatrapati Sambhajinagar,2023,137,100,68,32,46.99,53.5,66.2,75
COL0373,Diploma in Civil Engineering,Chhatrapati Sambhajinagar,2024,148,120,75,45,49.6,54.6,64.7,71
COL0374,BE Electronics & Telecommunication,Thane,2021,257,140,103,37,79.63,75.0,83.8,99
COL0374,BE Electronics & Telecommunication,Thane,2022,251,140,99,41,76.14,72.5,88.4,99
COL0374,BE Electronics & Telecommunication,Thane,2023,276,140,99,41,77.91,72.7,86.4,117
COL0374,BE Electronics & Telecommunication,Thane,2024,325,160,117,43,76.44,71.4,90.1,121
COL0375,BSc,Buldhana,2021,176,100,68,32,50.43,77.3,92.1,71
COL0375,BSc,Buldhana,2022,179,100,71,29,51.01,77.7,94.4,64
COL0375,BSc,Buldhana,2023,167,90,64,26,49.15,70.4,84.7,84
COL0375,BSc,Buldhana,2024,219,110,84,26,48.35,70.9,89.5,70
COL0376,MBA,Jalgaon,2021,330,100,87,13,86.54,95.6,100.0,82
COL0376,MBA,Jalgaon,2022,322,100,82,18,88.62,90.1,100.0,85
COL0376,MBA,Jalgaon,2023,320,100,85,15,85.38,93.8,100.0,98
COL0376,MBA,Jalgaon,2024,383,110,98,12,85.4,98.0,100.0,89
COL0377,BCom,Beed,2021,643,350,251,99,49.64,70.1,81.3,278
COL0377,BCom,Beed,2022,701,370,278,92,53.75,73.3,83.5,250
COL0377,BCom,Beed,2023,660,330,250,80,53.43,76.9,93.0,309
COL0377,BCom,Beed,2024,842,410,309,101,52.97,75.4,93.2,300
COL0378,BE Computer Engineering,Amravati,2021,102,90,53,37,69.32,62.6,75.8,56
COL0378,BE Computer Engineering,Amravati,2022,111,90,56,34,68.15,70.6,82.9,53
COL0378,BE Computer Engineering,Amravati,2023,108,80,53,27,68.77,61.7,79.9,55
COL0378,BE Computer Engineering,Amravati,2024,106,80,55,25,70.95,57.0,74.7,50
COL0379,BA English,Nashik,2021,268,100,77,23,56.82,80.9,93.9,83
COL0379,BA English,Nashik,2022,296,100,83,17,58.64,82.7,100.0,78
COL0379,BA English,Nashik,2023,272,90,78,12,57.29,83.9,99.5,89
COL0379,BA English,Nashik,2024,339,110,89,21,57.33,85.1,100.0,92
COL0380,MBA,Jalna,2021,125,100,66,34,57.76,56.5,70.8,64
COL0380,MBA,Jalna,2022,123,100,64,36,58.15,63.0,70.2,72
COL0380,MBA,Jalna,2023,143,110,72,38,55.91,62.8,75.4,73
COL0380,MBA,Jalna,2024,150,110,73,37,56.78,59.2,74.4,55
COL0381,Diploma in Civil Engineering,Mumbai City,2021,212,80,65,15,68.08,74.6,90.4,60
COL0381,Diploma in Civil Engineering,Mumbai City,2022,198,80,60,20,67.12,78.4,93.9,63
COL0381,Diploma in Civil Engineering,Mumbai City,2023,214,80,63,17,68.59,73.6,92.1,70
COL0381,Diploma in Civil Engineering,Mumbai City,2024,231,90,70,20,68.63,83.7,100.0,64
COL0382,BCom,Parbhani,2021,698,310,233,77,55.46,78.2,88.5,243
COL0382,BCom,Parbhani,2022,729,310,243,67,55.73,77.9,88.5,263
COL0382,BCom,Parbhani,2023,822,340,263,77,54.32,77.4,94.3,238
COL0382,BCom,Parbhani,2024,706,300,238,62,55.83,77.8,98.0,273
COL0383,BCom,Jalna,2021,538,410,258,152,43.02,65.0,73.6,267
COL0383,BCom,Jalna,2022,556,410,267,143,45.13,61.4,78.3,283
COL0383,BCom,Jalna,2023,620,410,283,127,42.04,58.4,71.1,324
COL0383,BCom,Jalna,2024,721,460,324,136,41.61,62.8,80.3,262
COL0384,BA LLB,Kolhapur,2021,138,80,57,23,63.54,68.4,86.8,57
COL0384,BA LLB,Kolhapur,2022,127,80,57,23,63.15,63.8,77.9,54
COL0384,BA LLB,Kolhapur,2023,126,80,54,26,60.05,68.8,87.0,47
COL0384,BA LLB,Kolhapur,2024,120,70,47,23,61.79,72.1,88.9,47
COL0385,BCom,Parbhani,2021,140,100,62,38,49.21,69.4,78.4,77
COL0385,BCom,Parbhani,2022,179,110,77,33,45.79,62.6,72.5,67
COL0385,BCom,Parbhani,2023,159,100,67,33,47.53,65.3,73.1,73
COL0385,BCom,Parbhani,2024,184,110,73,37,49.95,73.8,81.8,69
COL0386,BE Electronics & Telecommunication,Jalgaon,2021,276,160,108,52,74.19,75.1,92.9,117
COL0386,BE Electronics & Telecommunication,Jalgaon,2022,295,160,117,43,77.46,79.3,91.4,126
COL0386,BE Electronics & Telecommunication,Jalgaon,2023,331,170,126,44,77.73,69.6,86.4,111
COL0386,BE Electronics & Telecommunication,Jalgaon,2024,292,150,111,39,74.81,73.6,93.4,120
COL0387,BE Electronics & Telecommunication,Hingoli,2021,190,110,74,36,79.37,79.8,88.2,75
COL0387,BE Electronics & Telecommunication,Hingoli,2022,200,110,75,35,81.29,78.5,90.0,75
COL0387,BE Electronics & Telecommunication,Hingoli,2023,200,110,75,35,77.62,73.4,89.6,72
COL0387,BE Electronics & Telecommunication,Hingoli,2024,192,100,72,28,81.5,77.6,92.8,92
COL0388,BSc Computer Science,Nashik,2021,160,100,65,35,52.58,82.8,94.5,69
COL0388,BSc Computer Science,Nashik,2022,182,100,69,31,54.59,78.0,88.4,72
COL0388,BSc Computer Science,Nashik,2023,197,100,72,28,52.64,79.2,93.6,64
COL0388,BSc Computer Science,Nashik,2024,169,90,64,26,55.2,83.1,93.5,71
COL0389,BSc,Jalgaon,2021,687,460,309,151,42.73,68.9,77.2,318
COL0389,BSc,Jalgaon,2022,737,450,318,132,46.89,64.7,73.4,335
COL0389,BSc,Jalgaon,2023,756,510,335,175,46.71,59.9,77.3,299
COL0389,BSc,Jalgaon,2024,735,440,299,141,44.36,62.4,75.2,365
COL0390,BE Computer Engineering,Nashik,2021,384,100,91,9,98.86,94.4,100.0,90
COL0390,BE Computer Engineering,Nashik,2022,386,100,90,10,99.48,92.4,100.0,81
COL0390,BE Computer Engineering,Nashik,2023,352,90,81,9,98.25,91.5,100.0,85
COL0390,BE Computer Engineering,Nashik,2024,387,90,85,5,99.13,98.0,100.0,85
COL0391,MBBS,Mumbai Suburban,2021,540,210,171,39,98.42,86.5,100.0,171
COL0391,MBBS,Mumbai Suburban,2022,538,210,171,39,96.44,84.6,100.0,168
COL0391,MBBS,Mumbai Suburban,2023,528,200,168,32,97.24,83.9,100.0,162
COL0391,MBBS,Mumbai Suburban,2024,566,200,162,38,97.12,84.9,97.2,198
COL0392,MBA,Nagpur,2021,155,50,43,7,82.52,83.7,96.4,42
COL0392,MBA,Nagpur,2022,146,50,42,8,82.46,83.8,100.0,41
COL0392,MBA,Nagpur,2023,148,50,41,9,81.13,91.6,100.0,40
COL0392,MBA,Nagpur,2024,151,50,40,10,85.13,85.4,100.0,43
COL0393,BCom,Wardha,2021,365,200,136,64,47.38,70.4,89.6,141
COL0393,BCom,Wardha,2022,360,210,141,69,52.35,72.6,84.6,136
COL0393,BCom,Wardha,2023,356,200,136,64,50.51,72.6,80.7,158
COL0393,BCom,Wardha,2024,420,220,158,62,51.17,70.7,87.4,144
COL0394,D.Pharm,Nagpur,2021,238,80,64,16,79.52,98.0,100.0,68
COL0394,D.Pharm,Nagpur,2022,258,80,68,12,82.21,93.4,100.0,63
COL0394,D.Pharm,Nagpur,2023,235,70,63,7,80.98,92.7,100.0,76
COL0394,D.Pharm,Nagpur,2024,295,90,76,14,80.35,98.0,100.0,77
COL0395,BCom,Ratnagiri,2021,436,210,154,56,52.71,79.8,97.2,142
COL0395,BCom,Ratnagiri,2022,397,200,142,58,57.04,80.5,99.1,151
COL0395,BCom,Ratnagiri,2023,444,200,151,49,55.82,75.8,94.1,156
COL0395,BCom,Ratnagiri,2024,482,200,156,44,55.68,82.7,100.0,167
COL0396,LLB,Thane,2021,277,80,67,13,87.54,90.3,100.0,73
COL0396,LLB,Thane,2022,302,80,73,7,88.82,98.0,100.0,62
COL0396,LLB,Thane,2023,259,70,62,8,90.42,97.6,100.0,67
COL0396,LLB,Thane,2024,290,70,67,3,86.78,90.1,100.0,76
COL0397,LLB,Bhandara,2021,234,80,68,12,82.77,86.2,95.9,66
COL0397,LLB,Bhandara,2022,234,80,66,14,80.14,85.3,100.0,65
COL0397,LLB,Bhandara,2023,242,80,65,15,79.45,87.8,100.0,77
COL0397,LLB,Bhandara,2024,287,90,77,13,80.5,87.6,100.0,79
COL0398,BCom,Parbhani,2021,393,180,139,41,53.01,72.9,89.4,150
COL0398,BCom,Parbhani,2022,455,190,150,40,56.47,63.5,83.1,135
COL0398,BCom,Parbhani,2023,423,170,135,35,53.36,68.8,87.3,147
COL0398,BCom,Parbhani,2024,439,180,147,33,53.41,68.8,77.4,140
COL0399,Diploma in Civil Engineering,Nagpur,2021,242,80,67,13,72.06,90.8,100.0,70
COL0399,Diploma in Civil Engineering,Nagpur,2022,255,80,70,10,74.04,89.7,100.0,64
COL0399,Diploma in Civil Engineering,Nagpur,2023,232,80,64,16,72.89,92.0,100.0,71
COL0399,Diploma in Civil Engineering,Nagpur,2024,263,80,71,9,74.34,85.4,99.1,61
COL0400,MBA,Pune,2021,59,50,31,19,54.16,55.2,63.9,33
COL0400,MBA,Pune,2022,64,50,33,17,54.02,57.2,70.1,35
COL0400,MBA,Pune,2023,74,50,35,15,55.87,49.8,60.3,42
COL0400,MBA,Pune,2024,88,60,42,18,54.47,58.3,71.8,34
COL0401,B.Sc Nursing,Raigad,2021,261,80,69,11,71.63,95.6,100.0,70
COL0401,B.Sc Nursing,Raigad,2022,275,80,70,10,72.09,86.5,100.0,69
COL0401,B.Sc Nursing,Raigad,2023,278,80,69,11,74.88,94.1,100.0,76
COL0401,B.Sc Nursing,Raigad,2024,292,90,76,14,75.85,97.6,100.0,61
COL0402,BBA,Mumbai Suburban,2021,310,100,84,16,87.53,88.5,100.0,83
COL0402,BBA,Mumbai Suburban,2022,320,100,83,17,89.05,97.6,100.0,90
COL0402,BBA,Mumbai Suburban,2023,347,100,90,10,86.07,95.6,100.0,81
COL0402,BBA,Mumbai Suburban,2024,327,90,81,9,90.84,86.2,97.0,81
COL0403,MBBS,Mumbai City,2021,386,130,107,23,97.52,82.6,94.8,123
COL0403,MBBS,Mumbai City,2022,469,140,123,17,99.72,87.4,100.0,115
COL0403,MBBS,Mumbai City,2023,427,140,115,25,99.88,84.7,100.0,113
COL0403,MBBS,Mumbai City,2024,457,130,113,17,99.95,90.2,100.0,131
COL0404,BE Mechanical Engineering,Raigad,2021,95,60,41,19,74.26,77.4,91.9,40
COL0404,BE Mechanical Engineering,Raigad,2022,91,60,40,20,75.53,77.6,87.7,39
COL0404,BE Mechanical Engineering,Raigad,2023,96,60,39,21,76.04,72.7,88.2,44
COL0404,BE Mechanical Engineering,Raigad,2024,109,60,44,16,74.45,81.7,100.0,47
COL0405,B.Ed,Buldhana,2021,138,40,35,5,77.57,96.3,100.0,36
COL0405,B.Ed,Buldhana,2022,139,40,36,4,79.57,90.2,100.0,36
COL0405,B.Ed,Buldhana,2023,147,40,36,4,77.36,88.7,100.0,35
COL0405,B.Ed,Buldhana,2024,143,40,35,5,79.59,92.7,100.0,37
COL0406,B.Tech Agricultural Engineering,Bhandara,2021,99,50,36,14,65.34,82.6,100.0,39
COL0406,B.Tech Agricultural Engineering,Bhandara,2022,118,50,39,11,63.58,78.1,94.7,39
COL0406,B.Tech Agricultural Engineering,Bhandara,2023,112,50,39,11,66.16,84.2,96.5,39
COL0406,B.Tech Agricultural Engineering,Bhandara,2024,123,50,39,11,63.55,80.2,99.1,37
COL0407,BCom,Ahmednagar,2021,1035,310,261,49,70.66,98.0,100.0,275
COL0407,BCom,Ahmednagar,2022,1040,320,275,45,69.21,98.0,100.0,258
COL0407,BCom,Ahmednagar,2023,1024,300,258,42,71.47,93.2,100.0,305
COL0407,BCom,Ahmednagar,2024,1201,330,305,25,68.7,95.2,100.0,313
COL0408,BE Electrical Engineering,Latur,2021,129,60,42,18,82.31,84.6,100.0,43
COL0408,BE Electrical Engineering,Latur,2022,135,60,43,17,82.49,90.0,100.0,44
COL0408,BE Electrical Engineering,Latur,2023,130,60,44,16,82.47,83.6,93.0,48
COL0408,BE Electrical Engineering,Latur,2024,143,60,48,12,82.75,86.7,100.0,49
COL0409,BA,Mumbai Suburban,2021,313,100,83,17,68.28,82.2,99.1,90
COL0409,BA,Mumbai Suburban,2022,355,100,90,10,68.33,91.6,100.0,81
COL0409,BA,Mumbai Suburban,2023,315,90,81,9,68.78,89.8,100.0,93
COL0409,BA,Mumbai Suburban,2024,374,100,93,7,65.11,94.2,100.0,79
COL0410,BSc Mathematics,Palghar,2021,199,80,65,15,63.29,97.0,100.0,61
COL0410,BSc Mathematics,Palghar,2022,191,80,61,19,61.88,87.0,99.8,62
COL0410,BSc Mathematics,Palghar,2023,203,80,62,18,61.01,87.1,100.0,58
COL0410,BSc Mathematics,Palghar,2024,186,70,58,12,61.8,89.7,100.0,60
COL0411,BA,Beed,2021,1558,540,442,98,61.37,92.9,100.0,490
COL0411,BA,Beed,2022,1697,570,490,80,63.23,93.8,100.0,396
COL0411,BA,Beed,2023,1468,500,396,104,60.17,91.6,100.0,464
COL0411,BA,Beed,2024,1734,550,464,86,63.72,91.8,100.0,463
COL0412,MBA,Palghar,2021,129,50,41,9,76.61,71.5,88.2,39
COL0412,MBA,Palghar,2022,127,50,39,11,76.89,71.3,82.5,41
COL0412,MBA,Palghar,2023,132,50,41,9,80.23,69.4,78.1,40
COL0412,MBA,Palghar,2024,135,50,40,10,77.11,80.0,90.7,33
COL0413,LLB,Mumbai Suburban,2021,134,100,67,33,59.6,66.2,81.8,69
COL0413,LLB,Mumbai Suburban,2022,157,100,69,31,58.3,64.5,82.8,66
COL0413,LLB,Mumbai Suburban,2023,150,100,66,34,56.56,63.5,75.6,65
COL0413,LLB,Mumbai Suburban,2024,144,90,65,25,58.54,63.1,81.5,60
COL0414,BA,Akola,2021,592,180,158,22,63.88,92.7,100.0,154
COL0414,BA,Akola,2022,579,190,154,36,63.58,86.1,96.0,156
COL0414,BA,Akola,2023,593,180,156,24,67.78,94.6,100.0,144
COL0414,BA,Akola,2024,544,170,144,26,67.04,93.4,100.0,186
COL0415,BSc Computer Science,Mumbai Suburban,2021,180,170,102,68,44.01,75.8,87.2,105
COL0415,BSc Computer Science,Mumbai Suburban,2022,172,170,105,65,43.1,74.6,89.3,111
COL0415,BSc Computer Science,Mumbai Suburban,2023,208,180,111,69,40.62,80.6,100.0,105
COL0415,BSc Computer Science,Mumbai Suburban,2024,183,180,105,75,40.33,78.5,97.0,95
COL0416,Diploma in Electrical Engineering,Beed,2021,159,80,59,21,57.24,71.5,89.1,55
COL0416,Diploma in Electrical Engineering,Beed,2022,151,80,55,25,57.79,73.6,93.1,54
COL0416,Diploma in Electrical Engineering,Beed,2023,145,80,54,26,59.98,74.4,89.9,58
COL0416,Diploma in Electrical Engineering,Beed,2024,152,80,58,22,60.22,76.2,91.2,79
COL0417,BE Civil Engineering,Nagpur,2021,163,60,48,12,92.29,95.2,100.0,52
COL0417,BE Civil Engineering,Nagpur,2022,189,60,52,8,92.51,95.3,100.0,49
COL0417,BE Civil Engineering,Nagpur,2023,171,60,49,11,95.01,97.7,100.0,61
COL0417,BE Civil Engineering,Nagpur,2024,218,70,61,9,91.34,94.8,100.0,52
COL0418,BE Computer Engineering,Solapur,2021,283,130,102,28,81.2,72.4,88.0,101
COL0418,BE Computer Engineering,Solapur,2022,306,140,101,39,81.51,77.7,92.8,92
COL0418,BE Computer Engineering,Solapur,2023,276,120,92,28,81.85,76.9,85.7,102
COL0418,BE Computer Engineering,Solapur,2024,315,130,102,28,86.59,75.8,85.2,90
COL0419,BA,Mumbai City,2021,206,170,108,62,43.54,66.6,76.5,113
COL0419,BA,Mumbai City,2022,219,170,113,57,43.33,66.8,83.1,100
COL0419,BA,Mumbai City,2023,216,160,100,60,43.08,70.2,83.7,125
COL0419,BA,Mumbai City,2024,266,190,125,65,40.86,60.8,75.3,110
COL0420,Diploma in Mechanical Engineering,Solapur,2021,88,50,35,15,57.06,66.1,82.1,36
COL0420,Diploma in Mechanical Engineering,Solapur,2022,92,50,36,14,57.5,72.1,88.9,37
COL0420,Diploma in Mechanical Engineering,Solapur,2023,105,50,37,13,56.1,63.5,79.4,39
COL0420,Diploma in Mechanical Engineering,Solapur,2024,110,50,39,11,60.0,62.8,79.2,38
COL0421,Diploma in Civil Engineering,Satara,2021,302,100,79,21,75.0,91.2,100.0,83
COL0421,Diploma in Civil Engineering,Satara,2022,326,100,83,17,75.11,94.8,100.0,86
COL0421,Diploma in Civil Engineering,Satara,2023,347,100,86,14,76.14,91.9,100.0,82
COL0421,Diploma in Civil Engineering,Satara,2024,325,90,82,8,75.35,88.8,99.9,94
COL0422,B.Pharm,Mumbai Suburban,2021,111,80,52,28,59.5,59.8,75.5,55
COL0422,B.Pharm,Mumbai Suburban,2022,114,80,55,25,56.38,63.1,81.7,44
COL0422,B.Pharm,Mumbai Suburban,2023,86,70,44,26,60.42,62.5,70.3,60
COL0422,B.Pharm,Mumbai Suburban,2024,125,90,60,30,60.12,67.0,83.8,53
COL0423,BA,Chhatrapati Sambhajinagar,2021,1019,280,239,41,65.53,98.0,100.0,239
COL0423,BA,Chhatrapati Sambhajinagar,2022,1019,270,239,31,69.5,97.5,100.0,251
COL0423,BA,Chhatrapati Sambhajinagar,2023,1117,260,251,9,69.46,91.0,100.0,289
COL0423,BA,Chhatrapati Sambhajinagar,2024,1284,320,289,31,70.91,93.6,100.0,328
COL0424,BCom,Mumbai Suburban,2021,459,130,111,19,67.23,84.9,98.1,120
COL0424,BCom,Mumbai Suburban,2022,487,130,120,10,68.03,87.7,100.0,125
COL0424,BCom,Mumbai Suburban,2023,537,140,125,15,68.88,86.5,98.5,114
COL0424,BCom,Mumbai Suburban,2024,487,120,114,6,66.59,85.3,100.0,155
COL0425,BE Computer Engineering,Ratnagiri,2021,179,150,98,52,67.18,68.5,82.5,89
COL0425,BE Computer Engineering,Ratnagiri,2022,175,150,89,61,69.77,70.1,79.8,93
COL0425,BE Computer Engineering,Ratnagiri,2023,180,150,93,57,70.84,71.8,89.8,111
COL0425,BE Computer Engineering,Ratnagiri,2024,238,170,111,59,67.07,65.6,76.1,126
COL0426,BCom,Ahmednagar,2021,445,130,109,21,68.85,80.3,100.0,119
COL0426,BCom,Ahmednagar,2022,488,130,119,11,70.35,76.8,90.8,112
COL0426,BCom,Ahmednagar,2023,452,130,112,18,66.95,87.3,100.0,106
COL0426,BCom,Ahmednagar,2024,463,120,106,14,68.28,81.9,91.4,111
COL0427,BE Computer Engineering,Nashik,2021,189,60,49,11,94.54,93.3,100.0,53
COL0427,BE Computer Engineering,Nashik,2022,198,60,53,7,98.39,98.0,100.0,55
COL0427,BE Computer Engineering,Nashik,2023,211,60,55,5,97.95,98.0,100.0,53
COL0427,BE Computer Engineering,Nashik,2024,209,60,53,7,99.49,98.0,100.0,44
COL0428,BE Electronics & Telecommunication,Sangli,2021,103,80,50,30,71.51,64.7,73.1,54
COL0428,BE Electronics & Telecommunication,Sangli,2022,116,80,54,26,69.07,63.2,80.0,52
COL0428,BE Electronics & Telecommunication,Sangli,2023,106,80,52,28,68.33,62.9,73.5,53
COL0428,BE Electronics & Telecommunication,Sangli,2024,112,80,53,27,70.86,58.1,73.5,72
COL0429,LLB,Thane,2021,133,80,53,27,63.98,64.3,74.9,60
COL0429,LLB,Thane,2022,164,80,60,20,68.21,68.9,87.5,67
COL0429,LLB,Thane,2023,171,90,67,23,64.68,69.0,88.6,57
COL0429,LLB,Thane,2024,152,80,57,23,64.96,72.7,91.4,67
COL0430,BE Mechanical Engineering,Nandurbar,2021,210,60,51,9,99.95,96.6,100.0,53
COL0430,BE Mechanical Engineering,Nandurbar,2022,225,60,53,7,99.95,97.3,100.0,53
COL0430,BE Mechanical Engineering,Nandurbar,2023,223,60,53,7,99.95,98.0,100.0,57
COL0430,BE Mechanical Engineering,Nandurbar,2024,247,60,57,3,99.95,95.0,100.0,54
COL0431,BE Computer Engineering,Amravati,2021,233,110,79,31,84.95,79.0,92.2,85
COL0431,BE Computer Engineering,Amravati,2022,261,110,85,25,83.33,85.0,94.3,93
COL0431,BE Computer Engineering,Amravati,2023,282,120,93,27,84.44,82.4,99.6,76
COL0431,BE Computer Engineering,Amravati,2024,236,100,76,24,81.9,88.1,100.0,97
COL0432,BBA,Amravati,2021,102,50,36,14,72.75,69.7,86.9,39
COL0432,BBA,Amravati,2022,121,50,39,11,73.27,77.4,96.9,38
COL0432,BBA,Amravati,2023,110,50,38,12,74.12,75.1,87.1,41
COL0432,BBA,Amravati,2024,126,50,41,9,72.16,76.7,91.4,39
COL0433,BE Civil Engineering,Pune,2021,203,80,64,16,88.21,87.8,98.7,60
COL0433,BE Civil Engineering,Pune,2022,192,80,60,20,86.76,91.8,100.0,66
COL0433,BE Civil Engineering,Pune,2023,225,80,66,14,87.36,80.0,96.6,69
COL0433,BE Civil Engineering,Pune,2024,237,80,69,11,88.16,92.8,100.0,67
COL0434,BA,Thane,2021,312,100,80,20,64.05,87.3,100.0,90
COL0434,BA,Thane,2022,341,100,90,10,65.87,88.7,100.0,74
COL0434,BA,Thane,2023,296,90,74,16,69.21,94.4,100.0,100
COL0434,BA,Thane,2024,408,110,100,10,67.64,89.9,100.0,103
COL0435,Diploma in Civil Engineering,Mumbai Suburban,2021,103,50,37,13,63.54,73.9,93.0,40
COL0435,Diploma in Civil Engineering,Mumbai Suburban,2022,114,50,40,10,62.62,71.1,88.9,37
COL0435,Diploma in Civil Engineering,Mumbai Suburban,2023,110,50,37,13,64.28,71.9,82.3,36
COL0435,Diploma in Civil Engineering,Mumbai Suburban,2024,112,50,36,14,65.56,67.9,85.6,49
COL0436,MBA,Akola,2021,380,100,90,10,91.05,97.5,100.0,90
COL0436,MBA,Akola,2022,380,100,90,10,88.43,95.4,100.0,87
COL0436,MBA,Akola,2023,383,90,87,3,89.21,98.0,100.0,93
COL0436,MBA,Akola,2024,405,100,93,7,92.71,92.6,100.0,88
COL0437,BE Computer Engineering,Ahmednagar,2021,166,120,80,40,68.88,64.0,77.0,74
COL0437,BE Computer Engineering,Ahmednagar,2022,171,120,74,46,70.13,70.0,79.9,86
COL0437,BE Computer Engineering,Ahmednagar,2023,186,120,86,34,72.96,60.8,70.9,71
COL0437,BE Computer Engineering,Ahmednagar,2024,150,110,71,39,71.94,70.4,81.9,91
COL0438,BE Computer Engineering,Thane,2021,146,60,47,13,88.39,88.5,100.0,48
COL0438,BE Computer Engineering,Thane,2022,161,60,48,12,87.52,82.4,92.4,47
COL0438,BE Computer Engineering,Thane,2023,158,60,47,13,87.64,88.6,100.0,42
COL0438,BE Computer Engineering,Thane,2024,142,50,42,8,89.08,89.3,100.0,54
COL0439,BSc Mathematics,Sindhudurg,2021,735,210,185,25,72.91,84.8,100.0,175
COL0439,BSc Mathematics,Sindhudurg,2022,692,210,175,35,72.36,82.0,95.8,187
COL0439,BSc Mathematics,Sindhudurg,2023,751,220,187,33,72.96,83.1,95.9,186
COL0439,BSc Mathematics,Sindhudurg,2024,782,210,186,24,69.61,80.4,97.9,170
COL0440,BA,Wardha,2021,834,260,216,44,66.93,90.3,100.0,240
COL0440,BA,Wardha,2022,984,270,240,30,68.68,95.6,100.0,234
COL0440,BA,Wardha,2023,995,260,234,26,70.09,97.3,100.0,268
COL0440,BA,Wardha,2024,1133,300,268,32,67.95,98.0,100.0,299
COL0441,BE Computer Engineering,Pune,2021,75,60,36,24,67.59,66.2,73.9,37
COL0441,BE Computer Engineering,Pune,2022,79,60,37,23,68.01,61.1,79.6,39
COL0441,BE Computer Engineering,Pune,2023,85,60,39,21,70.86,60.7,74.0,43
COL0441,BE Computer Engineering,Pune,2024,92,70,43,27,72.15,58.4,67.5,42
COL0442,B.Arch,Nagpur,2021,88,30,25,5,87.09,90.0,100.0,26
COL0442,B.Arch,Nagpur,2022,94,30,26,4,85.18,90.3,100.0,24
COL0442,B.Arch,Nagpur,2023,87,30,24,6,87.64,98.0,100.0,25
COL0442,B.Arch,Nagpur,2024,91,30,25,5,89.19,96.6,100.0,25
COL0443,BSc Computer Science,Mumbai Suburban,2021,861,200,191,9,73.86,89.6,100.0,201
COL0443,BSc Computer Science,Mumbai Suburban,2022,945,210,201,9,70.15,98.0,100.0,187
COL0443,BSc Computer Science,Mumbai Suburban,2023,881,190,187,3,70.2,96.1,100.0,219
COL0443,BSc Computer Science,Mumbai Suburban,2024,1050,220,219,1,74.02,96.7,100.0,189
COL0444,B.Tech Agricultural Engineering,Kolhapur,2021,143,50,40,10,73.12,90.2,100.0,43
COL0444,B.Tech Agricultural Engineering,Kolhapur,2022,158,50,43,7,72.05,96.7,100.0,42
COL0444,B.Tech Agricultural Engineering,Kolhapur,2023,154,50,42,8,71.8,90.5,100.0,42
COL0444,B.Tech Agricultural Engineering,Kolhapur,2024,156,50,42,8,74.86,95.8,100.0,45
COL0445,BE Electrical Engineering,Nashik,2021,163,60,46,14,90.69,98.0,100.0,47
COL0445,BE Electrical Engineering,Nashik,2022,172,60,47,13,90.77,91.0,100.0,55
COL0445,BE Electrical Engineering,Nashik,2023,199,70,55,15,94.37,96.2,100.0,56
COL0445,BE Electrical Engineering,Nashik,2024,208,70,56,14,94.55,98.0,100.0,58
COL0446,BBA,Nagpur,2021,76,50,35,15,58.53,69.0,79.9,32
COL0446,BBA,Nagpur,2022,75,50,32,18,59.49,69.2,87.2,32
COL0446,BBA,Nagpur,2023,73,50,32,18,61.2,65.6,84.3,33
COL0446,BBA,Nagpur,2024,79,50,33,17,59.49,71.1,82.7,45
COL0447,BE Electrical Engineering,Yavatmal,2021,228,100,74,26,87.33,91.4,100.0,82
COL0447,BE Electrical Engineering,Yavatmal,2022,268,100,82,18,85.73,89.2,100.0,79
COL0447,BE Electrical Engineering,Yavatmal,2023,268,100,79,21,87.01,88.3,100.0,79
COL0447,BE Electrical Engineering,Yavatmal,2024,275,100,79,21,88.05,92.4,100.0,74
COL0448,MBBS,Beed,2021,242,80,68,12,97.18,90.3,100.0,66
COL0448,MBBS,Beed,2022,234,80,66,14,99.95,94.0,100.0,74
COL0448,MBBS,Beed,2023,265,90,74,16,99.27,96.0,100.0,65
COL0448,MBBS,Beed,2024,231,80,65,15,98.91,97.4,100.0,76
COL0449,BCom,Sangli,2021,1424,410,356,54,68.29,93.6,100.0,331
COL0449,BCom,Sangli,2022,1314,400,331,69,66.24,89.1,100.0,340
COL0449,BCom,Sangli,2023,1366,390,340,50,66.24,86.4,100.0,383
COL0449,BCom,Sangli,2024,1550,410,383,27,68.51,92.7,100.0,439
COL0450,BSc Computer Science,Mumbai Suburban,2021,103,80,54,26,46.1,64.4,81.0,48
COL0450,BSc Computer Science,Mumbai Suburban,2022,101,80,48,32,46.02,60.7,77.2,53
COL0450,BSc Computer Science,Mumbai Suburban,2023,117,80,53,27,47.02,61.8,80.2,54
COL0450,BSc Computer Science,Mumbai Suburban,2024,121,80,54,26,47.62,62.3,70.7,63
COL0451,BE Computer Engineering,Hingoli,2021,62,80,45,35,57.81,55.5,73.2,48
COL0451,BE Computer Engineering,Hingoli,2022,70,80,48,32,62.73,63.2,76.9,45
COL0451,BE Computer Engineering,Hingoli,2023,70,80,45,35,60.54,64.9,73.6,52
COL0451,BE Computer Engineering,Hingoli,2024,89,80,52,28,62.5,62.3,72.4,50
COL0452,BCom,Thane,2021,619,280,210,70,54.0,78.1,92.5,221
COL0452,BCom,Thane,2022,622,280,221,59,52.53,74.7,87.3,212
COL0452,BCom,Thane,2023,612,270,212,58,55.11,78.4,92.1,211
COL0452,BCom,Thane,2024,610,280,211,69,53.33,71.6,82.9,207
COL0453,BA LLB,Hingoli,2021,277,100,79,21,82.41,84.2,100.0,82
COL0453,BA LLB,Hingoli,2022,281,100,82,18,81.93,87.5,100.0,84
COL0453,BA LLB,Hingoli,2023,301,100,84,16,81.02,86.5,100.0,87
COL0453,BA LLB,Hingoli,2024,324,100,87,13,83.21,91.2,100.0,81
COL0454,BA English,Mumbai Suburban,2021,253,100,76,24,52.85,81.4,90.8,78
COL0454,BA English,Mumbai Suburban,2022,254,100,78,22,52.43,84.4,100.0,74
COL0454,BA English,Mumbai Suburban,2023,246,90,74,16,53.47,79.2,88.2,74
COL0454,BA English,Mumbai Suburban,2024,261,90,74,16,52.43,81.3,100.0,72
COL0455,BCom,Beed,2021,287,110,87,23,59.36,79.4,93.8,90
COL0455,BCom,Beed,2022,306,110,90,20,62.34,74.7,84.0,96
COL0455,BCom,Beed,2023,320,120,96,24,61.97,73.2,90.8,104
COL0455,BCom,Beed,2024,377,120,104,16,60.52,75.7,87.4,96
COL0456,BBA,Pune,2021,256,80,66,14,87.32,85.8,100.0,65
COL0456,BBA,Pune,2022,251,80,65,15,89.52,91.3,100.0,70
COL0456,BBA,Pune,2023,269,80,70,10,87.09,85.9,100.0,63
COL0456,BBA,Pune,2024,252,70,63,7,88.79,89.2,100.0,74
COL0457,BSc,Nashik,2021,1450,410,354,56,66.94,89.4,100.0,385
COL0457,BSc,Nashik,2022,1691,430,385,45,70.01,90.2,100.0,414
COL0457,BSc,Nashik,2023,1834,430,414,16,68.33,95.0,100.0,366
COL0457,BSc,Nashik,2024,1581,400,366,34,67.27,98.0,100.0,428
COL0458,BE Civil Engineering,Thane,2021,156,90,61,29,78.16,78.4,98.1,62
COL0458,BE Civil Engineering,Thane,2022,165,90,62,28,79.91,66.9,80.6,69
COL0458,BE Civil Engineering,Thane,2023,177,90,69,21,77.7,79.7,90.7,76
COL0458,BE Civil Engineering,Thane,2024,208,100,76,24,78.97,67.3,81.1,74
COL0459,BA,Pune,2021,1241,360,311,49,66.4,86.0,100.0,326
COL0459,BA,Pune,2022,1320,360,326,34,70.14,92.0,100.0,344
COL0459,BA,Pune,2023,1351,370,344,26,66.28,89.3,100.0,324
COL0459,BA,Pune,2024,1361,380,324,56,71.24,88.6,100.0,270
COL0460,BE Mechanical Engineering,Nanded,2021,132,60,44,16,83.88,82.1,99.4,46
COL0460,BE Mechanical Engineering,Nanded,2022,129,60,46,14,81.8,78.2,95.9,50
COL0460,BE Mechanical Engineering,Nanded,2023,149,70,50,20,82.51,81.8,96.2,51
COL0460,BE Mechanical Engineering,Nanded,2024,160,70,51,19,85.38,84.8,94.8,38
COL0461,Diploma in Civil Engineering,Ahmednagar,2021,116,50,39,11,64.06,69.9,86.1,36
COL0461,Diploma in Civil Engineering,Ahmednagar,2022,103,50,36,14,65.2,71.0,84.4,40
COL0461,Diploma in Civil Engineering,Ahmednagar,2023,116,50,40,10,63.57,71.1,80.1,45
COL0461,Diploma in Civil Engineering,Ahmednagar,2024,145,60,45,15,64.51,63.5,77.7,39
COL0462,BA,Sindhudurg,2021,286,200,132,68,42.92,66.8,76.6,139
COL0462,BA,Sindhudurg,2022,285,200,139,61,40.4,60.0,67.9,142
COL0462,BA,Sindhudurg,2023,285,210,142,68,41.79,63.8,78.4,152
COL0462,BA,Sindhudurg,2024,345,220,152,68,44.97,60.3,74.4,107
COL0463,Diploma in Computer Engineering,Latur,2021,350,100,83,17,75.85,93.3,100.0,90
COL0463,Diploma in Computer Engineering,Latur,2022,363,100,90,10,79.21,88.0,100.0,95
COL0463,Diploma in Computer Engineering,Latur,2023,401,100,95,5,80.19,90.0,100.0,100
COL0463,Diploma in Computer Engineering,Latur,2024,433,110,100,10,77.12,91.5,100.0,103
COL0464,Diploma in Civil Engineering,Akola,2021,181,50,45,5,80.14,83.3,96.3,47
COL0464,Diploma in Civil Engineering,Akola,2022,204,50,47,3,75.88,84.6,100.0,47
COL0464,Diploma in Civil Engineering,Akola,2023,209,50,47,3,77.88,89.3,100.0,46
COL0464,Diploma in Civil Engineering,Akola,2024,205,50,46,4,79.59,84.8,100.0,48
COL0465,BA,Pune,2021,1341,410,345,65,66.07,85.4,100.0,369
COL0465,BA,Pune,2022,1451,410,369,41,67.95,89.5,100.0,400
COL0465,BA,Pune,2023,1598,460,400,60,68.8,86.7,100.0,323
COL0465,BA,Pune,2024,1352,370,323,47,69.26,87.9,100.0,333
COL0466,B.Pharm,Mumbai Suburban,2021,58,50,30,20,52.11,75.5,84.4,29
COL0466,B.Pharm,Mumbai Suburban,2022,53,50,29,21,52.93,82.6,96.9,40
COL0466,B.Pharm,Mumbai Suburban,2023,78,60,40,20,56.24,81.9,98.5,31
COL0466,B.Pharm,Mumbai Suburban,2024,59,50,31,19,55.8,77.2,89.1,40
COL0467,BE Mechanical Engineering,Solapur,2021,340,100,84,16,99.95,91.1,100.0,85
COL0467,BE Mechanical Engineering,Solapur,2022,368,100,85,15,99.95,98.0,100.0,79
COL0467,BE Mechanical Engineering,Solapur,2023,346,90,79,11,98.78,98.0,100.0,103
COL0467,BE Mechanical Engineering,Solapur,2024,452,110,103,7,99.95,98.0,100.0,112
COL0468,BA,Mumbai City,2021,688,280,224,56,58.51,78.1,94.9,202
COL0468,BA,Mumbai City,2022,649,270,202,68,56.69,77.8,91.7,211
COL0468,BA,Mumbai City,2023,712,270,211,59,57.09,73.4,86.1,244
COL0468,BA,Mumbai City,2024,831,300,244,56,60.86,73.7,86.3,228
COL0469,Diploma in Computer Engineering,Nashik,2021,227,100,75,25,66.91,82.3,94.7,81
COL0469,Diploma in Computer Engineering,Nashik,2022,253,100,81,19,67.62,82.4,96.0,89
COL0469,Diploma in Computer Engineering,Nashik,2023,294,110,89,21,65.17,77.4,92.5,92
COL0469,Diploma in Computer Engineering,Nashik,2024,295,110,92,18,65.81,81.5,97.5,83
COL0470,BCom,Solapur,2021,354,140,106,34,56.01,78.5,98.9,118
COL0470,BCom,Solapur,2022,399,140,118,22,59.38,72.3,86.8,126
COL0470,BCom,Solapur,2023,408,150,126,24,58.13,70.8,79.5,135
COL0470,BCom,Solapur,2024,456,160,135,25,60.99,78.8,94.6,122
COL0471,BSc Computer Science,Raigad,2021,116,80,52,28,49.9,72.8,89.5,55
COL0471,BSc Computer Science,Raigad,2022,122,80,55,25,47.75,73.4,92.5,53
COL0471,BSc Computer Science,Raigad,2023,125,80,53,27,51.22,77.2,95.1,54
COL0471,BSc Computer Science,Raigad,2024,127,80,54,26,48.11,65.7,75.2,49
COL0472,BSc,Mumbai City,2021,459,160,134,26,59.32,87.4,100.0,126
COL0472,BSc,Mumbai City,2022,429,160,126,34,62.33,90.0,100.0,130
COL0472,BSc,Mumbai City,2023,462,150,130,20,62.48,89.8,100.0,125
COL0472,BSc,Mumbai City,2024,443,150,125,25,64.79,85.8,100.0,149
COL0473,BBA,Chandrapur,2021,293,80,71,9,90.49,84.7,98.8,72
COL0473,BBA,Chandrapur,2022,306,80,72,8,92.35,80.9,98.8,78
COL0473,BBA,Chandrapur,2023,348,80,78,2,89.31,86.9,98.4,83
COL0473,BBA,Chandrapur,2024,364,90,83,7,91.36,90.0,99.7,89
COL0474,BCom,Gadchiroli,2021,1188,310,283,27,68.5,94.4,100.0,295
COL0474,BCom,Gadchiroli,2022,1295,320,295,25,71.33,98.0,100.0,315
COL0474,BCom,Gadchiroli,2023,1338,350,315,35,71.87,97.0,100.0,300
COL0474,BCom,Gadchiroli,2024,1366,320,300,20,71.1,91.4,100.0,258
COL0475,BCom,Dharashiv,2021,284,110,89,21,57.74,79.1,88.4,93
COL0475,BCom,Dharashiv,2022,310,110,93,17,59.91,85.3,99.7,88
COL0475,BCom,Dharashiv,2023,294,110,88,22,61.64,78.8,92.6,89
COL0475,BCom,Dharashiv,2024,325,110,89,21,59.68,79.6,93.7,93
COL0476,BA,Nagpur,2021,244,100,75,25,57.53,72.6,87.7,78
COL0476,BA,Nagpur,2022,262,100,78,22,59.12,74.4,91.3,70
COL0476,BA,Nagpur,2023,219,90,70,20,57.88,78.8,97.3,86
COL0476,BA,Nagpur,2024,289,110,86,24,57.33,77.2,91.5,92
COL0477,Diploma in Civil Engineering,Nagpur,2021,180,50,45,5,79.59,86.8,100.0,45
COL0477,Diploma in Civil Engineering,Nagpur,2022,183,50,45,5,77.64,87.8,100.0,44
COL0477,Diploma in Civil Engineering,Nagpur,2023,176,50,44,6,80.49,90.9,100.0,57
COL0477,Diploma in Civil Engineering,Nagpur,2024,230,60,57,3,78.0,89.6,100.0,45
COL0478,MBA,Sangli,2021,110,50,38,12,70.81,74.6,94.3,38
COL0478,MBA,Sangli,2022,112,50,38,12,69.38,67.0,76.5,40
COL0478,MBA,Sangli,2023,122,50,40,10,72.31,71.2,85.3,47
COL0478,MBA,Sangli,2024,147,60,47,13,73.76,77.2,89.2,44
COL0479,BSc,Gondia,2021,350,200,134,66,51.09,64.6,73.5,149
COL0479,BSc,Gondia,2022,385,200,149,51,51.1,73.2,92.0,153
COL0479,BSc,Gondia,2023,408,200,153,47,52.47,69.6,83.3,137
COL0479,BSc,Gondia,2024,391,190,137,53,49.67,69.5,85.8,150
COL0480,BE Electrical Engineering,Pune,2021,737,200,185,15,99.95,89.9,100.0,187
COL0480,BE Electrical Engineering,Pune,2022,776,200,187,13,99.95,93.3,100.0,175
COL0480,BE Electrical Engineering,Pune,2023,765,200,175,25,99.95,87.4,100.0,184
COL0480,BE Electrical Engineering,Pune,2024,793,200,184,16,99.95,96.1,100.0,181
COL0481,Diploma in Computer Engineering,Satara,2021,142,50,40,10,74.2,87.8,97.3,41
COL0481,Diploma in Computer Engineering,Satara,2022,145,50,41,9,73.83,88.0,100.0,41
COL0481,Diploma in Computer Engineering,Satara,2023,153,50,41,9,75.3,88.4,100.0,50
COL0481,Diploma in Computer Engineering,Satara,2024,183,60,50,10,73.12,89.1,100.0,36
COL0482,BBA,Mumbai City,2021,63,50,30,20,54.63,54.1,72.3,30
COL0482,BBA,Mumbai City,2022,58,50,30,20,55.59,58.2,69.7,33
COL0482,BBA,Mumbai City,2023,67,50,33,17,55.64,63.3,78.9,32
COL0482,BBA,Mumbai City,2024,71,50,32,18,55.5,57.1,70.2,34
COL0483,BSc Physics,Ahmednagar,2021,518,170,140,30,65.84,92.3,100.0,149
COL0483,BSc Physics,Ahmednagar,2022,562,180,149,31,69.52,93.1,100.0,145
COL0483,BSc Physics,Ahmednagar,2023,533,170,145,25,68.6,89.7,100.0,143
COL0483,BSc Physics,Ahmednagar,2024,550,170,143,27,67.45,89.0,99.7,152
COL0484,BA,Mumbai City,2021,501,150,133,17,68.17,94.3,100.0,125
COL0484,BA,Mumbai City,2022,502,150,125,25,66.52,90.8,100.0,134
COL0484,BA,Mumbai City,2023,530,150,134,16,66.13,91.4,100.0,135
COL0484,BA,Mumbai City,2024,547,150,135,15,68.77,94.1,100.0,122
COL0485,BA English,Mumbai Suburban,2021,179,200,121,79,34.47,51.7,62.0,124
COL0485,BA English,Mumbai Suburban,2022,204,210,124,86,30.36,55.8,64.7,128
COL0485,BA English,Mumbai Suburban,2023,192,210,128,82,33.0,58.1,73.6,122
COL0485,BA English,Mumbai Suburban,2024,190,190,122,68,31.77,60.3,73.2,134
COL0486,BE Electrical Engineering,Buldhana,2021,111,80,49,31,68.96,72.5,91.2,52
COL0486,BE Electrical Engineering,Buldhana,2022,113,80,52,28,69.98,62.6,72.5,59
COL0486,BE Electrical Engineering,Buldhana,2023,126,90,59,31,73.04,69.6,86.4,55
COL0486,BE Electrical Engineering,Buldhana,2024,132,80,55,25,71.04,71.9,90.6,62
COL0487,BE Computer Engineering,Bhandara,2021,156,60,49,11,87.9,84.2,96.3,47
COL0487,BE Computer Engineering,Bhandara,2022,159,60,47,13,88.45,78.9,88.4,50
COL0487,BE Computer Engineering,Bhandara,2023,174,60,50,10,87.75,88.0,100.0,51
COL0487,BE Computer Engineering,Bhandara,2024,176,60,51,9,90.28,81.6,98.1,52
COL0488,BSc Computer Science,Chhatrapati Sambhajinagar,2021,346,100,88,12,72.17,96.6,100.0,91
COL0488,BSc Computer Science,Chhatrapati Sambhajinagar,2022,361,100,91,9,69.98,97.2,100.0,98
COL0488,BSc Computer Science,Chhatrapati Sambhajinagar,2023,411,110,98,12,72.12,94.8,100.0,95
COL0488,BSc Computer Science,Chhatrapati Sambhajinagar,2024,387,110,95,15,71.97,98.0,100.0,111
COL0489,BSc,Mumbai City,2021,1592,550,455,95,64.29,82.7,96.8,482
COL0489,BSc,Mumbai City,2022,1753,550,482,68,65.19,83.5,96.1,500
COL0489,BSc,Mumbai City,2023,1840,610,500,110,64.06,78.4,92.6,405
COL0489,BSc,Mumbai City,2024,1581,500,405,95,62.08,84.9,100.0,511
COL0490,Diploma in Civil Engineering,Pune,2021,313,80,75,5,79.87,91.4,100.0,70
COL0490,Diploma in Civil Engineering,Pune,2022,302,80,70,10,77.86,91.1,100.0,74
COL0490,Diploma in Civil Engineering,Pune,2023,322,80,74,6,78.62,95.9,100.0,71
COL0490,Diploma in Civil Engineering,Pune,2024,311,80,71,9,79.85,98.0,100.0,70
COL0491,MBA,Kolhapur,2021,72,50,33,17,60.99,66.4,80.5,36
COL0491,MBA,Kolhapur,2022,81,50,36,14,57.98,66.7,81.4,34
COL0491,MBA,Kolhapur,2023,82,50,34,16,59.92,72.3,81.3,41
COL0491,MBA,Kolhapur,2024,98,60,41,19,62.25,68.8,86.7,33
COL0492,BA English,Mumbai City,2021,205,100,74,26,48.93,72.7,86.0,77
COL0492,BA English,Mumbai City,2022,219,100,77,23,50.76,71.3,81.1,84
COL0492,BA English,Mumbai City,2023,263,110,84,26,47.95,77.7,97.8,81
COL0492,BA English,Mumbai City,2024,251,110,81,29,49.01,76.3,86.6,98
COL0493,BCom,Solapur,2021,628,200,172,28,65.72,73.7,83.0,174
COL0493,BCom,Solapur,2022,667,210,174,36,63.44,83.0,99.5,189
COL0493,BCom,Solapur,2023,723,220,189,31,68.44,80.8,92.4,210
COL0493,BCom,Solapur,2024,860,230,210,20,64.03,86.8,99.4,214
COL0494,B.Ed,Nagpur,2021,76,40,29,11,62.67,74.2,92.9,30
COL0494,B.Ed,Nagpur,2022,84,40,30,10,64.15,68.7,83.3,29
COL0494,B.Ed,Nagpur,2023,81,40,29,11,64.18,73.6,90.0,39
COL0494,B.Ed,Nagpur,2024,117,50,39,11,65.0,72.1,89.8,30
COL0495,BE Electrical Engineering,Washim,2021,440,170,135,35,86.02,91.7,100.0,140
COL0495,BE Electrical Engineering,Washim,2022,441,170,140,30,88.73,88.0,97.9,149
COL0495,BE Electrical Engineering,Washim,2023,474,190,149,41,86.72,88.0,100.0,138
COL0495,BE Electrical Engineering,Washim,2024,460,170,138,32,86.26,83.2,100.0,160
COL0496,BCom,Latur,2021,784,310,240,70,56.55,81.6,92.4,255
COL0496,BCom,Latur,2022,847,320,255,65,59.68,83.6,99.7,245
COL0496,BCom,Latur,2023,793,300,245,55,60.33,75.6,92.9,239
COL0496,BCom,Latur,2024,795,300,239,61,57.63,82.1,92.4,305
COL0497,BE Electronics & Telecommunication,Wardha,2021,155,100,63,37,72.84,74.2,86.1,70
COL0497,BE Electronics & Telecommunication,Wardha,2022,167,100,70,30,75.99,68.6,87.7,82
COL0497,BE Electronics & Telecommunication,Wardha,2023,197,110,82,28,76.41,74.0,88.2,67
COL0497,BE Electronics & Telecommunication,Wardha,2024,175,90,67,23,74.29,83.3,97.8,67
COL0498,BCom,Kolhapur,2021,1591,410,360,50,67.23,90.8,100.0,385
COL0498,BCom,Kolhapur,2022,1686,420,385,35,66.49,83.8,96.0,410
COL0498,BCom,Kolhapur,2023,1870,430,410,20,66.96,92.4,100.0,344
COL0498,BCom,Kolhapur,2024,1579,370,344,26,68.05,86.8,100.0,408
COL0499,BE Civil Engineering,Nandurbar,2021,183,70,56,14,87.18,79.7,88.8,56
COL0499,BE Civil Engineering,Nandurbar,2022,188,70,56,14,87.59,77.2,88.6,64
COL0499,BE Civil Engineering,Nandurbar,2023,214,80,64,16,90.26,78.6,97.8,57
COL0499,BE Civil Engineering,Nandurbar,2024,202,70,57,13,88.63,85.5,99.6,59
COL0500,BE Electronics & Telecommunication,Dhule,2021,240,80,66,14,91.63,85.7,100.0,67
COL0500,BE Electronics & Telecommunication,Dhule,2022,248,80,67,13,92.65,93.3,100.0,64
COL0500,BE Electronics & Telecommunication,Dhule,2023,244,80,64,16,93.86,85.5,100.0,75
COL0500,BE Electronics & Telecommunication,Dhule,2024,272,90,75,15,97.13,94.0,100.0,81
COL0501,BSc,Raigad,2021,254,110,81,29,55.18,75.8,86.1,82
COL0501,BSc,Raigad,2022,252,110,82,28,59.02,84.7,95.3,97
COL0501,BSc,Raigad,2023,311,120,97,23,59.21,80.8,100.0,92
COL0501,BSc,Raigad,2024,317,120,92,28,56.39,91.4,100.0,89
COL0502,B.Sc Nursing,Nagpur,2021,56,50,31,19,46.94,55.2,64.0,29
COL0502,B.Sc Nursing,Nagpur,2022,55,50,29,21,48.54,59.8,74.9,29
COL0502,B.Sc Nursing,Nagpur,2023,56,50,29,21,48.52,63.9,73.8,37
COL0502,B.Sc Nursing,Nagpur,2024,69,60,37,23,50.61,59.5,70.0,33
COL0503,BA,Ahmednagar,2021,922,350,287,63,55.94,77.4,94.3,256
COL0503,BA,Ahmednagar,2022,819,340,256,84,60.34,78.8,87.7,260
COL0503,BA,Ahmednagar,2023,817,320,260,60,59.7,78.4,88.5,263
COL0503,BA,Ahmednagar,2024,911,340,263,77,59.52,79.0,89.0,337
COL0504,MBBS,Nashik,2021,237,130,89,41,97.47,72.9,92.3,97
COL0504,MBBS,Nashik,2022,248,130,97,33,97.19,78.5,95.2,92
COL0504,MBBS,Nashik,2023,251,130,92,38,95.77,72.5,89.9,114
COL0504,MBBS,Nashik,2024,307,150,114,36,96.03,72.9,92.0,85
COL0505,BE Mechanical Engineering,Kolhapur,2021,145,100,63,37,74.41,66.2,75.8,69
COL0505,BE Mechanical Engineering,Kolhapur,2022,177,100,69,31,77.07,74.1,86.4,78
COL0505,BE Mechanical Engineering,Kolhapur,2023,187,110,78,32,74.96,71.7,83.0,69
COL0505,BE Mechanical Engineering,Kolhapur,2024,177,100,69,31,75.12,71.4,79.6,80
COL0506,BE Electrical Engineering,Chhatrapati Sambhajinagar,2021,312,100,87,13,95.33,85.0,100.0,82
COL0506,BE Electrical Engineering,Chhatrapati Sambhajinagar,2022,297,100,82,18,96.06,84.1,94.0,77
COL0506,BE Electrical Engineering,Chhatrapati Sambhajinagar,2023,274,90,77,13,92.49,84.7,95.0,92
COL0506,BE Electrical Engineering,Chhatrapati Sambhajinagar,2024,348,110,92,18,93.61,91.1,100.0,92
COL0507,BCom,Solapur,2021,459,150,120,30,69.25,95.6,100.0,126
COL0507,BCom,Solapur,2022,470,150,126,24,68.96,91.7,100.0,142
COL0507,BCom,Solapur,2023,565,160,142,18,68.0,98.0,100.0,125
COL0507,BCom,Solapur,2024,505,140,125,15,68.43,94.1,100.0,143
COL0508,BCom,Dhule,2021,395,130,108,22,65.41,84.4,97.1,111
COL0508,BCom,Dhule,2022,410,130,111,19,64.46,82.9,100.0,106
COL0508,BCom,Dhule,2023,400,120,106,14,64.44,81.5,91.3,121
COL0508,BCom,Dhule,2024,442,140,121,19,68.64,92.5,100.0,113
COL0509,BE Electronics & Telecommunication,Chhatrapati Sambhajinagar,2021,171,120,80,40,69.86,70.0,86.4,77
COL0509,BE Electronics & Telecommunication,Chhatrapati Sambhajinagar,2022,151,120,77,43,69.53,75.7,84.9,81
COL0509,BE Electronics & Telecommunication,Chhatrapati Sambhajinagar,2023,167,120,81,39,72.01,74.6,93.9,87
COL0509,BE Electronics & Telecommunication,Chhatrapati Sambhajinagar,2024,188,140,87,53,70.29,71.7,91.3,72
COL0510,Diploma in Electrical Engineering,Solapur,2021,132,50,40,10,69.28,88.8,100.0,40
COL0510,Diploma in Electrical Engineering,Solapur,2022,145,50,40,10,72.41,94.7,100.0,41
COL0510,Diploma in Electrical Engineering,Solapur,2023,152,50,41,9,70.61,88.4,100.0,42
COL0510,Diploma in Electrical Engineering,Solapur,2024,157,50,42,8,71.3,84.9,98.4,52
COL0511,BSc Physics,Sangli,2021,359,150,111,39,62.74,86.8,100.0,112
COL0511,BSc Physics,Sangli,2022,371,150,112,38,59.77,86.4,100.0,114
COL0511,BSc Physics,Sangli,2023,376,150,114,36,62.02,93.2,100.0,115
COL0511,BSc Physics,Sangli,2024,388,150,115,35,64.88,88.8,100.0,136
COL0512,BE Electronics & Telecommunication,Amravati,2021,444,180,135,45,91.16,84.3,96.1,136
COL0512,BE Electronics & Telecommunication,Amravati,2022,443,180,136,44,90.0,84.8,94.7,156
COL0512,BE Electronics & Telecommunication,Amravati,2023,522,190,156,34,91.58,86.6,100.0,165
COL0512,BE Electronics & Telecommunication,Amravati,2024,603,190,165,25,89.19,87.8,99.3,176
COL0513,BCom,Mumbai Suburban,2021,784,210,187,23,67.79,89.0,100.0,179
COL0513,BCom,Mumbai Suburban,2022,745,210,179,31,68.79,88.7,100.0,200
COL0513,BCom,Mumbai Suburban,2023,818,220,200,20,69.04,85.0,98.4,184
COL0513,BCom,Mumbai Suburban,2024,794,200,184,16,67.11,92.0,100.0,251
COL0514,D.Pharm,Amravati,2021,76,50,33,17,64.41,72.5,92.2,32
COL0514,D.Pharm,Amravati,2022,75,50,32,18,64.76,73.6,82.3,34
COL0514,D.Pharm,Amravati,2023,85,50,34,16,62.98,79.6,92.8,41
COL0514,D.Pharm,Amravati,2024,97,60,41,19,61.92,84.3,93.2,30
COL0515,D.Pharm,Nagpur,2021,49,50,28,22,54.51,56.8,66.2,30
COL0515,D.Pharm,Nagpur,2022,58,50,30,20,55.79,64.5,73.3,30
COL0515,D.Pharm,Nagpur,2023,51,50,30,20,54.51,62.1,75.0,39
COL0515,D.Pharm,Nagpur,2024,75,60,39,21,56.22,62.5,75.5,36
COL0516,LLB,Pune,2021,213,80,61,19,76.81,81.5,99.7,68
COL0516,LLB,Pune,2022,231,80,68,12,80.15,83.6,97.8,75
COL0516,LLB,Pune,2023,263,90,75,15,78.5,87.1,100.0,74
COL0516,LLB,Pune,2024,270,90,74,16,81.4,80.2,99.3,64
COL0517,B.Pharm,Sindhudurg,2021,88,50,33,17,63.97,70.8,85.4,37
COL0517,B.Pharm,Sindhudurg,2022,95,50,37,13,68.23,70.8,87.3,37
COL0517,B.Pharm,Sindhudurg,2023,100,50,37,13,66.58,78.9,91.9,29
COL0517,B.Pharm,Sindhudurg,2024,82,40,29,11,67.89,83.0,100.0,43
COL0518,B.Pharm,Mumbai City,2021,139,50,42,8,75.71,93.2,100.0,41
COL0518,B.Pharm,Mumbai City,2022,147,50,41,9,79.74,92.4,100.0,43
COL0518,B.Pharm,Mumbai City,2023,153,50,43,7,78.28,90.4,100.0,43
COL0518,B.Pharm,Mumbai City,2024,156,50,43,7,78.95,95.1,100.0,43
COL0519,BSc Computer Science,Mumbai Suburban,2021,761,200,185,15,73.84,98.0,100.0,184
COL0519,BSc Computer Science,Mumbai Suburban,2022,812,210,184,26,73.91,98.0,100.0,191
COL0519,BSc Computer Science,Mumbai Suburban,2023,840,210,191,19,70.2,98.0,100.0,226
COL0519,BSc Computer Science,Mumbai Suburban,2024,1008,230,226,4,73.41,92.3,100.0,186
COL0520,BCom,Gondia,2021,689,280,224,56,58.2,77.2,89.7,213
COL0520,BCom,Gondia,2022,677,280,213,67,58.81,84.4,100.0,243
COL0520,BCom,Gondia,2023,774,290,243,47,59.73,75.0,84.3,225
COL0520,BCom,Gondia,2024,734,280,225,55,59.73,88.1,100.0,227
COL0521,BSc,Akola,2021,389,130,107,23,65.39,86.4,96.1,110
COL0521,BSc,Akola,2022,392,140,110,30,65.7,84.0,94.9,105
COL0521,BSc,Akola,2023,386,130,105,25,64.18,80.6,96.9,113
COL0521,BSc,Akola,2024,411,130,113,17,66.09,81.9,94.8,107
COL0522,BA History,Amravati,2021,355,150,110,40,53.96,88.5,100.0,117
COL0522,BA History,Amravati,2022,374,150,117,33,51.0,85.7,98.3,109
COL0522,BA History,Amravati,2023,366,140,109,31,52.4,83.7,97.3,128
COL0522,BA History,Amravati,2024,410,160,128,32,54.38,84.4,100.0,100
COL0523,BCom,Pune,2021,564,200,165,35,63.73,81.1,97.7,150
COL0523,BCom,Pune,2022,513,190,150,40,66.39,88.0,100.0,189
COL0523,BCom,Pune,2023,678,220,189,31,66.77,85.2,100.0,152
COL0523,BCom,Pune,2024,544,190,152,38,62.71,86.7,100.0,182
COL0524,BA History,Nanded,2021,297,160,119,41,45.84,71.5,91.0,101
COL0524,BA History,Nanded,2022,257,150,101,49,47.73,73.8,93.1,120
COL0524,BA History,Nanded,2023,331,160,120,40,47.94,76.1,93.0,124
COL0524,BA History,Nanded,2024,324,160,124,36,44.28,75.3,94.3,107
COL0525,BCom,Latur,2021,685,250,206,44,58.88,82.7,95.7,188
COL0525,BCom,Latur,2022,595,250,188,62,61.66,76.4,86.7,217
COL0525,BCom,Latur,2023,706,280,217,63,62.39,79.6,100.0,206
COL0525,BCom,Latur,2024,697,260,206,54,60.69,82.5,100.0,213
COL0526,BA,Sangli,2021,837,310,257,53,57.76,85.3,100.0,257
COL0526,BA,Sangli,2022,887,320,257,63,58.42,79.8,90.2,235
COL0526,BA,Sangli,2023,792,300,235,65,59.47,77.3,96.5,263
COL0526,BA,Sangli,2024,929,320,263,57,62.31,78.4,94.0,278
COL0527,BCom,Nashik,2021,349,200,139,61,50.93,67.5,80.3,147
COL0527,BCom,Nashik,2022,404,200,147,53,51.69,72.4,80.6,141
COL0527,BCom,Nashik,2023,387,190,141,49,49.47,64.0,71.8,150
COL0527,BCom,Nashik,2024,409,210,150,60,48.52,62.3,81.3,135
COL0528,BE Computer Engineering,Washim,2021,351,170,118,52,81.94,83.7,100.0,135
COL0528,BE Computer Engineering,Washim,2022,405,170,135,35,83.92,77.1,90.8,141
COL0528,BE Computer Engineering,Washim,2023,440,180,141,39,83.46,84.7,94.6,124
COL0528,BE Computer Engineering,Washim,2024,373,150,124,26,85.31,76.3,96.7,153
COL0529,LLB,Sangli,2021,99,50,35,15,69.68,69.2,77.5,38
COL0529,LLB,Sangli,2022,117,50,38,12,73.81,75.8,94.9,37
COL0529,LLB,Sangli,2023,113,50,37,13,71.98,71.4,90.6,39
COL0529,LLB,Sangli,2024,116,50,39,11,70.79,70.1,83.6,47
COL0530,MBBS,Beed,2021,313,130,97,33,97.23,90.8,100.0,114
COL0530,MBBS,Beed,2022,375,140,114,26,99.93,92.6,100.0,115
COL0530,MBBS,Beed,2023,357,140,115,25,96.26,93.5,100.0,107
COL0530,MBBS,Beed,2024,360,130,107,23,96.19,97.7,100.0,110
COL0531,B.Sc Agriculture,Bhandara,2021,142,50,42,8,72.89,98.0,100.0,39
COL0531,B.Sc Agriculture,Bhandara,2022,136,50,39,11,74.66,90.0,100.0,43
COL0531,B.Sc Agriculture,Bhandara,2023,151,50,43,7,71.1,98.0,100.0,40
COL0531,B.Sc Agriculture,Bhandara,2024,151,50,40,10,72.11,98.0,100.0,53
COL0532,D.Ed,Amravati,2021,124,40,33,7,80.25,85.7,100.0,35
COL0532,D.Ed,Amravati,2022,136,40,35,5,78.37,92.9,100.0,35
COL0532,D.Ed,Amravati,2023,143,40,35,5,80.76,86.5,100.0,43
COL0532,D.Ed,Amravati,2024,179,50,43,7,80.42,89.3,100.0,35
COL0533,BE Mechanical Engineering,Latur,2021,230,200,118,82,65.51,77.1,96.7,129
COL0533,BE Mechanical Engineering,Latur,2022,229,200,129,71,64.54,71.0,90.5,127
COL0533,BE Mechanical Engineering,Latur,2023,234,210,127,83,65.55,70.3,84.0,157
COL0533,BE Mechanical Engineering,Latur,2024,305,230,157,73,67.4,73.2,87.2,147
COL0534,BA English,Mumbai Suburban,2021,391,210,150,60,46.56,68.8,84.7,140
COL0534,BA English,Mumbai Suburban,2022,356,200,140,60,48.14,63.6,77.7,154
COL0534,BA English,Mumbai Suburban,2023,433,220,154,66,47.79,70.7,89.5,153
COL0534,BA English,Mumbai Suburban,2024,436,220,153,67,45.93,61.1,79.7,172
COL0535,BSc,Kolhapur,2021,816,410,307,103,48.13,71.5,86.2,289
COL0535,BSc,Kolhapur,2022,773,400,289,111,51.6,68.0,87.2,299
COL0535,BSc,Kolhapur,2023,819,400,299,101,48.4,74.8,88.4,311
COL0535,BSc,Kolhapur,2024,886,450,311,139,52.25,70.5,88.8,288
COL0536,BBA,Pune,2021,156,50,43,7,88.58,78.9,97.3,40
COL0536,BBA,Pune,2022,153,50,40,10,86.56,85.6,100.0,46
COL0536,BBA,Pune,2023,176,50,46,4,87.55,83.9,100.0,42
COL0536,BBA,Pune,2024,167,50,42,8,88.95,87.6,100.0,43
COL0537,B.Pharm,Nagpur,2021,149,50,41,9,79.56,88.8,100.0,44
COL0537,B.Pharm,Nagpur,2022,164,50,44,6,81.02,91.5,100.0,48
COL0537,B.Pharm,Nagpur,2023,181,60,48,12,81.62,91.3,100.0,43
COL0537,B.Pharm,Nagpur,2024,164,50,43,7,80.23,91.4,100.0,50
COL0538,BA Economics,Jalna,2021,259,100,80,20,53.62,79.1,96.4,75
COL0538,BA Economics,Jalna,2022,238,100,75,25,52.19,75.5,92.4,75
COL0538,BA Economics,Jalna,2023,253,100,75,25,52.46,76.0,88.3,92
COL0538,BA Economics,Jalna,2024,307,110,92,18,54.04,79.7,89.4,76
COL0539,Diploma in Civil Engineering,Chhatrapati Sambhajinagar,2021,146,80,55,25,59.56,74.9,93.0,58
COL0539,Diploma in Civil Engineering,Chhatrapati Sambhajinagar,2022,150,80,58,22,57.35,70.6,86.6,67
COL0539,Diploma in Civil Engineering,Chhatrapati Sambhajinagar,2023,181,90,67,23,58.98,76.2,91.5,61
COL0539,Diploma in Civil Engineering,Chhatrapati Sambhajinagar,2024,172,80,61,19,58.77,72.3,86.2,67
COL0540,BSc,Raigad,2021,324,160,116,44,51.17,79.9,93.7,124
COL0540,BSc,Raigad,2022,360,170,124,46,53.24,81.8,92.5,123
COL0540,BSc,Raigad,2023,347,160,123,37,52.98,88.5,100.0,125
COL0540,BSc,Raigad,2024,378,160,125,35,55.19,77.7,87.7,132
COL0541,BSc,Mumbai Suburban,2021,237,110,80,30,51.76,73.8,92.0,86
COL0541,BSc,Mumbai Suburban,2022,264,110,86,24,54.44,74.5,88.7,79
COL0541,BSc,Mumbai Suburban,2023,228,110,79,31,55.93,77.2,92.2,79
COL0541,BSc,Mumbai Suburban,2024,242,110,79,31,52.93,71.1,81.4,105
COL0542,D.Pharm,Hingoli,2021,70,50,32,18,60.88,62.5,78.9,31
COL0542,D.Pharm,Hingoli,2022,64,50,31,19,60.67,65.3,79.9,35
COL0542,D.Pharm,Hingoli,2023,74,50,35,15,59.07,56.8,69.7,36
COL0542,D.Pharm,Hingoli,2024,86,50,36,14,57.96,71.2,85.7,39
COL0543,B.Pharm,Ratnagiri,2021,164,50,44,6,81.71,98.0,100.0,41
COL0543,B.Pharm,Ratnagiri,2022,162,50,41,9,82.08,94.4,100.0,44
COL0543,B.Pharm,Ratnagiri,2023,178,50,44,6,86.45,98.0,100.0,53
COL0543,B.Pharm,Ratnagiri,2024,215,60,53,7,82.05,92.7,100.0,55
COL0544,BA,Nanded,2021,352,130,102,28,60.37,81.9,98.2,110
COL0544,BA,Nanded,2022,406,140,110,30,63.35,80.0,94.1,112
COL0544,BA,Nanded,2023,406,130,112,18,64.87,81.7,93.2,104
COL0544,BA,Nanded,2024,385,120,104,16,63.4,83.0,100.0,125
COL0545,BCom,Raigad,2021,552,180,152,28,65.21,79.8,93.3,155
COL0545,BCom,Raigad,2022,568,180,155,25,65.3,79.1,91.7,150
COL0545,BCom,Raigad,2023,581,170,150,20,65.65,79.9,91.5,191
COL0545,BCom,Raigad,2024,705,210,191,19,62.9,82.2,98.1,193
COL0546,BCom,Nagpur,2021,344,120,100,20,66.07,79.6,89.3,95
COL0546,BCom,Nagpur,2022,340,120,95,25,67.41,86.0,100.0,105
COL0546,BCom,Nagpur,2023,384,130,105,25,66.04,85.7,100.0,89
COL0546,BCom,Nagpur,2024,332,110,89,21,67.36,85.7,100.0,109
COL0547,BCom,Thane,2021,1378,390,334,56,70.0,96.6,100.0,337
COL0547,BCom,Thane,2022,1420,390,337,53,69.91,94.9,100.0,340
COL0547,BCom,Thane,2023,1510,370,340,30,66.89,97.8,100.0,364
COL0547,BCom,Thane,2024,1669,410,364,46,71.1,98.0,100.0,380
COL0548,BA,Dhule,2021,572,220,179,41,57.11,76.1,88.1,187
COL0548,BA,Dhule,2022,633,230,187,43,59.93,73.5,91.0,178
COL0548,BA,Dhule,2023,583,210,178,32,61.1,74.0,94.0,179
COL0548,BA,Dhule,2024,621,210,179,31,57.14,69.0,85.2,170
COL0549,Diploma in Computer Engineering,Wardha,2021,258,80,67,13,75.86,85.9,100.0,70
COL0549,Diploma in Computer Engineering,Wardha,2022,266,80,70,10,79.26,91.7,100.0,78
COL0549,Diploma in Computer Engineering,Wardha,2023,318,90,78,12,76.73,94.3,100.0,59
COL0549,Diploma in Computer Engineering,Wardha,2024,241,70,59,11,75.58,88.2,99.5,72
COL0550,BE Mechanical Engineering,Pune,2021,283,100,78,22,91.85,79.8,100.0,84
COL0550,BE Mechanical Engineering,Pune,2022,300,100,84,16,91.35,80.7,95.1,74
COL0550,BE Mechanical Engineering,Pune,2023,260,90,74,16,91.86,88.4,100.0,96
COL0550,BE Mechanical Engineering,Pune,2024,359,120,96,24,92.61,93.4,100.0,96
COL0551,B.Pharm,Thane,2021,264,80,70,10,83.81,90.0,100.0,71
COL0551,B.Pharm,Thane,2022,292,80,71,9,83.13,89.0,100.0,68
COL0551,B.Pharm,Thane,2023,271,80,68,12,87.6,97.8,100.0,77
COL0551,B.Pharm,Thane,2024,326,90,77,13,86.66,95.4,100.0,69
COL0552,BSc,Kolhapur,2021,1960,550,475,75,66.57,96.0,100.0,535
COL0552,BSc,Kolhapur,2022,2288,580,535,45,66.12,92.6,100.0,532
COL0552,BSc,Kolhapur,2023,2365,560,532,28,68.47,95.2,100.0,530
COL0552,BSc,Kolhapur,2024,2355,550,530,20,71.26,94.4,100.0,499
COL0553,MBBS,Parbhani,2021,99,80,48,32,95.36,71.9,85.6,49
COL0553,MBBS,Parbhani,2022,91,80,49,31,94.61,75.9,92.8,60
COL0553,MBBS,Parbhani,2023,127,90,60,30,94.1,68.1,79.0,44
COL0553,MBBS,Parbhani,2024,88,70,44,26,93.16,64.6,82.8,67
COL0554,BA LLB,Ratnagiri,2021,119,100,62,38,58.9,59.1,76.5,67
COL0554,BA LLB,Ratnagiri,2022,140,100,67,33,59.02,52.5,70.3,70
COL0554,BA LLB,Ratnagiri,2023,148,100,70,30,56.24,49.9,60.0,68
COL0554,BA LLB,Ratnagiri,2024,149,100,68,32,59.02,55.2,63.6,79
COL0555,BSc,Satara,2021,1608,410,387,23,68.35,96.5,100.0,377
COL0555,BSc,Satara,2022,1606,410,377,33,67.81,96.3,100.0,394
COL0555,BSc,Satara,2023,1771,410,394,16,68.11,97.9,100.0,446
COL0555,BSc,Satara,2024,2040,470,446,24,67.46,98.0,100.0,397
COL0556,Diploma in Computer Engineering,Jalgaon,2021,151,100,70,30,54.83,60.0,71.9,66
COL0556,Diploma in Computer Engineering,Jalgaon,2022,164,100,66,34,54.85,67.8,82.4,65
COL0556,Diploma in Computer Engineering,Jalgaon,2023,149,100,65,35,55.97,69.9,78.8,67
COL0556,Diploma in Computer Engineering,Jalgaon,2024,169,90,67,23,56.3,66.0,77.5,63
COL0557,B.Arch,Mumbai Suburban,2021,58,30,21,9,78.46,84.2,100.0,23
COL0557,B.Arch,Mumbai Suburban,2022,65,30,23,7,79.47,82.9,93.9,23
COL0557,B.Arch,Mumbai Suburban,2023,70,30,23,7,79.74,83.6,94.6,33
COL0557,B.Arch,Mumbai Suburban,2024,99,40,33,7,78.13,79.5,99.4,24
COL0558,B.Sc Nursing,Wardha,2021,70,50,32,18,55.54,57.9,67.5,33
COL0558,B.Sc Nursing,Wardha,2022,76,50,33,17,54.46,62.1,76.9,36
COL0558,B.Sc Nursing,Wardha,2023,91,50,36,14,56.13,57.9,73.0,37
COL0558,B.Sc Nursing,Wardha,2024,90,50,37,13,55.62,58.4,72.1,35
COL0559,MBBS,Akola,2021,315,170,128,42,96.19,80.5,90.8,126
COL0559,MBBS,Akola,2022,313,170,126,44,96.01,71.0,79.4,115
COL0559,MBBS,Akola,2023,302,160,115,45,97.94,74.9,94.6,149
COL0559,MBBS,Akola,2024,386,200,149,51,97.63,70.5,88.9,136
COL0560,BCom,Thane,2021,671,410,268,142,50.4,73.5,90.4,319
COL0560,BCom,Thane,2022,852,430,319,111,51.84,75.2,88.1,318
COL0560,BCom,Thane,2023,880,450,318,132,50.78,73.9,85.9,251
COL0560,BCom,Thane,2024,663,360,251,109,52.77,74.2,87.4,321
COL0561,BCom,Ahmednagar,2021,213,120,81,39,53.77,68.3,78.2,95
COL0561,BCom,Ahmednagar,2022,271,130,95,35,56.1,77.1,95.0,90
COL0561,BCom,Ahmednagar,2023,243,130,90,40,55.33,71.5,81.1,102
COL0561,BCom,Ahmednagar,2024,285,130,102,28,52.4,69.2,77.3,88
COL0562,B.Sc Nursing,Yavatmal,2021,182,80,63,17,62.75,71.0,80.2,62
COL0562,B.Sc Nursing,Yavatmal,2022,188,80,62,18,63.53,68.4,79.9,66
COL0562,B.Sc Nursing,Yavatmal,2023,192,90,66,24,64.35,74.7,84.3,65
COL0562,B.Sc Nursing,Yavatmal,2024,194,80,65,15,63.39,72.9,93.1,65
COL0563,B.Tech Agricultural Engineering,Washim,2021,157,80,57,23,65.65,79.1,91.1,58
COL0563,B.Tech Agricultural Engineering,Washim,2022,177,80,58,22,64.93,87.4,100.0,68
COL0563,B.Tech Agricultural Engineering,Washim,2023,201,90,68,22,66.44,88.0,100.0,65
COL0563,B.Tech Agricultural Engineering,Washim,2024,199,80,65,15,65.55,90.4,100.0,75
COL0564,B.Arch,Washim,2021,72,30,22,8,83.22,86.3,100.0,22
COL0564,B.Arch,Washim,2022,70,30,22,8,80.37,88.3,100.0,25
COL0564,B.Arch,Washim,2023,85,30,25,5,81.32,83.9,98.5,23
COL0564,B.Arch,Washim,2024,74,30,23,7,80.45,75.5,96.2,35
COL0565,B.Ed,Thane,2021,62,40,26,14,58.12,56.5,66.0,27
COL0565,B.Ed,Thane,2022,65,40,27,13,57.97,60.7,71.0,28
COL0565,B.Ed,Thane,2023,66,40,28,12,54.98,55.0,62.8,27
COL0565,B.Ed,Thane,2024,64,40,27,13,54.68,59.9,68.4,26
COL0566,Diploma in Electrical Engineering,Chandrapur,2021,170,50,43,7,78.36,87.5,100.0,41
COL0566,Diploma in Electrical Engineering,Chandrapur,2022,168,50,41,9,76.12,80.4,90.6,43
COL0566,Diploma in Electrical Engineering,Chandrapur,2023,176,50,43,7,79.81,89.5,100.0,54
COL0566,Diploma in Electrical Engineering,Chandrapur,2024,228,60,54,6,78.21,92.3,100.0,48
COL0567,BBA,Pune,2021,104,50,35,15,70.54,75.7,94.7,36
COL0567,BBA,Pune,2022,105,50,36,14,73.2,85.1,96.2,40
COL0567,BBA,Pune,2023,121,50,40,10,70.11,80.7,100.0,48
COL0567,BBA,Pune,2024,142,60,48,12,71.49,81.7,94.7,39
COL0568,BA English,Jalgaon,2021,375,160,125,35,48.42,76.2,85.3,119
COL0568,BA English,Jalgaon,2022,344,160,119,41,50.0,64.2,77.3,120
COL0568,BA English,Jalgaon,2023,348,160,120,40,50.34,75.2,88.3,123
COL0568,BA English,Jalgaon,2024,363,150,123,27,50.63,67.1,79.1,122
COL0569,Diploma in Computer Engineering,Dharashiv,2021,100,80,49,31,48.71,62.5,77.7,50
COL0569,Diploma in Computer Engineering,Dharashiv,2022,100,80,50,30,47.83,61.4,71.5,62
COL0569,Diploma in Computer Engineering,Dharashiv,2023,128,90,62,28,47.47,67.5,75.5,46
COL0569,Diploma in Computer Engineering,Dharashiv,2024,98,70,46,24,47.88,69.7,83.1,51
COL0570,B.Pharm,Thane,2021,145,50,42,8,78.15,89.9,100.0,40
COL0570,B.Pharm,Thane,2022,151,50,40,10,80.47,85.2,97.2,51
COL0570,B.Pharm,Thane,2023,183,60,51,9,81.74,90.4,100.0,44
COL0570,B.Pharm,Thane,2024,164,50,44,6,82.88,86.7,98.8,54
COL0571,MBBS,Sangli,2021,318,170,124,46,97.98,71.2,83.1,122
COL0571,MBBS,Sangli,2022,322,170,122,48,97.24,74.9,93.0,137
COL0571,MBBS,Sangli,2023,393,180,137,43,95.24,77.9,96.9,145
COL0571,MBBS,Sangli,2024,386,190,145,45,97.42,78.3,91.7,138
COL0572,BCom,Sindhudurg,2021,299,230,148,82,45.34,52.5,68.3,149
COL0572,BCom,Sindhudurg,2022,313,230,149,81,43.63,55.0,72.6,158
COL0572,BCom,Sindhudurg,2023,339,240,158,82,44.01,53.3,71.0,169
COL0572,BCom,Sindhudurg,2024,382,250,169,81,47.41,58.4,77.3,161
COL0573,B.Sc Nursing,Kolhapur,2021,245,80,67,13,71.39,94.9,100.0,63
COL0573,B.Sc Nursing,Kolhapur,2022,236,80,63,17,68.8,89.0,100.0,69
COL0573,B.Sc Nursing,Kolhapur,2023,260,80,69,11,70.32,96.6,100.0,57
COL0573,B.Sc Nursing,Kolhapur,2024,209,70,57,13,73.0,93.2,100.0,68
COL0574,Diploma in Electrical Engineering,Nagpur,2021,254,80,69,11,74.97,76.5,91.4,64
COL0574,Diploma in Electrical Engineering,Nagpur,2022,238,80,64,16,74.19,84.4,96.8,65
COL0574,Diploma in Electrical Engineering,Nagpur,2023,246,80,65,15,75.47,85.9,95.6,63
COL0574,Diploma in Electrical Engineering,Nagpur,2024,235,70,63,7,73.11,84.1,95.6,81
COL0575,BSc,Thane,2021,318,150,104,46,55.71,70.7,83.8,120
COL0575,BSc,Thane,2022,375,150,120,30,54.83,69.4,87.9,117
COL0575,BSc,Thane,2023,346,150,117,33,54.53,75.5,91.8,117
COL0575,BSc,Thane,2024,358,150,117,33,54.25,68.9,82.8,139
COL0576,B.Pharm,Mumbai Suburban,2021,72,50,33,17,60.14,67.8,85.0,33
COL0576,B.Pharm,Mumbai Suburban,2022,78,50,33,17,63.5,66.3,76.5,35
COL0576,B.Pharm,Mumbai Suburban,2023,82,50,35,15,60.63,61.0,71.2,43
COL0576,B.Pharm,Mumbai Suburban,2024,104,60,43,17,63.39,68.9,84.5,37
COL0577,BE Computer Engineering,Palghar,2021,44,50,28,22,65.54,55.0,61.8,28
COL0577,BE Computer Engineering,Palghar,2022,50,50,28,22,63.87,63.4,75.7,33
COL0577,BE Computer Engineering,Palghar,2023,58,50,33,17,64.28,61.2,72.8,34
COL0577,BE Computer Engineering,Palghar,2024,61,50,34,16,65.95,58.6,71.3,26
COL0578,B.Ed,Ahmednagar,2021,207,80,62,18,68.96,79.0,98.1,60
COL0578,B.Ed,Ahmednagar,2022,197,80,60,20,68.51,90.8,100.0,54
COL0578,B.Ed,Ahmednagar,2023,189,70,54,16,69.6,87.4,100.0,63
COL0578,B.Ed,Ahmednagar,2024,210,80,63,17,69.26,88.5,100.0,76
COL0579,BSc,Amravati,2021,1072,320,282,38,63.53,91.2,100.0,262
COL0579,BSc,Amravati,2022,1022,310,262,48,65.63,90.2,100.0,268
COL0579,BSc,Amravati,2023,1005,310,268,42,65.64,88.3,100.0,330
COL0579,BSc,Amravati,2024,1266,370,330,40,64.44,89.6,100.0,335
COL0580,B.Sc Nursing,Yavatmal,2021,98,50,36,14,57.44,61.6,73.6,37
COL0580,B.Sc Nursing,Yavatmal,2022,96,50,37,13,60.12,67.1,82.4,35
COL0580,B.Sc Nursing,Yavatmal,2023,93,50,35,15,57.41,71.8,81.2,46
COL0580,B.Sc Nursing,Yavatmal,2024,127,60,46,14,60.2,66.2,77.2,35
COL0581,BBA,Washim,2021,357,100,85,15,88.16,91.1,100.0,86
COL0581,BBA,Washim,2022,363,100,86,14,90.41,91.8,100.0,96
COL0581,BBA,Washim,2023,415,110,96,14,92.98,90.7,100.0,90
COL0581,BBA,Washim,2024,393,100,90,10,92.26,95.4,100.0,91
COL0582,BSc Computer Science,Hingoli,2021,166,110,72,38,47.8,70.8,88.8,70
COL0582,BSc Computer Science,Hingoli,2022,159,110,70,40,48.96,66.6,82.0,78
COL0582,BSc Computer Science,Hingoli,2023,186,110,78,32,48.82,72.2,82.5,72
COL0582,BSc Computer Science,Hingoli,2024,176,110,72,38,50.55,71.1,88.0,105
COL0583,BCom,Mumbai Suburban,2021,842,280,241,39,61.98,87.4,100.0,231
COL0583,BCom,Mumbai Suburban,2022,865,290,231,59,62.15,84.9,99.0,243
COL0583,BCom,Mumbai Suburban,2023,880,290,243,47,62.89,80.9,94.6,229
COL0583,BCom,Mumbai Suburban,2024,848,260,229,31,66.02,83.6,100.0,198
COL0584,MBA,Nagpur,2021,74,50,32,18,59.23,69.3,87.3,32
COL0584,MBA,Nagpur,2022,80,50,32,18,63.2,64.3,76.2,43
COL0584,MBA,Nagpur,2023,102,60,43,17,62.7,68.2,82.5,44
COL0584,MBA,Nagpur,2024,104,60,44,16,63.56,70.0,84.8,36
COL0585,Diploma in Electrical Engineering,Nagpur,2021,127,50,38,12,66.7,76.6,95.7,37
COL0585,Diploma in Electrical Engineering,Nagpur,2022,122,50,37,13,68.74,79.4,99.5,42
COL0585,Diploma in Electrical Engineering,Nagpur,2023,144,50,42,8,70.05,77.0,95.8,49
COL0585,Diploma in Electrical Engineering,Nagpur,2024,174,60,49,11,70.01,82.1,99.5,41
COL0586,BSc Mathematics,Mumbai City,2021,380,150,123,27,62.67,90.9,100.0,122
COL0586,BSc Mathematics,Mumbai City,2022,399,160,122,38,63.87,86.3,96.8,105
COL0586,BSc Mathematics,Mumbai City,2023,350,140,105,35,64.61,90.0,100.0,137
COL0586,BSc Mathematics,Mumbai City,2024,457,170,137,33,64.77,91.2,100.0,130
COL0587,BSc,Solapur,2021,1993,550,483,67,67.91,82.9,100.0,486
COL0587,BSc,Solapur,2022,1998,560,486,74,69.27,82.7,100.0,578
COL0587,BSc,Solapur,2023,2420,620,578,42,68.09,75.2,93.0,557
COL0587,BSc,Solapur,2024,2348,590,557,33,69.89,83.1,97.8,501
COL0588,BCom,Akola,2021,513,180,147,33,63.99,79.5,95.0,149
COL0588,BCom,Akola,2022,513,180,149,31,63.02,80.9,91.1,144
COL0588,BCom,Akola,2023,506,170,144,26,64.53,82.8,100.0,158
COL0588,BCom,Akola,2024,603,190,158,32,66.9,88.0,99.6,200
COL0589,BE Computer Engineering,Mumbai Suburban,2021,715,190,164,26,99.95,92.2,100.0,173
COL0589,BE Computer Engineering,Mumbai Suburban,2022,728,190,173,17,98.6,91.6,100.0,177
COL0589,BE Computer Engineering,Mumbai Suburban,2023,784,190,177,13,99.95,96.0,100.0,161
COL0589,BE Computer Engineering,Mumbai Suburban,2024,721,170,161,9,99.95,94.6,100.0,176
COL0590,LLB,Pune,2021,98,50,34,16,69.52,76.3,94.7,36
COL0590,LLB,Pune,2022,105,50,36,14,67.31,79.7,95.7,38
COL0590,LLB,Pune,2023,110,50,38,12,68.58,79.9,89.1,45
COL0590,LLB,Pune,2024,129,60,45,15,70.61,78.9,89.9,38
COL0591,BCom,Mumbai Suburban,2021,517,160,138,22,67.95,85.0,100.0,135
COL0591,BCom,Mumbai Suburban,2022,489,160,135,25,65.94,94.7,100.0,146
COL0591,BCom,Mumbai Suburban,2023,536,180,146,34,68.72,85.4,100.0,127
COL0591,BCom,Mumbai Suburban,2024,504,150,127,23,66.52,88.7,100.0,130
COL0592,BCom,Nanded,2021,1405,410,351,59,67.55,93.9,100.0,364
COL0592,BCom,Nanded,2022,1514,420,364,56,65.97,93.4,100.0,381
COL0592,BCom,Nanded,2023,1591,420,381,39,70.45,92.5,100.0,423
COL0592,BCom,Nanded,2024,1910,460,423,37,70.37,98.0,100.0,388
COL0593,BE Computer Engineering,Nashik,2021,400,90,86,4,97.26,91.0,100.0,88
COL0593,BE Computer Engineering,Nashik,2022,404,90,88,2,99.95,96.7,100.0,89
COL0593,BE Computer Engineering,Nashik,2023,405,90,89,1,99.95,93.8,100.0,93
COL0593,BE Computer Engineering,Nashik,2024,432,100,93,7,99.52,90.5,100.0,100
COL0594,BE Mechanical Engineering,Palghar,2021,110,60,45,15,80.25,83.7,97.2,45
COL0594,BE Mechanical Engineering,Palghar,2022,124,60,45,15,77.39,73.3,90.7,41
COL0594,BE Mechanical Engineering,Palghar,2023,114,60,41,19,77.18,81.1,94.1,44
COL0594,BE Mechanical Engineering,Palghar,2024,121,60,44,16,79.58,80.0,90.4,39
COL0595,B.Ed,Jalgaon,2021,64,40,28,12,58.03,65.9,80.8,26
COL0595,B.Ed,Jalgaon,2022,57,40,26,14,55.97,66.1,74.3,28
COL0595,B.Ed,Jalgaon,2023,64,40,28,12,54.59,59.6,73.6,28
COL0595,B.Ed,Jalgaon,2024,65,40,28,12,58.02,59.5,78.5,27
COL0596,BSc,Satara,2021,968,410,321,89,56.05,77.7,94.5,344
COL0596,BSc,Satara,2022,1010,430,344,86,53.25,71.7,90.4,356
COL0596,BSc,Satara,2023,1057,460,356,104,52.57,76.8,93.4,296
COL0596,BSc,Satara,2024,949,390,296,94,57.04,72.7,92.2,291
COL0597,BSc Computer Science,Jalgaon,2021,247,100,75,25,60.52,84.7,94.7,81
COL0597,BSc Computer Science,Jalgaon,2022,256,100,81,19,60.61,87.4,97.4,93
COL0597,BSc Computer Science,Jalgaon,2023,299,110,93,17,62.68,82.5,99.5,94
COL0597,BSc Computer Science,Jalgaon,2024,314,110,94,16,62.84,95.1,100.0,95
COL0598,Diploma in Electrical Engineering,Ahmednagar,2021,311,100,83,17,73.89,89.9,100.0,87
COL0598,Diploma in Electrical Engineering,Ahmednagar,2022,325,100,87,13,74.62,90.5,100.0,81
COL0598,Diploma in Electrical Engineering,Ahmednagar,2023,325,90,81,9,76.12,94.4,100.0,97
COL0598,Diploma in Electrical Engineering,Ahmednagar,2024,404,110,97,13,76.39,95.4,100.0,97
COL0599,Diploma in Civil Engineering,Nagpur,2021,243,100,77,23,68.63,84.0,100.0,83
COL0599,Diploma in Civil Engineering,Nagpur,2022,278,100,83,17,66.34,83.0,99.4,78
COL0599,Diploma in Civil Engineering,Nagpur,2023,268,100,78,22,69.53,79.5,100.0,94
COL0599,Diploma in Civil Engineering,Nagpur,2024,334,110,94,16,67.96,81.4,98.9,80
COL0600,BCom,Thane,2021,301,110,90,20,63.01,80.0,89.5,89
COL0600,BCom,Thane,2022,311,110,89,21,60.64,77.2,88.5,88
COL0600,BCom,Thane,2023,304,110,88,22,60.05,80.5,96.2,103
COL0600,BCom,Thane,2024,381,120,103,17,61.51,80.2,95.3,108
COL0601,B.Pharm,Chhatrapati Sambhajinagar,2021,120,50,37,13,73.8,88.1,100.0,38
COL0601,B.Pharm,Chhatrapati Sambhajinagar,2022,121,50,38,12,75.56,82.1,97.8,42
COL0601,B.Pharm,Chhatrapati Sambhajinagar,2023,137,50,42,8,77.44,84.0,100.0,42
COL0601,B.Pharm,Chhatrapati Sambhajinagar,2024,142,50,42,8,75.92,82.6,100.0,49
COL0602,B.Sc Agriculture,Kolhapur,2021,217,80,62,18,72.55,83.8,100.0,64
COL0602,B.Sc Agriculture,Kolhapur,2022,234,80,64,16,72.58,85.2,100.0,68
COL0602,B.Sc Agriculture,Kolhapur,2023,238,80,68,12,72.2,92.8,100.0,60
COL0602,B.Sc Agriculture,Kolhapur,2024,226,70,60,10,72.69,97.9,100.0,77
COL0603,B.Sc Nursing,Nagpur,2021,117,50,36,14,66.05,78.1,94.5,37
COL0603,B.Sc Nursing,Nagpur,2022,118,50,37,13,65.94,76.6,88.8,47
COL0603,B.Sc Nursing,Nagpur,2023,157,60,47,13,63.28,78.1,91.7,40
COL0603,B.Sc Nursing,Nagpur,2024,126,50,40,10,67.91,80.5,96.9,31
COL0604,Diploma in Mechanical Engineering,Gondia,2021,467,100,98,2,77.79,92.7,100.0,95
COL0604,Diploma in Mechanical Engineering,Gondia,2022,453,100,95,5,77.35,98.0,100.0,90
COL0604,Diploma in Mechanical Engineering,Gondia,2023,446,90,90,0,76.52,95.4,100.0,90
COL0604,Diploma in Mechanical Engineering,Gondia,2024,462,90,90,0,79.49,95.1,100.0,100
COL0605,MBA,Dhule,2021,125,50,40,10,77.1,82.8,98.9,41
COL0605,MBA,Dhule,2022,136,50,41,9,76.58,85.5,100.0,42
COL0605,MBA,Dhule,2023,144,50,42,8,79.26,78.6,93.1,39
COL0605,MBA,Dhule,2024,128,50,39,11,78.73,84.9,100.0,44
COL0606,Diploma in Mechanical Engineering,Jalgaon,2021,96,80,52,28,49.64,63.3,82.4,51
COL0606,Diploma in Mechanical Engineering,Jalgaon,2022,102,80,51,29,48.24,59.4,74.4,56
COL0606,Diploma in Mechanical Engineering,Jalgaon,2023,111,90,56,34,48.59,59.8,71.8,53
COL0606,Diploma in Mechanical Engineering,Jalgaon,2024,112,80,53,27,46.27,62.6,78.2,50
COL0607,BCom,Nanded,2021,403,150,116,34,62.78,79.3,91.9,118
COL0607,BCom,Nanded,2022,429,150,118,32,65.63,90.1,100.0,116
COL0607,BCom,Nanded,2023,436,140,116,24,68.29,84.1,100.0,131
COL0607,BCom,Nanded,2024,499,150,131,19,67.56,86.7,100.0,141
COL0608,B.Arch,Sindhudurg,2021,41,30,18,12,66.08,68.6,76.5,20
COL0608,B.Arch,Sindhudurg,2022,42,30,20,10,68.99,69.9,85.0,19
COL0608,B.Arch,Sindhudurg,2023,43,30,19,11,67.89,63.9,76.2,20
COL0608,B.Arch,Sindhudurg,2024,44,30,20,10,71.46,67.6,78.8,19
COL0609,BE Computer Engineering,Chhatrapati Sambhajinagar,2021,159,80,60,20,79.53,69.1,77.5,60
COL0609,BE Computer Engineering,Chhatrapati Sambhajinagar,2022,160,80,60,20,79.71,78.3,98.6,57
COL0609,BE Computer Engineering,Chhatrapati Sambhajinagar,2023,148,80,57,23,81.67,77.9,96.9,58
COL0609,BE Computer Engineering,Chhatrapati Sambhajinagar,2024,158,80,58,22,77.69,81.3,100.0,51
COL0610,BCom,Mumbai Suburban,2021,609,240,180,60,61.17,86.4,100.0,192
COL0610,BCom,Mumbai Suburban,2022,674,230,192,38,58.48,81.6,92.8,212
COL0610,BCom,Mumbai Suburban,2023,728,260,212,48,59.65,81.7,98.6,179
COL0610,BCom,Mumbai Suburban,2024,633,210,179,31,59.99,79.2,88.8,201
COL0611,BE Computer Engineering,Wardha,2021,363,110,91,19,99.95,91.0,100.0,101
COL0611,BE Computer Engineering,Wardha,2022,409,110,101,9,98.31,90.8,100.0,88
COL0611,BE Computer Engineering,Wardha,2023,366,100,88,12,99.95,98.0,100.0,107
COL0611,BE Computer Engineering,Wardha,2024,433,120,107,13,99.95,96.0,100.0,123
COL0612,BBA,Thane,2021,153,50,41,9,90.44,85.6,100.0,41
COL0612,BBA,Thane,2022,165,50,41,9,90.78,87.0,100.0,43
COL0612,BBA,Thane,2023,169,50,43,7,87.71,93.7,100.0,53
COL0612,BBA,Thane,2024,209,60,53,7,89.6,92.7,100.0,54
COL0613,BCom,Nandurbar,2021,172,200,109,91,33.2,52.5,66.2,114
COL0613,BCom,Nandurbar,2022,184,190,114,76,35.59,57.6,67.0,111
COL0613,BCom,Nandurbar,2023,191,200,111,89,33.22,59.2,70.5,120
COL0613,BCom,Nandurbar,2024,180,190,120,70,34.74,63.8,79.6,143
COL0614,GNM,Mumbai Suburban,2021,94,50,37,13,57.4,70.4,84.6,33
COL0614,GNM,Mumbai Suburban,2022,86,50,33,17,59.32,76.8,88.5,37
COL0614,GNM,Mumbai Suburban,2023,95,50,37,13,57.7,77.5,96.6,29
COL0614,GNM,Mumbai Suburban,2024,83,40,29,11,57.33,74.1,94.7,36
COL0615,BCom,Thane,2021,299,220,141,79,49.26,57.6,68.2,165
COL0615,BCom,Thane,2022,378,230,165,65,48.54,69.8,87.6,167
COL0615,BCom,Thane,2023,364,240,167,73,46.2,60.5,78.5,156
COL0615,BCom,Thane,2024,366,240,156,84,46.72,58.9,73.1,141
COL0616,B.Pharm,Mumbai Suburban,2021,118,50,39,11,70.77,87.5,100.0,37
COL0616,B.Pharm,Mumbai Suburban,2022,115,50,37,13,71.83,80.3,94.3,38
COL0616,B.Pharm,Mumbai Suburban,2023,122,50,38,12,74.7,80.4,96.5,50
COL0616,B.Pharm,Mumbai Suburban,2024,168,60,50,10,75.79,85.1,100.0,32
COL0617,BCom,Latur,2021,780,230,193,37,68.17,83.8,100.0,210
COL0617,BCom,Latur,2022,861,230,210,20,65.95,85.5,100.0,209
COL0617,BCom,Latur,2023,830,240,209,31,69.59,84.1,100.0,189
COL0617,BCom,Latur,2024,756,220,189,31,67.55,79.6,94.6,247
COL0618,BE Computer Engineering,Sangli,2021,155,60,48,12,89.34,84.4,100.0,44
COL0618,BE Computer Engineering,Sangli,2022,145,60,44,16,85.41,78.0,87.4,45
COL0618,BE Computer Engineering,Sangli,2023,145,60,45,15,88.18,87.7,99.9,38
COL0618,BE Computer Engineering,Sangli,2024,126,50,38,12,89.72,85.4,95.6,57
COL0619,BE Computer Engineering,Jalgaon,2021,136,90,57,33,73.39,74.9,93.0,67
COL0619,BE Computer Engineering,Jalgaon,2022,153,100,67,33,74.88,76.7,92.0,67
COL0619,BE Computer Engineering,Jalgaon,2023,164,90,67,23,76.52,75.3,91.1,61
COL0619,BE Computer Engineering,Jalgaon,2024,152,90,61,29,76.51,72.4,83.9,67
COL0620,BCom,Jalgaon,2021,354,140,112,28,56.26,80.0,98.2,115
COL0620,BCom,Jalgaon,2022,364,140,115,25,59.7,72.8,90.8,116
COL0620,BCom,Jalgaon,2023,396,150,116,34,61.23,76.6,95.0,111
COL0620,BCom,Jalgaon,2024,392,140,111,29,60.92,76.2,95.4,125
COL0621,BCom,Chandrapur,2021,344,190,132,58,51.57,64.3,72.4,134
COL0621,BCom,Chandrapur,2022,338,200,134,66,50.25,66.8,82.6,159
COL0621,BCom,Chandrapur,2023,441,210,159,51,50.36,70.3,82.6,155
COL0621,BCom,Chandrapur,2024,442,220,155,65,51.64,78.3,87.7,181
COL0622,MBA,Chhatrapati Sambhajinagar,2021,121,80,51,29,61.94,70.0,81.6,54
COL0622,MBA,Chhatrapati Sambhajinagar,2022,138,80,54,26,62.69,64.9,78.9,57
COL0622,MBA,Chhatrapati Sambhajinagar,2023,149,80,57,23,62.28,68.6,88.0,52
COL0622,MBA,Chhatrapati Sambhajinagar,2024,139,70,52,18,65.15,66.3,78.3,62
COL0623,BSc Physics,Thane,2021,426,180,132,48,63.13,81.3,90.7,147
COL0623,BSc Physics,Thane,2022,457,190,147,43,60.34,82.7,99.0,137
COL0623,BSc Physics,Thane,2023,427,180,137,43,62.74,88.9,100.0,128
COL0623,BSc Physics,Thane,2024,419,160,128,32,62.1,85.1,100.0,153
COL0624,BE Mechanical Engineering,Akola,2021,134,90,57,33,71.93,72.7,90.0,61
COL0624,BE Mechanical Engineering,Akola,2022,147,90,61,29,71.56,65.5,74.4,72
COL0624,BE Mechanical Engineering,Akola,2023,164,100,72,28,70.92,64.6,84.0,70
COL0624,BE Mechanical Engineering,Akola,2024,172,100,70,30,73.81,69.9,77.6,59
COL0625,BA,Mumbai Suburban,2021,898,480,340,140,51.81,72.8,90.5,318
COL0625,BA,Mumbai Suburban,2022,811,480,318,162,52.27,71.9,81.8,367
COL0625,BA,Mumbai Suburban,2023,939,510,367,143,48.73,70.6,79.8,389
COL0625,BA,Mumbai Suburban,2024,1083,560,389,171,51.89,64.2,79.2,325
COL0626,BA LLB,Jalna,2021,207,80,65,15,73.4,77.6,86.9,58
COL0626,BA LLB,Jalna,2022,184,80,58,22,75.13,74.2,88.3,61
COL0626,BA LLB,Jalna,2023,201,80,61,19,74.19,80.3,89.4,75
COL0626,BA LLB,Jalna,2024,244,90,75,15,73.47,74.2,87.7,72
COL0627,BA English,Sindhudurg,2021,242,100,78,22,53.42,84.0,95.5,81
COL0627,BA English,Sindhudurg,2022,244,100,81,19,49.72,78.5,95.1,72
COL0627,BA English,Sindhudurg,2023,222,90,72,18,54.19,80.0,91.6,87
COL0627,BA English,Sindhudurg,2024,272,110,87,23,51.05,83.3,99.8,70
COL0628,BE Computer Engineering,Pune,2021,215,80,62,18,91.61,85.2,100.0,65
COL0628,BE Computer Engineering,Pune,2022,216,80,65,15,92.84,86.3,99.6,62
COL0628,BE Computer Engineering,Pune,2023,226,80,62,18,92.85,84.0,100.0,64
COL0628,BE Computer Engineering,Pune,2024,237,80,64,16,89.76,94.8,100.0,73
COL0629,BSc Computer Science,Nagpur,2021,203,170,101,69,43.97,58.2,73.9,108
COL0629,BSc Computer Science,Nagpur,2022,212,170,108,62,44.2,63.7,74.7,108
COL0629,BSc Computer Science,Nagpur,2023,238,160,108,52,49.06,62.3,80.7,114
COL0629,BSc Computer Science,Nagpur,2024,236,170,114,56,46.95,57.5,73.2,104
COL0630,Diploma in Mechanical Engineering,Chandrapur,2021,88,50,35,15,58.68,66.9,82.4,36
COL0630,Diploma in Mechanical Engineering,Chandrapur,2022,96,50,36,14,56.1,72.2,91.5,35
COL0630,Diploma in Mechanical Engineering,Chandrapur,2023,100,50,35,15,56.8,72.6,84.9,36
COL0630,Diploma in Mechanical Engineering,Chandrapur,2024,97,50,36,14,60.03,74.8,88.9,36
COL0631,MBA,Mumbai City,2021,292,100,81,19,81.43,75.2,85.0,86
COL0631,MBA,Mumbai City,2022,297,100,86,14,85.15,81.4,91.2,75
COL0631,MBA,Mumbai City,2023,277,90,75,15,84.2,78.9,93.4,96
COL0631,MBA,Mumbai City,2024,343,110,96,14,82.96,79.7,90.5,75
COL0632,B.Sc Nursing,Latur,2021,171,50,44,6,73.8,90.9,100.0,43
COL0632,B.Sc Nursing,Latur,2022,169,50,43,7,76.57,90.8,100.0,43
COL0632,B.Sc Nursing,Latur,2023,172,50,43,7,76.27,87.0,98.4,46
COL0632,B.Sc Nursing,Latur,2024,193,50,46,4,73.76,92.9,100.0,46
COL0633,BE Mechanical Engineering,Thane,2021,587,190,163,27,96.3,91.0,100.0,164
COL0633,BE Mechanical Engineering,Thane,2022,578,190,164,26,96.8,92.3,100.0,151
COL0633,BE Mechanical Engineering,Thane,2023,556,180,151,29,96.79,87.6,99.2,189
COL0633,BE Mechanical Engineering,Thane,2024,728,210,189,21,95.63,94.3,100.0,184
COL0634,MBA,Mumbai Suburban,2021,151,50,42,8,85.46,75.6,88.9,41
COL0634,MBA,Mumbai Suburban,2022,152,50,41,9,85.65,82.6,100.0,44
COL0634,MBA,Mumbai Suburban,2023,157,50,44,6,81.87,81.2,100.0,40
COL0634,MBA,Mumbai Suburban,2024,156,50,40,10,86.84,81.3,95.3,35
COL0635,MBA,Bhandara,2021,185,50,44,6,91.5,93.9,100.0,47
COL0635,MBA,Bhandara,2022,203,50,47,3,91.99,92.5,100.0,45
COL0635,MBA,Bhandara,2023,191,50,45,5,89.59,90.8,100.0,56
COL0635,MBA,Bhandara,2024,250,60,56,4,90.37,96.4,100.0,49
COL0636,BSc Physics,Beed,2021,312,100,86,14,68.68,88.5,100.0,80
COL0636,BSc Physics,Beed,2022,284,100,80,20,68.96,89.8,100.0,88
COL0636,BSc Physics,Beed,2023,324,100,88,12,69.27,89.1,100.0,80
COL0636,BSc Physics,Beed,2024,308,90,80,10,65.03,94.6,100.0,79
COL0637,BCom,Pune,2021,1010,310,254,56,69.35,88.8,100.0,277
COL0637,BCom,Pune,2022,1070,310,277,33,68.84,90.3,100.0,260
COL0637,BCom,Pune,2023,1070,300,260,40,71.28,85.4,100.0,264
COL0637,BCom,Pune,2024,1099,280,264,16,71.1,96.1,100.0,347
COL0638,Diploma in Mechanical Engineering,Kolhapur,2021,161,50,42,8,78.07,89.8,100.0,43
COL0638,Diploma in Mechanical Engineering,Kolhapur,2022,174,50,43,7,76.85,85.7,99.9,46
COL0638,Diploma in Mechanical Engineering,Kolhapur,2023,183,50,46,4,76.66,88.5,100.0,43
COL0638,Diploma in Mechanical Engineering,Kolhapur,2024,181,50,43,7,75.56,89.2,100.0,48
COL0639,B.Pharm,Nashik,2021,223,80,65,15,78.16,88.3,100.0,62
COL0639,B.Pharm,Nashik,2022,212,80,62,18,74.74,93.1,100.0,65
COL0639,B.Pharm,Nashik,2023,220,80,65,15,77.06,82.9,93.4,69
COL0639,B.Pharm,Nashik,2024,252,80,69,11,76.63,90.5,100.0,71
COL0640,BSc,Mumbai City,2021,389,110,98,12,68.68,92.6,100.0,107
COL0640,BSc,Mumbai City,2022,429,120,107,13,69.96,89.4,100.0,94
COL0640,BSc,Mumbai City,2023,370,110,94,16,70.6,97.4,100.0,111
COL0640,BSc,Mumbai City,2024,466,120,111,9,68.78,92.0,100.0,115
COL0641,BSc,Solapur,2021,835,500,334,166,48.51,71.2,88.3,376
COL0641,BSc,Solapur,2022,1006,520,376,144,47.07,62.4,80.5,308
COL0641,BSc,Solapur,2023,761,460,308,152,50.94,63.6,82.9,359
COL0641,BSc,Solapur,2024,981,520,359,161,47.85,76.3,91.0,397
COL0642,BA LLB,Buldhana,2021,161,50,43,7,83.84,90.9,100.0,42
COL0642,BA LLB,Buldhana,2022,167,50,42,8,87.1,90.9,100.0,45
COL0642,BA LLB,Buldhana,2023,182,50,45,5,85.52,94.8,100.0,44
COL0642,BA LLB,Buldhana,2024,182,50,44,6,86.1,93.6,100.0,51
COL0643,BCom,Mumbai Suburban,2021,448,140,121,19,61.96,83.7,94.3,129
COL0643,BCom,Mumbai Suburban,2022,472,150,129,21,63.66,74.8,94.5,117
COL0643,BCom,Mumbai Suburban,2023,441,140,117,23,63.53,78.8,96.3,118
COL0643,BCom,Mumbai Suburban,2024,434,140,118,22,62.24,78.0,89.4,142
COL0644,BA History,Nashik,2021,442,100,99,1,63.57,88.9,100.0,91
COL0644,BA History,Nashik,2022,423,100,91,9,60.79,86.8,100.0,107
COL0644,BA History,Nashik,2023,502,110,107,3,64.59,86.1,100.0,107
COL0644,BA History,Nashik,2024,526,110,107,3,65.02,86.8,100.0,109
COL0645,BE Computer Engineering,Nagpur,2021,359,100,90,10,99.28,85.6,96.6,89
COL0645,BE Computer Engineering,Nagpur,2022,362,100,89,11,98.91,90.0,100.0,90
COL0645,BE Computer Engineering,Nagpur,2023,374,100,90,10,99.88,83.5,99.6,98
COL0645,BE Computer Engineering,Nagpur,2024,412,110,98,12,99.95,89.7,100.0,112
COL0646,B.Ed,Mumbai City,2021,224,80,66,14,75.63,84.8,100.0,69
COL0646,B.Ed,Mumbai City,2022,241,80,69,11,74.91,91.0,100.0,76
COL0646,B.Ed,Mumbai City,2023,279,90,76,14,73.36,89.5,99.5,66
COL0646,B.Ed,Mumbai City,2024,232,80,66,14,73.25,84.0,99.0,59
COL0647,BCom,Gondia,2021,751,200,174,26,66.64,95.7,100.0,187
COL0647,BCom,Gondia,2022,787,200,187,13,69.58,98.0,100.0,206
COL0647,BCom,Gondia,2023,885,220,206,14,69.11,95.4,100.0,206
COL0647,BCom,Gondia,2024,908,210,206,4,68.3,98.0,100.0,213
COL0648,B.Sc Agriculture,Nandurbar,2021,99,50,38,12,61.39,76.7,88.7,35
COL0648,B.Sc Agriculture,Nandurbar,2022,97,50,35,15,61.91,72.8,85.4,36
COL0648,B.Sc Agriculture,Nandurbar,2023,102,50,36,14,61.03,73.8,82.3,47
COL0648,B.Sc Agriculture,Nandurbar,2024,130,60,47,13,62.24,69.7,80.4,36
COL0649,BE Electronics & Telecommunication,Pune,2021,731,210,181,29,98.4,90.5,100.0,181
COL0649,BE Electronics & Telecommunication,Pune,2022,727,210,181,29,98.68,85.6,100.0,187
COL0649,BE Electronics & Telecommunication,Pune,2023,770,220,187,33,99.21,87.9,100.0,189
COL0649,BE Electronics & Telecommunication,Pune,2024,778,210,189,21,99.95,96.3,100.0,222
COL0650,BCom,Amravati,2021,944,250,223,27,66.92,85.6,99.7,247
COL0650,BCom,Amravati,2022,1034,260,247,13,68.05,84.4,97.4,224
COL0650,BCom,Amravati,2023,987,240,224,16,68.17,86.8,100.0,241
COL0650,BCom,Amravati,2024,1089,250,241,9,71.03,87.7,98.3,306
COL0651,BE Computer Engineering,Satara,2021,419,100,95,5,99.95,90.8,100.0,91
COL0651,BE Computer Engineering,Satara,2022,409,100,91,9,99.95,98.0,100.0,101
COL0651,BE Computer Engineering,Satara,2023,465,110,101,9,98.56,97.4,100.0,95
COL0651,BE Computer Engineering,Satara,2024,446,100,95,5,99.95,88.9,100.0,90
COL0652,BSc,Mumbai Suburban,2021,268,110,82,28,59.83,71.5,86.4,93
COL0652,BSc,Mumbai Suburban,2022,305,120,93,27,57.49,74.5,92.9,91
COL0652,BSc,Mumbai Suburban,2023,296,110,91,19,58.59,72.2,86.9,96
COL0652,BSc,Mumbai Suburban,2024,319,120,96,24,61.4,74.3,85.4,84
COL0653,D.Pharm,Nashik,2021,89,50,36,14,66.32,73.0,83.6,37
COL0653,D.Pharm,Nashik,2022,102,50,37,13,65.77,76.1,85.5,34
COL0653,D.Pharm,Nashik,2023,91,50,34,16,65.13,78.5,93.8,35
COL0653,D.Pharm,Nashik,2024,93,50,35,15,65.76,82.5,100.0,39
COL0654,B.Sc Nursing,Mumbai Suburban,2021,41,50,29,21,45.05,57.8,68.5,29
COL0654,B.Sc Nursing,Mumbai Suburban,2022,40,50,29,21,45.11,61.4,69.3,32
COL0654,B.Sc Nursing,Mumbai Suburban,2023,47,50,32,18,42.51,53.7,64.7,31
COL0654,B.Sc Nursing,Mumbai Suburban,2024,52,50,31,19,44.54,58.4,70.5,32
COL0655,D.Pharm,Dhule,2021,181,80,60,20,75.29,81.9,99.8,62
COL0655,D.Pharm,Dhule,2022,191,80,62,18,74.48,80.7,91.8,67
COL0655,D.Pharm,Dhule,2023,214,80,67,13,75.43,82.1,98.6,59
COL0655,D.Pharm,Dhule,2024,197,70,59,11,77.02,85.8,100.0,74
COL0656,B.Arch,Parbhani,2021,69,30,23,7,78.67,84.6,100.0,23
COL0656,B.Arch,Parbhani,2022,70,30,23,7,77.73,84.7,100.0,22
COL0656,B.Arch,Parbhani,2023,64,30,22,8,78.82,80.8,94.0,24
COL0656,B.Arch,Parbhani,2024,77,30,24,6,80.63,81.9,100.0,23
COL0657,B.Pharm,Pune,2021,87,50,33,17,67.06,73.1,88.8,35
COL0657,B.Pharm,Pune,2022,94,50,35,15,66.21,77.5,92.7,38
COL0657,B.Pharm,Pune,2023,99,50,38,12,64.72,70.6,82.9,35
COL0657,B.Pharm,Pune,2024,98,50,35,15,66.75,74.5,87.2,38
COL0658,Diploma in Mechanical Engineering,Akola,2021,109,50,36,14,65.31,73.2,91.8,40
COL0658,Diploma in Mechanical Engineering,Akola,2022,122,50,40,10,62.75,77.6,96.9,38
COL0658,Diploma in Mechanical Engineering,Akola,2023,120,50,38,12,66.06,80.1,91.1,40
COL0658,Diploma in Mechanical Engineering,Akola,2024,129,50,40,10,63.56,80.1,98.8,30
COL0659,BE Mechanical Engineering,Latur,2021,244,80,66,14,98.83,90.7,100.0,65
COL0659,BE Mechanical Engineering,Latur,2022,253,80,65,15,97.08,98.0,100.0,66
COL0659,BE Mechanical Engineering,Latur,2023,250,80,66,14,95.89,98.0,100.0,78
COL0659,BE Mechanical Engineering,Latur,2024,320,90,78,12,96.83,93.2,100.0,87
COL0660,BCom,Buldhana,2021,1330,510,393,117,60.29,88.6,100.0,432
COL0660,BCom,Buldhana,2022,1526,510,432,78,63.75,83.9,100.0,477
COL0660,BCom,Buldhana,2023,1770,560,477,83,63.96,81.4,100.0,446
COL0660,BCom,Buldhana,2024,1564,510,446,64,63.52,89.8,100.0,440
COL0661,BA History,Nanded,2021,583,200,166,34,55.37,83.8,97.1,183
COL0661,BA History,Nanded,2022,667,210,183,27,56.91,91.5,100.0,164
COL0661,BA History,Nanded,2023,622,200,164,36,57.93,88.0,100.0,171
COL0661,BA History,Nanded,2024,637,200,171,29,60.66,87.3,100.0,174
COL0662,BCom,Nashik,2021,1928,520,468,52,68.08,93.3,100.0,476
COL0662,BCom,Nashik,2022,2030,530,476,54,66.34,91.1,100.0,483
COL0662,BCom,Nashik,2023,2128,540,483,57,68.17,95.9,100.0,449
COL0662,BCom,Nashik,2024,1972,480,449,31,69.09,91.6,100.0,525
COL0663,BE Computer Engineering,Pune,2021,184,50,45,5,97.07,94.2,100.0,47
COL0663,BE Computer Engineering,Pune,2022,202,50,47,3,99.93,92.4,100.0,47
COL0663,BE Computer Engineering,Pune,2023,205,50,47,3,99.87,88.7,99.8,45
COL0663,BE Computer Engineering,Pune,2024,195,50,45,5,99.77,90.1,100.0,55
COL0664,BE Computer Engineering,Jalgaon,2021,249,130,92,38,77.37,69.6,82.7,96
COL0664,BE Computer Engineering,Jalgaon,2022,269,130,96,34,80.53,74.7,89.7,90
COL0664,BE Computer Engineering,Jalgaon,2023,239,120,90,30,81.51,76.0,87.4,88
COL0664,BE Computer Engineering,Jalgaon,2024,253,120,88,32,77.11,80.9,90.2,88
COL0665,B.Arch,Ratnagiri,2021,68,30,23,7,79.44,69.9,83.3,23
COL0665,B.Arch,Ratnagiri,2022,70,30,23,7,76.65,82.1,100.0,22
COL0665,B.Arch,Ratnagiri,2023,64,30,22,8,79.91,79.8,92.7,22
COL0665,B.Arch,Ratnagiri,2024,70,30,22,8,81.34,75.1,94.5,24
COL0666,BCom,Washim,2021,849,380,298,82,53.75,68.4,81.0,271
COL0666,BCom,Washim,2022,751,370,271,99,54.32,71.1,90.2,312
COL0666,BCom,Washim,2023,961,410,312,98,53.64,68.7,82.3,275
COL0666,BCom,Washim,2024,867,370,275,95,53.11,61.5,77.8,300
COL0667,BSc,Nandurbar,2021,601,150,140,10,67.84,97.5,100.0,148
COL0667,BSc,Nandurbar,2022,608,160,148,12,67.13,90.9,100.0,131
COL0667,BSc,Nandurbar,2023,547,140,131,9,66.75,94.1,100.0,135
COL0667,BSc,Nandurbar,2024,589,140,135,5,68.73,88.1,100.0,139
COL0668,B.Pharm,Parbhani,2021,157,80,57,23,70.09,83.2,95.3,64
COL0668,B.Pharm,Parbhani,2022,195,80,64,16,70.15,89.5,100.0,62
COL0668,B.Pharm,Parbhani,2023,181,80,62,18,70.59,86.9,100.0,54
COL0668,B.Pharm,Parbhani,2024,157,70,54,16,71.5,80.2,96.6,56
COL0669,B.Ed,Satara,2021,264,80,67,13,80.72,98.0,100.0,72
COL0669,B.Ed,Satara,2022,281,80,72,8,81.47,96.9,100.0,76
COL0669,B.Ed,Satara,2023,306,90,76,14,80.58,98.0,100.0,69
COL0669,B.Ed,Satara,2024,295,80,69,11,78.96,98.0,100.0,80
COL0670,B.Arch,Mumbai Suburban,2021,96,30,25,5,89.63,87.1,100.0,25
COL0670,B.Arch,Mumbai Suburban,2022,97,30,25,5,90.47,91.5,100.0,27
COL0670,B.Arch,Mumbai Suburban,2023,107,30,27,3,92.15,98.0,100.0,28
COL0670,B.Arch,Mumbai Suburban,2024,114,30,28,2,93.05,95.9,100.0,28
COL0671,BCom,Beed,2021,1008,410,313,97,60.35,85.2,95.4,333
COL0671,BCom,Beed,2022,1136,430,333,97,60.22,86.1,100.0,336
COL0671,BCom,Beed,2023,1143,410,336,74,58.3,87.6,100.0,323
COL0671,BCom,Beed,2024,1120,410,323,87,61.78,82.3,100.0,311
COL0672,BA,Beed,2021,368,200,149,51,48.82,65.9,85.4,150
COL0672,BA,Beed,2022,411,200,150,50,52.19,66.3,73.8,151
COL0672,BA,Beed,2023,394,210,151,59,52.45,72.3,81.7,140
COL0672,BA,Beed,2024,368,180,140,40,52.84,69.0,79.0,120
COL0673,B.Arch,Solapur,2021,127,50,38,12,86.9,97.6,100.0,42
COL0673,B.Arch,Solapur,2022,152,50,42,8,87.12,88.2,100.0,43
COL0673,B.Arch,Solapur,2023,153,50,43,7,85.73,94.3,100.0,44
COL0673,B.Arch,Solapur,2024,167,50,44,6,88.16,92.3,100.0,44
COL0674,D.Pharm,Latur,2021,232,80,63,17,79.0,83.7,96.7,63
COL0674,D.Pharm,Latur,2022,230,80,63,17,78.16,89.5,100.0,71
COL0674,D.Pharm,Latur,2023,257,80,71,9,81.85,87.6,100.0,68
COL0674,D.Pharm,Latur,2024,264,80,68,12,83.21,91.2,100.0,77
COL0675,BA,Nanded,2021,847,240,212,28,70.25,86.4,100.0,195
COL0675,BA,Nanded,2022,754,230,195,35,66.71,82.7,93.4,230
COL0675,BA,Nanded,2023,913,260,230,30,69.66,94.6,100.0,207
COL0675,BA,Nanded,2024,879,230,207,23,69.17,89.3,100.0,278
COL0676,LLB,Ahmednagar,2021,75,50,33,17,59.95,69.6,88.2,32
COL0676,LLB,Ahmednagar,2022,78,50,32,18,62.37,67.7,79.6,36
COL0676,LLB,Ahmednagar,2023,86,50,36,14,63.09,63.9,75.6,44
COL0676,LLB,Ahmednagar,2024,101,60,44,16,60.95,62.3,79.7,44
COL0677,BSc,Pune,2021,229,100,75,25,56.82,63.0,73.7,71
COL0677,BSc,Pune,2022,212,100,71,29,55.85,68.4,87.5,72
COL0677,BSc,Pune,2023,216,100,72,28,55.65,70.9,83.8,94
COL0677,BSc,Pune,2024,303,120,94,26,52.9,76.0,92.8,83
COL0678,BSc Mathematics,Yavatmal,2021,121,80,53,27,49.32,81.9,91.5,58
COL0678,BSc Mathematics,Yavatmal,2022,142,80,58,22,52.39,83.3,92.1,58
COL0678,BSc Mathematics,Yavatmal,2023,144,80,58,22,51.57,71.7,86.4,61
COL0678,BSc Mathematics,Yavatmal,2024,149,90,61,29,50.25,71.2,87.1,49
COL0679,BA English,Mumbai Suburban,2021,244,100,76,24,52.55,72.6,81.1,78
COL0679,BA English,Mumbai Suburban,2022,258,100,78,22,54.31,78.3,95.9,84
COL0679,BA English,Mumbai Suburban,2023,270,100,84,16,51.68,73.2,89.4,87
COL0679,BA English,Mumbai Suburban,2024,289,110,87,23,50.98,77.6,92.7,93
COL0680,BCom,Mumbai City,2021,356,210,139,71,51.16,63.8,73.4,149
COL0680,BCom,Mumbai City,2022,385,220,149,71,52.31,69.9,81.9,135
COL0680,BCom,Mumbai City,2023,345,200,135,65,48.67,64.3,79.5,177
COL0680,BCom,Mumbai City,2024,506,230,177,53,52.03,72.6,92.1,139
COL0681,BCom,Mumbai City,2021,562,200,158,42,66.03,82.6,100.0,166
COL0681,BCom,Mumbai City,2022,628,190,166,24,65.04,79.7,89.2,158
COL0681,BCom,Mumbai City,2023,580,180,158,22,67.66,76.2,90.6,152
COL0681,BCom,Mumbai City,2024,583,180,152,28,64.34,86.4,95.7,213
COL0682,BE Electrical Engineering,Chandrapur,2021,161,50,41,9,99.95,96.5,100.0,45
COL0682,BE Electrical Engineering,Chandrapur,2022,182,50,45,5,99.49,97.8,100.0,43
COL0682,BE Electrical Engineering,Chandrapur,2023,184,50,43,7,98.4,92.6,100.0,45
COL0682,BE Electrical Engineering,Chandrapur,2024,194,50,45,5,99.95,98.0,100.0,48
COL0683,B.Sc Nursing,Ratnagiri,2021,192,80,62,18,61.84,70.9,87.7,64
COL0683,B.Sc Nursing,Ratnagiri,2022,197,80,64,16,65.63,78.9,89.1,64
COL0683,B.Sc Nursing,Ratnagiri,2023,195,80,64,16,66.12,81.1,100.0,71
COL0683,B.Sc Nursing,Ratnagiri,2024,226,90,71,19,61.89,73.5,84.2,70
COL0684,BCom,Kolhapur,2021,473,210,153,57,56.23,80.8,97.6,152
COL0684,BCom,Kolhapur,2022,461,210,152,58,56.01,82.0,100.0,162
COL0684,BCom,Kolhapur,2023,505,210,162,48,57.45,82.5,93.5,191
COL0684,BCom,Kolhapur,2024,596,230,191,39,54.93,79.8,96.8,165
COL0685,BE Computer Engineering,Jalgaon,2021,264,100,83,17,87.94,86.5,100.0,77
COL0685,BE Computer Engineering,Jalgaon,2022,249,100,77,23,87.31,88.1,100.0,76
COL0685,BE Computer Engineering,Jalgaon,2023,248,90,76,14,89.48,88.4,100.0,85
COL0685,BE Computer Engineering,Jalgaon,2024,279,110,85,25,87.27,86.4,100.0,99
COL0686,BE Electronics & Telecommunication,Kolhapur,2021,544,200,164,36,89.71,86.3,96.7,168
COL0686,BE Electronics & Telecommunication,Kolhapur,2022,550,200,168,32,87.77,84.8,98.5,178
COL0686,BE Electronics & Telecommunication,Kolhapur,2023,581,210,178,32,90.31,79.7,88.8,170
COL0686,BE Electronics & Telecommunication,Kolhapur,2024,575,200,170,30,87.03,78.1,92.2,139
COL0687,BA History,Raigad,2021,375,160,117,43,55.82,84.4,100.0,132
COL0687,BA History,Raigad,2022,450,160,132,28,52.45,85.6,99.9,135
COL0687,BA History,Raigad,2023,469,170,135,35,55.79,86.1,95.9,131
COL0687,BA History,Raigad,2024,455,170,131,39,55.24,76.1,90.8,132
COL0688,BSc Computer Science,Solapur,2021,534,160,139,21,70.0,94.8,100.0,151
COL0688,BSc Computer Science,Solapur,2022,582,170,151,19,73.66,98.0,100.0,136
COL0688,BSc Computer Science,Solapur,2023,534,150,136,14,71.61,90.4,100.0,129
COL0688,BSc Computer Science,Solapur,2024,516,150,129,21,72.43,92.6,100.0,155
COL0689,B.Arch,Thane,2021,69,30,23,7,77.37,81.6,97.3,23
COL0689,B.Arch,Thane,2022,72,30,23,7,80.68,87.3,100.0,22
COL0689,B.Arch,Thane,2023,68,30,22,8,81.15,89.3,99.1,23
COL0689,B.Arch,Thane,2024,72,30,23,7,82.58,84.2,96.8,23
COL0690,D.Pharm,Ratnagiri,2021,125,50,38,12,74.16,87.9,100.0,41
COL0690,D.Pharm,Ratnagiri,2022,138,50,41,9,77.22,85.8,96.6,38
COL0690,D.Pharm,Ratnagiri,2023,132,50,38,12,77.11,93.0,100.0,49
COL0690,D.Pharm,Ratnagiri,2024,168,60,49,11,75.11,93.0,100.0,42
COL0691,Diploma in Computer Engineering,Yavatmal,2021,136,50,40,10,73.28,82.1,94.1,39
COL0691,Diploma in Computer Engineering,Yavatmal,2022,143,50,39,11,70.78,84.0,97.3,44
COL0691,Diploma in Computer Engineering,Yavatmal,2023,153,50,44,6,71.99,90.5,100.0,32
COL0691,Diploma in Computer Engineering,Yavatmal,2024,114,40,32,8,74.46,95.1,100.0,53
COL0692,BA,Kolhapur,2021,431,200,149,51,52.73,76.7,95.5,143
COL0692,BA,Kolhapur,2022,426,200,143,57,53.52,66.1,75.0,169
COL0692,BA,Kolhapur,2023,513,210,169,41,51.96,78.5,93.2,164
COL0692,BA,Kolhapur,2024,493,200,164,36,54.77,74.0,91.8,180
COL0693,BE Electrical Engineering,Ahmednagar,2021,419,170,128,42,86.88,81.5,95.9,129
COL0693,BE Electrical Engineering,Ahmednagar,2022,408,170,129,41,86.48,87.7,100.0,144
COL0693,BE Electrical Engineering,Ahmednagar,2023,490,180,144,36,87.08,90.3,100.0,121
COL0693,BE Electrical Engineering,Ahmednagar,2024,426,150,121,29,87.97,82.0,97.6,126
COL0694,BSc,Raigad,2021,407,310,188,122,41.42,64.8,76.5,199
COL0694,BSc,Raigad,2022,405,300,199,101,39.91,62.7,73.7,200
COL0694,BSc,Raigad,2023,436,310,200,110,44.9,64.3,76.0,199
COL0694,BSc,Raigad,2024,424,310,199,111,42.66,61.6,71.9,259
COL0695,BCom,Washim,2021,672,200,166,34,66.88,89.7,100.0,173
COL0695,BCom,Washim,2022,682,200,173,27,67.21,97.7,100.0,168
COL0695,BCom,Washim,2023,669,200,168,32,69.15,92.8,100.0,171
COL0695,BCom,Washim,2024,710,190,171,19,67.78,96.0,100.0,211
COL0696,BE Civil Engineering,Beed,2021,268,100,77,23,90.48,94.9,100.0,79
COL0696,BE Civil Engineering,Beed,2022,280,100,79,21,91.67,90.5,100.0,93
COL0696,BE Civil Engineering,Beed,2023,334,110,93,17,90.73,79.8,91.9,92
COL0696,BE Civil Engineering,Beed,2024,330,110,92,18,92.42,88.2,100.0,89
COL0697,BCom,Latur,2021,716,210,181,29,65.87,86.5,100.0,177
COL0697,BCom,Latur,2022,711,210,177,33,66.89,91.1,100.0,192
COL0697,BCom,Latur,2023,771,230,192,38,68.02,89.4,100.0,187
COL0697,BCom,Latur,2024,770,220,187,33,67.12,97.7,100.0,236
COL0698,BE Electronics & Telecommunication,Mumbai City,2021,196,50,45,5,97.21,97.3,100.0,43
COL0698,BE Electronics & Telecommunication,Mumbai City,2022,184,50,43,7,97.33,98.0,100.0,45
COL0698,BE Electronics & Telecommunication,Mumbai City,2023,205,50,45,5,98.67,98.0,100.0,47
COL0698,BE Electronics & Telecommunication,Mumbai City,2024,212,50,47,3,99.95,91.3,100.0,49
COL0699,B.Ed,Nanded,2021,59,40,28,12,57.34,57.7,65.2,26
COL0699,B.Ed,Nanded,2022,61,40,26,14,55.7,61.7,80.2,29
COL0699,B.Ed,Nanded,2023,66,40,29,11,56.47,62.7,75.8,29
COL0699,B.Ed,Nanded,2024,70,40,29,11,59.07,68.8,86.4,37
COL0700,BE Computer Engineering,Nanded,2021,236,60,53,7,98.74,98.0,100.0,55
COL0700,BE Computer Engineering,Nanded,2022,240,60,55,5,97.91,98.0,100.0,66
COL0700,BE Computer Engineering,Nanded,2023,297,70,66,4,99.95,98.0,100.0,70
COL0700,BE Computer Engineering,Nanded,2024,329,70,70,0,99.95,91.8,100.0,68
COL0701,B.Ed,Jalgaon,2021,205,80,65,15,70.77,72.5,87.7,63
COL0701,B.Ed,Jalgaon,2022,212,80,63,17,69.25,83.0,91.8,54
COL0701,B.Ed,Jalgaon,2023,180,70,54,16,71.49,83.9,96.1,74
COL0701,B.Ed,Jalgaon,2024,246,90,74,16,72.83,74.7,88.6,67
COL0702,B.Pharm,Nashik,2021,150,50,42,8,79.66,95.0,100.0,43
COL0702,B.Pharm,Nashik,2022,153,50,43,7,78.39,96.0,100.0,49
COL0702,B.Pharm,Nashik,2023,180,60,49,11,81.36,92.1,100.0,41
COL0702,B.Pharm,Nashik,2024,150,50,41,9,78.79,98.0,100.0,55
COL0703,BE Computer Engineering,Mumbai City,2021,199,80,65,15,85.33,82.0,98.7,59
COL0703,BE Computer Engineering,Mumbai City,2022,181,80,59,21,85.84,74.0,90.0,66
COL0703,BE Computer Engineering,Mumbai City,2023,217,80,66,14,89.73,84.4,93.9,59
COL0703,BE Computer Engineering,Mumbai City,2024,194,70,59,11,86.64,79.3,93.7,59
COL0704,BE Electronics & Telecommunication,Jalgaon,2021,102,60,40,20,73.01,71.5,90.8,42
COL0704,BE Electronics & Telecommunication,Jalgaon,2022,109,60,42,18,73.64,80.0,99.7,45
COL0704,BE Electronics & Telecommunication,Jalgaon,2023,110,60,45,15,75.52,71.7,80.8,51
COL0704,BE Electronics & Telecommunication,Jalgaon,2024,125,70,51,19,76.56,84.9,100.0,37
COL0705,B.Pharm,Nandurbar,2021,213,50,46,4,84.99,91.2,100.0,48
COL0705,B.Pharm,Nandurbar,2022,234,50,48,2,83.82,95.8,100.0,47
COL0705,B.Pharm,Nandurbar,2023,226,50,47,3,84.87,93.7,100.0,49
COL0705,B.Pharm,Nandurbar,2024,252,50,49,1,85.33,93.4,100.0,50
COL0706,BE Electronics & Telecommunication,Nagpur,2021,237,100,73,27,89.26,85.2,94.7,80
COL0706,BE Electronics & Telecommunication,Nagpur,2022,257,100,80,20,88.25,83.9,100.0,73
COL0706,BE Electronics & Telecommunication,Nagpur,2023,254,90,73,17,87.17,79.5,92.7,95
COL0706,BE Electronics & Telecommunication,Nagpur,2024,321,120,95,25,87.33,86.2,100.0,79
COL0707,BCom,Thane,2021,432,160,130,30,65.24,87.7,100.0,146
COL0707,BCom,Thane,2022,535,170,146,24,63.52,85.1,98.5,128
COL0707,BCom,Thane,2023,452,150,128,22,61.92,84.5,100.0,129
COL0707,BCom,Thane,2024,486,150,129,21,66.14,85.6,100.0,135
COL0708,BA English,Mumbai Suburban,2021,380,100,90,10,63.51,90.0,100.0,95
COL0708,BA English,Mumbai Suburban,2022,406,100,95,5,59.8,98.0,100.0,94
COL0708,BA English,Mumbai Suburban,2023,430,100,94,6,60.24,98.0,100.0,106
COL0708,BA English,Mumbai Suburban,2024,489,110,106,4,62.82,93.8,100.0,99
COL0709,B.Ed,Mumbai City,2021,69,40,29,11,59.94,69.4,85.0,27
COL0709,B.Ed,Mumbai City,2022,64,40,27,13,58.43,69.6,86.5,29
COL0709,B.Ed,Mumbai City,2023,70,40,29,11,58.37,72.9,91.6,29
COL0709,B.Ed,Mumbai City,2024,75,40,29,11,60.39,69.4,78.4,30
COL0710,Diploma in Mechanical Engineering,Solapur,2021,243,80,67,13,74.1,78.5,97.5,68
COL0710,Diploma in Mechanical Engineering,Solapur,2022,251,80,68,12,70.53,83.6,99.9,64
COL0710,Diploma in Mechanical Engineering,Solapur,2023,237,80,64,16,74.16,78.0,88.9,71
COL0710,Diploma in Mechanical Engineering,Solapur,2024,264,80,71,9,74.53,83.7,98.2,77
COL0711,BCom,Thane,2021,135,130,74,56,38.07,73.7,83.7,83
COL0711,BCom,Thane,2022,153,130,83,47,38.22,71.1,85.7,77
COL0711,BCom,Thane,2023,146,120,77,43,38.27,66.0,79.3,93
COL0711,BCom,Thane,2024,168,140,93,47,39.28,71.0,86.6,79
COL0712,BA,Pune,2021,479,270,185,85,50.13,64.4,72.6,186
COL0712,BA,Pune,2022,483,270,186,84,50.66,73.0,88.2,196
COL0712,BA,Pune,2023,545,280,196,84,52.25,70.7,81.4,217
COL0712,BA,Pune,2024,599,280,217,63,49.28,70.5,88.5,186
COL0713,Diploma in Civil Engineering,Latur,2021,125,100,62,38,48.37,54.3,70.0,66
COL0713,Diploma in Civil Engineering,Latur,2022,138,110,66,44,49.84,60.3,70.5,66
COL0713,Diploma in Civil Engineering,Latur,2023,143,100,66,34,47.54,60.9,70.6,63
COL0713,Diploma in Civil Engineering,Latur,2024,139,100,63,37,46.87,59.5,70.4,72
COL0714,BCom,Ahmednagar,2021,419,120,102,18,70.49,98.0,100.0,111
COL0714,BCom,Ahmednagar,2022,460,120,111,9,68.77,97.6,100.0,106
COL0714,BCom,Ahmednagar,2023,448,120,106,14,69.41,96.8,100.0,117
COL0714,BCom,Ahmednagar,2024,509,130,117,13,68.6,97.6,100.0,93
COL0715,BE Electrical Engineering,Yavatmal,2021,103,50,36,14,84.09,88.7,100.0,36
COL0715,BE Electrical Engineering,Yavatmal,2022,110,50,36,14,82.83,89.5,100.0,38
COL0715,BE Electrical Engineering,Yavatmal,2023,118,50,38,12,85.14,86.8,100.0,39
COL0715,BE Electrical Engineering,Yavatmal,2024,119,50,39,11,83.94,78.9,93.4,42
COL0716,B.Ed,Chandrapur,2021,242,80,68,12,71.37,81.8,92.3,62
COL0716,B.Ed,Chandrapur,2022,211,80,62,18,71.3,87.1,100.0,69
COL0716,B.Ed,Chandrapur,2023,250,80,69,11,75.17,85.7,100.0,71
COL0716,B.Ed,Chandrapur,2024,249,80,71,9,74.26,84.9,98.6,63
COL0717,BSc,Mumbai City,2021,1015,310,273,37,65.65,90.8,100.0,283
COL0717,BSc,Mumbai City,2022,1096,310,283,27,67.3,92.7,100.0,273
COL0717,BSc,Mumbai City,2023,1127,310,273,37,69.1,93.1,100.0,279
COL0717,BSc,Mumbai City,2024,1136,330,279,51,67.21,92.6,100.0,244
COL0718,BE Computer Engineering,Bhandara,2021,119,110,70,40,65.04,64.3,80.8,65
COL0718,BE Computer Engineering,Bhandara,2022,111,110,65,45,64.42,65.6,79.5,66
COL0718,BE Computer Engineering,Bhandara,2023,133,110,66,44,66.5,60.8,74.7,69
COL0718,BE Computer Engineering,Bhandara,2024,131,100,69,31,66.92,65.1,72.9,74
COL0719,B.Ed,Pune,2021,118,40,33,7,73.14,80.4,98.2,34
COL0719,B.Ed,Pune,2022,121,40,34,6,76.47,84.5,100.0,33
COL0719,B.Ed,Pune,2023,122,40,33,7,77.36,83.5,95.3,34
COL0719,B.Ed,Pune,2024,124,40,34,6,73.74,78.9,94.5,35
COL0720,BA,Pune,2021,1554,410,372,38,70.08,93.7,100.0,371
COL0720,BA,Pune,2022,1638,400,371,29,68.09,98.0,100.0,421
COL0720,BA,Pune,2023,1882,450,421,29,68.84,95.5,100.0,398
COL0720,BA,Pune,2024,1759,430,398,32,69.95,97.0,100.0,401
COL0721,BSc,Mumbai Suburban,2021,595,410,260,150,49.29,70.3,82.4,284
COL0721,BSc,Mumbai Suburban,2022,721,410,284,126,46.71,72.1,83.8,318
COL0721,BSc,Mumbai Suburban,2023,775,440,318,122,49.22,74.8,85.2,275
COL0721,BSc,Mumbai Suburban,2024,657,410,275,135,47.69,69.6,80.2,366
COL0722,BSc,Palghar,2021,508,410,249,161,41.23,50.6,64.6,278
COL0722,BSc,Palghar,2022,572,400,278,122,41.81,49.2,67.6,313
COL0722,BSc,Palghar,2023,684,450,313,137,40.9,56.4,66.4,249
COL0722,BSc,Palghar,2024,546,390,249,141,42.76,54.2,70.8,226
COL0723,MBA,Parbhani,2021,116,100,60,40,52.81,68.2,84.2,65
COL0723,MBA,Parbhani,2022,130,100,65,35,51.82,68.7,76.9,67
COL0723,MBA,Parbhani,2023,121,100,67,33,53.94,74.4,93.5,68
COL0723,MBA,Parbhani,2024,141,110,68,42,51.09,71.3,86.6,81
COL0724,BSc,Nagpur,2021,1594,460,408,52,65.5,94.5,100.0,432
COL0724,BSc,Nagpur,2022,1785,470,432,38,66.16,96.6,100.0,392
COL0724,BSc,Nagpur,2023,1608,450,392,58,68.02,90.9,100.0,376
COL0724,BSc,Nagpur,2024,1584,410,376,34,71.09,90.7,100.0,469
COL0725,D.Pharm,Nanded,2021,102,50,38,12,66.08,81.0,97.1,37
COL0725,D.Pharm,Nanded,2022,106,50,37,13,67.99,72.9,91.8,39
COL0725,D.Pharm,Nanded,2023,105,50,39,11,69.51,81.3,98.2,45
COL0725,D.Pharm,Nanded,2024,128,60,45,15,66.98,85.8,100.0,37
COL0726,BSc Physics,Nandurbar,2021,272,220,134,86,46.11,61.0,79.5,139
COL0726,BSc Physics,Nandurbar,2022,283,220,139,81,47.67,53.5,68.1,131
COL0726,BSc Physics,Nandurbar,2023,267,210,131,79,43.54,59.4,76.0,171
COL0726,BSc Physics,Nandurbar,2024,339,250,171,79,44.02,62.1,79.8,130
COL0727,MBA,Solapur,2021,97,80,50,30,54.76,55.4,62.7,52
COL0727,MBA,Solapur,2022,97,80,52,28,55.11,58.7,70.4,49
COL0727,MBA,Solapur,2023,103,80,49,31,55.54,55.4,66.3,53
COL0727,MBA,Solapur,2024,113,80,53,27,54.47,61.7,75.0,68
COL0728,BA,Pune,2021,474,140,121,19,68.25,96.2,100.0,115
COL0728,BA,Pune,2022,436,140,115,25,68.93,96.4,100.0,120
COL0728,BA,Pune,2023,485,130,120,10,67.08,93.5,100.0,129
COL0728,BA,Pune,2024,543,140,129,11,66.17,94.6,100.0,147
COL0729,B.Ed,Ratnagiri,2021,104,80,50,30,54.76,60.2,75.6,54
COL0729,B.Ed,Ratnagiri,2022,118,80,54,26,52.41,57.4,68.3,56
COL0729,B.Ed,Ratnagiri,2023,122,90,56,34,51.31,63.6,74.6,44
COL0729,B.Ed,Ratnagiri,2024,87,70,44,26,55.35,61.5,76.5,45
COL0730,BSc,Buldhana,2021,778,240,205,35,67.21,87.7,100.0,211
COL0730,BSc,Buldhana,2022,799,250,211,39,65.69,89.6,100.0,222
COL0730,BSc,Buldhana,2023,844,260,222,38,68.45,90.5,100.0,189
COL0730,BSc,Buldhana,2024,741,220,189,31,69.47,96.0,100.0,259
COL0731,BBA,Latur,2021,84,50,34,16,62.5,61.3,78.9,32
COL0731,BBA,Latur,2022,77,50,32,18,61.15,65.1,77.5,40
COL0731,BBA,Latur,2023,103,60,40,20,62.84,64.4,75.1,41
COL0731,BBA,Latur,2024,100,60,41,19,61.08,68.3,78.5,30
COL0732,Diploma in Electrical Engineering,Thane,2021,171,50,43,7,78.53,85.7,98.7,44
COL0732,Diploma in Electrical Engineering,Thane,2022,175,50,44,6,79.42,91.8,100.0,45
COL0732,Diploma in Electrical Engineering,Thane,2023,175,50,45,5,77.39,87.4,100.0,44
COL0732,Diploma in Electrical Engineering,Thane,2024,183,50,44,6,78.7,92.8,100.0,44
COL0733,BSc Mathematics,Palghar,2021,465,150,127,23,67.41,85.1,100.0,111
COL0733,BSc Mathematics,Palghar,2022,388,140,111,29,65.69,92.7,100.0,139
COL0733,BSc Mathematics,Palghar,2023,536,170,139,31,67.1,91.0,100.0,151
COL0733,BSc Mathematics,Palghar,2024,586,170,151,19,68.82,82.7,98.0,118
COL0734,BA,Sangli,2021,641,360,246,114,47.36,68.5,88.5,269
COL0734,BA,Sangli,2022,663,360,269,91,51.03,68.6,81.7,264
COL0734,BA,Sangli,2023,666,390,264,126,50.14,70.9,90.6,286
COL0734,BA,Sangli,2024,782,370,286,84,47.42,64.9,78.2,315
COL0735,BA,Mumbai Suburban,2021,390,150,124,26,60.64,74.6,88.0,123
COL0735,BA,Mumbai Suburban,2022,407,150,123,27,58.15,69.8,89.5,108
COL0735,BA,Mumbai Suburban,2023,354,140,108,32,59.63,77.7,94.7,137
COL0735,BA,Mumbai Suburban,2024,463,160,137,23,58.59,76.2,94.8,134
COL0736,B.Pharm,Hingoli,2021,292,80,69,11,86.33,91.0,100.0,69
COL0736,B.Pharm,Hingoli,2022,291,80,69,11,84.38,93.3,100.0,67
COL0736,B.Pharm,Hingoli,2023,285,70,67,3,86.86,98.0,100.0,74
COL0736,B.Pharm,Hingoli,2024,320,80,74,6,86.59,96.5,100.0,94
COL0737,B.Arch,Amravati,2021,50,30,21,9,69.48,77.4,86.2,20
COL0737,B.Arch,Amravati,2022,50,30,20,10,72.5,74.4,92.2,22
COL0737,B.Arch,Amravati,2023,51,30,22,8,73.64,73.8,82.8,22
COL0737,B.Arch,Amravati,2024,58,30,22,8,73.84,75.8,90.1,22
COL0738,Diploma in Civil Engineering,Nagpur,2021,179,50,42,8,78.08,96.0,100.0,44
COL0738,Diploma in Civil Engineering,Nagpur,2022,188,50,44,6,75.83,98.0,100.0,46
COL0738,Diploma in Civil Engineering,Nagpur,2023,198,50,46,4,78.36,98.0,100.0,55
COL0738,Diploma in Civil Engineering,Nagpur,2024,242,60,55,5,78.3,98.0,100.0,55
COL0739,BE Electrical Engineering,Buldhana,2021,318,140,107,33,81.59,88.8,100.0,102
COL0739,BE Electrical Engineering,Buldhana,2022,298,140,102,38,84.36,81.7,98.4,122
COL0739,BE Electrical Engineering,Buldhana,2023,367,160,122,38,85.44,90.7,100.0,117
COL0739,BE Electrical Engineering,Buldhana,2024,371,160,117,43,81.68,82.5,99.2,118
COL0740,BA,Kolhapur,2021,264,130,96,34,51.64,82.3,100.0,93
COL0740,BA,Kolhapur,2022,270,130,93,37,54.8,82.5,91.6,98
COL0740,BA,Kolhapur,2023,280,130,98,32,54.27,76.2,92.7,91
COL0740,BA,Kolhapur,2024,279,120,91,29,55.53,71.2,83.1,119
COL0741,MBBS,Chhatrapati Sambhajinagar,2021,215,80,62,18,97.81,93.1,100.0,66
COL0741,MBBS,Chhatrapati Sambhajinagar,2022,248,80,66,14,98.44,94.6,100.0,71
COL0741,MBBS,Chhatrapati Sambhajinagar,2023,254,80,71,9,99.57,94.4,100.0,73
COL0741,MBBS,Chhatrapati Sambhajinagar,2024,267,90,73,17,99.95,87.8,100.0,87
COL0742,Diploma in Computer Engineering,Chandrapur,2021,134,50,40,10,65.44,89.2,100.0,40
COL0742,Diploma in Computer Engineering,Chandrapur,2022,136,50,40,10,67.47,78.6,95.6,42
COL0742,Diploma in Computer Engineering,Chandrapur,2023,146,50,42,8,66.19,76.2,92.4,38
COL0742,Diploma in Computer Engineering,Chandrapur,2024,131,50,38,12,69.08,82.4,97.7,44
COL0743,MBA,Solapur,2021,166,50,44,6,84.86,93.2,100.0,43
COL0743,MBA,Solapur,2022,164,50,43,7,86.41,94.0,100.0,41
COL0743,MBA,Solapur,2023,161,50,41,9,88.56,94.1,100.0,52
COL0743,MBA,Solapur,2024,204,60,52,8,89.75,98.0,100.0,43
COL0744,BA,Nagpur,2021,662,330,245,85,52.72,72.3,82.1,231
COL0744,BA,Nagpur,2022,667,340,231,109,51.65,66.9,85.3,247
COL0744,BA,Nagpur,2023,656,340,247,93,53.41,74.9,85.3,236
COL0744,BA,Nagpur,2024,647,330,236,94,53.63,70.7,87.2,230
COL0745,B.Arch,Jalgaon,2021,179,50,44,6,91.41,96.0,100.0,45
COL0745,B.Arch,Jalgaon,2022,192,50,45,5,94.37,98.0,100.0,46
COL0745,B.Arch,Jalgaon,2023,196,50,46,4,91.21,98.0,100.0,48
COL0745,B.Arch,Jalgaon,2024,209,50,48,2,91.0,94.2,100.0,49
COL0746,Diploma in Mechanical Engineering,Chhatrapati Sambhajinagar,2021,122,50,38,12,66.72,72.3,89.2,38
COL0746,Diploma in Mechanical Engineering,Chhatrapati Sambhajinagar,2022,125,50,38,12,68.67,73.7,83.6,38
COL0746,Diploma in Mechanical Engineering,Chhatrapati Sambhajinagar,2023,127,50,38,12,68.9,76.4,88.0,50
COL0746,Diploma in Mechanical Engineering,Chhatrapati Sambhajinagar,2024,173,60,50,10,69.57,78.1,93.7,51
COL0747,BSc,Wardha,2021,1098,350,284,66,66.04,92.8,100.0,324
COL0747,BSc,Wardha,2022,1282,370,324,46,67.66,97.6,100.0,323
COL0747,BSc,Wardha,2023,1301,350,323,27,69.63,98.0,100.0,281
COL0747,BSc,Wardha,2024,1109,330,281,49,69.43,94.6,100.0,285
COL0748,B.Sc Nursing,Nagpur,2021,184,80,58,22,64.27,78.9,91.8,64
COL0748,B.Sc Nursing,Nagpur,2022,218,80,64,16,65.91,84.9,96.9,65
COL0748,B.Sc Nursing,Nagpur,2023,227,80,65,15,67.26,84.1,100.0,76
COL0748,B.Sc Nursing,Nagpur,2024,270,90,76,14,65.1,80.0,89.7,78
COL0749,BE Mechanical Engineering,Mumbai City,2021,46,60,33,27,61.35,66.5,77.5,37
COL0749,BE Mechanical Engineering,Mumbai City,2022,59,60,37,23,62.47,57.5,64.8,35
COL0749,BE Mechanical Engineering,Mumbai City,2023,52,60,35,25,58.74,55.1,70.6,34
COL0749,BE Mechanical Engineering,Mumbai City,2024,55,60,34,26,60.27,58.6,76.7,31
COL0750,BE Computer Engineering,Mumbai City,2021,238,50,50,0,98.8,98.0,100.0,49
COL0750,BE Computer Engineering,Mumbai City,2022,242,50,49,1,99.95,93.3,100.0,50
COL0750,BE Computer Engineering,Mumbai City,2023,243,50,50,0,99.95,94.2,100.0,50
COL0750,BE Computer Engineering,Mumbai City,2024,255,50,50,0,99.95,92.1,100.0,50
COL0751,BSc Computer Science,Chandrapur,2021,249,170,109,61,51.07,69.6,84.1,111
COL0751,BSc Computer Science,Chandrapur,2022,263,170,111,59,52.39,70.7,80.7,106
COL0751,BSc Computer Science,Chandrapur,2023,264,160,106,54,48.17,63.1,72.4,105
COL0751,BSc Computer Science,Chandrapur,2024,268,150,105,45,53.01,65.2,82.2,122
COL0752,BSc Physics,Nagpur,2021,290,110,87,23,65.97,87.5,99.7,90
COL0752,BSc Physics,Nagpur,2022,328,110,90,20,63.77,92.1,100.0,96
COL0752,BSc Physics,Nagpur,2023,342,120,96,24,67.19,94.3,100.0,89
COL0752,BSc Physics,Nagpur,2024,316,100,89,11,67.25,89.8,100.0,105
COL0753,B.Ed,Thane,2021,92,40,31,9,65.21,77.6,96.3,29
COL0753,B.Ed,Thane,2022,87,40,29,11,66.54,70.3,87.9,30
COL0753,B.Ed,Thane,2023,96,40,30,10,68.51,72.5,91.6,32
COL0753,B.Ed,Thane,2024,97,40,32,8,67.76,69.3,78.4,31
COL0754,LLB,Mumbai Suburban,2021,235,100,75,25,78.46,80.9,100.0,78
COL0754,LLB,Mumbai Suburban,2022,247,100,78,22,78.64,85.4,97.5,86
COL0754,LLB,Mumbai Suburban,2023,285,110,86,24,76.68,79.8,93.6,85
COL0754,LLB,Mumbai Suburban,2024,283,110,85,25,79.66,78.5,97.4,83
COL0755,B.Arch,Nashik,2021,52,30,21,9,76.3,70.6,80.6,21
COL0755,B.Arch,Nashik,2022,52,30,21,9,75.07,78.3,97.1,22
COL0755,B.Arch,Nashik,2023,57,30,22,8,73.2,67.1,76.4,22
COL0755,B.Arch,Nashik,2024,61,30,22,8,77.07,76.5,85.0,24
COL0756,BE Mechanical Engineering,Pune,2021,457,130,113,17,97.48,93.5,100.0,131
COL0756,BE Mechanical Engineering,Pune,2022,556,140,131,9,98.28,98.0,100.0,112
COL0756,BE Mechanical Engineering,Pune,2023,504,120,112,8,99.95,98.0,100.0,114
COL0756,BE Mechanical Engineering,Pune,2024,505,120,114,6,98.17,98.0,100.0,147
COL0757,BA,Wardha,2021,1088,550,412,138,48.45,71.9,89.1,417
COL0757,BA,Wardha,2022,1135,560,417,143,52.99,74.3,93.9,386
COL0757,BA,Wardha,2023,1104,540,386,154,50.84,67.5,77.6,396
COL0757,BA,Wardha,2024,1072,570,396,174,49.19,70.7,83.5,436
COL0758,B.Ed,Beed,2021,290,80,69,11,80.21,94.8,100.0,75
COL0758,B.Ed,Beed,2022,321,80,75,5,78.92,90.4,100.0,83
COL0758,B.Ed,Beed,2023,378,90,83,7,80.07,98.0,100.0,69
COL0758,B.Ed,Beed,2024,318,70,69,1,81.5,93.6,100.0,65
COL0759,BCom,Buldhana,2021,239,120,83,37,53.62,80.4,99.2,88
COL0759,BCom,Buldhana,2022,256,120,88,32,53.76,87.6,100.0,92
COL0759,BCom,Buldhana,2023,272,130,92,38,54.05,79.7,90.7,82
COL0759,BCom,Buldhana,2024,261,110,82,28,56.56,83.7,99.2,117
COL0760,BSc,Mumbai Suburban,2021,335,120,94,26,65.63,83.9,100.0,95
COL0760,BSc,Mumbai Suburban,2022,349,120,95,25,65.34,87.5,100.0,100
COL0760,BSc,Mumbai Suburban,2023,361,120,100,20,62.0,80.7,100.0,105
COL0760,BSc,Mumbai Suburban,2024,383,130,105,25,62.43,89.5,100.0,96
COL0761,BE Electrical Engineering,Ahmednagar,2021,504,140,128,12,99.38,92.0,100.0,137
COL0761,BE Electrical Engineering,Ahmednagar,2022,584,150,137,13,97.72,98.0,100.0,124
COL0761,BE Electrical Engineering,Ahmednagar,2023,514,140,124,16,97.62,98.0,100.0,113
COL0761,BE Electrical Engineering,Ahmednagar,2024,473,130,113,17,99.95,98.0,100.0,154
COL0762,BSc,Mumbai City,2021,1048,410,321,89,56.75,81.6,92.0,311
COL0762,BSc,Mumbai City,2022,1041,400,311,89,57.03,85.2,100.0,309
COL0762,BSc,Mumbai City,2023,993,410,309,101,61.54,81.1,94.0,390
COL0762,BSc,Mumbai City,2024,1287,470,390,80,57.88,86.0,100.0,355
COL0763,BSc Computer Science,Akola,2021,313,110,88,22,66.01,93.2,100.0,96
COL0763,BSc Computer Science,Akola,2022,357,110,96,14,69.9,96.4,100.0,93
COL0763,BSc Computer Science,Akola,2023,336,110,93,17,68.21,98.0,100.0,94
COL0763,BSc Computer Science,Akola,2024,369,110,94,16,68.37,95.9,100.0,95
COL0764,BCom,Mumbai City,2021,680,210,173,37,67.26,84.2,94.6,199
COL0764,BCom,Mumbai City,2022,809,220,199,21,68.98,90.5,100.0,201
COL0764,BCom,Mumbai City,2023,802,220,201,19,69.1,84.2,99.7,189
COL0764,BCom,Mumbai City,2024,811,200,189,11,71.29,93.8,100.0,193
COL0765,MBA,Mumbai City,2021,129,80,57,23,58.34,57.4,73.4,58
COL0765,MBA,Mumbai City,2022,136,80,58,22,59.47,58.7,72.9,60
COL0765,MBA,Mumbai City,2023,136,90,60,30,59.58,60.9,78.6,57
COL0765,MBA,Mumbai City,2024,136,80,57,23,62.09,59.2,66.5,49
COL0766,Diploma in Electrical Engineering,Solapur,2021,67,50,34,16,47.81,65.4,74.8,32
COL0766,Diploma in Electrical Engineering,Solapur,2022,71,50,32,18,50.01,66.6,77.4,31
COL0766,Diploma in Electrical Engineering,Solapur,2023,68,50,31,19,48.57,67.1,81.3,35
COL0766,Diploma in Electrical Engineering,Solapur,2024,80,50,35,15,51.98,66.3,80.4,28
COL0767,BSc Physics,Ratnagiri,2021,262,100,80,20,63.54,82.8,100.0,83
COL0767,BSc Physics,Ratnagiri,2022,269,100,83,17,64.37,84.5,100.0,76
COL0767,BSc Physics,Ratnagiri,2023,261,100,76,24,64.95,85.6,100.0,92
COL0767,BSc Physics,Ratnagiri,2024,326,110,92,18,61.96,91.8,100.0,91
COL0768,BE Civil Engineering,Mumbai City,2021,374,90,81,9,99.95,92.0,100.0,85
COL0768,BE Civil Engineering,Mumbai City,2022,387,90,85,5,99.95,96.1,100.0,92
COL0768,BE Civil Engineering,Mumbai City,2023,439,100,92,8,99.77,98.0,100.0,97
COL0768,BE Civil Engineering,Mumbai City,2024,470,100,97,3,98.04,96.6,100.0,109
COL0769,BSc Computer Science,Sangli,2021,82,80,47,33,43.77,74.1,91.3,49
COL0769,BSc Computer Science,Sangli,2022,90,80,49,31,41.85,73.0,91.7,53
COL0769,BSc Computer Science,Sangli,2023,95,80,53,27,44.12,78.8,93.8,53
COL0769,BSc Computer Science,Sangli,2024,99,80,53,27,42.68,73.0,92.8,62
COL0770,B.Sc Nursing,Solapur,2021,90,50,35,15,54.73,74.6,83.2,36
COL0770,B.Sc Nursing,Solapur,2022,97,50,36,14,58.24,73.4,86.2,41
COL0770,B.Sc Nursing,Solapur,2023,104,60,41,19,57.98,63.6,82.9,30
COL0770,B.Sc Nursing,Solapur,2024,83,40,30,10,58.27,66.7,85.0,45
COL0771,B.Pharm,Sangli,2021,115,80,50,30,62.5,73.1,86.9,51
COL0771,B.Pharm,Sangli,2022,120,80,51,29,60.33,78.4,89.0,48
COL0771,B.Pharm,Sangli,2023,121,70,48,22,62.39,80.2,97.2,59
COL0771,B.Pharm,Sangli,2024,143,80,59,21,64.8,77.1,89.4,59
COL0772,BE Mechanical Engineering,Pune,2021,296,170,115,55,77.25,74.9,87.1,120
COL0772,BE Mechanical Engineering,Pune,2022,335,170,120,50,79.92,78.5,90.3,134
COL0772,BE Mechanical Engineering,Pune,2023,357,190,134,56,80.38,81.2,97.2,126
COL0772,BE Mechanical Engineering,Pune,2024,347,180,126,54,78.65,80.1,97.2,148
COL0773,BCom,Mumbai Suburban,2021,707,280,216,64,60.1,77.6,91.0,211
COL0773,BCom,Mumbai Suburban,2022,666,280,211,69,58.53,70.1,82.9,201
COL0773,BCom,Mumbai Suburban,2023,687,260,201,59,60.8,71.9,82.5,245
COL0773,BCom,Mumbai Suburban,2024,864,290,245,45,58.02,67.8,83.3,254
COL0774,Diploma in Civil Engineering,Mumbai City,2021,139,80,56,24,57.32,63.8,81.0,54
COL0774,Diploma in Civil Engineering,Mumbai City,2022,152,80,54,26,59.11,69.5,86.7,66
COL0774,Diploma in Civil Engineering,Mumbai City,2023,175,90,66,24,59.22,66.1,76.2,68
COL0774,Diploma in Civil Engineering,Mumbai City,2024,185,90,68,22,57.08,69.4,79.6,58
COL0775,Diploma in Computer Engineering,Thane,2021,305,100,81,19,74.75,91.2,100.0,91
COL0775,Diploma in Computer Engineering,Thane,2022,359,100,91,9,79.44,93.0,100.0,83
COL0775,Diploma in Computer Engineering,Thane,2023,324,90,83,7,76.59,89.5,100.0,81
COL0775,Diploma in Computer Engineering,Thane,2024,322,90,81,9,80.23,93.5,100.0,106
COL0776,B.Sc Agriculture,Thane,2021,94,80,49,31,49.59,63.3,71.5,54
COL0776,B.Sc Agriculture,Thane,2022,98,80,54,26,48.99,68.6,82.5,53
COL0776,B.Sc Agriculture,Thane,2023,105,80,53,27,48.3,65.3,81.3,45
COL0776,B.Sc Agriculture,Thane,2024,89,70,45,25,47.94,63.7,83.0,56
COL0777,BE Computer Engineering,Yavatmal,2021,346,100,86,14,99.95,86.4,100.0,83
COL0777,BE Computer Engineering,Yavatmal,2022,337,100,83,17,99.95,98.0,100.0,98
COL0777,BE Computer Engineering,Yavatmal,2023,393,110,98,12,98.37,94.7,100.0,101
COL0777,BE Computer Engineering,Yavatmal,2024,418,110,101,9,99.59,95.4,100.0,85
COL0778,B.Ed,Dharashiv,2021,44,40,25,15,46.48,63.4,71.2,23
COL0778,B.Ed,Dharashiv,2022,39,40,23,17,46.65,60.7,70.0,24
COL0778,B.Ed,Dharashiv,2023,40,40,24,16,49.26,67.2,84.8,33
COL0778,B.Ed,Dharashiv,2024,57,50,33,17,47.74,68.9,84.2,25
COL0779,BCom,Chhatrapati Sambhajinagar,2021,632,200,168,32,67.0,86.2,100.0,163
COL0779,BCom,Chhatrapati Sambhajinagar,2022,610,200,163,37,67.95,89.1,100.0,181
COL0779,BCom,Chhatrapati Sambhajinagar,2023,733,220,181,39,65.89,93.6,100.0,196
COL0779,BCom,Chhatrapati Sambhajinagar,2024,804,230,196,34,68.77,92.7,100.0,159
COL0780,BA,Pune,2021,784,360,266,94,53.74,76.1,87.2,269
COL0780,BA,Pune,2022,751,370,269,101,55.04,77.7,96.5,296
COL0780,BA,Pune,2023,921,390,296,94,55.42,72.0,88.9,270
COL0780,BA,Pune,2024,845,370,270,100,56.46,79.0,98.4,271
COL0781,BSc,Mumbai Suburban,2021,795,210,184,26,68.09,90.1,100.0,173
COL0781,BSc,Mumbai Suburban,2022,732,200,173,27,68.97,93.1,100.0,171
COL0781,BSc,Mumbai Suburban,2023,760,190,171,19,68.49,96.1,100.0,175
COL0781,BSc,Mumbai Suburban,2024,751,190,175,15,69.58,98.0,100.0,237
COL0782,BCom,Kolhapur,2021,1071,370,300,70,63.99,77.0,95.9,337
COL0782,BCom,Kolhapur,2022,1227,390,337,53,65.57,89.0,100.0,333
COL0782,BCom,Kolhapur,2023,1275,380,333,47,64.45,82.8,94.7,361
COL0782,BCom,Kolhapur,2024,1390,420,361,59,67.55,84.3,100.0,375
COL0783,D.Pharm,Jalgaon,2021,154,80,58,22,64.28,75.0,95.7,59
COL0783,D.Pharm,Jalgaon,2022,150,80,59,21,63.98,87.3,100.0,54
COL0783,D.Pharm,Jalgaon,2023,141,80,54,26,67.01,85.0,100.0,57
COL0783,D.Pharm,Jalgaon,2024,162,80,57,23,64.92,85.7,98.5,74
COL0784,BCom,Hingoli,2021,1071,390,313,77,63.14,90.0,100.0,333
COL0784,BCom,Hingoli,2022,1169,390,333,57,64.65,86.9,98.1,323
COL0784,BCom,Hingoli,2023,1153,400,323,77,65.3,97.6,100.0,323
COL0784,BCom,Hingoli,2024,1229,370,323,47,63.33,89.4,100.0,384
COL0785,BCom,Nagpur,2021,443,100,97,3,70.91,95.5,100.0,100
COL0785,BCom,Nagpur,2022,474,110,100,10,70.93,98.0,100.0,97
COL0785,BCom,Nagpur,2023,450,100,97,3,68.24,90.7,100.0,109
COL0785,BCom,Nagpur,2024,544,110,109,1,69.64,97.1,100.0,90
COL0786,Diploma in Mechanical Engineering,Beed,2021,303,80,71,9,79.21,96.5,100.0,76
COL0786,Diploma in Mechanical Engineering,Beed,2022,327,80,76,4,77.19,98.0,100.0,76
COL0786,Diploma in Mechanical Engineering,Beed,2023,332,80,76,4,81.04,98.0,100.0,64
COL0786,Diploma in Mechanical Engineering,Beed,2024,296,70,64,6,78.95,96.4,100.0,74
COL0787,BCom,Amravati,2021,659,190,160,30,66.15,96.3,100.0,178
COL0787,BCom,Amravati,2022,742,190,178,12,68.92,95.2,100.0,192
COL0787,BCom,Amravati,2023,823,210,192,18,69.48,93.1,100.0,194
COL0787,BCom,Amravati,2024,871,210,194,16,69.69,91.4,100.0,154
COL0788,BE Electrical Engineering,Nanded,2021,89,60,41,19,70.3,60.4,77.5,36
COL0788,BE Electrical Engineering,Nanded,2022,78,60,36,24,69.63,65.0,82.4,39
COL0788,BE Electrical Engineering,Nanded,2023,83,60,39,21,71.79,70.3,86.4,38
COL0788,BE Electrical Engineering,Nanded,2024,81,60,38,22,70.75,61.3,77.0,34
COL0789,BCom,Pune,2021,248,120,84,36,58.18,64.8,74.2,89
COL0789,BCom,Pune,2022,249,120,89,31,54.6,70.4,86.8,93
COL0789,BCom,Pune,2023,289,120,93,27,58.2,67.7,77.2,98
COL0789,BCom,Pune,2024,286,130,98,32,58.38,63.4,80.5,97
COL0790,BE Mechanical Engineering,Amravati,2021,364,160,126,34,82.71,81.4,98.9,124
COL0790,BE Mechanical Engineering,Amravati,2022,365,170,124,46,82.94,80.1,99.7,145
COL0790,BE Mechanical Engineering,Amravati,2023,462,180,145,35,85.3,86.6,96.3,138
COL0790,BE Mechanical Engineering,Amravati,2024,421,170,138,32,85.98,83.1,100.0,134
COL0791,B.Pharm,Buldhana,2021,228,80,64,16,80.82,91.2,100.0,70
COL0791,B.Pharm,Buldhana,2022,259,80,70,10,81.56,91.2,100.0,72
COL0791,B.Pharm,Buldhana,2023,256,90,72,18,81.97,86.4,100.0,74
COL0791,B.Pharm,Buldhana,2024,289,90,74,16,80.25,93.2,100.0,75
COL0792,BCom,Nanded,2021,674,230,190,40,64.85,79.3,92.5,207
COL0792,BCom,Nanded,2022,763,240,207,33,66.62,83.8,99.4,186
COL0792,BCom,Nanded,2023,700,220,186,34,68.14,81.9,100.0,194
COL0792,BCom,Nanded,2024,720,220,194,26,66.64,77.1,89.9,204
COL0793,Diploma in Mechanical Engineering,Chhatrapati Sambhajinagar,2021,144,50,41,9,68.07,85.6,100.0,40
COL0793,Diploma in Mechanical Engineering,Chhatrapati Sambhajinagar,2022,144,50,40,10,69.44,78.1,87.4,50
COL0793,Diploma in Mechanical Engineering,Chhatrapati Sambhajinagar,2023,180,60,50,10,72.47,80.7,100.0,42
COL0793,Diploma in Mechanical Engineering,Chhatrapati Sambhajinagar,2024,148,50,42,8,72.95,79.8,94.7,53
COL0794,Diploma in Computer Engineering,Mumbai Suburban,2021,156,50,43,7,71.75,88.0,100.0,43
COL0794,Diploma in Computer Engineering,Mumbai Suburban,2022,150,50,43,7,73.7,86.7,97.3,40
COL0794,Diploma in Computer Engineering,Mumbai Suburban,2023,140,50,40,10,72.45,86.5,100.0,42
COL0794,Diploma in Computer Engineering,Mumbai Suburban,2024,159,50,42,8,71.2,80.8,98.1,42
COL0795,Diploma in Mechanical Engineering,Mumbai Suburban,2021,270,80,72,8,76.99,87.0,100.0,66
COL0795,Diploma in Mechanical Engineering,Mumbai Suburban,2022,257,80,66,14,76.37,81.6,93.7,72
COL0795,Diploma in Mechanical Engineering,Mumbai Suburban,2023,286,80,72,8,79.08,79.2,99.9,77
COL0795,Diploma in Mechanical Engineering,Mumbai Suburban,2024,318,90,77,13,79.16,81.5,94.5,69
COL0796,BA,Yavatmal,2021,493,330,222,108,44.35,60.8,75.1,237
COL0796,BA,Yavatmal,2022,535,340,237,103,43.3,65.3,73.6,227
COL0796,BA,Yavatmal,2023,499,320,227,93,44.74,63.0,82.1,254
COL0796,BA,Yavatmal,2024,629,380,254,126,44.59,61.6,79.0,232
COL0797,B.Pharm,Mumbai Suburban,2021,112,50,39,11,68.32,76.9,93.6,36
COL0797,B.Pharm,Mumbai Suburban,2022,105,50,36,14,71.37,73.1,87.3,39
COL0797,B.Pharm,Mumbai Suburban,2023,114,50,39,11,73.68,73.2,82.7,45
COL0797,B.Pharm,Mumbai Suburban,2024,136,60,45,15,71.24,81.8,94.5,37
COL0798,Diploma in Civil Engineering,Mumbai Suburban,2021,122,80,56,24,51.58,60.0,76.3,58
COL0798,Diploma in Civil Engineering,Mumbai Suburban,2022,133,80,58,22,52.3,67.5,84.8,55
COL0798,Diploma in Civil Engineering,Mumbai Suburban,2023,134,80,55,25,55.86,61.3,75.4,46
COL0798,Diploma in Civil Engineering,Mumbai Suburban,2024,109,70,46,24,54.46,68.9,85.5,49
COL0799,Diploma in Electrical Engineering,Kolhapur,2021,184,80,60,20,68.26,78.7,96.9,60
COL0799,Diploma in Electrical Engineering,Kolhapur,2022,202,80,60,20,69.88,78.7,89.6,66
COL0799,Diploma in Electrical Engineering,Kolhapur,2023,219,80,66,14,65.83,76.5,94.2,56
COL0799,Diploma in Electrical Engineering,Kolhapur,2024,191,70,56,14,69.33,85.8,100.0,73
COL0800,BCom,Nandurbar,2021,629,170,153,17,69.13,87.8,100.0,161
COL0800,BCom,Nandurbar,2022,692,170,161,9,69.77,98.0,100.0,161
COL0800,BCom,Nandurbar,2023,716,180,161,19,72.93,87.0,100.0,133
COL0800,BCom,Nandurbar,2024,587,150,133,17,70.4,96.6,100.0,154
COL0801,BA LLB,Thane,2021,235,80,64,16,81.2,80.5,94.9,70
COL0801,BA LLB,Thane,2022,261,80,70,10,80.74,80.9,99.5,66
COL0801,BA LLB,Thane,2023,251,80,66,14,81.03,74.5,90.0,78
COL0801,BA LLB,Thane,2024,291,90,78,12,85.08,82.9,100.0,74
COL0802,D.Ed,Parbhani,2021,304,80,69,11,81.84,90.5,100.0,70
COL0802,D.Ed,Parbhani,2022,302,80,70,10,79.81,89.0,99.8,83
COL0802,D.Ed,Parbhani,2023,372,90,83,7,82.62,90.9,100.0,64
COL0802,D.Ed,Parbhani,2024,301,70,64,6,78.88,93.7,100.0,68
COL0803,BCom,Mumbai Suburban,2021,454,150,129,21,65.03,88.0,100.0,140
COL0803,BCom,Mumbai Suburban,2022,502,160,140,20,61.92,85.0,100.0,138
COL0803,BCom,Mumbai Suburban,2023,532,160,138,22,61.77,84.1,100.0,152
COL0803,BCom,Mumbai Suburban,2024,588,170,152,18,66.35,87.7,100.0,132
COL0804,B.Tech Agricultural Engineering,Mumbai City,2021,130,80,56,24,55.48,73.0,81.4,52
COL0804,B.Tech Agricultural Engineering,Mumbai City,2022,121,80,52,28,56.56,73.2,90.4,66
COL0804,B.Tech Agricultural Engineering,Mumbai City,2023,150,90,66,24,55.17,73.8,86.7,48
COL0804,B.Tech Agricultural Engineering,Mumbai City,2024,119,70,48,22,56.17,68.1,80.7,55
COL0805,BA,Kolhapur,2021,285,160,114,46,45.45,64.5,73.5,113
COL0805,BA,Kolhapur,2022,277,160,113,47,48.02,68.7,85.9,108
COL0805,BA,Kolhapur,2023,265,150,108,42,46.92,65.1,73.8,121
COL0805,BA,Kolhapur,2024,310,160,121,39,49.3,69.9,77.7,102
COL0806,B.Ed,Latur,2021,159,80,58,22,60.84,68.9,86.1,61
COL0806,B.Ed,Latur,2022,158,80,61,19,62.8,75.4,94.7,51
COL0806,B.Ed,Latur,2023,139,70,51,19,63.57,75.9,91.9,56
COL0806,B.Ed,Latur,2024,164,80,56,24,63.21,72.4,90.8,60
COL0807,BA Economics,Kolhapur,2021,341,160,122,38,48.85,75.8,90.4,128
COL0807,BA Economics,Kolhapur,2022,364,160,128,32,47.72,72.8,88.0,109
COL0807,BA Economics,Kolhapur,2023,320,150,109,41,51.69,73.7,92.3,140
COL0807,BA Economics,Kolhapur,2024,433,180,140,40,48.5,73.3,85.9,121
COL0808,BSc,Mumbai City,2021,1804,550,475,75,65.85,98.0,100.0,524
COL0808,BSc,Mumbai City,2022,2073,580,524,56,69.91,90.5,100.0,546
COL0808,BSc,Mumbai City,2023,2211,590,546,44,69.73,94.8,100.0,491
COL0808,BSc,Mumbai City,2024,2094,560,491,69,70.05,95.7,100.0,533
COL0809,B.Pharm,Beed,2021,123,50,39,11,72.21,87.5,100.0,40
COL0809,B.Pharm,Beed,2022,128,50,40,10,71.72,87.3,100.0,39
COL0809,B.Pharm,Beed,2023,121,50,39,11,72.96,93.2,100.0,42
COL0809,B.Pharm,Beed,2024,140,50,42,8,74.73,84.9,100.0,51
COL0810,BCom,Palghar,2021,925,280,243,37,68.79,92.2,100.0,247
COL0810,BCom,Palghar,2022,987,290,247,43,65.75,92.5,100.0,259
COL0810,BCom,Palghar,2023,1019,300,259,41,67.83,98.0,100.0,233
COL0810,BCom,Palghar,2024,960,250,233,17,67.07,94.5,100.0,285
COL0811,BCom,Jalna,2021,496,180,148,32,59.45,74.7,93.4,137
COL0811,BCom,Jalna,2022,464,180,137,43,60.44,74.2,93.0,152
COL0811,BCom,Jalna,2023,489,200,152,48,60.61,81.6,96.4,158
COL0811,BCom,Jalna,2024,557,190,158,32,62.5,81.5,100.0,136
COL0812,BA History,Nashik,2021,207,150,103,47,38.17,62.6,75.8,95
COL0812,BA History,Nashik,2022,212,150,95,55,41.67,60.8,78.0,90
COL0812,BA History,Nashik,2023,184,140,90,50,40.81,58.9,70.4,97
COL0812,BA History,Nashik,2024,210,140,97,43,39.38,56.9,73.1,124
COL0813,BA,Nandurbar,2021,843,270,234,36,64.44,93.6,100.0,209
COL0813,BA,Nandurbar,2022,787,260,209,51,64.88,90.1,100.0,240
COL0813,BA,Nandurbar,2023,948,270,240,30,66.79,92.6,100.0,211
COL0813,BA,Nandurbar,2024,806,250,211,39,64.95,96.8,100.0,286
COL0814,BSc,Washim,2021,682,260,214,46,60.15,82.7,99.5,199
COL0814,BSc,Washim,2022,683,250,199,51,56.94,79.9,93.6,203
COL0814,BSc,Washim,2023,661,260,203,57,58.79,83.9,97.5,225
COL0814,BSc,Washim,2024,740,270,225,45,58.1,82.4,94.6,217
COL0815,BSc Computer Science,Dharashiv,2021,532,160,135,25,72.21,87.0,100.0,144
COL0815,BSc Computer Science,Dharashiv,2022,564,160,144,16,73.11,97.3,100.0,153
COL0815,BSc Computer Science,Dharashiv,2023,640,170,153,17,74.73,96.2,100.0,147
COL0815,BSc Computer Science,Dharashiv,2024,607,170,147,23,71.34,97.0,100.0,168
COL0816,D.Pharm,Satara,2021,251,80,69,11,82.46,94.3,100.0,68
COL0816,D.Pharm,Satara,2022,241,80,68,12,78.72,92.0,100.0,68
COL0816,D.Pharm,Satara,2023,245,80,68,12,81.69,84.9,100.0,67
COL0816,D.Pharm,Satara,2024,263,80,67,13,81.64,86.1,100.0,82
COL0817,BE Computer Engineering,Pune,2021,273,130,100,30,83.71,79.4,99.6,95
COL0817,BE Computer Engineering,Pune,2022,288,130,95,35,83.63,88.0,98.9,95
COL0817,BE Computer Engineering,Pune,2023,284,120,95,25,83.61,77.7,93.2,116
COL0817,BE Computer Engineering,Pune,2024,371,150,116,34,82.5,84.4,100.0,91
COL0818,BSc,Latur,2021,502,210,158,52,59.84,79.5,92.5,157
COL0818,BSc,Latur,2022,493,210,157,53,58.03,82.5,93.0,182
COL0818,BSc,Latur,2023,610,230,182,48,60.83,74.7,93.9,149
COL0818,BSc,Latur,2024,491,190,149,41,61.89,74.8,85.1,174
COL0819,BCom,Pune,2021,361,150,114,36,60.29,81.5,91.8,120
COL0819,BCom,Pune,2022,381,150,120,30,61.36,78.5,87.4,116
COL0819,BCom,Pune,2023,382,140,116,24,59.18,77.5,97.1,132
COL0819,BCom,Pune,2024,452,170,132,38,63.06,85.1,100.0,126
COL0820,BSc,Thane,2021,723,220,187,33,65.18,92.2,100.0,192
COL0820,BSc,Thane,2022,779,230,192,38,67.28,87.2,100.0,202
COL0820,BSc,Thane,2023,778,230,202,28,68.26,98.0,100.0,210
COL0820,BSc,Thane,2024,828,240,210,30,68.79,95.9,100.0,221
COL0821,BCom,Gondia,2021,278,110,84,26,61.0,82.5,100.0,86
COL0821,BCom,Gondia,2022,301,110,86,24,59.98,81.7,99.4,87
COL0821,BCom,Gondia,2023,320,110,87,23,64.7,79.6,89.2,109
COL0821,BCom,Gondia,2024,388,130,109,21,63.29,82.8,97.6,116
COL0822,BCom,Chhatrapati Sambhajinagar,2021,145,100,67,33,48.47,58.4,71.7,66
COL0822,BCom,Chhatrapati Sambhajinagar,2022,153,100,66,34,49.52,65.9,82.5,65
COL0822,BCom,Chhatrapati Sambhajinagar,2023,146,100,65,35,47.18,58.7,68.0,81
COL0822,BCom,Chhatrapati Sambhajinagar,2024,192,120,81,39,47.76,64.7,78.3,75
COL0823,BCom,Akola,2021,746,410,305,105,47.62,67.3,83.5,301
COL0823,BCom,Akola,2022,819,430,301,129,48.75,76.7,88.5,297
COL0823,BCom,Akola,2023,770,410,297,113,48.92,71.2,80.6,269
COL0823,BCom,Akola,2024,719,370,269,101,52.47,70.4,80.7,272
COL0824,D.Pharm,Mumbai Suburban,2021,200,80,65,15,75.49,87.4,98.9,65
COL0824,D.Pharm,Mumbai Suburban,2022,204,80,65,15,76.86,84.6,100.0,67
COL0824,D.Pharm,Mumbai Suburban,2023,224,80,67,13,73.96,85.4,100.0,63
COL0824,D.Pharm,Mumbai Suburban,2024,212,80,63,17,74.02,83.5,100.0,78
COL0825,Diploma in Electrical Engineering,Akola,2021,146,80,55,25,54.64,69.7,78.9,58
COL0825,Diploma in Electrical Engineering,Akola,2022,158,80,58,22,54.51,66.1,74.5,58
COL0825,Diploma in Electrical Engineering,Akola,2023,152,80,58,22,57.0,66.7,82.6,59
COL0825,Diploma in Electrical Engineering,Akola,2024,162,80,59,21,57.86,66.2,74.9,66
COL0826,MBBS,Mumbai Suburban,2021,122,80,54,26,94.08,63.5,74.3,51
COL0826,MBBS,Mumbai Suburban,2022,121,80,51,29,96.82,59.3,78.4,58
COL0826,MBBS,Mumbai Suburban,2023,133,80,58,22,97.21,62.4,72.6,67
COL0826,MBBS,Mumbai Suburban,2024,171,90,67,23,97.16,61.9,78.1,59
COL0827,BCom,Thane,2021,1162,410,330,80,64.62,86.5,100.0,349
COL0827,BCom,Thane,2022,1303,420,349,71,64.43,87.3,100.0,362
COL0827,BCom,Thane,2023,1348,410,362,48,65.88,91.1,100.0,300
COL0827,BCom,Thane,2024,1105,370,300,70,65.14,85.6,100.0,403
COL0828,BSc Mathematics,Jalgaon,2021,171,100,70,30,53.22,74.1,92.7,72
COL0828,BSc Mathematics,Jalgaon,2022,167,100,72,28,52.51,75.7,91.7,69
COL0828,BSc Mathematics,Jalgaon,2023,172,100,69,31,53.08,76.5,90.2,73
COL0828,BSc Mathematics,Jalgaon,2024,195,100,73,27,50.86,68.5,77.7,76
COL0829,BBA,Amravati,2021,220,80,64,16,83.58,93.1,100.0,64
COL0829,BBA,Amravati,2022,236,80,64,16,86.1,94.4,100.0,78
COL0829,BBA,Amravati,2023,299,90,78,12,83.34,83.8,99.1,76
COL0829,BBA,Amravati,2024,286,90,76,14,86.25,83.2,100.0,67
COL0830,BSc Computer Science,Pune,2021,532,160,141,19,71.18,98.0,100.0,142
COL0830,BSc Computer Science,Pune,2022,555,170,142,28,71.26,90.6,100.0,154
COL0830,BSc Computer Science,Pune,2023,637,180,154,26,74.33,95.8,100.0,129
COL0830,BSc Computer Science,Pune,2024,540,140,129,11,72.07,95.8,100.0,127
COL0831,MBA,Nanded,2021,227,50,48,2,92.35,97.2,100.0,50
COL0831,MBA,Nanded,2022,234,50,50,0,89.56,92.0,100.0,46
COL0831,MBA,Nanded,2023,222,50,46,4,89.27,98.0,100.0,49
COL0831,MBA,Nanded,2024,245,50,49,1,89.52,91.9,100.0,40
COL0832,BA,Kolhapur,2021,341,240,157,83,47.1,69.1,88.5,156
COL0832,BA,Kolhapur,2022,357,230,156,74,44.08,64.9,83.1,166
COL0832,BA,Kolhapur,2023,417,230,166,64,47.26,67.6,77.8,193
COL0832,BA,Kolhapur,2024,495,280,193,87,45.24,64.0,82.5,194
COL0833,B.Sc Agriculture,Sindhudurg,2021,111,50,38,12,63.47,74.5,91.3,38
COL0833,B.Sc Agriculture,Sindhudurg,2022,108,50,38,12,65.76,74.2,92.1,38
COL0833,B.Sc Agriculture,Sindhudurg,2023,116,50,38,12,66.48,76.6,89.0,39
COL0833,B.Sc Agriculture,Sindhudurg,2024,118,50,39,11,66.89,79.7,97.9,37
COL0834,BCom,Mumbai City,2021,226,180,110,70,40.81,52.4,71.0,107
COL0834,BCom,Mumbai City,2022,214,180,107,73,40.22,65.7,74.0,125
COL0834,BCom,Mumbai City,2023,272,180,125,55,39.99,60.1,67.5,104
COL0834,BCom,Mumbai City,2024,229,160,104,56,40.89,63.8,81.2,132
COL0835,BCom,Parbhani,2021,494,280,187,93,52.0,71.9,86.3,200
COL0835,BCom,Parbhani,2022,512,290,200,90,52.18,70.0,82.6,197
COL0835,BCom,Parbhani,2023,527,290,197,93,51.25,65.1,78.1,198
COL0835,BCom,Parbhani,2024,555,280,198,82,48.48,70.4,80.0,248
COL0836,B.Arch,Yavatmal,2021,157,50,42,8,90.77,89.9,100.0,45
COL0836,B.Arch,Yavatmal,2022,180,50,45,5,90.88,89.8,100.0,43
COL0836,B.Arch,Yavatmal,2023,165,50,43,7,92.3,93.4,100.0,44
COL0836,B.Arch,Yavatmal,2024,173,50,44,6,92.92,94.5,100.0,46
COL0837,BSc Mathematics,Mumbai City,2021,477,160,128,32,70.28,96.5,100.0,144
COL0837,BSc Mathematics,Mumbai City,2022,548,160,144,16,70.62,91.4,100.0,157
COL0837,BSc Mathematics,Mumbai City,2023,620,170,157,13,71.18,94.9,100.0,137
COL0837,BSc Mathematics,Mumbai City,2024,553,160,137,23,69.86,91.9,100.0,138
COL0838,BCom,Mumbai Suburban,2021,749,510,348,162,45.84,68.0,77.8,338
COL0838,BCom,Mumbai Suburban,2022,828,530,338,192,47.38,65.4,78.1,356
COL0838,BCom,Mumbai Suburban,2023,849,490,356,134,44.5,68.6,87.4,330
COL0838,BCom,Mumbai Suburban,2024,779,460,330,130,48.82,66.5,81.6,422
COL0839,BCom,Satara,2021,1213,280,270,10,66.25,97.7,100.0,280
COL0839,BCom,Satara,2022,1304,290,280,10,70.58,96.4,100.0,285
COL0839,BCom,Satara,2023,1329,300,285,15,67.23,98.0,100.0,269
COL0839,BCom,Satara,2024,1285,270,269,1,67.4,88.8,100.0,288
COL0840,BSc,Mumbai Suburban,2021,930,410,306,104,59.84,79.4,100.0,319
COL0840,BSc,Mumbai Suburban,2022,1049,420,319,101,59.4,80.6,92.8,301
COL0840,BSc,Mumbai Suburban,2023,960,380,301,79,55.85,77.2,87.5,341
COL0840,BSc,Mumbai Suburban,2024,1092,410,341,69,56.08,77.8,98.9,346
COL0841,Diploma in Computer Engineering,Chhatrapati Sambhajinagar,2021,191,100,72,28,56.86,73.7,86.7,76
COL0841,Diploma in Computer Engineering,Chhatrapati Sambhajinagar,2022,204,100,76,24,57.15,73.0,86.4,75
COL0841,Diploma in Computer Engineering,Chhatrapati Sambhajinagar,2023,191,110,75,35,59.44,64.2,72.6,84
COL0841,Diploma in Computer Engineering,Chhatrapati Sambhajinagar,2024,229,110,84,26,58.24,65.9,79.8,91
COL0842,B.Pharm,Pune,2021,51,50,29,21,53.44,58.3,69.0,28
COL0842,B.Pharm,Pune,2022,50,50,28,22,52.09,61.4,69.9,29
COL0842,B.Pharm,Pune,2023,46,50,29,21,51.02,62.7,79.7,37
COL0842,B.Pharm,Pune,2024,69,60,37,23,55.29,61.5,73.5,33
COL0843,BA English,Akola,2021,501,200,153,47,55.89,82.3,94.5,162
COL0843,BA English,Akola,2022,540,200,162,38,56.01,82.8,92.5,161
COL0843,BA English,Akola,2023,536,190,161,29,56.24,83.0,99.6,172
COL0843,BA English,Akola,2024,597,220,172,48,54.26,71.7,85.3,142
COL0844,BA History,Akola,2021,444,220,165,55,47.26,71.1,88.5,144
COL0844,BA History,Akola,2022,404,210,144,66,47.68,69.8,84.3,172
COL0844,BA History,Akola,2023,506,220,172,48,49.02,67.4,77.1,182
COL0844,BA History,Akola,2024,527,250,182,68,48.5,74.3,82.8,184
COL0845,BCom,Mumbai City,2021,1169,490,367,123,59.23,77.0,95.5,397
COL0845,BCom,Mumbai City,2022,1261,480,397,83,57.88,72.9,86.9,392
COL0845,BCom,Mumbai City,2023,1320,510,392,118,58.01,80.0,98.9,368
COL0845,BCom,Mumbai City,2024,1201,450,368,82,56.97,78.4,98.6,486
COL0846,BE Electronics & Telecommunication,Mumbai Suburban,2021,107,80,50,30,72.62,74.4,91.4,49
COL0846,BE Electronics & Telecommunication,Mumbai Suburban,2022,100,80,49,31,69.43,73.3,83.3,64
COL0846,BE Electronics & Telecommunication,Mumbai Suburban,2023,139,90,64,26,68.86,76.0,85.9,51
COL0846,BE Electronics & Telecommunication,Mumbai Suburban,2024,110,70,51,19,71.87,76.8,96.8,67
COL0847,BCom,Amravati,2021,403,330,198,132,42.8,59.7,71.9,221
COL0847,BCom,Amravati,2022,425,340,221,119,43.84,56.3,68.2,243
COL0847,BCom,Amravati,2023,523,350,243,107,41.05,54.2,68.3,230
COL0847,BCom,Amravati,2024,466,360,230,130,43.3,58.5,65.8,210
COL0848,BA,Dharashiv,2021,700,310,224,86,58.08,79.9,95.7,270
COL0848,BA,Dharashiv,2022,824,330,270,60,58.57,84.7,100.0,218
COL0848,BA,Dharashiv,2023,710,290,218,72,58.54,86.4,100.0,236
COL0848,BA,Dharashiv,2024,750,280,236,44,59.49,79.8,97.8,246
COL0849,BE Computer Engineering,Raigad,2021,137,60,47,13,84.81,86.8,100.0,48
COL0849,BE Computer Engineering,Raigad,2022,137,60,48,12,86.43,84.4,100.0,46
COL0849,BE Computer Engineering,Raigad,2023,145,60,46,14,86.77,88.4,99.9,46
COL0849,BE Computer Engineering,Raigad,2024,149,60,46,14,83.46,88.6,100.0,57
COL0850,BE Computer Engineering,Jalgaon,2021,271,190,127,63,74.29,73.4,86.4,142
COL0850,BE Computer Engineering,Jalgaon,2022,338,200,142,58,73.09,74.7,85.6,122
COL0850,BE Computer Engineering,Jalgaon,2023,306,180,122,58,75.64,77.2,91.2,150
COL0850,BE Computer Engineering,Jalgaon,2024,377,220,150,70,73.39,73.2,86.4,146
COL0851,BCom,Mumbai Suburban,2021,430,180,135,45,60.77,78.2,94.5,133
COL0851,BCom,Mumbai Suburban,2022,440,170,133,37,63.1,77.6,98.5,142
COL0851,BCom,Mumbai Suburban,2023,471,170,142,28,62.39,83.6,93.8,176
COL0851,BCom,Mumbai Suburban,2024,603,210,176,34,63.28,83.8,98.8,178
COL0852,BE Mechanical Engineering,Palghar,2021,357,150,119,31,83.28,80.9,94.5,122
COL0852,BE Mechanical Engineering,Palghar,2022,357,160,122,38,81.66,85.7,100.0,120
COL0852,BE Mechanical Engineering,Palghar,2023,361,160,120,40,83.11,86.2,100.0,106
COL0852,BE Mechanical Engineering,Palghar,2024,316,140,106,34,85.47,90.6,100.0,140
COL0853,BCom,Amravati,2021,301,310,191,119,41.31,56.2,64.2,192
COL0853,BCom,Amravati,2022,328,300,192,108,41.6,53.7,67.8,200
COL0853,BCom,Amravati,2023,358,340,200,140,37.5,53.4,60.0,172
COL0853,BCom,Amravati,2024,301,290,172,118,39.18,50.4,63.0,176
COL0854,LLB,Wardha,2021,302,80,70,10,86.38,87.9,100.0,75
COL0854,LLB,Wardha,2022,323,80,75,5,89.24,91.7,100.0,80
COL0854,LLB,Wardha,2023,344,90,80,10,86.82,88.3,100.0,87
COL0854,LLB,Wardha,2024,383,90,87,3,87.18,92.7,100.0,64
COL0855,BE Mechanical Engineering,Nandurbar,2021,486,140,118,22,99.53,93.5,100.0,123
COL0855,BE Mechanical Engineering,Nandurbar,2022,507,140,123,17,99.95,95.4,100.0,114
COL0855,BE Mechanical Engineering,Nandurbar,2023,488,130,114,16,99.3,94.5,100.0,125
COL0855,BE Mechanical Engineering,Nandurbar,2024,536,140,125,15,99.95,93.6,100.0,137
COL0856,BA,Nashik,2021,309,120,92,28,57.1,81.8,96.3,95
COL0856,BA,Nashik,2022,306,120,95,25,58.92,70.3,83.7,102
COL0856,BA,Nashik,2023,339,130,102,28,61.13,75.0,92.9,104
COL0856,BA,Nashik,2024,344,130,104,26,58.73,73.6,86.5,92
COL0857,BA English,Satara,2021,831,230,205,25,61.71,98.0,100.0,221
COL0857,BA English,Satara,2022,962,240,221,19,64.69,93.2,100.0,227
COL0857,BA English,Satara,2023,967,240,227,13,60.65,92.5,100.0,245
COL0857,BA English,Satara,2024,1097,260,245,15,61.13,95.3,100.0,251
COL0858,BA LLB,Chhatrapati Sambhajinagar,2021,289,100,83,17,80.33,84.5,100.0,90
COL0858,BA LLB,Chhatrapati Sambhajinagar,2022,321,110,90,20,83.07,84.3,99.9,94
COL0858,BA LLB,Chhatrapati Sambhajinagar,2023,347,110,94,16,82.34,81.6,94.5,83
COL0858,BA LLB,Chhatrapati Sambhajinagar,2024,323,100,83,17,82.64,87.0,100.0,82
COL0859,B.Ed,Nagpur,2021,199,80,60,20,70.12,74.4,83.8,59
COL0859,B.Ed,Nagpur,2022,193,80,59,21,70.25,71.5,83.4,64
COL0859,B.Ed,Nagpur,2023,210,80,64,16,68.74,80.5,90.8,71
COL0859,B.Ed,Nagpur,2024,252,90,71,19,69.14,78.5,95.5,59
COL0860,D.Pharm,Nanded,2021,218,80,63,17,79.06,97.2,100.0,66
COL0860,D.Pharm,Nanded,2022,244,80,66,14,79.28,95.9,100.0,66
COL0860,D.Pharm,Nanded,2023,247,80,66,14,81.22,98.0,100.0,75
COL0860,D.Pharm,Nanded,2024,268,90,75,15,81.46,95.8,100.0,59
COL0861,B.Pharm,Amravati,2021,97,50,34,16,67.84,74.9,86.1,35
COL0861,B.Pharm,Amravati,2022,97,50,35,15,66.38,83.8,100.0,35
COL0861,B.Pharm,Amravati,2023,101,50,35,15,68.28,80.9,93.0,44
COL0861,B.Pharm,Amravati,2024,129,60,44,16,69.33,83.4,93.9,40
COL0862,MBA,Nagpur,2021,166,80,56,24,72.29,74.7,91.2,60
COL0862,MBA,Nagpur,2022,181,80,60,20,70.12,76.9,95.9,68
COL0862,MBA,Nagpur,2023,214,90,68,22,74.74,80.7,89.5,59
COL0862,MBA,Nagpur,2024,177,80,59,21,71.11,75.5,90.2,52
COL0863,BA,Chhatrapati Sambhajinagar,2021,822,230,194,36,68.19,89.3,100.0,227
COL0863,BA,Chhatrapati Sambhajinagar,2022,978,240,227,13,66.62,96.3,100.0,224
COL0863,BA,Chhatrapati Sambhajinagar,2023,948,240,224,16,69.33,93.1,100.0,231
COL0863,BA,Chhatrapati Sambhajinagar,2024,1005,260,231,29,68.24,98.0,100.0,227
COL0864,BE Electrical Engineering,Amravati,2021,354,90,79,11,99.95,97.6,100.0,81
COL0864,BE Electrical Engineering,Amravati,2022,373,90,81,9,99.61,98.0,100.0,83
COL0864,BE Electrical Engineering,Amravati,2023,373,90,83,7,99.95,98.0,100.0,73
COL0864,BE Electrical Engineering,Amravati,2024,345,80,73,7,99.95,95.7,100.0,99
COL0865,BSc,Gadchiroli,2021,412,140,116,24,62.03,82.8,93.1,115
COL0865,BSc,Gadchiroli,2022,435,140,115,25,65.24,78.0,88.4,119
COL0865,BSc,Gadchiroli,2023,449,140,119,21,65.72,80.0,94.3,133
COL0865,BSc,Gadchiroli,2024,517,150,133,17,63.76,89.7,100.0,141
COL0866,BSc Mathematics,Nanded,2021,810,210,195,15,69.62,88.9,99.3,173
COL0866,BSc Mathematics,Nanded,2022,731,200,173,27,72.32,95.7,100.0,201
COL0866,BSc Mathematics,Nanded,2023,854,220,201,19,71.1,88.8,100.0,217
COL0866,BSc Mathematics,Nanded,2024,987,240,217,23,72.93,96.8,100.0,196
COL0867,BA Economics,Sangli,2021,195,110,77,33,43.3,70.0,83.7,74
COL0867,BA Economics,Sangli,2022,205,110,74,36,44.94,65.7,77.5,86
COL0867,BA Economics,Sangli,2023,231,120,86,34,45.89,68.7,76.8,90
COL0867,BA Economics,Sangli,2024,241,120,90,30,46.06,67.8,85.0,72
COL0868,B.Sc Agriculture,Chhatrapati Sambhajinagar,2021,176,50,45,5,76.2,96.2,100.0,45
COL0868,B.Sc Agriculture,Chhatrapati Sambhajinagar,2022,171,50,45,5,79.62,91.9,100.0,45
COL0868,B.Sc Agriculture,Chhatrapati Sambhajinagar,2023,182,50,45,5,76.69,92.6,100.0,56
COL0868,B.Sc Agriculture,Chhatrapati Sambhajinagar,2024,226,60,56,4,79.66,95.5,100.0,46
COL0869,BSc,Solapur,2021,515,320,225,95,46.46,67.5,77.1,237
COL0869,BSc,Solapur,2022,572,320,237,83,49.55,66.0,76.5,208
COL0869,BSc,Solapur,2023,548,310,208,102,49.58,68.6,82.6,204
COL0869,BSc,Solapur,2024,501,300,204,96,46.06,67.2,81.5,276
COL0870,BA,Mumbai Suburban,2021,414,200,142,58,54.6,73.5,86.2,140
COL0870,BA,Mumbai Suburban,2022,421,190,140,50,54.08,77.9,95.7,159
COL0870,BA,Mumbai Suburban,2023,464,200,159,41,56.24,81.0,92.4,157
COL0870,BA,Mumbai Suburban,2024,480,210,157,53,56.09,75.8,95.5,139
COL0871,BSc,Satara,2021,749,390,269,121,54.23,72.6,83.9,283
COL0871,BSc,Satara,2022,864,380,283,97,55.06,76.9,93.0,320
COL0871,BSc,Satara,2023,1004,420,320,100,52.79,77.0,93.5,332
COL0871,BSc,Satara,2024,968,450,332,118,53.99,75.9,94.9,243
COL0872,B.Ed,Thane,2021,45,40,25,15,48.48,50.4,66.9,24
COL0872,B.Ed,Thane,2022,44,40,24,16,50.58,47.7,60.0,26
COL0872,B.Ed,Thane,2023,47,40,26,14,47.09,46.1,61.3,26
COL0872,B.Ed,Thane,2024,46,40,26,14,49.46,43.8,60.0,32
COL0873,B.Arch,Hingoli,2021,123,50,39,11,82.1,86.9,100.0,39
COL0873,B.Arch,Hingoli,2022,134,50,39,11,82.76,83.9,99.5,41
COL0873,B.Arch,Hingoli,2023,138,50,41,9,82.65,90.6,100.0,51
COL0873,B.Arch,Hingoli,2024,168,60,51,9,83.77,86.3,100.0,40
COL0874,Diploma in Electrical Engineering,Yavatmal,2021,222,100,78,22,63.36,73.3,93.0,77
COL0874,Diploma in Electrical Engineering,Yavatmal,2022,224,100,77,23,60.56,76.0,86.0,86
COL0874,Diploma in Electrical Engineering,Yavatmal,2023,246,110,86,24,64.65,74.4,90.5,74
COL0874,Diploma in Electrical Engineering,Yavatmal,2024,233,100,74,26,65.19,75.1,87.8,68
COL0875,BE Mechanical Engineering,Mumbai City,2021,246,80,68,12,96.41,86.9,100.0,68
COL0875,BE Mechanical Engineering,Mumbai City,2022,246,80,68,12,94.66,86.7,100.0,77
COL0875,BE Mechanical Engineering,Mumbai City,2023,289,90,77,13,95.8,89.5,100.0,75
COL0875,BE Mechanical Engineering,Mumbai City,2024,278,90,75,15,96.23,90.8,100.0,67
COL0876,BSc Mathematics,Nanded,2021,635,220,177,43,67.15,88.4,100.0,182
COL0876,BSc Mathematics,Nanded,2022,626,230,182,48,68.11,87.0,97.5,169
COL0876,BSc Mathematics,Nanded,2023,593,210,169,41,68.54,94.0,100.0,201
COL0876,BSc Mathematics,Nanded,2024,747,250,201,49,67.07,96.3,100.0,197
COL0877,BSc Computer Science,Mumbai City,2021,223,100,73,27,62.98,84.1,100.0,74
COL0877,BSc Computer Science,Mumbai City,2022,238,100,74,26,61.05,83.7,100.0,72
COL0877,BSc Computer Science,Mumbai City,2023,238,90,72,18,63.28,83.3,100.0,86
COL0877,BSc Computer Science,Mumbai City,2024,291,110,86,24,63.6,90.7,100.0,100
COL0878,B.Sc Agriculture,Nagpur,2021,170,80,61,19,66.02,85.0,97.9,60
COL0878,B.Sc Agriculture,Nagpur,2022,176,80,60,20,62.59,79.6,91.6,66
COL0878,B.Sc Agriculture,Nagpur,2023,205,90,66,24,66.27,78.6,90.0,65
COL0878,B.Sc Agriculture,Nagpur,2024,194,80,65,15,66.92,77.2,93.1,59
COL0879,BA,Solapur,2021,1013,410,307,103,58.68,75.8,93.4,312
COL0879,BA,Solapur,2022,1077,390,312,78,60.62,81.2,99.2,363
COL0879,BA,Solapur,2023,1287,440,363,77,63.45,76.5,88.7,335
COL0879,BA,Solapur,2024,1211,400,335,65,60.65,75.1,92.8,347
COL0880,MBA,Nanded,2021,152,80,59,21,65.63,66.6,80.6,59
COL0880,MBA,Nanded,2022,155,80,59,21,69.46,69.2,86.5,62
COL0880,MBA,Nanded,2023,172,90,62,28,67.56,65.8,76.0,62
COL0880,MBA,Nanded,2024,179,80,62,18,70.05,70.0,78.6,78
COL0881,Diploma in Mechanical Engineering,Ratnagiri,2021,350,100,88,12,74.62,86.2,100.0,89
COL0881,Diploma in Mechanical Engineering,Ratnagiri,2022,351,100,89,11,75.61,93.9,100.0,91
COL0881,Diploma in Mechanical Engineering,Ratnagiri,2023,373,100,91,9,76.0,88.2,100.0,94
COL0881,Diploma in Mechanical Engineering,Ratnagiri,2024,377,110,94,16,78.08,87.6,100.0,85
COL0882,BSc Physics,Parbhani,2021,707,160,150,10,74.34,94.7,100.0,158
COL0882,BSc Physics,Parbhani,2022,793,170,158,12,70.61,98.0,100.0,159
COL0882,BSc Physics,Parbhani,2023,792,160,159,1,74.4,98.0,100.0,174
COL0882,BSc Physics,Parbhani,2024,894,180,174,6,70.53,98.0,100.0,149
COL0883,B.Pharm,Raigad,2021,63,50,31,19,57.98,71.3,82.5,31
COL0883,B.Pharm,Raigad,2022,70,50,31,19,62.8,74.5,93.2,33
COL0883,B.Pharm,Raigad,2023,80,50,33,17,63.02,77.1,90.2,34
COL0883,B.Pharm,Raigad,2024,75,50,34,16,63.15,83.3,94.2,34
COL0884,BE Computer Engineering,Dharashiv,2021,251,90,73,17,94.5,95.2,100.0,72
COL0884,BE Computer Engineering,Dharashiv,2022,272,90,72,18,91.75,91.1,100.0,79
COL0884,BE Computer Engineering,Dharashiv,2023,299,90,79,11,96.46,89.9,100.0,82
COL0884,BE Computer Engineering,Dharashiv,2024,320,100,82,18,93.75,91.8,100.0,87
COL0885,BA English,Mumbai City,2021,211,100,70,30,49.83,68.0,87.2,71
COL0885,BA English,Mumbai City,2022,217,100,71,29,49.53,66.0,74.2,73
COL0885,BA English,Mumbai City,2023,230,90,73,17,49.83,71.2,81.3,95
COL0885,BA English,Mumbai City,2024,284,120,95,25,48.2,72.3,87.2,78
COL0886,BE Civil Engineering,Chandrapur,2021,161,50,41,9,99.95,94.7,100.0,43
COL0886,BE Civil Engineering,Chandrapur,2022,180,50,43,7,99.95,96.1,100.0,45
COL0886,BE Civil Engineering,Chandrapur,2023,192,50,45,5,98.95,98.0,100.0,46
COL0886,BE Civil Engineering,Chandrapur,2024,204,50,46,4,99.95,98.0,100.0,37
COL0887,BE Electronics & Telecommunication,Pune,2021,234,70,62,8,99.95,89.3,100.0,60
COL0887,BE Electronics & Telecommunication,Pune,2022,245,70,60,10,98.51,90.8,100.0,60
COL0887,BE Electronics & Telecommunication,Pune,2023,235,70,60,10,98.06,98.0,100.0,71
COL0887,BE Electronics & Telecommunication,Pune,2024,303,80,71,9,99.95,93.1,100.0,64
COL0888,BSc,Kolhapur,2021,291,260,171,89,39.53,62.7,81.5,179
COL0888,BSc,Kolhapur,2022,310,270,179,91,37.86,65.5,82.0,185
COL0888,BSc,Kolhapur,2023,333,290,185,105,40.88,63.8,80.6,164
COL0888,BSc,Kolhapur,2024,330,250,164,86,39.37,71.7,80.9,199
COL0889,BE Computer Engineering,Satara,2021,119,90,58,32,68.87,57.8,74.0,62
COL0889,BE Computer Engineering,Satara,2022,120,90,62,28,67.72,62.9,79.3,56
COL0889,BE Computer Engineering,Satara,2023,111,90,56,34,69.32,60.9,68.4,59
COL0889,BE Computer Engineering,Satara,2024,128,90,59,31,72.08,53.2,63.2,58
COL0890,BCom,Nashik,2021,1629,530,440,90,62.55,82.9,96.7,449
COL0890,BCom,Nashik,2022,1580,510,449,61,62.79,90.7,100.0,521
COL0890,BCom,Nashik,2023,2003,590,521,69,65.87,86.8,100.0,435
COL0890,BCom,Nashik,2024,1668,490,435,55,64.08,86.5,100.0,480
COL0891,BSc Mathematics,Ahmednagar,2021,444,170,138,32,64.23,80.9,100.0,133
COL0891,BSc Mathematics,Ahmednagar,2022,436,170,133,37,64.23,85.0,96.0,153
COL0891,BSc Mathematics,Ahmednagar,2023,492,180,153,27,64.47,81.7,94.3,148
COL0891,BSc Mathematics,Ahmednagar,2024,498,190,148,42,61.04,84.6,100.0,140
COL0892,B.Pharm,Mumbai City,2021,62,50,30,20,58.58,57.9,74.6,35
COL0892,B.Pharm,Mumbai City,2022,68,50,35,15,59.67,64.7,77.5,34
COL0892,B.Pharm,Mumbai City,2023,70,50,34,16,59.32,58.4,68.3,35
COL0892,B.Pharm,Mumbai City,2024,76,50,35,15,56.77,63.1,80.3,39
COL0893,MBA,Gondia,2021,261,100,82,18,79.71,83.9,100.0,89
COL0893,MBA,Gondia,2022,299,110,89,21,76.86,86.6,99.6,78
COL0893,MBA,Gondia,2023,264,100,78,22,79.93,85.3,100.0,102
COL0893,MBA,Gondia,2024,349,120,102,18,78.75,87.8,100.0,78
COL0894,BSc,Kolhapur,2021,375,120,104,16,62.27,87.3,100.0,111
COL0894,BSc,Kolhapur,2022,413,130,111,19,61.99,88.5,100.0,113
COL0894,BSc,Kolhapur,2023,406,130,113,17,61.82,86.7,100.0,109
COL0894,BSc,Kolhapur,2024,412,130,109,21,62.83,82.8,95.6,129
COL0895,BE Civil Engineering,Mumbai Suburban,2021,298,200,128,72,71.49,72.8,92.0,136
COL0895,BE Civil Engineering,Mumbai Suburban,2022,328,200,136,64,73.39,66.8,80.5,142
COL0895,BE Civil Engineering,Mumbai Suburban,2023,337,220,142,78,73.77,72.8,85.7,128
COL0895,BE Civil Engineering,Mumbai Suburban,2024,325,180,128,52,72.17,67.8,86.9,138
COL0896,BA,Nanded,2021,292,230,148,82,42.13,62.9,79.5,147
COL0896,BA,Nanded,2022,298,220,147,73,42.88,53.0,68.7,143
COL0896,BA,Nanded,2023,289,220,143,77,44.73,62.9,74.0,150
COL0896,BA,Nanded,2024,315,240,150,90,44.86,57.9,66.3,165
COL0897,BA,Ahmednagar,2021,122,150,90,60,35.07,55.0,66.7,92
COL0897,BA,Ahmednagar,2022,146,150,92,58,32.33,61.8,75.3,93
COL0897,BA,Ahmednagar,2023,130,160,93,67,33.34,54.3,69.1,81
COL0897,BA,Ahmednagar,2024,129,130,81,49,36.08,50.8,68.4,92
COL0898,MBA,Raigad,2021,173,100,68,32,64.06,70.5,84.3,72
COL0898,MBA,Raigad,2022,181,100,72,28,65.57,66.1,74.1,68
COL0898,MBA,Raigad,2023,179,100,68,32,64.07,65.0,75.7,85
COL0898,MBA,Raigad,2024,225,110,85,25,65.01,66.8,75.7,77
COL0899,BBA,Dharashiv,2021,167,80,60,20,70.2,73.0,82.7,60
COL0899,BBA,Dharashiv,2022,184,80,60,20,70.45,79.2,97.8,60
COL0899,BBA,Dharashiv,2023,177,80,60,20,72.01,81.1,95.1,63
COL0899,BBA,Dharashiv,2024,186,80,63,17,72.52,67.2,85.8,56
COL0900,B.Pharm,Beed,2021,131,80,56,24,60.15,79.5,96.3,58
COL0900,B.Pharm,Beed,2022,142,80,58,22,60.83,68.9,82.7,54
COL0900,B.Pharm,Beed,2023,122,80,54,26,63.65,79.3,89.2,62
COL0900,B.Pharm,Beed,2024,145,90,62,28,61.79,75.3,91.7,60
COL0901,B.Ed,Nanded,2021,108,80,49,31,54.77,58.4,74.5,56
COL0901,B.Ed,Nanded,2022,131,80,56,24,56.16,60.9,78.8,53
COL0901,B.Ed,Nanded,2023,118,80,53,27,52.98,69.8,77.8,58
COL0901,B.Ed,Nanded,2024,129,90,58,32,57.91,65.8,85.0,73
COL0902,LLB,Pune,2021,181,100,70,30,64.45,71.3,85.7,70
COL0902,LLB,Pune,2022,192,100,70,30,69.01,77.5,97.5,65
COL0902,LLB,Pune,2023,187,90,65,25,67.72,73.7,88.1,84
COL0902,LLB,Pune,2024,240,110,84,26,66.82,81.0,93.5,66
COL0903,B.Pharm,Dharashiv,2021,90,50,37,13,63.58,70.7,87.7,36
COL0903,B.Pharm,Dharashiv,2022,94,50,36,14,67.73,81.0,97.3,39
COL0903,B.Pharm,Dharashiv,2023,110,50,39,11,65.08,74.1,94.7,42
COL0903,B.Pharm,Dharashiv,2024,114,60,42,18,68.01,81.5,97.6,43
COL0904,BCom,Pune,2021,1295,550,408,142,56.87,79.2,92.7,452
COL0904,BCom,Pune,2022,1455,560,452,108,55.41,83.9,100.0,416
COL0904,BCom,Pune,2023,1339,530,416,114,57.98,79.2,96.6,398
COL0904,BCom,Pune,2024,1312,510,398,112,55.36,76.5,91.3,451
COL0905,MBBS,Mumbai Suburban,2021,371,170,128,42,94.87,76.6,90.5,113
COL0905,MBBS,Mumbai Suburban,2022,320,160,113,47,96.71,89.1,100.0,124
COL0905,MBBS,Mumbai Suburban,2023,395,170,124,46,97.28,81.5,92.6,146
COL0905,MBBS,Mumbai Suburban,2024,472,190,146,44,97.17,84.0,93.8,123
COL0906,BE Electronics & Telecommunication,Thane,2021,106,60,39,21,77.44,76.6,91.5,44
COL0906,BE Electronics & Telecommunication,Thane,2022,119,60,44,16,75.92,74.8,92.3,45
COL0906,BE Electronics & Telecommunication,Thane,2023,121,60,45,15,78.78,70.1,88.7,39
COL0906,BE Electronics & Telecommunication,Thane,2024,106,50,39,11,79.75,74.9,92.6,53
COL0907,D.Ed,Nashik,2021,171,80,56,24,63.93,63.0,81.8,61
COL0907,D.Ed,Nashik,2022,179,80,61,19,63.53,70.2,87.2,60
COL0907,D.Ed,Nashik,2023,179,80,60,20,64.47,60.8,76.6,57
COL0907,D.Ed,Nashik,2024,185,70,57,13,66.76,71.5,84.9,61
COL0908,BSc,Nagpur,2021,230,130,93,37,50.43,76.8,89.2,94
COL0908,BSc,Nagpur,2022,259,130,94,36,49.47,69.4,79.7,95
COL0908,BSc,Nagpur,2023,260,140,95,45,50.06,77.7,87.0,93
COL0908,BSc,Nagpur,2024,244,120,93,27,51.42,77.3,97.1,100
COL0909,MBA,Sangli,2021,148,50,41,9,83.07,89.8,100.0,40
COL0909,MBA,Sangli,2022,143,50,40,10,81.91,84.0,99.5,44
COL0909,MBA,Sangli,2023,159,50,44,6,85.24,92.0,100.0,43
COL0909,MBA,Sangli,2024,161,50,43,7,85.71,98.0,100.0,45
COL0910,BA LLB,Akola,2021,73,50,34,16,60.85,54.8,71.1,34
COL0910,BA LLB,Akola,2022,71,50,34,16,58.81,68.3,85.1,43
COL0910,BA LLB,Akola,2023,101,60,43,17,57.36,60.0,78.3,38
COL0910,BA LLB,Akola,2024,82,60,38,22,60.69,65.6,79.4,35
COL0911,BE Electronics & Telecommunication,Amravati,2021,124,90,60,30,67.83,70.8,86.2,57
COL0911,BE Electronics & Telecommunication,Amravati,2022,118,90,57,33,69.57,69.7,86.7,71
COL0911,BE Electronics & Telecommunication,Amravati,2023,161,100,71,29,68.87,66.5,85.8,60
COL0911,BE Electronics & Telecommunication,Amravati,2024,134,90,60,30,70.91,71.7,80.8,68
COL0912,BSc Mathematics,Nashik,2021,198,80,61,19,61.7,88.9,100.0,61
COL0912,BSc Mathematics,Nashik,2022,200,80,61,19,61.7,86.2,99.3,65
COL0912,BSc Mathematics,Nashik,2023,219,80,65,15,61.8,94.4,100.0,55
COL0912,BSc Mathematics,Nashik,2024,176,70,55,15,63.54,89.7,100.0,65
COL0913,BCom,Mumbai City,2021,780,200,186,14,67.79,87.6,99.0,188
COL0913,BCom,Mumbai City,2022,772,200,188,12,68.36,83.6,94.5,171
COL0913,BCom,Mumbai City,2023,731,190,171,19,67.34,93.6,100.0,201
COL0913,BCom,Mumbai City,2024,884,210,201,9,68.15,83.9,99.4,152
COL0914,BE Computer Engineering,Sindhudurg,2021,141,90,62,28,71.69,64.8,76.6,59
COL0914,BE Computer Engineering,Sindhudurg,2022,126,90,59,31,70.95,64.1,82.3,57
COL0914,BE Computer Engineering,Sindhudurg,2023,128,90,57,33,72.92,60.3,68.9,54
COL0914,BE Computer Engineering,Sindhudurg,2024,120,80,54,26,69.85,72.4,84.4,63
COL0915,BSc Physics,Nandurbar,2021,352,200,140,60,54.37,74.3,86.9,142
COL0915,BSc Physics,Nandurbar,2022,355,200,142,58,56.08,78.7,97.6,157
COL0915,BSc Physics,Nandurbar,2023,410,210,157,53,54.33,86.0,100.0,154
COL0915,BSc Physics,Nandurbar,2024,436,220,154,66,54.67,85.2,97.6,146
COL0916,BCom,Nashik,2021,238,200,131,69,39.06,68.4,87.5,127
COL0916,BCom,Nashik,2022,226,190,127,63,40.17,70.0,81.6,125
COL0916,BCom,Nashik,2023,249,200,125,75,39.57,66.5,75.4,131
COL0916,BCom,Nashik,2024,271,220,131,89,39.99,61.2,75.9,114
COL0917,BE Civil Engineering,Gadchiroli,2021,305,190,134,56,74.44,76.4,88.1,132
COL0917,BE Civil Engineering,Gadchiroli,2022,296,200,132,68,74.12,68.2,83.5,129
COL0917,BE Civil Engineering,Gadchiroli,2023,315,190,129,61,74.96,72.1,85.8,141
COL0917,BE Civil Engineering,Gadchiroli,2024,333,210,141,69,75.1,76.4,92.3,124
COL0918,BCom,Raigad,2021,321,150,117,33,56.99,66.9,78.3,116
COL0918,BCom,Raigad,2022,326,150,116,34,55.87,76.4,95.9,126
COL0918,BCom,Raigad,2023,368,160,126,34,56.16,68.3,87.0,126
COL0918,BCom,Raigad,2024,370,170,126,44,55.73,66.7,80.1,127
COL0919,BSc Computer Science,Jalna,2021,572,170,145,25,71.63,93.4,100.0,140
COL0919,BSc Computer Science,Jalna,2022,579,170,140,30,73.53,93.8,100.0,165
COL0919,BSc Computer Science,Jalna,2023,679,180,165,15,70.72,97.2,100.0,167
COL0919,BSc Computer Science,Jalna,2024,707,180,167,13,75.24,98.0,100.0,130
COL0920,BCom,Mumbai Suburban,2021,2063,550,511,39,68.64,93.3,100.0,519
COL0920,BCom,Mumbai Suburban,2022,2148,580,519,61,67.08,98.0,100.0,552
COL0920,BCom,Mumbai Suburban,2023,2333,570,552,18,68.68,91.2,100.0,494
COL0920,BCom,Mumbai Suburban,2024,2241,510,494,16,67.85,92.1,100.0,591
COL0921,BA LLB,Jalgaon,2021,155,50,41,9,87.54,98.0,100.0,44
COL0921,BA LLB,Jalgaon,2022,178,50,44,6,87.1,88.5,100.0,42
COL0921,BA LLB,Jalgaon,2023,169,50,42,8,85.08,88.4,100.0,42
COL0921,BA LLB,Jalgaon,2024,168,50,42,8,88.65,92.0,100.0,45
COL0922,D.Pharm,Nagpur,2021,131,50,41,9,78.71,84.0,97.0,42
COL0922,D.Pharm,Nagpur,2022,142,50,42,8,77.73,89.8,100.0,39
COL0922,D.Pharm,Nagpur,2023,131,50,39,11,78.22,92.1,100.0,34
COL0922,D.Pharm,Nagpur,2024,115,40,34,6,76.5,85.5,100.0,51
COL0923,B.Arch,Wardha,2021,84,30,24,6,87.46,81.8,96.8,24
COL0923,B.Arch,Wardha,2022,89,30,24,6,90.08,82.5,96.2,27
COL0923,B.Arch,Wardha,2023,102,30,27,3,89.95,90.7,100.0,27
COL0923,B.Arch,Wardha,2024,106,30,27,3,86.84,84.1,98.6,27
COL0924,LLB,Sangli,2021,235,100,74,26,76.51,77.6,90.9,81
COL0924,LLB,Sangli,2022,265,100,81,19,76.14,69.9,82.7,91
COL0924,LLB,Sangli,2023,303,110,91,19,78.04,77.7,90.6,83
COL0924,LLB,Sangli,2024,274,100,83,17,77.63,73.1,87.1,71
COL0925,BE Electronics & Telecommunication,Mumbai City,2021,170,90,63,27,78.25,81.0,89.8,60
COL0925,BE Electronics & Telecommunication,Mumbai City,2022,165,90,60,30,78.47,84.5,100.0,77
COL0925,BE Electronics & Telecommunication,Mumbai City,2023,215,100,77,23,80.74,85.0,95.2,73
COL0925,BE Electronics & Telecommunication,Mumbai City,2024,190,100,73,27,79.96,80.9,93.8,58
COL0926,D.Pharm,Mumbai City,2021,61,50,32,18,55.37,70.3,81.1,32
COL0926,D.Pharm,Mumbai City,2022,62,50,32,18,53.86,73.6,93.0,32
COL0926,D.Pharm,Mumbai City,2023,57,50,32,18,56.46,71.4,80.7,34
COL0926,D.Pharm,Mumbai City,2024,66,50,34,16,53.09,67.5,80.6,33
COL0927,B.Pharm,Mumbai Suburban,2021,127,50,38,12,77.76,81.7,99.4,38
COL0927,B.Pharm,Mumbai Suburban,2022,129,50,38,12,75.32,85.3,99.1,39
COL0927,B.Pharm,Mumbai Suburban,2023,132,50,39,11,77.31,89.4,100.0,43
COL0927,B.Pharm,Mumbai Suburban,2024,154,50,43,7,78.51,89.2,100.0,42
COL0928,BE Electronics & Telecommunication,Gondia,2021,219,80,66,14,90.8,77.1,91.1,66
COL0928,BE Electronics & Telecommunication,Gondia,2022,225,80,66,14,88.57,81.9,99.1,64
COL0928,BE Electronics & Telecommunication,Gondia,2023,213,80,64,16,89.94,81.3,92.4,75
COL0928,BE Electronics & Telecommunication,Gondia,2024,261,90,75,15,91.69,85.7,97.0,70
COL0929,B.Sc Agriculture,Chhatrapati Sambhajinagar,2021,106,50,37,13,63.74,82.1,93.3,36
COL0929,B.Sc Agriculture,Chhatrapati Sambhajinagar,2022,114,50,36,14,66.99,83.3,96.9,41
COL0929,B.Sc Agriculture,Chhatrapati Sambhajinagar,2023,128,50,41,9,66.34,80.3,98.3,41
COL0929,B.Sc Agriculture,Chhatrapati Sambhajinagar,2024,133,50,41,9,67.22,85.7,98.4,39
COL0930,D.Ed,Nashik,2021,133,80,53,27,61.65,62.4,81.9,54
COL0930,D.Ed,Nashik,2022,141,80,54,26,58.74,67.8,80.0,56
COL0930,D.Ed,Nashik,2023,155,80,56,24,60.24,67.9,76.5,53
COL0930,D.Ed,Nashik,2024,150,70,53,17,61.42,63.1,71.9,60
COL0931,BA,Kolhapur,2021,1188,470,378,92,59.42,79.5,94.7,356
COL0931,BA,Kolhapur,2022,1162,470,356,114,60.24,85.1,100.0,426
COL0931,BA,Kolhapur,2023,1343,520,426,94,60.49,78.5,92.0,428
COL0931,BA,Kolhapur,2024,1429,530,428,102,60.91,79.1,90.0,330
COL0932,BE Mechanical Engineering,Parbhani,2021,72,70,42,28,63.86,65.5,80.6,45
COL0932,BE Mechanical Engineering,Parbhani,2022,86,70,45,25,67.56,69.2,86.7,48
COL0932,BE Mechanical Engineering,Parbhani,2023,97,70,48,22,67.99,74.6,91.5,48
COL0932,BE Mechanical Engineering,Parbhani,2024,87,70,48,22,65.37,65.2,82.0,49
COL0933,BA English,Solapur,2021,434,150,121,29,56.88,78.9,93.3,134
COL0933,BA English,Solapur,2022,502,160,134,26,56.89,86.0,98.0,132
COL0933,BA English,Solapur,2023,472,160,132,28,60.83,85.7,100.0,142
COL0933,BA English,Solapur,2024,544,170,142,28,56.87,85.8,100.0,113
COL0934,B.Ed,Pune,2021,127,80,53,27,56.8,63.5,75.5,57
COL0934,B.Ed,Pune,2022,135,80,57,23,56.76,58.9,75.6,56
COL0934,B.Ed,Pune,2023,131,80,56,24,59.28,63.4,76.1,60
COL0934,B.Ed,Pune,2024,154,90,60,30,59.9,57.4,71.2,57
COL0935,BA,Mumbai City,2021,1514,350,341,9,66.16,94.9,100.0,349
COL0935,BA,Mumbai City,2022,1625,370,349,21,68.88,92.1,100.0,313
COL0935,BA,Mumbai City,2023,1527,340,313,27,70.0,94.4,100.0,366
COL0935,BA,Mumbai City,2024,1831,380,366,14,68.93,97.0,100.0,418
COL0936,MBA,Washim,2021,271,80,69,11,88.59,91.5,100.0,66
COL0936,MBA,Washim,2022,265,80,66,14,87.85,93.6,100.0,68
COL0936,MBA,Washim,2023,273,80,68,12,90.12,92.7,100.0,62
COL0936,MBA,Washim,2024,256,70,62,8,89.66,98.0,100.0,83
COL0937,Diploma in Computer Engineering,Dharashiv,2021,160,50,43,7,78.72,86.1,100.0,46
COL0937,Diploma in Computer Engineering,Dharashiv,2022,177,50,46,4,79.22,87.2,99.7,43
COL0937,Diploma in Computer Engineering,Dharashiv,2023,172,50,43,7,75.81,86.1,100.0,46
COL0937,Diploma in Computer Engineering,Dharashiv,2024,183,50,46,4,77.02,93.5,100.0,47
COL0938,BCom,Sangli,2021,653,210,178,32,64.0,78.6,99.7,157
COL0938,BCom,Sangli,2022,567,200,157,43,61.23,86.3,100.0,191
COL0938,BCom,Sangli,2023,713,230,191,39,64.53,87.4,100.0,181
COL0938,BCom,Sangli,2024,697,220,181,39,64.59,86.9,100.0,168
COL0939,BSc Computer Science,Kolhapur,2021,123,110,70,40,42.29,57.0,74.7,64
COL0939,BSc Computer Science,Kolhapur,2022,110,110,64,46,42.1,47.4,60.2,68
COL0939,BSc Computer Science,Kolhapur,2023,125,110,68,42,42.97,58.5,67.1,69
COL0939,BSc Computer Science,Kolhapur,2024,125,110,69,41,43.54,59.1,70.0,76
COL0940,BE Computer Engineering,Mumbai Suburban,2021,231,100,77,23,82.94,80.2,95.8,79
COL0940,BE Computer Engineering,Mumbai Suburban,2022,241,100,79,21,80.43,85.3,98.4,87
COL0940,BE Computer Engineering,Mumbai Suburban,2023,270,110,87,23,82.5,83.5,98.1,77
COL0940,BE Computer Engineering,Mumbai Suburban,2024,235,100,77,23,81.31,77.7,91.3,92
COL0941,BA Economics,Kolhapur,2021,343,100,84,16,63.18,95.1,100.0,93
COL0941,BA Economics,Kolhapur,2022,405,100,93,7,60.83,94.3,100.0,88
COL0941,BA Economics,Kolhapur,2023,375,100,88,12,60.66,90.2,100.0,89
COL0941,BA Economics,Kolhapur,2024,395,100,89,11,61.69,94.5,100.0,112
COL0942,BSc Computer Science,Chhatrapati Sambhajinagar,2021,259,80,65,15,73.83,96.4,100.0,70
COL0942,BSc Computer Science,Chhatrapati Sambhajinagar,2022,280,80,70,10,73.43,96.2,100.0,74
COL0942,BSc Computer Science,Chhatrapati Sambhajinagar,2023,305,80,74,6,73.69,89.9,100.0,82
COL0942,BSc Computer Science,Chhatrapati Sambhajinagar,2024,346,90,82,8,72.23,94.8,100.0,65
COL0943,D.Pharm,Sangli,2021,64,50,30,20,61.25,68.0,83.3,32
COL0943,D.Pharm,Sangli,2022,65,50,32,18,60.47,70.5,87.1,33
COL0943,D.Pharm,Sangli,2023,74,50,33,17,58.22,62.5,75.0,34
COL0943,D.Pharm,Sangli,2024,79,50,34,16,57.96,67.9,86.5,34
COL0944,B.Pharm,Sangli,2021,185,80,60,20,75.22,77.3,97.8,63
COL0944,B.Pharm,Sangli,2022,211,80,63,17,72.81,82.0,93.0,60
COL0944,B.Pharm,Sangli,2023,191,80,60,20,74.51,80.8,90.2,66
COL0944,B.Pharm,Sangli,2024,228,80,66,14,76.78,79.8,93.0,74
COL0945,B.Sc Agriculture,Thane,2021,41,50,27,23,46.13,69.8,78.7,29
COL0945,B.Sc Agriculture,Thane,2022,47,50,29,21,42.49,67.2,76.0,36
COL0945,B.Sc Agriculture,Thane,2023,51,60,36,24,46.01,63.7,80.1,31
COL0945,B.Sc Agriculture,Thane,2024,45,50,31,19,45.65,68.1,82.9,35
COL0946,LLB,Satara,2021,138,100,64,36,60.64,70.9,78.9,73
COL0946,LLB,Satara,2022,161,100,73,27,60.47,73.4,89.6,81
COL0946,LLB,Satara,2023,186,110,81,29,60.23,66.9,75.1,75
COL0946,LLB,Satara,2024,176,110,75,35,60.95,67.0,83.5,79
COL0947,BA,Mumbai Suburban,2021,323,200,134,66,47.25,63.7,82.8,147
COL0947,BA,Mumbai Suburban,2022,353,210,147,63,46.55,61.0,75.7,127
COL0947,BA,Mumbai Suburban,2023,288,190,127,63,46.69,60.5,74.4,122
COL0947,BA,Mumbai Suburban,2024,298,180,122,58,48.51,68.0,80.2,170
COL0948,BE Electrical Engineering,Mumbai City,2021,207,60,53,7,97.26,95.9,100.0,52
COL0948,BE Electrical Engineering,Mumbai City,2022,198,60,52,8,97.06,94.0,100.0,61
COL0948,BE Electrical Engineering,Mumbai City,2023,241,70,61,9,99.16,94.0,100.0,61
COL0948,BE Electrical Engineering,Mumbai City,2024,250,70,61,9,97.23,97.0,100.0,53
COL0949,BCom,Palghar,2021,242,100,77,23,60.92,77.7,91.2,74
COL0949,BCom,Palghar,2022,249,100,74,26,57.56,78.9,98.9,87
COL0949,BCom,Palghar,2023,283,110,87,23,59.16,72.8,82.0,94
COL0949,BCom,Palghar,2024,326,110,94,16,61.45,78.2,90.2,85
COL0950,B.Arch,Mumbai City,2021,53,30,20,10,74.48,79.6,94.8,20
COL0950,B.Arch,Mumbai City,2022,53,30,20,10,73.55,82.4,94.5,23
COL0950,B.Arch,Mumbai City,2023,64,30,23,7,73.6,73.0,83.7,22
COL0950,B.Arch,Mumbai City,2024,58,30,22,8,76.62,76.8,95.2,22
COL0951,BE Computer Engineering,Chhatrapati Sambhajinagar,2021,170,60,50,10,91.84,92.3,100.0,52
COL0951,BE Computer Engineering,Chhatrapati Sambhajinagar,2022,176,60,52,8,91.83,98.0,100.0,47
COL0951,BE Computer Engineering,Chhatrapati Sambhajinagar,2023,165,60,47,13,91.17,96.7,100.0,49
COL0951,BE Computer Engineering,Chhatrapati Sambhajinagar,2024,184,60,49,11,93.08,95.2,100.0,62
COL0952,BCom,Pune,2021,387,220,145,75,48.23,66.1,80.9,153
COL0952,BCom,Pune,2022,408,210,153,57,48.97,71.1,87.0,148
COL0952,BCom,Pune,2023,403,220,148,72,49.21,72.6,82.7,183
COL0952,BCom,Pune,2024,490,240,183,57,51.0,69.2,88.8,192
COL0953,BCom,Chhatrapati Sambhajinagar,2021,415,150,116,34,66.59,81.2,92.5,133
COL0953,BCom,Chhatrapati Sambhajinagar,2022,471,160,133,27,64.81,90.8,100.0,133
COL0953,BCom,Chhatrapati Sambhajinagar,2023,496,160,133,27,65.91,83.5,100.0,147
COL0953,BCom,Chhatrapati Sambhajinagar,2024,563,170,147,23,66.21,80.7,93.5,120
COL0954,BE Mechanical Engineering,Washim,2021,127,90,58,32,74.81,67.7,80.4,60
COL0954,BE Mechanical Engineering,Washim,2022,149,90,60,30,73.13,64.8,73.9,71
COL0954,BE Mechanical Engineering,Washim,2023,166,100,71,29,76.27,72.2,81.9,65
COL0954,BE Mechanical Engineering,Washim,2024,165,90,65,25,72.16,67.3,77.4,71
COL0955,BSc Computer Science,Thane,2021,140,100,64,36,52.44,78.9,88.4,69
COL0955,BSc Computer Science,Thane,2022,163,100,69,31,47.87,71.2,90.3,76
COL0955,BSc Computer Science,Thane,2023,180,110,76,34,50.78,71.0,86.5,74
COL0955,BSc Computer Science,Thane,2024,172,100,74,26,48.67,68.2,78.9,62
COL0956,BSc Computer Science,Buldhana,2021,144,80,55,25,51.36,74.7,84.9,61
COL0956,BSc Computer Science,Buldhana,2022,159,80,61,19,52.76,83.0,100.0,56
COL0956,BSc Computer Science,Buldhana,2023,155,80,56,24,53.65,78.8,94.3,69
COL0956,BSc Computer Science,Buldhana,2024,192,90,69,21,52.86,76.0,91.1,73
COL0957,LLB,Satara,2021,121,80,51,29,61.94,56.7,67.4,57
COL0957,LLB,Satara,2022,136,80,57,23,62.45,62.9,81.1,59
COL0957,LLB,Satara,2023,140,80,59,21,62.44,61.9,73.2,60
COL0957,LLB,Satara,2024,153,90,60,30,61.42,58.9,72.9,60
COL0958,BE Electronics & Telecommunication,Jalna,2021,149,80,55,25,78.2,72.7,83.5,58
COL0958,BE Electronics & Telecommunication,Jalna,2022,161,80,58,22,79.94,67.7,82.4,63
COL0958,BE Electronics & Telecommunication,Jalna,2023,172,90,63,27,80.21,76.2,86.8,70
COL0958,BE Electronics & Telecommunication,Jalna,2024,189,90,70,20,82.32,76.6,96.4,78
COL0959,BCom,Amravati,2021,1229,410,355,55,64.6,75.4,92.2,354
COL0959,BCom,Amravati,2022,1321,420,354,66,62.35,76.5,86.3,379
COL0959,BCom,Amravati,2023,1354,450,379,71,65.76,77.2,93.8,399
COL0959,BCom,Amravati,2024,1510,460,399,61,65.39,83.0,93.2,327
COL0960,BE Electrical Engineering,Dharashiv,2021,400,120,103,17,99.34,93.6,100.0,107
COL0960,BE Electrical Engineering,Dharashiv,2022,415,120,107,13,96.66,98.0,100.0,120
COL0960,BE Electrical Engineering,Dharashiv,2023,479,130,120,10,97.14,98.0,100.0,98
COL0960,BE Electrical Engineering,Dharashiv,2024,397,110,98,12,99.38,97.9,100.0,99
COL0961,BSc Computer Science,Kolhapur,2021,408,110,100,10,70.05,98.0,100.0,101
COL0961,BSc Computer Science,Kolhapur,2022,445,110,101,9,71.22,96.0,100.0,102
COL0961,BSc Computer Science,Kolhapur,2023,442,110,102,8,73.71,96.4,100.0,89
COL0961,BSc Computer Science,Kolhapur,2024,400,100,89,11,72.31,93.6,100.0,123
COL0962,BE Civil Engineering,Pune,2021,293,90,76,14,99.55,94.4,100.0,73
COL0962,BE Civil Engineering,Pune,2022,295,90,73,17,99.89,90.0,100.0,79
COL0962,BE Civil Engineering,Pune,2023,327,90,79,11,99.95,89.4,100.0,70
COL0962,BE Civil Engineering,Pune,2024,285,80,70,10,97.35,92.2,100.0,72
COL0963,Diploma in Computer Engineering,Ahmednagar,2021,55,50,31,19,41.33,68.7,80.1,30
COL0963,Diploma in Computer Engineering,Ahmednagar,2022,52,50,30,20,46.01,68.2,85.4,33
COL0963,Diploma in Computer Engineering,Ahmednagar,2023,63,50,33,17,46.1,67.0,75.7,30
COL0963,Diploma in Computer Engineering,Ahmednagar,2024,57,50,30,20,44.76,64.7,78.8,35
COL0964,BCom,Ratnagiri,2021,657,310,229,81,56.88,76.1,93.1,247
COL0964,BCom,Ratnagiri,2022,716,330,247,83,55.59,76.9,93.6,243
COL0964,BCom,Ratnagiri,2023,778,320,243,77,56.46,81.2,99.8,289
COL0964,BCom,Ratnagiri,2024,925,350,289,61,58.41,87.2,100.0,242
COL0965,BSc Computer Science,Chandrapur,2021,169,80,59,21,58.3,79.1,89.9,63
COL0965,BSc Computer Science,Chandrapur,2022,180,80,63,17,56.32,77.0,95.8,64
COL0965,BSc Computer Science,Chandrapur,2023,195,80,64,16,56.62,76.6,89.2,68
COL0965,BSc Computer Science,Chandrapur,2024,203,90,68,22,56.17,72.7,90.8,70
COL0966,BCom,Palghar,2021,206,100,76,24,51.73,79.7,92.7,74
COL0966,BCom,Palghar,2022,195,100,74,26,52.58,79.8,99.7,84
COL0966,BCom,Palghar,2023,223,110,84,26,52.98,84.3,100.0,80
COL0966,BCom,Palghar,2024,225,110,80,30,51.3,84.1,100.0,94
COL0967,BE Computer Engineering,Hingoli,2021,139,50,40,10,92.49,82.0,93.1,40
COL0967,BE Computer Engineering,Hingoli,2022,149,50,40,10,95.72,89.0,100.0,43
COL0967,BE Computer Engineering,Hingoli,2023,163,50,43,7,93.38,87.3,100.0,43
COL0967,BE Computer Engineering,Hingoli,2024,157,50,43,7,95.87,85.4,100.0,41
COL0968,BCom,Yavatmal,2021,672,410,263,147,48.45,74.2,85.4,285
COL0968,BCom,Yavatmal,2022,704,430,285,145,45.52,74.0,90.6,291
COL0968,BCom,Yavatmal,2023,763,430,291,139,50.6,78.0,94.8,292
COL0968,BCom,Yavatmal,2024,790,420,292,128,49.04,76.3,86.1,346
COL0969,BE Mechanical Engineering,Buldhana,2021,613,190,162,28,98.03,94.2,100.0,161
COL0969,BE Mechanical Engineering,Buldhana,2022,622,190,161,29,99.95,91.8,100.0,175
COL0969,BE Mechanical Engineering,Buldhana,2023,687,210,175,35,99.95,93.7,100.0,157
COL0969,BE Mechanical Engineering,Buldhana,2024,638,170,157,13,97.46,93.0,100.0,143
COL0970,BA Economics,Satara,2021,497,220,161,59,53.64,80.1,92.5,160
COL0970,BA Economics,Satara,2022,528,210,160,50,55.12,76.9,94.3,188
COL0970,BA Economics,Satara,2023,646,240,188,52,55.26,73.8,86.4,172
COL0970,BA Economics,Satara,2024,591,210,172,38,52.0,84.6,100.0,184
COL0971,BE Civil Engineering,Washim,2021,155,100,66,34,73.88,75.9,85.1,71
COL0971,BE Civil Engineering,Washim,2022,169,100,71,29,74.61,72.5,86.5,69
COL0971,BE Civil Engineering,Washim,2023,161,100,69,31,71.0,68.5,87.7,63
COL0971,BE Civil Engineering,Washim,2024,141,90,63,27,73.98,78.4,90.6,78
COL0972,B.Ed,Chhatrapati Sambhajinagar,2021,144,40,35,5,78.77,82.3,100.0,35
COL0972,B.Ed,Chhatrapati Sambhajinagar,2022,148,40,35,5,81.46,88.6,100.0,38
COL0972,B.Ed,Chhatrapati Sambhajinagar,2023,166,40,38,2,79.7,84.1,94.0,37
COL0972,B.Ed,Chhatrapati Sambhajinagar,2024,160,40,37,3,79.05,85.2,100.0,38
COL0973,B.Ed,Buldhana,2021,144,40,35,5,78.56,95.6,100.0,36
COL0973,B.Ed,Buldhana,2022,157,40,36,4,78.05,94.0,100.0,36
COL0973,B.Ed,Buldhana,2023,151,40,36,4,79.98,92.0,100.0,37
COL0973,B.Ed,Buldhana,2024,164,40,37,3,82.92,92.7,100.0,36
COL0974,B.Pharm,Akola,2021,85,50,34,16,67.47,76.9,87.8,38
COL0974,B.Pharm,Akola,2022,97,50,38,12,67.03,83.6,92.8,37
COL0974,B.Pharm,Akola,2023,96,50,37,13,68.65,82.5,100.0,38
COL0974,B.Pharm,Akola,2024,106,50,38,12,68.77,73.6,86.8,38
COL0975,BSc Mathematics,Palghar,2021,381,150,116,34,63.24,90.0,100.0,122
COL0975,BSc Mathematics,Palghar,2022,408,150,122,28,63.25,91.3,100.0,121
COL0975,BSc Mathematics,Palghar,2023,395,160,121,39,62.3,93.3,100.0,134
COL0975,BSc Mathematics,Palghar,2024,467,160,134,26,62.0,91.8,100.0,120
COL0976,BE Computer Engineering,Kolhapur,2021,144,50,40,10,92.38,87.6,100.0,39
COL0976,BE Computer Engineering,Kolhapur,2022,147,50,39,11,94.74,92.6,100.0,41
COL0976,BE Computer Engineering,Kolhapur,2023,158,50,41,9,93.49,96.2,100.0,42
COL0976,BE Computer Engineering,Kolhapur,2024,157,50,42,8,94.47,96.1,100.0,46
COL0977,B.Sc Nursing,Nanded,2021,92,80,47,33,51.05,68.1,77.8,53
COL0977,B.Sc Nursing,Nanded,2022,99,80,53,27,50.15,70.1,86.5,55
COL0977,B.Sc Nursing,Nanded,2023,109,90,55,35,48.86,74.4,84.6,61
COL0977,B.Sc Nursing,Nanded,2024,112,90,61,29,47.46,72.9,87.8,56
COL0978,BCom,Nanded,2021,163,100,70,30,47.8,68.9,82.8,69
COL0978,BCom,Nanded,2022,164,100,69,31,49.11,67.0,77.3,74
COL0978,BCom,Nanded,2023,192,100,74,26,49.13,74.5,83.3,89
COL0978,BCom,Nanded,2024,223,120,89,31,49.13,77.8,93.9,69
COL0979,BA,Dharashiv,2021,1098,380,311,69,63.61,87.9,100.0,317
COL0979,BA,Dharashiv,2022,1187,370,317,53,63.19,85.3,100.0,299
COL0979,BA,Dharashiv,2023,1133,370,299,71,62.11,82.6,100.0,294
COL0979,BA,Dharashiv,2024,1093,340,294,46,63.78,83.6,97.2,318
COL0980,BSc,Mumbai City,2021,1033,520,389,131,50.23,67.2,84.4,400
COL0980,BSc,Mumbai City,2022,1027,540,400,140,49.42,65.5,79.4,333
COL0980,BSc,Mumbai City,2023,884,490,333,157,48.33,72.7,83.9,416
COL0980,BSc,Mumbai City,2024,1080,550,416,134,49.09,66.2,80.1,453
COL0981,BCom,Chandrapur,2021,596,160,136,24,69.58,90.5,100.0,147
COL0981,BCom,Chandrapur,2022,641,160,147,13,65.95,92.8,100.0,144
COL0981,BCom,Chandrapur,2023,653,160,144,16,68.87,91.4,100.0,175
COL0981,BCom,Chandrapur,2024,809,190,175,15,68.05,96.0,100.0,174
COL0982,B.Pharm,Nagpur,2021,159,50,43,7,85.0,90.7,100.0,42
COL0982,B.Pharm,Nagpur,2022,159,50,42,8,82.3,90.0,100.0,44
COL0982,B.Pharm,Nagpur,2023,170,50,44,6,81.04,91.3,100.0,43
COL0982,B.Pharm,Nagpur,2024,167,50,43,7,82.88,91.1,100.0,35
COL0983,BA,Satara,2021,327,360,205,155,37.56,54.5,72.6,195
COL0983,BA,Satara,2022,299,350,195,155,38.02,56.0,65.7,250
COL0983,BA,Satara,2023,384,390,250,140,37.76,61.5,74.6,226
COL0983,BA,Satara,2024,378,390,226,164,37.28,58.1,71.2,186
COL0984,LLB,Nashik,2021,114,50,38,12,72.6,76.6,91.0,41
COL0984,LLB,Nashik,2022,126,50,41,9,72.66,80.9,97.3,40
COL0984,LLB,Nashik,2023,128,50,40,10,75.07,81.6,93.7,39
COL0984,LLB,Nashik,2024,129,50,39,11,75.39,80.8,96.9,39
COL0985,BSc,Buldhana,2021,323,120,94,26,62.55,92.3,100.0,95
COL0985,BSc,Buldhana,2022,330,120,95,25,62.79,85.5,100.0,104
COL0985,BSc,Buldhana,2023,387,130,104,26,62.0,88.1,100.0,90
COL0985,BSc,Buldhana,2024,327,110,90,20,64.22,96.1,100.0,119
COL0986,BA,Sangli,2021,173,120,77,43,44.38,62.5,71.5,91
COL0986,BA,Sangli,2022,203,130,91,39,43.85,60.1,79.1,84
COL0986,BA,Sangli,2023,197,120,84,36,47.51,67.7,83.5,91
COL0986,BA,Sangli,2024,221,140,91,49,45.67,66.9,76.9,90
COL0987,MBA,Dharashiv,2021,171,80,58,22,71.65,75.7,91.7,61
COL0987,MBA,Dharashiv,2022,174,80,61,19,70.75,70.8,82.5,68
COL0987,MBA,Dharashiv,2023,210,90,68,22,71.19,74.3,83.3,70
COL0987,MBA,Dharashiv,2024,202,90,70,20,74.23,79.5,99.9,73
COL0988,D.Pharm,Mumbai City,2021,138,50,41,9,80.34,93.4,100.0,41
COL0988,D.Pharm,Mumbai City,2022,146,50,41,9,80.66,98.0,100.0,44
COL0988,D.Pharm,Mumbai City,2023,155,50,44,6,79.64,98.0,100.0,48
COL0988,D.Pharm,Mumbai City,2024,181,60,48,12,81.64,92.9,100.0,44
COL0989,BA,Akola,2021,444,200,145,55,59.04,78.8,98.5,167
COL0989,BA,Akola,2022,552,210,167,43,58.06,83.2,96.6,165
COL0989,BA,Akola,2023,546,210,165,45,57.6,86.4,99.3,159
COL0989,BA,Akola,2024,506,200,159,41,57.81,77.5,88.6,178
COL0990,BE Electrical Engineering,Nashik,2021,212,110,83,27,79.36,83.9,93.3,79
COL0990,BE Electrical Engineering,Nashik,2022,220,110,79,31,81.88,80.0,95.6,77
COL0990,BE Electrical Engineering,Nashik,2023,209,110,77,33,78.49,76.8,88.6,78
COL0990,BE Electrical Engineering,Nashik,2024,211,110,78,32,78.64,86.0,99.3,98
COL0991,BCom,Jalna,2021,1346,410,352,58,65.48,85.5,100.0,345
COL0991,BCom,Jalna,2022,1362,400,345,55,68.57,95.2,100.0,326
COL0991,BCom,Jalna,2023,1341,390,326,64,68.38,89.8,100.0,342
COL0991,BCom,Jalna,2024,1351,400,342,58,67.94,91.2,100.0,352
COL0992,BE Civil Engineering,Mumbai City,2021,124,100,60,40,66.74,64.9,83.8,64
COL0992,BE Civil Engineering,Mumbai City,2022,130,100,64,36,71.8,67.1,83.4,64
COL0992,BE Civil Engineering,Mumbai City,2023,140,100,64,36,68.06,62.6,72.2,65
COL0992,BE Civil Engineering,Mumbai City,2024,145,100,65,35,70.22,67.9,82.1,63
COL0993,BA Economics,Jalna,2021,755,200,182,18,60.38,96.4,100.0,190
COL0993,BA Economics,Jalna,2022,819,200,190,10,63.05,97.3,100.0,185
COL0993,BA Economics,Jalna,2023,818,200,185,15,62.19,98.0,100.0,176
COL0993,BA Economics,Jalna,2024,784,190,176,14,62.13,92.6,100.0,182
COL0994,BSc,Dhule,2021,1043,410,324,86,59.29,87.0,100.0,308
COL0994,BSc,Dhule,2022,1004,400,308,92,58.45,75.1,85.1,314
COL0994,BSc,Dhule,2023,996,400,314,86,56.15,77.6,98.6,305
COL0994,BSc,Dhule,2024,1012,390,305,85,57.41,86.9,97.7,342
COL0995,BCom,Jalna,2021,1781,550,469,81,66.36,89.7,100.0,500
COL0995,BCom,Jalna,2022,2027,560,500,60,66.54,85.8,100.0,473
COL0995,BCom,Jalna,2023,1900,560,473,87,66.86,90.6,100.0,503
COL0995,BCom,Jalna,2024,2114,580,503,77,68.05,94.3,100.0,496
COL0996,BCom,Amravati,2021,267,100,80,20,62.39,77.7,94.2,74
COL0996,BCom,Amravati,2022,250,100,74,26,62.35,78.9,94.4,83
COL0996,BCom,Amravati,2023,287,110,83,27,63.49,79.8,100.0,80
COL0996,BCom,Amravati,2024,273,100,80,20,59.22,82.9,100.0,79
COL0997,BE Electrical Engineering,Pune,2021,315,110,86,24,94.87,88.4,100.0,99
COL0997,BE Electrical Engineering,Pune,2022,358,120,99,21,96.35,86.1,97.1,97
COL0997,BE Electrical Engineering,Pune,2023,345,110,97,13,96.06,92.9,100.0,97
COL0997,BE Electrical Engineering,Pune,2024,366,120,97,23,96.29,88.7,100.0,110
COL0998,BSc Mathematics,Satara,2021,314,200,132,68,50.6,73.9,89.1,134
COL0998,BSc Mathematics,Satara,2022,321,200,134,66,51.77,68.2,78.6,135
COL0998,BSc Mathematics,Satara,2023,301,210,135,75,49.13,69.1,88.2,132
COL0998,BSc Mathematics,Satara,2024,325,200,132,68,47.88,66.6,79.1,117
COL0999,BCom,Pune,2021,649,250,196,54,60.56,76.4,91.2,210
COL0999,BCom,Pune,2022,717,260,210,50,61.09,82.1,92.5,206
COL0999,BCom,Pune,2023,711,260,206,54,57.93,82.1,93.3,176
COL0999,BCom,Pune,2024,604,220,176,44,59.09,77.7,88.5,182
COL1000,BE Electrical Engineering,Nagpur,2021,183,100,72,28,78.63,77.7,88.7,67
COL1000,BE Electrical Engineering,Nagpur,2022,177,100,67,33,78.24,73.5,85.3,69
COL1000,BE Electrical Engineering,Nagpur,2023,183,100,69,31,78.82,75.2,90.1,83
COL1000,BE Electrical Engineering,Nagpur,2024,225,110,83,27,80.87,69.6,85.6,79
COL1001,BCom,Chandrapur,2021,441,140,115,25,65.63,94.5,100.0,131
COL1001,BCom,Chandrapur,2022,507,150,131,19,67.71,87.0,100.0,125
COL1001,BCom,Chandrapur,2023,495,150,125,25,67.33,92.4,100.0,127
COL1001,BCom,Chandrapur,2024,535,140,127,13,65.6,94.3,100.0,142
COL1002,BA LLB,Buldhana,2021,263,80,71,9,87.5,88.9,100.0,67
COL1002,BA LLB,Buldhana,2022,254,80,67,13,89.54,86.2,100.0,59
COL1002,BA LLB,Buldhana,2023,238,70,59,11,87.99,88.9,100.0,60
COL1002,BA LLB,Buldhana,2024,252,70,60,10,87.03,86.1,100.0,86
COL1003,BCom,Washim,2021,966,410,301,109,60.66,73.4,82.6,341
COL1003,BCom,Washim,2022,1071,420,341,79,58.3,78.8,89.4,318
COL1003,BCom,Washim,2023,1039,390,318,72,58.54,73.8,83.8,368
COL1003,BCom,Washim,2024,1211,440,368,72,58.47,73.1,85.7,317
COL1004,Diploma in Computer Engineering,Jalna,2021,112,80,52,28,51.63,63.8,80.0,56
COL1004,Diploma in Computer Engineering,Jalna,2022,120,80,56,24,51.19,57.8,76.5,65
COL1004,Diploma in Computer Engineering,Jalna,2023,153,90,65,25,51.86,62.0,75.2,56
COL1004,Diploma in Computer Engineering,Jalna,2024,137,80,56,24,54.18,65.1,76.9,67
COL1005,BSc,Jalgaon,2021,714,280,223,57,57.19,78.5,97.4,217
COL1005,BSc,Jalgaon,2022,711,280,217,63,57.6,79.4,100.0,238
COL1005,BSc,Jalgaon,2023,771,280,238,42,61.13,82.0,99.1,241
COL1005,BSc,Jalgaon,2024,834,310,241,69,60.98,84.2,100.0,260
COL1006,B.Pharm,Nanded,2021,108,50,39,11,70.99,86.6,100.0,36
COL1006,B.Pharm,Nanded,2022,100,50,36,14,70.54,83.8,100.0,38
COL1006,B.Pharm,Nanded,2023,114,50,38,12,71.6,91.0,100.0,38
COL1006,B.Pharm,Nanded,2024,118,50,38,12,69.14,89.9,100.0,33
COL1007,BSc Physics,Satara,2021,372,220,155,65,51.92,72.3,80.6,137
COL1007,BSc Physics,Satara,2022,335,210,137,73,52.45,76.1,94.4,167
COL1007,BSc Physics,Satara,2023,398,240,167,73,53.17,74.3,91.4,148
COL1007,BSc Physics,Satara,2024,387,200,148,52,51.36,74.0,84.5,182
COL1008,BA Economics,Thane,2021,392,200,146,54,49.47,71.0,87.0,148
COL1008,BA Economics,Thane,2022,402,200,148,52,48.84,77.7,98.5,139
COL1008,BA Economics,Thane,2023,403,190,139,51,50.81,75.7,89.6,175
COL1008,BA Economics,Thane,2024,517,230,175,55,48.38,77.6,97.4,198
COL1009,BA,Solapur,2021,665,210,175,35,68.4,90.7,100.0,187
COL1009,BA,Solapur,2022,728,220,187,33,69.07,85.8,99.8,180
COL1009,BA,Solapur,2023,730,210,180,30,68.81,91.7,100.0,165
COL1009,BA,Solapur,2024,686,190,165,25,70.77,91.6,100.0,202
COL1010,LLB,Mumbai City,2021,175,50,45,5,88.37,86.7,100.0,43
COL1010,LLB,Mumbai City,2022,167,50,43,7,90.72,85.6,100.0,44
COL1010,LLB,Mumbai City,2023,176,50,44,6,86.14,89.2,100.0,43
COL1010,LLB,Mumbai City,2024,172,50,43,7,89.16,94.1,100.0,58
COL1011,B.Arch,Sangli,2021,114,30,28,2,90.94,97.6,100.0,26
COL1011,B.Arch,Sangli,2022,112,30,26,4,91.89,91.3,100.0,26
COL1011,B.Arch,Sangli,2023,111,30,26,4,92.21,92.7,100.0,29
COL1011,B.Arch,Sangli,2024,128,30,29,1,91.41,98.0,100.0,27
COL1012,B.Ed,Wardha,2021,43,40,23,17,50.05,64.9,77.7,24
COL1012,B.Ed,Wardha,2022,46,40,24,16,54.08,55.9,70.2,27
COL1012,B.Ed,Wardha,2023,59,40,27,13,51.43,52.3,65.1,26
COL1012,B.Ed,Wardha,2024,58,40,26,14,55.21,59.0,77.3,29
COL1013,BCom,Yavatmal,2021,334,110,91,19,63.81,83.1,94.5,93
COL1013,BCom,Yavatmal,2022,330,110,93,17,64.46,77.7,98.4,98
COL1013,BCom,Yavatmal,2023,355,120,98,22,62.14,78.6,91.9,102
COL1013,BCom,Yavatmal,2024,401,120,102,18,63.06,78.1,96.0,88
COL1014,BE Electronics & Telecommunication,Mumbai City,2021,228,80,63,17,98.78,95.5,100.0,68
COL1014,BE Electronics & Telecommunication,Mumbai City,2022,257,80,68,12,95.07,95.0,100.0,79
COL1014,BE Electronics & Telecommunication,Mumbai City,2023,307,90,79,11,98.21,98.0,100.0,77
COL1014,BE Electronics & Telecommunication,Mumbai City,2024,299,90,77,13,96.67,93.1,100.0,75
COL1015,B.Pharm,Mumbai City,2021,140,80,56,24,63.86,81.0,100.0,61
COL1015,B.Pharm,Mumbai City,2022,159,80,61,19,66.86,75.5,85.1,53
COL1015,B.Pharm,Mumbai City,2023,147,70,53,17,65.78,71.5,91.3,66
COL1015,B.Pharm,Mumbai City,2024,176,90,66,24,67.92,70.0,89.8,61
COL1016,BA English,Kolhapur,2021,622,170,147,23,63.37,94.4,100.0,155
COL1016,BA English,Kolhapur,2022,661,170,155,15,64.38,98.0,100.0,173
COL1016,BA English,Kolhapur,2023,765,180,173,7,60.36,96.0,100.0,168
COL1016,BA English,Kolhapur,2024,716,190,168,22,64.7,96.6,100.0,173
COL1017,BCom,Amravati,2021,88,100,61,39,34.56,51.5,61.6,62
COL1017,BCom,Amravati,2022,98,100,62,38,34.46,53.9,64.0,53
COL1017,BCom,Amravati,2023,78,90,53,37,35.03,52.6,70.5,51
COL1017,BCom,Amravati,2024,81,90,51,39,36.92,56.9,68.8,72
COL1018,BE Computer Engineering,Palghar,2021,232,70,61,9,98.1,87.8,100.0,60
COL1018,BE Computer Engineering,Palghar,2022,232,70,60,10,94.16,90.0,100.0,70
COL1018,BE Computer Engineering,Palghar,2023,275,80,70,10,95.36,92.5,100.0,72
COL1018,BE Computer Engineering,Palghar,2024,282,80,72,8,97.71,89.8,100.0,75
COL1019,BA,Amravati,2021,258,120,87,33,57.45,74.8,91.7,94
COL1019,BA,Amravati,2022,294,120,94,26,56.9,73.6,92.2,90
COL1019,BA,Amravati,2023,281,120,90,30,54.17,71.9,81.9,85
COL1019,BA,Amravati,2024,280,110,85,25,56.77,78.2,96.3,99
COL1020,B.Sc Nursing,Mumbai City,2021,122,50,40,10,66.57,81.9,100.0,39
COL1020,B.Sc Nursing,Mumbai City,2022,123,50,39,11,67.33,84.6,100.0,41
COL1020,B.Sc Nursing,Mumbai City,2023,140,50,41,9,66.75,88.3,99.7,46
COL1020,B.Sc Nursing,Mumbai City,2024,160,60,46,14,65.66,77.9,93.6,41
COL1021,BCom,Jalna,2021,218,140,100,40,43.81,61.2,69.8,101
COL1021,BCom,Jalna,2022,231,150,101,49,44.47,59.4,70.2,97
COL1021,BCom,Jalna,2023,239,150,97,53,44.65,60.8,77.4,94
COL1021,BCom,Jalna,2024,226,140,94,46,46.9,61.0,75.4,87
COL1022,BA English,Ahmednagar,2021,483,150,126,24,62.43,91.0,100.0,137
COL1022,BA English,Ahmednagar,2022,556,150,137,13,62.26,94.5,100.0,145
COL1022,BA English,Ahmednagar,2023,573,160,145,15,64.4,88.0,99.5,165
COL1022,BA English,Ahmednagar,2024,676,180,165,15,61.33,90.1,100.0,148
COL1023,BA,Chhatrapati Sambhajinagar,2021,384,240,159,81,51.49,65.6,77.0,152
COL1023,BA,Chhatrapati Sambhajinagar,2022,377,230,152,78,49.63,69.1,84.0,176
COL1023,BA,Chhatrapati Sambhajinagar,2023,451,250,176,74,50.54,59.0,78.2,219
COL1023,BA,Chhatrapati Sambhajinagar,2024,622,280,219,61,48.03,70.0,87.3,193
COL1024,Diploma in Electrical Engineering,Mumbai City,2021,118,50,38,12,66.26,72.6,82.4,38
COL1024,Diploma in Electrical Engineering,Mumbai City,2022,125,50,38,12,64.71,75.4,91.8,39
COL1024,Diploma in Electrical Engineering,Mumbai City,2023,129,50,39,11,67.31,77.2,97.4,47
COL1024,Diploma in Electrical Engineering,Mumbai City,2024,153,60,47,13,69.22,73.8,83.3,39
COL1025,BA,Ratnagiri,2021,248,100,77,23,59.52,82.9,100.0,78
COL1025,BA,Ratnagiri,2022,248,100,78,22,58.59,81.6,91.3,75
COL1025,BA,Ratnagiri,2023,260,90,75,15,58.47,87.3,100.0,82
COL1025,BA,Ratnagiri,2024,273,100,82,18,57.28,77.2,94.3,72
COL1026,BBA,Nanded,2021,114,50,37,13,76.08,85.2,100.0,42
COL1026,BBA,Nanded,2022,140,50,42,8,79.31,77.2,91.7,47
COL1026,BBA,Nanded,2023,160,60,47,13,79.32,81.6,93.4,40
COL1026,BBA,Nanded,2024,141,50,40,10,77.39,73.9,90.8,50
COL1027,BA English,Chhatrapati Sambhajinagar,2021,302,110,91,19,53.74,74.6,87.5,88
COL1027,BA English,Chhatrapati Sambhajinagar,2022,299,110,88,22,55.08,75.9,96.0,85
COL1027,BA English,Chhatrapati Sambhajinagar,2023,288,110,85,25,54.67,75.7,95.5,102
COL1027,BA English,Chhatrapati Sambhajinagar,2024,341,120,102,18,56.65,76.1,87.2,100
COL1028,BSc,Sindhudurg,2021,670,550,324,226,44.0,54.9,69.3,370
COL1028,BSc,Sindhudurg,2022,766,540,370,170,43.5,58.4,67.7,418
COL1028,BSc,Sindhudurg,2023,924,610,418,192,41.31,56.4,74.9,357
COL1028,BSc,Sindhudurg,2024,757,510,357,153,42.4,53.2,67.0,386
COL1029,BCom,Nashik,2021,1034,410,334,76,57.54,80.6,95.0,312
COL1029,BCom,Nashik,2022,1071,420,312,108,56.75,83.0,100.0,327
COL1029,BCom,Nashik,2023,1070,420,327,93,56.95,89.4,100.0,342
COL1029,BCom,Nashik,2024,1171,400,342,58,58.99,84.9,100.0,297
COL1030,BCom,Beed,2021,227,150,101,49,47.43,59.0,73.9,107
COL1030,BCom,Beed,2022,237,150,107,43,46.19,61.6,78.8,102
COL1030,BCom,Beed,2023,231,150,102,48,47.34,61.5,71.0,100
COL1030,BCom,Beed,2024,257,140,100,40,49.77,57.0,75.9,135
COL1031,BSc Mathematics,Nagpur,2021,329,110,90,20,65.2,89.5,100.0,100
COL1031,BSc Mathematics,Nagpur,2022,367,120,100,20,67.72,89.2,100.0,106
COL1031,BSc Mathematics,Nagpur,2023,403,120,106,14,70.26,90.6,100.0,89
COL1031,BSc Mathematics,Nagpur,2024,338,100,89,11,66.97,95.5,100.0,116
COL1032,B.Pharm,Mumbai Suburban,2021,112,50,38,12,68.1,76.4,90.8,36
COL1032,B.Pharm,Mumbai Suburban,2022,101,50,36,14,69.03,90.5,100.0,40
COL1032,B.Pharm,Mumbai Suburban,2023,121,50,40,10,71.31,85.1,95.8,39
COL1032,B.Pharm,Mumbai Suburban,2024,119,50,39,11,69.86,84.1,96.0,39
COL1033,BSc,Amravati,2021,1330,460,366,94,66.37,86.2,96.6,388
COL1033,BSc,Amravati,2022,1399,450,388,62,65.73,82.2,100.0,386
COL1033,BSc,Amravati,2023,1479,430,386,44,66.88,84.3,100.0,460
COL1033,BSc,Amravati,2024,1799,510,460,50,63.15,90.6,100.0,452
COL1034,MBA,Nagpur,2021,127,50,40,10,75.59,85.5,98.9,41
COL1034,MBA,Nagpur,2022,141,50,41,9,79.2,85.9,98.6,39
COL1034,MBA,Nagpur,2023,136,50,39,11,77.6,78.6,90.5,50
COL1034,MBA,Nagpur,2024,169,60,50,10,80.03,86.8,100.0,51
COL1035,BCom,Thane,2021,218,130,85,45,47.88,73.9,84.7,98
COL1035,BCom,Thane,2022,258,130,98,32,51.14,71.6,82.4,89
COL1035,BCom,Thane,2023,240,120,89,31,51.8,68.8,83.2,100
COL1035,BCom,Thane,2024,278,130,100,30,49.06,72.5,84.6,85
COL1036,BA English,Palghar,2021,630,200,166,34,60.23,84.9,100.0,179
COL1036,BA English,Palghar,2022,710,200,179,21,64.37,89.4,100.0,152
COL1036,BA English,Palghar,2023,636,180,152,28,62.44,81.1,98.1,212
COL1036,BA English,Palghar,2024,852,230,212,18,63.78,81.0,99.7,201
COL1037,BA,Pune,2021,240,110,87,23,51.32,73.2,82.5,81
COL1037,BA,Pune,2022,225,110,81,29,54.24,73.8,91.5,97
COL1037,BA,Pune,2023,304,120,97,23,55.15,69.3,89.1,72
COL1037,BA,Pune,2024,229,100,72,28,55.4,76.3,96.2,90
COL1038,BE Computer Engineering,Thane,2021,81,50,36,14,71.71,73.2,82.7,32
COL1038,BE Computer Engineering,Thane,2022,77,50,32,18,75.15,77.2,94.7,37
COL1038,BE Computer Engineering,Thane,2023,93,50,37,13,74.67,75.9,93.4,35
COL1038,BE Computer Engineering,Thane,2024,90,50,35,15,74.33,78.4,97.5,46
COL1039,Diploma in Computer Engineering,Nanded,2021,144,100,64,36,54.95,63.7,77.7,71
COL1039,Diploma in Computer Engineering,Nanded,2022,156,100,71,29,53.11,67.0,76.1,59
COL1039,Diploma in Computer Engineering,Nanded,2023,141,90,59,31,53.3,61.9,78.6,74
COL1039,Diploma in Computer Engineering,Nanded,2024,174,110,74,36,53.97,65.7,74.2,71
COL1040,BCom,Satara,2021,355,100,88,12,68.09,90.6,100.0,84
COL1040,BCom,Satara,2022,347,100,84,16,72.36,92.0,100.0,86
COL1040,BCom,Satara,2023,361,100,86,14,69.94,89.2,100.0,102
COL1040,BCom,Satara,2024,431,110,102,8,70.33,94.2,100.0,101
COL1041,D.Pharm,Chhatrapati Sambhajinagar,2021,141,80,57,23,62.53,77.2,95.6,54
COL1041,D.Pharm,Chhatrapati Sambhajinagar,2022,136,80,54,26,64.45,75.7,89.6,60
COL1041,D.Pharm,Chhatrapati Sambhajinagar,2023,161,80,60,20,64.99,81.1,100.0,60
COL1041,D.Pharm,Chhatrapati Sambhajinagar,2024,158,80,60,20,66.18,79.1,91.3,63
COL1042,BSc,Thane,2021,162,190,104,86,34.16,60.2,74.8,116
COL1042,BSc,Thane,2022,172,200,116,84,36.17,60.3,74.3,113
COL1042,BSc,Thane,2023,194,180,113,67,36.38,64.3,76.9,120
COL1042,BSc,Thane,2024,190,210,120,90,36.19,63.7,81.6,110
COL1043,BCom,Mumbai City,2021,320,110,90,20,63.29,83.6,98.0,86
COL1043,BCom,Mumbai City,2022,303,110,86,24,63.07,90.0,100.0,97
COL1043,BCom,Mumbai City,2023,368,120,97,23,67.46,88.9,100.0,109
COL1043,BCom,Mumbai City,2024,403,120,109,11,64.36,89.2,100.0,86
COL1044,BSc Physics,Solapur,2021,126,80,53,27,50.89,83.8,100.0,57
COL1044,BSc Physics,Solapur,2022,143,80,57,23,55.09,84.5,99.5,51
COL1044,BSc Physics,Solapur,2023,139,70,51,19,51.35,83.9,100.0,65
COL1044,BSc Physics,Solapur,2024,172,90,65,25,54.74,78.6,88.4,50
COL1045,BCom,Dharashiv,2021,406,220,150,70,54.34,71.6,85.9,179
COL1045,BCom,Dharashiv,2022,528,230,179,51,54.45,70.2,87.8,151
COL1045,BCom,Dharashiv,2023,424,210,151,59,55.1,72.1,84.7,154
COL1045,BCom,Dharashiv,2024,474,210,154,56,53.93,69.7,83.0,187
COL1046,D.Ed,Sangli,2021,201,80,64,16,65.2,72.1,85.2,57
COL1046,D.Ed,Sangli,2022,168,80,57,23,66.98,76.0,95.8,70
COL1046,D.Ed,Sangli,2023,212,90,70,20,68.4,73.0,84.9,55
COL1046,D.Ed,Sangli,2024,174,70,55,15,65.78,67.2,85.6,84
COL1047,BE Computer Engineering,Amravati,2021,148,50,41,9,97.78,98.0,100.0,44
COL1047,BE Computer Engineering,Amravati,2022,166,50,44,6,94.77,92.7,100.0,55
COL1047,BE Computer Engineering,Amravati,2023,214,60,55,5,99.22,96.7,100.0,52
COL1047,BE Computer Engineering,Amravati,2024,205,60,52,8,97.39,98.0,100.0,36
COL1048,Diploma in Electrical Engineering,Raigad,2021,82,50,34,16,59.47,69.8,85.0,38
COL1048,Diploma in Electrical Engineering,Raigad,2022,94,50,38,12,59.58,67.6,77.7,35
COL1048,Diploma in Electrical Engineering,Raigad,2023,93,50,35,15,59.28,70.4,81.6,39
COL1048,Diploma in Electrical Engineering,Raigad,2024,112,50,39,11,57.81,66.1,81.9,37
COL1049,BCom,Solapur,2021,322,100,83,17,68.05,95.7,100.0,84
COL1049,BCom,Solapur,2022,321,100,84,16,71.04,98.0,100.0,88
COL1049,BCom,Solapur,2023,339,100,88,12,67.89,97.6,100.0,81
COL1049,BCom,Solapur,2024,335,90,81,9,71.61,98.0,100.0,90
COL1050,BSc Computer Science,Nandurbar,2021,242,170,111,59,47.42,68.2,79.9,109
COL1050,BSc Computer Science,Nandurbar,2022,242,170,109,61,52.1,68.8,84.0,128
COL1050,BSc Computer Science,Nandurbar,2023,291,190,128,62,52.1,70.5,79.9,119
COL1050,BSc Computer Science,Nandurbar,2024,302,180,119,61,52.54,63.3,82.7,133
COL1051,B.Arch,Ahmednagar,2021,66,50,32,18,68.38,70.0,89.2,30
COL1051,B.Arch,Ahmednagar,2022,62,50,30,20,67.44,64.9,75.0,34
COL1051,B.Arch,Ahmednagar,2023,70,50,34,16,68.19,63.4,82.0,27
COL1051,B.Arch,Ahmednagar,2024,61,40,27,13,65.28,68.8,84.9,36
COL1052,B.Pharm,Sangli,2021,117,50,40,10,73.65,88.7,100.0,39
COL1052,B.Pharm,Sangli,2022,117,50,39,11,73.85,87.4,100.0,41
COL1052,B.Pharm,Sangli,2023,131,50,41,9,71.1,91.3,100.0,47
COL1052,B.Pharm,Sangli,2024,148,60,47,13,70.75,92.2,100.0,31
COL1053,B.Ed,Pune,2021,101,40,30,10,70.4,86.0,96.2,31
COL1053,B.Ed,Pune,2022,102,40,31,9,72.36,85.2,95.5,34
COL1053,B.Ed,Pune,2023,122,40,34,6,71.88,83.6,94.3,33
COL1053,B.Ed,Pune,2024,112,40,33,7,71.34,83.3,100.0,33
COL1054,BE Mechanical Engineering,Thane,2021,291,100,83,17,90.01,96.4,100.0,78
COL1054,BE Mechanical Engineering,Thane,2022,272,100,78,22,91.27,98.0,100.0,91
COL1054,BE Mechanical Engineering,Thane,2023,320,110,91,19,91.02,91.4,100.0,91
COL1054,BE Mechanical Engineering,Thane,2024,334,110,91,19,94.11,98.0,100.0,101
COL1055,BBA,Pune,2021,303,100,84,16,81.23,92.0,100.0,80
COL1055,BBA,Pune,2022,281,100,80,20,83.33,88.8,100.0,97
COL1055,BBA,Pune,2023,361,110,97,13,80.89,86.3,96.8,80
COL1055,BBA,Pune,2024,294,100,80,20,84.1,90.0,100.0,104
COL1056,BCom,Pune,2021,273,150,112,38,51.53,62.1,77.8,104
COL1056,BCom,Pune,2022,273,150,104,46,47.31,66.7,81.5,113
COL1056,BCom,Pune,2023,300,160,113,47,50.26,66.2,78.4,116
COL1056,BCom,Pune,2024,328,160,116,44,48.63,60.7,72.4,142
COL1057,MBBS,Buldhana,2021,367,170,124,46,97.02,73.4,83.1,127
COL1057,MBBS,Buldhana,2022,359,180,127,53,96.2,76.0,92.3,124
COL1057,MBBS,Buldhana,2023,360,170,124,46,97.56,78.1,97.2,110
COL1057,MBBS,Buldhana,2024,320,150,110,40,96.89,68.0,77.7,117
COL1058,BA Economics,Nagpur,2021,330,110,94,16,58.14,93.2,100.0,96
COL1058,BA Economics,Nagpur,2022,356,110,96,14,55.01,83.7,100.0,95
COL1058,BA Economics,Nagpur,2023,337,120,95,25,58.35,95.5,100.0,108
COL1058,BA Economics,Nagpur,2024,416,130,108,22,58.22,88.9,100.0,95
COL1059,BE Civil Engineering,Bhandara,2021,296,110,90,20,88.17,89.4,100.0,83
COL1059,BE Civil Engineering,Bhandara,2022,268,110,83,27,89.0,90.6,100.0,80
COL1059,BE Civil Engineering,Bhandara,2023,262,100,80,20,88.65,87.8,100.0,99
COL1059,BE Civil Engineering,Bhandara,2024,328,120,99,21,91.09,96.6,100.0,108
COL1060,BA History,Solapur,2021,425,110,101,9,63.97,90.9,100.0,101
COL1060,BA History,Solapur,2022,423,110,101,9,63.99,95.2,100.0,105
COL1060,BA History,Solapur,2023,468,120,105,15,62.51,91.4,100.0,117
COL1060,BA History,Solapur,2024,518,120,117,3,64.59,98.0,100.0,97
COL1061,BE Mechanical Engineering,Nashik,2021,152,80,59,21,80.23,80.5,91.8,53
COL1061,BE Mechanical Engineering,Nashik,2022,132,80,53,27,77.44,81.2,94.4,57
COL1061,BE Mechanical Engineering,Nashik,2023,156,80,57,23,79.77,79.1,97.5,67
COL1061,BE Mechanical Engineering,Nashik,2024,187,90,67,23,79.81,80.8,100.0,73
COL1062,BCom,Bhandara,2021,291,100,84,16,63.91,78.5,91.8,83
COL1062,BCom,Bhandara,2022,310,100,83,17,64.03,81.5,92.6,98
COL1062,BCom,Bhandara,2023,367,110,98,12,63.91,89.5,100.0,91
COL1062,BCom,Bhandara,2024,356,110,91,19,64.87,84.7,96.0,99
COL1063,BE Computer Engineering,Mumbai City,2021,103,60,42,18,76.2,68.7,85.2,43
COL1063,BE Computer Engineering,Mumbai City,2022,109,60,43,17,78.56,77.7,89.0,46
COL1063,BE Computer Engineering,Mumbai City,2023,119,60,46,14,78.48,76.3,90.8,41
COL1063,BE Computer Engineering,Mumbai City,2024,112,60,41,19,77.74,69.7,82.8,52
COL1064,Diploma in Electrical Engineering,Pune,2021,150,100,67,33,48.65,64.2,80.7,71
COL1064,Diploma in Electrical Engineering,Pune,2022,156,100,71,29,52.11,67.6,85.0,70
COL1064,Diploma in Electrical Engineering,Pune,2023,158,100,70,30,52.63,67.3,77.8,70
COL1064,Diploma in Electrical Engineering,Pune,2024,167,110,70,40,53.91,62.2,77.3,59
COL1065,BCom,Parbhani,2021,413,190,139,51,56.66,79.4,99.3,148
COL1065,BCom,Parbhani,2022,479,190,148,42,58.47,79.0,95.0,145
COL1065,BCom,Parbhani,2023,476,190,145,45,56.46,74.6,88.1,132
COL1065,BCom,Parbhani,2024,423,170,132,38,59.47,81.6,99.9,154
COL1066,B.Arch,Washim,2021,51,30,20,10,73.36,79.6,97.5,23
COL1066,B.Arch,Washim,2022,63,30,23,7,72.36,74.3,94.8,21
COL1066,B.Arch,Washim,2023,59,30,21,9,74.49,81.6,98.5,23
COL1066,B.Arch,Washim,2024,59,30,23,7,74.08,79.8,97.8,23
COL1067,B.Pharm,Satara,2021,163,50,43,7,84.19,97.8,100.0,42
COL1067,B.Pharm,Satara,2022,162,50,42,8,84.02,92.0,100.0,45
COL1067,B.Pharm,Satara,2023,177,50,45,5,86.8,92.6,100.0,46
COL1067,B.Pharm,Satara,2024,183,50,46,4,87.07,92.4,100.0,48
COL1068,BCom,Pune,2021,597,170,145,25,69.83,92.5,100.0,159
COL1068,BCom,Pune,2022,643,180,159,21,70.38,98.0,100.0,156
COL1068,BCom,Pune,2023,676,180,156,24,71.99,89.3,100.0,143
COL1068,BCom,Pune,2024,597,150,143,7,69.47,98.0,100.0,180
COL1069,BA,Nanded,2021,880,270,228,42,69.44,86.9,100.0,239
COL1069,BA,Nanded,2022,936,270,239,31,68.87,82.1,92.4,226
COL1069,BA,Nanded,2023,939,270,226,44,67.06,84.0,97.5,261
COL1069,BA,Nanded,2024,1119,290,261,29,68.85,85.7,100.0,311
COL1070,B.Pharm,Beed,2021,175,80,58,22,70.1,86.5,98.1,59
COL1070,B.Pharm,Beed,2022,174,80,59,21,73.5,87.7,100.0,51
COL1070,B.Pharm,Beed,2023,163,70,51,19,70.38,82.8,99.9,61
COL1070,B.Pharm,Beed,2024,194,80,61,19,72.9,87.4,100.0,62
COL1071,MBA,Beed,2021,185,80,62,18,72.45,75.1,92.6,62
COL1071,MBA,Beed,2022,178,80,62,18,71.98,74.7,91.4,64
COL1071,MBA,Beed,2023,188,90,64,26,72.56,72.0,84.3,73
COL1071,MBA,Beed,2024,222,90,73,17,71.11,65.2,84.9,56
COL1072,B.Pharm,Nagpur,2021,100,80,54,26,56.46,68.3,87.9,55
COL1072,B.Pharm,Nagpur,2022,104,80,55,25,57.32,62.6,77.0,60
COL1072,B.Pharm,Nagpur,2023,132,90,60,30,58.5,69.0,83.3,61
COL1072,B.Pharm,Nagpur,2024,126,90,61,29,57.31,67.3,79.7,60
COL1073,BCom,Chandrapur,2021,417,210,155,55,47.41,67.4,80.0,146
COL1073,BCom,Chandrapur,2022,382,210,146,64,49.78,69.2,86.2,152
COL1073,BCom,Chandrapur,2023,418,200,152,48,47.82,70.2,82.7,142
COL1073,BCom,Chandrapur,2024,385,200,142,58,52.99,71.5,90.5,184
COL1074,BA,Chhatrapati Sambhajinagar,2021,313,200,143,57,45.35,58.5,72.4,141
COL1074,BA,Chhatrapati Sambhajinagar,2022,344,210,141,69,43.84,57.1,68.9,116
COL1074,BA,Chhatrapati Sambhajinagar,2023,294,180,116,64,47.39,64.2,76.7,153
COL1074,BA,Chhatrapati Sambhajinagar,2024,370,210,153,57,45.64,60.4,72.3,154
COL1075,MBBS,Nanded,2021,470,130,119,11,97.82,94.8,100.0,119
COL1075,MBBS,Nanded,2022,474,130,119,11,99.95,90.2,100.0,104
COL1075,MBBS,Nanded,2023,432,120,104,16,99.79,88.1,100.0,142
COL1075,MBBS,Nanded,2024,594,150,142,8,99.95,91.6,100.0,125
COL1076,BE Mechanical Engineering,Jalna,2021,212,60,51,9,99.95,95.2,100.0,56
COL1076,BE Mechanical Engineering,Jalna,2022,241,60,56,4,99.95,98.0,100.0,53
COL1076,BE Mechanical Engineering,Jalna,2023,237,60,53,7,99.95,95.5,100.0,59
COL1076,BE Mechanical Engineering,Jalna,2024,265,60,59,1,98.48,95.4,100.0,54
COL1077,MBA,Mumbai Suburban,2021,247,80,68,12,81.71,86.7,97.8,63
COL1077,MBA,Mumbai Suburban,2022,235,80,63,17,84.33,82.3,95.3,68
COL1077,MBA,Mumbai Suburban,2023,245,80,68,12,82.18,80.9,100.0,78
COL1077,MBA,Mumbai Suburban,2024,290,90,78,12,84.01,79.8,96.5,69
COL1078,B.Ed,Nashik,2021,93,80,48,32,54.12,55.1,72.8,52
COL1078,B.Ed,Nashik,2022,104,80,52,28,52.37,57.6,73.4,56
COL1078,B.Ed,Nashik,2023,110,90,56,34,54.28,62.4,72.4,46
COL1078,B.Ed,Nashik,2024,96,70,46,24,53.26,62.3,72.2,59
COL1079,BSc,Nagpur,2021,331,170,127,43,49.38,74.3,83.3,124
COL1079,BSc,Nagpur,2022,327,180,124,56,47.87,76.3,87.8,127
COL1079,BSc,Nagpur,2023,339,180,127,53,51.23,75.8,93.9,134
COL1079,BSc,Nagpur,2024,375,190,134,56,48.68,70.4,90.5,115
COL1080,BA,Nagpur,2021,385,190,134,56,53.89,74.6,84.4,151
COL1080,BA,Nagpur,2022,447,200,151,49,55.57,76.7,96.7,139
COL1080,BA,Nagpur,2023,433,190,139,51,53.96,73.2,90.0,126
COL1080,BA,Nagpur,2024,385,170,126,44,56.93,80.7,95.3,168
COL1081,BSc,Nanded,2021,691,250,199,51,65.38,85.2,100.0,188
COL1081,BSc,Nanded,2022,693,240,188,52,63.31,79.9,91.3,247
COL1081,BSc,Nanded,2023,889,280,247,33,65.07,79.7,88.8,207
COL1081,BSc,Nanded,2024,789,250,207,43,63.23,79.4,94.4,197
COL1082,BCom,Pune,2021,1106,410,339,71,57.07,81.5,99.4,313
COL1082,BCom,Pune,2022,1061,420,313,107,60.97,82.3,100.0,304
COL1082,BCom,Pune,2023,1011,400,304,96,57.65,81.6,100.0,313
COL1082,BCom,Pune,2024,1087,400,313,87,57.97,80.4,100.0,362
COL1083,BE Electronics & Telecommunication,Palghar,2021,595,180,161,19,99.95,90.5,100.0,169
COL1083,BE Electronics & Telecommunication,Palghar,2022,665,190,169,21,99.95,88.5,100.0,154
COL1083,BE Electronics & Telecommunication,Palghar,2023,597,170,154,16,99.28,92.5,100.0,144
COL1083,BE Electronics & Telecommunication,Palghar,2024,598,170,144,26,99.95,94.9,100.0,177
COL1084,BCom,Palghar,2021,778,240,200,40,68.64,82.7,97.1,219
COL1084,BCom,Palghar,2022,886,250,219,31,68.88,85.5,100.0,221
COL1084,BCom,Palghar,2023,850,240,221,19,66.25,91.6,100.0,221
COL1084,BCom,Palghar,2024,878,250,221,29,68.87,87.5,100.0,253
COL1085,BE Electrical Engineering,Nashik,2021,191,70,54,16,91.73,84.2,96.5,58
COL1085,BE Electrical Engineering,Nashik,2022,218,70,58,12,92.05,93.5,100.0,61
COL1085,BE Electrical Engineering,Nashik,2023,229,70,61,9,94.02,87.9,100.0,49
COL1085,BE Electrical Engineering,Nashik,2024,182,60,49,11,94.29,91.8,100.0,63
COL1086,B.Arch,Jalgaon,2021,70,30,23,7,79.57,82.0,97.7,24
COL1086,B.Arch,Jalgaon,2022,77,30,24,6,81.3,85.9,97.4,25
COL1086,B.Arch,Jalgaon,2023,82,30,25,5,83.63,86.3,100.0,24
COL1086,B.Arch,Jalgaon,2024,77,30,24,6,80.32,91.9,100.0,32
COL1087,B.Sc Nursing,Thane,2021,131,50,38,12,70.76,85.3,95.9,42
COL1087,B.Sc Nursing,Thane,2022,149,50,42,8,69.88,86.0,100.0,41
COL1087,B.Sc Nursing,Thane,2023,155,50,41,9,70.51,81.3,95.5,52
COL1087,B.Sc Nursing,Thane,2024,192,60,52,8,70.35,80.9,95.4,45
COL1088,Diploma in Computer Engineering,Pune,2021,89,50,36,14,58.14,65.2,81.4,36
COL1088,Diploma in Computer Engineering,Pune,2022,93,50,36,14,59.54,69.8,79.3,35
COL1088,Diploma in Computer Engineering,Pune,2023,88,50,35,15,55.14,73.4,92.4,36
COL1088,Diploma in Computer Engineering,Pune,2024,99,50,36,14,58.3,75.2,87.8,32
COL1089,BA,Buldhana,2021,1260,460,378,82,62.14,88.4,99.7,374
COL1089,BA,Buldhana,2022,1333,440,374,66,64.36,95.2,100.0,339
COL1089,BA,Buldhana,2023,1184,420,339,81,61.81,82.8,92.7,389
COL1089,BA,Buldhana,2024,1409,490,389,101,61.63,83.5,96.9,447
COL1090,MBA,Mumbai City,2021,281,100,83,17,79.7,87.5,100.0,85
COL1090,MBA,Mumbai City,2022,291,100,85,15,81.92,91.0,100.0,87
COL1090,MBA,Mumbai City,2023,302,110,87,23,80.12,89.2,100.0,95
COL1090,MBA,Mumbai City,2024,356,110,95,15,82.43,82.0,92.9,90
COL1091,BCom,Parbhani,2021,150,140,86,54,38.0,60.7,73.9,85
COL1091,BCom,Parbhani,2022,148,140,85,55,39.62,63.5,78.8,86
COL1091,BCom,Parbhani,2023,164,140,86,54,40.77,66.6,80.9,81
COL1091,BCom,Parbhani,2024,161,130,81,49,41.48,71.9,91.4,96
COL1092,MBA,Nagpur,2021,342,100,87,13,90.51,93.7,100.0,91
COL1092,MBA,Nagpur,2022,368,100,91,9,89.36,88.3,100.0,98
COL1092,MBA,Nagpur,2023,401,110,98,12,89.23,95.4,100.0,76
COL1092,MBA,Nagpur,2024,305,90,76,14,89.07,95.6,100.0,93
COL1093,BSc Computer Science,Pune,2021,275,90,74,16,67.22,95.1,100.0,76
COL1093,BSc Computer Science,Pune,2022,280,90,76,14,67.98,95.8,100.0,78
COL1093,BSc Computer Science,Pune,2023,281,90,78,12,68.33,96.9,100.0,79
COL1093,BSc Computer Science,Pune,2024,290,90,79,11,66.67,87.8,100.0,92
COL1094,BCom,Mumbai City,2021,207,110,74,36,51.83,69.8,85.5,81
COL1094,BCom,Mumbai City,2022,227,110,81,29,55.22,69.3,89.2,84
COL1094,BCom,Mumbai City,2023,244,110,84,26,53.81,65.6,80.6,97
COL1094,BCom,Mumbai City,2024,275,130,97,33,55.9,70.6,85.7,92
COL1095,BCom,Solapur,2021,1117,410,326,84,61.57,89.7,100.0,322
COL1095,BCom,Solapur,2022,1093,420,322,98,61.97,96.5,100.0,378
COL1095,BCom,Solapur,2023,1399,450,378,72,64.66,88.0,100.0,368
COL1095,BCom,Solapur,2024,1375,450,368,82,62.72,95.2,100.0,408
COL1096,Diploma in Civil Engineering,Gondia,2021,256,80,68,12,75.43,76.1,85.0,67
COL1096,Diploma in Civil Engineering,Gondia,2022,258,80,67,13,75.17,85.2,94.9,66
COL1096,Diploma in Civil Engineering,Gondia,2023,256,80,66,14,74.35,88.2,100.0,60
COL1096,Diploma in Civil Engineering,Gondia,2024,237,70,60,10,75.19,87.5,100.0,61
COL1097,BA,Mumbai City,2021,336,140,110,30,55.89,68.5,81.6,111
COL1097,BA,Mumbai City,2022,357,150,111,39,55.98,68.1,85.1,102
COL1097,BA,Mumbai City,2023,313,130,102,28,58.55,71.9,90.8,99
COL1097,BA,Mumbai City,2024,323,130,99,31,56.36,70.9,79.8,119
COL1098,BE Computer Engineering,Kolhapur,2021,243,80,68,12,95.07,94.1,100.0,68
COL1098,BE Computer Engineering,Kolhapur,2022,245,80,68,12,95.7,92.7,100.0,78
COL1098,BE Computer Engineering,Kolhapur,2023,278,90,78,12,95.97,93.9,100.0,67
COL1098,BE Computer Engineering,Kolhapur,2024,262,80,67,13,93.77,94.4,100.0,67
COL1099,BE Computer Engineering,Nagpur,2021,783,200,182,18,99.95,98.0,100.0,191
COL1099,BE Computer Engineering,Nagpur,2022,830,210,191,19,99.95,97.1,100.0,199
COL1099,BE Computer Engineering,Nagpur,2023,850,210,199,11,99.63,95.7,100.0,228
COL1099,BE Computer Engineering,Nagpur,2024,992,240,228,12,99.66,98.0,100.0,225
COL1100,BE Mechanical Engineering,Chhatrapati Sambhajinagar,2021,325,90,78,12,97.95,95.4,100.0,80
COL1100,BE Mechanical Engineering,Chhatrapati Sambhajinagar,2022,359,90,80,10,98.25,92.6,100.0,85
COL1100,BE Mechanical Engineering,Chhatrapati Sambhajinagar,2023,382,90,85,5,99.95,92.0,100.0,89
COL1100,BE Mechanical Engineering,Chhatrapati Sambhajinagar,2024,402,100,89,11,99.95,98.0,100.0,86
COL1101,D.Pharm,Raigad,2021,107,50,36,14,71.93,75.5,92.6,39
COL1101,D.Pharm,Raigad,2022,116,50,39,11,69.47,78.9,91.4,36
COL1101,D.Pharm,Raigad,2023,112,50,36,14,69.4,76.0,93.4,38
COL1101,D.Pharm,Raigad,2024,116,50,38,12,72.69,80.9,91.2,39
COL1102,BSc Physics,Palghar,2021,326,170,125,45,54.99,65.7,82.2,120
COL1102,BSc Physics,Palghar,2022,301,180,120,60,52.78,72.2,89.6,114
COL1102,BSc Physics,Palghar,2023,315,170,114,56,51.93,76.9,94.8,115
COL1102,BSc Physics,Palghar,2024,320,150,115,35,53.91,68.8,78.2,119
COL1103,BSc,Kolhapur,2021,1737,550,464,86,66.85,96.0,100.0,441
COL1103,BSc,Kolhapur,2022,1767,530,441,89,64.85,88.2,100.0,459
COL1103,BSc,Kolhapur,2023,1852,550,459,91,68.4,98.0,100.0,572
COL1103,BSc,Kolhapur,2024,2228,650,572,78,68.03,98.0,100.0,456
COL1104,MBA,Latur,2021,87,80,45,35,52.16,50.0,60.0,53
COL1104,MBA,Latur,2022,99,80,53,27,52.65,55.2,64.3,47
COL1104,MBA,Latur,2023,87,80,47,33,51.95,58.7,68.8,42
COL1104,MBA,Latur,2024,77,70,42,28,54.89,54.3,67.5,59
COL1105,BCom,Mumbai City,2021,250,150,101,49,51.49,62.1,76.8,110
COL1105,BCom,Mumbai City,2022,287,160,110,50,50.75,71.0,86.2,98
COL1105,BCom,Mumbai City,2023,245,150,98,52,48.94,61.7,72.1,105
COL1105,BCom,Mumbai City,2024,254,150,105,45,50.66,64.5,74.6,136
COL1106,D.Pharm,Mumbai City,2021,129,80,56,24,60.33,72.2,81.9,57
COL1106,D.Pharm,Mumbai City,2022,130,80,57,23,63.72,76.9,88.7,52
COL1106,D.Pharm,Mumbai City,2023,118,80,52,28,60.45,66.6,75.3,50
COL1106,D.Pharm,Mumbai City,2024,128,70,50,20,64.83,66.1,79.9,59
COL1107,BSc,Amravati,2021,696,410,278,132,51.72,60.5,79.1,294
COL1107,BSc,Amravati,2022,829,400,294,106,50.35,64.7,74.5,263
COL1107,BSc,Amravati,2023,732,380,263,117,49.2,68.1,86.9,276
COL1107,BSc,Amravati,2024,746,380,276,104,51.19,61.6,75.5,362
COL1108,BA,Nandurbar,2021,465,200,144,56,54.76,92.4,100.0,157
COL1108,BA,Nandurbar,2022,481,200,157,43,55.77,81.9,100.0,162
COL1108,BA,Nandurbar,2023,523,200,162,38,58.35,80.9,96.3,169
COL1108,BA,Nandurbar,2024,537,210,169,41,56.64,81.3,92.7,153
COL1109,MBBS,Chandrapur,2021,356,210,148,62,96.35,73.6,88.0,139
COL1109,MBBS,Chandrapur,2022,349,210,139,71,97.24,69.6,79.1,137
COL1109,MBBS,Chandrapur,2023,344,200,137,63,96.05,80.2,96.2,137
COL1109,MBBS,Chandrapur,2024,364,190,137,53,97.75,74.6,94.2,132
COL1110,BSc,Chhatrapati Sambhajinagar,2021,310,170,121,49,51.98,66.7,86.4,130
COL1110,BSc,Chhatrapati Sambhajinagar,2022,352,170,130,40,49.79,61.4,69.5,121
COL1110,BSc,Chhatrapati Sambhajinagar,2023,333,160,121,39,50.44,69.5,79.2,128
COL1110,BSc,Chhatrapati Sambhajinagar,2024,363,180,128,52,51.79,66.3,83.6,136
COL1111,BCom,Thane,2021,484,200,158,42,55.2,66.1,85.2,160
COL1111,BCom,Thane,2022,494,200,160,40,57.66,71.9,88.0,137
COL1111,BCom,Thane,2023,429,190,137,53,55.96,69.1,81.1,153
COL1111,BCom,Thane,2024,454,210,153,57,58.71,71.4,83.7,145
COL1112,BE Mechanical Engineering,Nagpur,2021,62,50,32,18,64.3,54.0,62.4,33
COL1112,BE Mechanical Engineering,Nagpur,2022,62,50,33,17,65.02,59.9,69.2,33
COL1112,BE Mechanical Engineering,Nagpur,2023,57,50,33,17,66.75,50.1,61.7,41
COL1112,BE Mechanical Engineering,Nagpur,2024,81,60,41,19,66.09,62.1,80.5,31
COL1113,MBBS,Mumbai Suburban,2021,509,130,120,10,99.95,95.3,100.0,124
COL1113,MBBS,Mumbai Suburban,2022,545,130,124,6,98.34,98.0,100.0,126
COL1113,MBBS,Mumbai Suburban,2023,581,140,126,14,99.34,94.3,100.0,113
COL1113,MBBS,Mumbai Suburban,2024,518,120,113,7,99.23,98.0,100.0,124
COL1114,B.Pharm,Nashik,2021,113,50,37,13,68.38,82.4,96.0,38
COL1114,B.Pharm,Nashik,2022,118,50,38,12,68.57,82.8,100.0,43
COL1114,B.Pharm,Nashik,2023,134,60,43,17,73.41,85.7,100.0,41
COL1114,B.Pharm,Nashik,2024,127,50,41,9,73.48,79.0,99.3,41
COL1115,BCom,Nagpur,2021,186,200,116,84,37.19,67.8,87.4,134
COL1115,BCom,Nagpur,2022,211,210,134,76,36.74,70.4,84.0,112
COL1115,BCom,Nagpur,2023,199,200,112,88,37.74,66.7,74.9,146
COL1115,BCom,Nagpur,2024,251,220,146,74,39.41,68.2,83.5,146
COL1116,B.Arch,Parbhani,2021,47,30,21,9,71.14,64.4,76.3,21
COL1116,B.Arch,Parbhani,2022,48,30,21,9,70.83,70.4,88.7,21
COL1116,B.Arch,Parbhani,2023,51,30,21,9,69.03,68.6,76.6,20
COL1116,B.Arch,Parbhani,2024,49,30,20,10,73.13,67.1,76.7,21
COL1117,MBA,Pune,2021,116,80,54,26,58.88,57.3,69.9,56
COL1117,MBA,Pune,2022,135,80,56,24,60.29,63.4,81.9,56
COL1117,MBA,Pune,2023,125,80,56,24,62.74,62.9,78.7,57
COL1117,MBA,Pune,2024,140,80,57,23,62.61,61.1,72.3,60
COL1118,MBBS,Dhule,2021,348,130,101,29,97.13,96.8,100.0,108
COL1118,MBBS,Dhule,2022,394,130,108,22,99.95,93.9,100.0,108
COL1118,MBBS,Dhule,2023,383,130,108,22,97.35,90.7,100.0,127
COL1118,MBBS,Dhule,2024,457,150,127,23,97.84,84.6,95.6,100
COL1119,Diploma in Electrical Engineering,Mumbai City,2021,211,100,72,28,59.78,75.4,94.8,71
COL1119,Diploma in Electrical Engineering,Mumbai City,2022,200,100,71,29,64.22,72.7,90.3,71
COL1119,Diploma in Electrical Engineering,Mumbai City,2023,207,100,71,29,60.57,78.0,97.5,76
COL1119,Diploma in Electrical Engineering,Mumbai City,2024,235,100,76,24,63.23,73.1,87.9,77
COL1120,Diploma in Mechanical Engineering,Thane,2021,182,80,62,18,63.21,74.1,87.0,59
COL1120,Diploma in Mechanical Engineering,Thane,2022,169,80,59,21,61.77,70.4,80.2,64
COL1120,Diploma in Mechanical Engineering,Thane,2023,187,90,64,26,63.72,76.0,85.4,59
COL1120,Diploma in Mechanical Engineering,Thane,2024,175,80,59,21,63.28,69.8,84.8,65
COL1121,GNM,Akola,2021,128,80,54,26,57.09,65.4,77.4,60
COL1121,GNM,Akola,2022,150,80,60,20,55.24,70.5,88.0,54
COL1121,GNM,Akola,2023,135,80,54,26,55.38,62.6,76.9,61
COL1121,GNM,Akola,2024,164,80,61,19,56.67,65.5,78.4,51
COL1122,BE Computer Engineering,Parbhani,2021,175,110,78,32,75.3,72.9,92.5,75
COL1122,BE Computer Engineering,Parbhani,2022,172,110,75,35,72.37,76.6,94.1,73
COL1122,BE Computer Engineering,Parbhani,2023,183,110,73,37,71.94,81.4,100.0,65
COL1122,BE Computer Engineering,Parbhani,2024,152,100,65,35,75.06,82.2,97.9,74
COL1123,B.Sc Nursing,Dhule,2021,65,50,34,16,48.8,64.7,80.2,31
COL1123,B.Sc Nursing,Dhule,2022,65,50,31,19,51.08,63.3,82.2,31
COL1123,B.Sc Nursing,Dhule,2023,64,50,31,19,53.8,58.5,71.8,35
COL1123,B.Sc Nursing,Dhule,2024,72,50,35,15,51.68,70.5,88.0,42
COL1124,BA,Chhatrapati Sambhajinagar,2021,1394,380,346,34,65.75,82.7,100.0,338
COL1124,BA,Chhatrapati Sambhajinagar,2022,1370,370,338,32,67.97,93.0,100.0,388
COL1124,BA,Chhatrapati Sambhajinagar,2023,1655,410,388,22,68.46,88.7,100.0,378
COL1124,BA,Chhatrapati Sambhajinagar,2024,1569,430,378,52,69.55,92.5,100.0,435
COL1125,BCom,Satara,2021,484,210,161,49,56.25,71.6,83.6,161
COL1125,BCom,Satara,2022,467,220,161,59,56.02,77.7,93.5,151
COL1125,BCom,Satara,2023,452,190,151,39,57.24,79.0,97.7,163
COL1125,BCom,Satara,2024,494,210,163,47,57.5,74.6,91.7,199
COL1126,BSc,Palghar,2021,473,280,203,77,47.62,68.2,87.1,179
COL1126,BSc,Palghar,2022,461,270,179,91,47.95,69.4,88.2,206
COL1126,BSc,Palghar,2023,552,280,206,74,48.01,72.8,86.2,188
COL1126,BSc,Palghar,2024,511,260,188,72,48.76,72.4,83.7,250
COL1127,BCom,Raigad,2021,479,310,221,89,49.1,61.9,69.7,224
COL1127,BCom,Raigad,2022,514,320,224,96,46.66,58.3,67.6,216
COL1127,BCom,Raigad,2023,535,330,216,114,46.56,64.4,80.4,211
COL1127,BCom,Raigad,2024,517,310,211,99,45.95,60.9,68.8,239
COL1128,BE Computer Engineering,Pune,2021,298,80,69,11,99.95,89.1,100.0,74
COL1128,BE Computer Engineering,Pune,2022,330,80,74,6,98.46,90.7,100.0,77
COL1128,BE Computer Engineering,Pune,2023,332,80,77,3,99.95,90.1,100.0,68
COL1128,BE Computer Engineering,Pune,2024,313,70,68,2,99.95,93.0,100.0,74
COL1129,BCom,Thane,2021,396,160,121,39,56.9,78.8,96.3,134
COL1129,BCom,Thane,2022,427,170,134,36,56.53,82.8,94.2,142
COL1129,BCom,Thane,2023,458,180,142,38,61.15,82.3,98.6,132
COL1129,BCom,Thane,2024,435,170,132,38,59.85,75.8,85.3,147
COL1130,BA,Sangli,2021,1372,400,339,61,69.34,88.8,100.0,370
COL1130,BA,Sangli,2022,1448,420,370,50,66.15,82.8,100.0,361
COL1130,BA,Sangli,2023,1480,410,361,49,66.22,86.9,100.0,328
COL1130,BA,Sangli,2024,1387,360,328,32,71.16,89.5,100.0,402
COL1131,BSc,Thane,2021,1152,410,344,66,62.74,78.4,94.1,322
COL1131,BSc,Thane,2022,1196,410,322,88,62.57,86.7,100.0,337
COL1131,BSc,Thane,2023,1184,420,337,83,61.86,76.1,94.2,333
COL1131,BSc,Thane,2024,1222,410,333,77,62.48,81.1,94.5,428
COL1132,GNM,Pune,2021,134,50,40,10,65.18,88.4,98.4,39
COL1132,GNM,Pune,2022,130,50,39,11,68.64,82.2,91.9,40
COL1132,GNM,Pune,2023,133,50,40,10,67.47,76.9,86.8,47
COL1132,GNM,Pune,2024,164,60,47,13,68.54,83.1,96.2,43
COL1133,BCom,Solapur,2021,361,180,136,44,53.58,76.0,96.7,143
COL1133,BCom,Solapur,2022,383,190,143,47,53.02,77.4,96.0,146
COL1133,BCom,Solapur,2023,435,200,146,54,54.82,79.9,96.7,146
COL1133,BCom,Solapur,2024,409,190,146,44,50.53,76.8,87.3,129
COL1134,B.Sc Nursing,Nashik,2021,159,50,42,8,74.61,93.3,100.0,42
COL1134,B.Sc Nursing,Nashik,2022,159,50,42,8,71.95,80.5,100.0,43
COL1134,B.Sc Nursing,Nashik,2023,170,50,43,7,76.72,92.9,100.0,52
COL1134,B.Sc Nursing,Nashik,2024,213,60,52,8,73.19,85.6,100.0,54
COL1135,MBA,Latur,2021,163,50,43,7,86.19,77.5,90.6,42
COL1135,MBA,Latur,2022,159,50,42,8,88.19,84.0,100.0,51
COL1135,MBA,Latur,2023,191,60,51,9,85.26,83.4,100.0,33
COL1135,MBA,Latur,2024,126,40,33,7,87.1,85.1,100.0,53
COL1136,BCom,Gadchiroli,2021,238,140,98,42,49.4,69.8,79.7,96
COL1136,BCom,Gadchiroli,2022,236,140,96,44,48.44,63.9,72.1,111
COL1136,BCom,Gadchiroli,2023,286,150,111,39,50.71,66.5,79.9,84
COL1136,BCom,Gadchiroli,2024,207,120,84,36,48.5,67.0,80.5,124
COL1137,BA,Satara,2021,355,220,148,72,46.08,57.5,73.1,164
COL1137,BA,Satara,2022,382,230,164,66,46.71,63.2,79.0,155
COL1137,BA,Satara,2023,354,210,155,55,46.67,61.8,77.7,189
COL1137,BA,Satara,2024,487,260,189,71,48.1,70.5,78.6,183
COL1138,D.Pharm,Mumbai City,2021,98,50,36,14,68.52,76.1,90.5,37
COL1138,D.Pharm,Mumbai City,2022,107,50,37,13,70.58,81.9,92.4,38
COL1138,D.Pharm,Mumbai City,2023,113,50,38,12,69.53,82.4,95.9,40
COL1138,D.Pharm,Mumbai City,2024,121,50,40,10,67.62,71.9,90.6,45
COL1139,MBBS,Parbhani,2021,367,210,141,69,94.62,67.5,85.0,162
COL1139,MBBS,Parbhani,2022,448,220,162,58,95.13,75.8,93.4,156
COL1139,MBBS,Parbhani,2023,419,220,156,64,96.04,68.5,83.1,143
COL1139,MBBS,Parbhani,2024,369,200,143,57,96.15,69.2,87.5,188
COL1140,BCom,Nagpur,2021,496,170,141,29,64.13,84.1,97.7,147
COL1140,BCom,Nagpur,2022,528,180,147,33,65.81,85.4,97.6,141
COL1140,BCom,Nagpur,2023,503,170,141,29,64.38,84.4,100.0,130
COL1140,BCom,Nagpur,2024,482,160,130,30,65.25,87.0,100.0,143
COL1141,BE Computer Engineering,Amravati,2021,126,90,57,33,73.3,65.8,82.2,64
COL1141,BE Computer Engineering,Amravati,2022,156,90,64,26,73.43,77.3,86.1,66
COL1141,BE Computer Engineering,Amravati,2023,152,90,66,24,77.55,71.2,81.4,72
COL1141,BE Computer Engineering,Amravati,2024,185,100,72,28,73.03,79.1,92.4,61
COL1142,MBBS,Pune,2021,187,170,99,71,95.09,76.3,89.9,107
COL1142,MBBS,Pune,2022,195,180,107,73,92.43,71.3,87.3,111
COL1142,MBBS,Pune,2023,219,180,111,69,94.51,70.7,86.9,102
COL1142,MBBS,Pune,2024,197,170,102,68,94.36,74.0,85.1,87
COL1143,B.Ed,Mumbai Suburban,2021,263,80,66,14,81.2,89.7,100.0,72
COL1143,B.Ed,Mumbai Suburban,2022,278,80,72,8,81.43,94.6,100.0,74
COL1143,B.Ed,Mumbai Suburban,2023,294,80,74,6,80.57,95.3,100.0,74
COL1143,B.Ed,Mumbai Suburban,2024,309,80,74,6,78.83,97.1,100.0,76
COL1144,Diploma in Mechanical Engineering,Pune,2021,52,50,29,21,43.5,54.7,71.0,29
COL1144,Diploma in Mechanical Engineering,Pune,2022,56,50,29,21,46.66,61.0,75.4,31
COL1144,Diploma in Mechanical Engineering,Pune,2023,63,50,31,19,43.98,55.4,64.8,31
COL1144,Diploma in Mechanical Engineering,Pune,2024,63,50,31,19,45.11,56.4,70.4,35
COL1145,BSc,Gadchiroli,2021,264,130,90,40,52.01,67.5,81.4,102
COL1145,BSc,Gadchiroli,2022,294,130,102,28,55.94,71.8,84.9,110
COL1145,BSc,Gadchiroli,2023,318,140,110,30,54.41,74.7,92.4,105
COL1145,BSc,Gadchiroli,2024,324,140,105,35,54.31,63.3,82.4,93
COL1146,BSc Mathematics,Sindhudurg,2021,127,100,62,38,47.46,79.3,96.8,68
COL1146,BSc Mathematics,Sindhudurg,2022,143,100,68,32,50.66,71.3,90.5,72
COL1146,BSc Mathematics,Sindhudurg,2023,163,110,72,38,48.1,77.4,86.1,76
COL1146,BSc Mathematics,Sindhudurg,2024,178,110,76,34,47.06,78.3,88.9,73
COL1147,BCom,Nagpur,2021,141,110,67,43,46.2,62.8,72.0,70
COL1147,BCom,Nagpur,2022,154,110,70,40,44.75,64.3,78.5,78
COL1147,BCom,Nagpur,2023,155,120,78,42,45.45,58.7,76.1,75
COL1147,BCom,Nagpur,2024,167,120,75,45,46.38,63.9,77.0,77
COL1148,BCom,Pune,2021,913,410,313,97,52.19,64.2,81.7,314
COL1148,BCom,Pune,2022,877,420,314,106,53.82,70.7,90.5,282
COL1148,BCom,Pune,2023,861,380,282,98,53.08,68.0,84.1,291
COL1148,BCom,Pune,2024,868,380,291,89,53.47,76.8,94.8,359
COL1149,BE Computer Engineering,Akola,2021,198,80,63,17,84.76,84.8,97.5,60
COL1149,BE Computer Engineering,Akola,2022,188,80,60,20,83.88,76.5,93.8,70
COL1149,BE Computer Engineering,Akola,2023,220,90,70,20,86.8,86.2,99.6,54
COL1149,BE Computer Engineering,Akola,2024,173,70,54,16,85.42,82.1,95.2,72
COL1150,BCom,Sindhudurg,2021,306,100,81,19,69.28,91.0,100.0,88
COL1150,BCom,Sindhudurg,2022,344,100,88,12,69.32,93.1,100.0,88
COL1150,BCom,Sindhudurg,2023,352,100,88,12,71.55,98.0,100.0,97
COL1150,BCom,Sindhudurg,2024,392,110,97,13,70.99,96.5,100.0,78
COL1151,Diploma in Electrical Engineering,Pune,2021,196,100,75,25,58.77,74.8,85.7,78
COL1151,Diploma in Electrical Engineering,Pune,2022,226,100,78,22,60.86,75.6,85.1,82
COL1151,Diploma in Electrical Engineering,Pune,2023,227,110,82,28,58.17,78.5,98.0,65
COL1151,Diploma in Electrical Engineering,Pune,2024,184,90,65,25,61.77,77.1,86.7,82
COL1152,BCom,Jalgaon,2021,1145,480,371,109,55.1,80.0,96.7,368
COL1152,BCom,Jalgaon,2022,1165,500,368,132,54.44,76.8,94.2,360
COL1152,BCom,Jalgaon,2023,1107,480,360,120,58.15,79.4,97.4,389
COL1152,BCom,Jalgaon,2024,1285,470,389,81,57.31,79.6,88.5,494
COL1153,BSc,Sindhudurg,2021,146,170,103,67,36.69,60.1,67.1,93
COL1153,BSc,Sindhudurg,2022,146,170,93,77,37.07,62.6,78.6,100
COL1153,BSc,Sindhudurg,2023,161,170,100,70,34.31,61.4,70.7,92
COL1153,BSc,Sindhudurg,2024,156,160,92,68,34.61,60.1,70.5,89
COL1154,BCom,Pune,2021,1098,400,327,73,56.3,79.6,89.9,326
COL1154,BCom,Pune,2022,1079,400,326,74,58.64,81.6,99.0,374
COL1154,BCom,Pune,2023,1296,440,374,66,60.05,83.9,100.0,301
COL1154,BCom,Pune,2024,1056,380,301,79,61.37,84.0,100.0,274
COL1155,B.Sc Agriculture,Latur,2021,70,80,44,36,48.39,55.8,72.3,49
COL1155,B.Sc Agriculture,Latur,2022,84,80,49,31,46.71,52.1,63.8,47
COL1155,B.Sc Agriculture,Latur,2023,86,80,47,33,48.88,63.5,76.0,60
COL1155,B.Sc Agriculture,Latur,2024,110,90,60,30,46.71,58.1,68.2,56
COL1156,B.Pharm,Kolhapur,2021,149,50,41,9,80.22,95.9,100.0,43
COL1156,B.Pharm,Kolhapur,2022,152,50,43,7,80.31,91.3,100.0,44
COL1156,B.Pharm,Kolhapur,2023,163,50,44,6,81.98,90.5,100.0,42
COL1156,B.Pharm,Kolhapur,2024,159,50,42,8,79.1,87.5,99.7,53
COL1157,BCom,Parbhani,2021,201,120,84,36,48.57,58.4,77.5,82
COL1157,BCom,Parbhani,2022,188,120,82,38,49.45,57.7,65.3,84
COL1157,BCom,Parbhani,2023,205,120,84,36,49.46,67.4,80.8,92
COL1157,BCom,Parbhani,2024,236,140,92,48,49.97,66.8,83.7,84
COL1158,B.Ed,Nashik,2021,149,40,36,4,81.7,98.0,100.0,37
COL1158,B.Ed,Nashik,2022,155,40,37,3,82.41,96.7,100.0,37
COL1158,B.Ed,Nashik,2023,161,40,37,3,78.98,97.7,100.0,47
COL1158,B.Ed,Nashik,2024,207,50,47,3,81.13,93.4,100.0,37
COL1159,Diploma in Computer Engineering,Amravati,2021,174,50,42,8,79.63,88.8,100.0,43
COL1159,Diploma in Computer Engineering,Amravati,2022,175,50,43,7,80.0,88.0,100.0,47
COL1159,Diploma in Computer Engineering,Amravati,2023,205,50,47,3,79.4,86.0,100.0,46
COL1159,Diploma in Computer Engineering,Amravati,2024,201,50,46,4,77.67,95.0,100.0,59
COL1160,BCom,Nashik,2021,509,140,125,15,68.32,89.8,100.0,125
COL1160,BCom,Nashik,2022,528,140,125,15,66.11,93.7,100.0,123
COL1160,BCom,Nashik,2023,521,140,123,17,70.96,92.6,100.0,126
COL1160,BCom,Nashik,2024,547,140,126,14,71.32,98.0,100.0,152
COL1161,BCom,Sindhudurg,2021,795,180,170,10,68.92,97.3,100.0,179
COL1161,BCom,Sindhudurg,2022,845,180,179,1,70.36,91.5,100.0,162
COL1161,BCom,Sindhudurg,2023,783,170,162,8,67.57,89.9,100.0,209
COL1161,BCom,Sindhudurg,2024,1017,210,209,1,69.69,82.0,100.0,195
COL1162,BCom,Raigad,2021,345,210,142,68,47.98,63.6,74.9,167
COL1162,BCom,Raigad,2022,454,220,167,53,51.72,59.8,74.5,168
COL1162,BCom,Raigad,2023,443,220,168,52,51.47,60.7,71.6,155
COL1162,BCom,Raigad,2024,409,220,155,65,53.02,68.1,86.3,167
COL1163,BSc,Mumbai City,2021,290,190,119,71,46.38,64.8,80.0,129
COL1163,BSc,Mumbai City,2022,316,190,129,61,48.58,67.8,87.0,130
COL1163,BSc,Mumbai City,2023,318,180,130,50,45.21,66.6,74.1,119
COL1163,BSc,Mumbai City,2024,283,180,119,61,46.76,67.8,81.2,125
COL1164,BCom,Ratnagiri,2021,427,230,162,68,52.1,61.4,68.9,180
COL1164,BCom,Ratnagiri,2022,451,240,180,60,52.17,70.5,80.7,165
COL1164,BCom,Ratnagiri,2023,435,220,165,55,53.39,68.7,84.8,177
COL1164,BCom,Ratnagiri,2024,458,250,177,73,51.81,67.1,85.9,151
COL1165,BE Mechanical Engineering,Mumbai Suburban,2021,76,60,36,24,72.09,61.6,80.2,37
COL1165,BE Mechanical Engineering,Mumbai Suburban,2022,83,60,37,23,70.2,63.2,78.8,37
COL1165,BE Mechanical Engineering,Mumbai Suburban,2023,75,60,37,23,71.25,70.1,84.8,38
COL1165,BE Mechanical Engineering,Mumbai Suburban,2024,82,60,38,22,71.11,63.3,73.2,51
COL1166,BE Computer Engineering,Amravati,2021,300,100,84,16,92.19,88.9,100.0,78
COL1166,BE Computer Engineering,Amravati,2022,268,100,78,22,91.23,90.5,100.0,79
COL1166,BE Computer Engineering,Amravati,2023,282,100,79,21,91.41,96.5,100.0,80
COL1166,BE Computer Engineering,Amravati,2024,304,100,80,20,94.99,93.9,100.0,93
COL1167,BE Computer Engineering,Amravati,2021,123,50,40,10,86.67,87.7,100.0,40
COL1167,BE Computer Engineering,Amravati,2022,129,50,40,10,86.58,87.5,100.0,38
COL1167,BE Computer Engineering,Amravati,2023,129,50,38,12,91.2,87.8,100.0,51
COL1167,BE Computer Engineering,Amravati,2024,179,60,51,9,87.11,84.2,100.0,43
COL1168,BSc Mathematics,Jalna,2021,235,160,112,48,46.26,68.0,80.6,106
COL1168,BSc Mathematics,Jalna,2022,230,160,106,54,46.8,64.3,73.7,103
COL1168,BSc Mathematics,Jalna,2023,215,150,103,47,50.65,66.2,82.7,126
COL1168,BSc Mathematics,Jalna,2024,286,180,126,54,48.26,61.6,74.7,101
COL1169,BSc Physics,Pune,2021,735,200,182,18,73.87,92.6,100.0,190
COL1169,BSc Physics,Pune,2022,782,210,190,20,72.11,93.3,100.0,190
COL1169,BSc Physics,Pune,2023,833,210,190,20,72.46,90.9,100.0,192
COL1169,BSc Physics,Pune,2024,828,200,192,8,71.85,91.6,100.0,237
COL1170,BA,Wardha,2021,316,170,126,44,47.96,62.9,82.1,121
COL1170,BA,Wardha,2022,318,180,121,59,48.19,65.4,78.5,115
COL1170,BA,Wardha,2023,300,170,115,55,51.36,62.8,76.0,153
COL1170,BA,Wardha,2024,400,200,153,47,52.32,72.3,85.7,125
COL1171,Diploma in Computer Engineering,Mumbai Suburban,2021,200,80,60,20,67.64,76.5,86.7,64
COL1171,Diploma in Computer Engineering,Mumbai Suburban,2022,225,80,64,16,71.01,76.4,85.2,54
COL1171,Diploma in Computer Engineering,Mumbai Suburban,2023,185,70,54,16,70.31,75.5,88.9,62
COL1171,Diploma in Computer Engineering,Mumbai Suburban,2024,220,80,62,18,71.65,69.4,80.7,73
COL1172,B.Ed,Chhatrapati Sambhajinagar,2021,352,80,75,5,81.42,95.5,100.0,75
COL1172,B.Ed,Chhatrapati Sambhajinagar,2022,374,80,75,5,79.83,97.1,100.0,80
COL1172,B.Ed,Chhatrapati Sambhajinagar,2023,394,80,80,0,81.31,90.1,100.0,70
COL1172,B.Ed,Chhatrapati Sambhajinagar,2024,366,70,70,0,78.57,96.8,100.0,80
COL1173,BE Computer Engineering,Chandrapur,2021,227,60,54,6,97.42,92.1,100.0,54
COL1173,BE Computer Engineering,Chandrapur,2022,221,60,54,6,99.95,96.5,100.0,57
COL1173,BE Computer Engineering,Chandrapur,2023,251,60,57,3,99.95,93.4,100.0,57
COL1173,BE Computer Engineering,Chandrapur,2024,251,60,57,3,99.95,94.3,100.0,67
COL1174,Diploma in Civil Engineering,Jalgaon,2021,85,50,35,15,54.71,63.6,78.0,37
COL1174,Diploma in Civil Engineering,Jalgaon,2022,89,50,37,13,56.74,68.4,84.0,37
COL1174,Diploma in Civil Engineering,Jalgaon,2023,100,50,37,13,55.06,77.2,87.3,43
COL1174,Diploma in Civil Engineering,Jalgaon,2024,113,60,43,17,54.19,71.4,86.2,46
COL1175,BCom,Parbhani,2021,898,240,212,28,67.13,98.0,100.0,227
COL1175,BCom,Parbhani,2022,939,250,227,23,68.27,97.4,100.0,205
COL1175,BCom,Parbhani,2023,874,230,205,25,66.1,93.4,100.0,213
COL1175,BCom,Parbhani,2024,961,220,213,7,70.63,98.0,100.0,194
COL1176,B.Pharm,Mumbai Suburban,2021,121,50,38,12,77.34,93.9,100.0,41
COL1176,B.Pharm,Mumbai Suburban,2022,141,50,41,9,76.24,85.4,100.0,43
COL1176,B.Pharm,Mumbai Suburban,2023,145,50,43,7,78.73,91.8,100.0,32
COL1176,B.Pharm,Mumbai Suburban,2024,117,40,32,8,79.64,89.4,100.0,40
COL1177,Diploma in Civil Engineering,Sangli,2021,294,80,71,9,80.17,91.9,100.0,71
COL1177,Diploma in Civil Engineering,Sangli,2022,305,80,71,9,80.31,94.1,100.0,84
COL1177,Diploma in Civil Engineering,Sangli,2023,352,90,84,6,76.52,91.7,100.0,73
COL1177,Diploma in Civil Engineering,Sangli,2024,326,80,73,7,77.87,92.9,100.0,65
COL1178,BE Computer Engineering,Raigad,2021,159,60,50,10,89.53,91.9,100.0,46
COL1178,BE Computer Engineering,Raigad,2022,155,60,46,14,89.67,87.7,100.0,49
COL1178,BE Computer Engineering,Raigad,2023,175,60,49,11,90.43,91.6,100.0,55
COL1178,BE Computer Engineering,Raigad,2024,189,70,55,15,88.62,89.9,100.0,48
COL1179,MBBS,Kolhapur,2021,198,130,81,49,97.63,66.5,77.8,86
COL1179,MBBS,Kolhapur,2022,192,130,86,44,98.04,65.2,81.1,102
COL1179,MBBS,Kolhapur,2023,246,140,102,38,94.01,63.0,71.8,98
COL1179,MBBS,Kolhapur,2024,234,150,98,52,94.52,68.6,78.6,88
COL1180,BCom,Jalna,2021,279,150,110,40,52.24,69.4,79.0,102
COL1180,BCom,Jalna,2022,264,140,102,38,51.99,71.2,86.5,99
COL1180,BCom,Jalna,2023,275,140,99,41,49.42,70.3,82.5,105
COL1180,BCom,Jalna,2024,274,150,105,45,52.57,64.8,81.8,97
COL1181,B.Pharm,Solapur,2021,119,50,40,10,70.95,79.4,92.2,40
COL1181,B.Pharm,Solapur,2022,130,50,40,10,73.62,81.8,100.0,48
COL1181,B.Pharm,Solapur,2023,153,60,48,12,75.31,85.2,100.0,42
COL1181,B.Pharm,Solapur,2024,137,50,42,8,71.71,82.7,94.7,38
COL1182,B.Sc Agriculture,Nashik,2021,97,50,37,13,57.81,78.2,92.3,35
COL1182,B.Sc Agriculture,Nashik,2022,92,50,35,15,62.08,73.7,82.8,34
COL1182,B.Sc Agriculture,Nashik,2023,93,50,34,16,62.45,69.2,84.6,38
COL1182,B.Sc Agriculture,Nashik,2024,107,50,38,12,59.86,73.0,91.9,45
COL1183,Diploma in Computer Engineering,Kolhapur,2021,261,100,78,22,68.07,75.6,89.4,74
COL1183,Diploma in Computer Engineering,Kolhapur,2022,253,100,74,26,65.82,78.5,88.3,83
COL1183,Diploma in Computer Engineering,Kolhapur,2023,285,100,83,17,67.63,77.2,92.4,76
COL1183,Diploma in Computer Engineering,Kolhapur,2024,249,100,76,24,67.92,79.5,97.8,80
COL1184,BCom,Palghar,2021,579,360,255,105,50.87,67.8,81.6,264
COL1184,BCom,Palghar,2022,603,360,264,96,48.46,59.4,76.3,263
COL1184,BCom,Palghar,2023,649,390,263,127,50.61,61.4,77.9,231
COL1184,BCom,Palghar,2024,559,340,231,109,51.89,58.7,70.1,257
COL1185,BSc Computer Science,Chhatrapati Sambhajinagar,2021,121,80,54,26,48.96,72.1,84.4,54
COL1185,BSc Computer Science,Chhatrapati Sambhajinagar,2022,112,80,54,26,46.54,69.2,82.2,55
COL1185,BSc Computer Science,Chhatrapati Sambhajinagar,2023,127,80,55,25,47.87,73.3,86.9,57
COL1185,BSc Computer Science,Chhatrapati Sambhajinagar,2024,121,80,57,23,48.05,77.0,88.9,53
COL1186,B.Sc Nursing,Kolhapur,2021,76,50,34,16,55.19,67.1,76.8,32
COL1186,B.Sc Nursing,Kolhapur,2022,81,50,32,18,53.94,72.5,82.3,35
COL1186,B.Sc Nursing,Kolhapur,2023,81,50,35,15,57.28,66.4,77.5,40
COL1186,B.Sc Nursing,Kolhapur,2024,97,60,40,20,55.13,72.7,82.0,41
COL1187,BCom,Nagpur,2021,565,190,154,36,65.0,80.6,100.0,146
COL1187,BCom,Nagpur,2022,511,180,146,34,66.13,82.6,100.0,168
COL1187,BCom,Nagpur,2023,629,200,168,32,66.31,87.4,99.5,159
COL1187,BCom,Nagpur,2024,616,180,159,21,64.92,83.9,99.9,138
COL1188,BSc,Amravati,2021,770,550,343,207,42.85,62.7,79.7,351
COL1188,BSc,Amravati,2022,785,550,351,199,46.83,66.4,74.4,398
COL1188,BSc,Amravati,2023,883,570,398,172,43.29,65.4,81.9,353
COL1188,BSc,Amravati,2024,774,530,353,177,45.29,60.4,77.5,407
COL1189,BCom,Nanded,2021,455,120,109,11,72.29,95.9,100.0,105
COL1189,BCom,Nanded,2022,446,120,105,15,71.61,96.9,100.0,115
COL1189,BCom,Nanded,2023,510,130,115,15,72.26,90.7,100.0,126
COL1189,BCom,Nanded,2024,556,130,126,4,73.4,89.3,100.0,135
COL1190,Diploma in Civil Engineering,Thane,2021,98,50,37,13,58.59,66.2,75.5,37
COL1190,Diploma in Civil Engineering,Thane,2022,101,50,37,13,59.13,74.3,94.1,37
COL1190,Diploma in Civil Engineering,Thane,2023,104,50,37,13,63.3,70.2,89.0,40
COL1190,Diploma in Civil Engineering,Thane,2024,112,50,40,10,63.06,68.8,84.9,46
COL1191,B.Sc Nursing,Mumbai Suburban,2021,120,50,38,12,63.6,78.6,97.8,37
COL1191,B.Sc Nursing,Mumbai Suburban,2022,115,50,37,13,65.02,82.1,99.0,48
COL1191,B.Sc Nursing,Mumbai Suburban,2023,151,60,48,12,67.18,76.6,90.1,41
COL1191,B.Sc Nursing,Mumbai Suburban,2024,131,50,41,9,64.37,87.8,100.0,52
COL1192,B.Pharm,Dharashiv,2021,77,50,33,17,65.64,68.6,79.5,35
COL1192,B.Pharm,Dharashiv,2022,81,50,35,15,64.09,70.3,81.7,36
COL1192,B.Pharm,Dharashiv,2023,86,50,36,14,61.62,66.3,81.4,43
COL1192,B.Pharm,Dharashiv,2024,109,60,43,17,62.66,69.5,83.5,28
COL1193,B.Arch,Latur,2021,116,50,39,11,79.34,77.6,87.4,36
COL1193,B.Arch,Latur,2022,101,50,36,14,75.93,85.3,100.0,38
COL1193,B.Arch,Latur,2023,113,50,38,12,80.84,73.6,86.0,45
COL1193,B.Arch,Latur,2024,142,60,45,15,77.86,81.2,90.9,50
COL1194,BCom,Bhandara,2021,555,200,159,41,60.33,88.3,100.0,163
COL1194,BCom,Bhandara,2022,558,200,163,37,62.19,83.2,95.5,170
COL1194,BCom,Bhandara,2023,616,200,170,30,63.7,85.2,100.0,196
COL1194,BCom,Bhandara,2024,706,220,196,24,63.73,83.0,95.6,171
COL1195,GNM,Nashik,2021,110,50,37,13,66.15,76.5,93.7,40
COL1195,GNM,Nashik,2022,122,50,40,10,63.37,78.1,90.1,39
COL1195,GNM,Nashik,2023,121,50,39,11,65.5,73.0,89.7,41
COL1195,GNM,Nashik,2024,137,50,41,9,66.81,80.5,93.1,39
COL1196,B.Sc Nursing,Wardha,2021,89,50,37,13,55.27,71.2,88.1,37
COL1196,B.Sc Nursing,Wardha,2022,91,50,37,13,57.18,68.6,81.7,38
COL1196,B.Sc Nursing,Wardha,2023,94,50,38,12,56.19,74.3,86.4,38
COL1196,B.Sc Nursing,Wardha,2024,102,50,38,12,60.32,74.2,86.0,46
COL1197,BE Computer Engineering,Kolhapur,2021,164,60,48,12,92.07,95.2,100.0,48
COL1197,BE Computer Engineering,Kolhapur,2022,170,60,48,12,92.06,89.8,100.0,52
COL1197,BE Computer Engineering,Kolhapur,2023,178,60,52,8,92.91,97.6,100.0,56
COL1197,BE Computer Engineering,Kolhapur,2024,202,70,56,14,89.86,94.7,100.0,41
COL1198,BA,Sindhudurg,2021,680,210,177,33,67.5,92.5,100.0,184
COL1198,BA,Sindhudurg,2022,724,210,184,26,66.63,94.3,100.0,173
COL1198,BA,Sindhudurg,2023,678,190,173,17,69.11,90.6,100.0,211
COL1198,BA,Sindhudurg,2024,880,230,211,19,65.01,97.1,100.0,213
COL1199,BSc,Hingoli,2021,879,310,253,57,63.83,82.9,98.2,246
COL1199,BSc,Hingoli,2022,910,300,246,54,61.35,80.8,96.2,261
COL1199,BSc,Hingoli,2023,996,300,261,39,61.42,81.7,95.4,261
COL1199,BSc,Hingoli,2024,1025,320,261,59,63.05,87.3,100.0,315
COL1200,BE Computer Engineering,Nagpur,2021,422,140,113,27,97.28,93.1,100.0,127
COL1200,BE Computer Engineering,Nagpur,2022,508,150,127,23,98.34,89.3,100.0,132
COL1200,BE Computer Engineering,Nagpur,2023,533,150,132,18,98.55,84.6,100.0,124
COL1200,BE Computer Engineering,Nagpur,2024,495,140,124,16,99.95,86.0,100.0,148
COL1201,D.Pharm,Chhatrapati Sambhajinagar,2021,48,50,29,21,51.97,74.4,94.0,30
COL1201,D.Pharm,Chhatrapati Sambhajinagar,2022,55,50,30,20,53.7,71.2,89.0,33
COL1201,D.Pharm,Chhatrapati Sambhajinagar,2023,61,50,33,17,51.46,71.5,86.7,33
COL1201,D.Pharm,Chhatrapati Sambhajinagar,2024,55,50,33,17,50.68,65.3,84.0,31
COL1202,BSc,Pune,2021,262,200,125,75,41.81,69.3,83.5,134
COL1202,BSc,Pune,2022,303,210,134,76,46.07,69.2,87.1,127
COL1202,BSc,Pune,2023,277,190,127,63,44.93,72.6,93.1,129
COL1202,BSc,Pune,2024,298,190,129,61,44.65,74.5,92.0,146
COL1203,BE Mechanical Engineering,Beed,2021,97,50,37,13,76.44,82.0,97.0,36
COL1203,BE Mechanical Engineering,Beed,2022,100,50,36,14,80.16,77.4,97.8,34
COL1203,BE Mechanical Engineering,Beed,2023,91,50,34,16,80.88,79.0,97.3,35
COL1203,BE Mechanical Engineering,Beed,2024,96,50,35,15,78.85,76.7,94.7,36
COL1204,BSc,Mumbai Suburban,2021,655,280,219,61,58.63,75.2,94.6,230
COL1204,BSc,Mumbai Suburban,2022,757,280,230,50,56.62,79.9,92.2,229
COL1204,BSc,Mumbai Suburban,2023,734,310,229,81,57.23,81.7,96.9,245
COL1204,BSc,Mumbai Suburban,2024,787,290,245,45,59.11,80.8,100.0,235
COL1205,B.Sc Nursing,Akola,2021,214,80,63,17,71.83,82.0,100.0,69
COL1205,B.Sc Nursing,Akola,2022,248,80,69,11,69.15,92.1,100.0,79
COL1205,B.Sc Nursing,Akola,2023,298,90,79,11,68.0,86.9,100.0,68
COL1205,B.Sc Nursing,Akola,2024,249,80,68,12,69.59,87.2,100.0,72
COL1206,BSc Physics,Mumbai City,2021,444,150,128,22,69.29,89.1,100.0,131
COL1206,BSc Physics,Mumbai City,2022,482,150,131,19,65.82,88.3,99.9,123
COL1206,BSc Physics,Mumbai City,2023,462,140,123,17,70.2,90.4,100.0,130
COL1206,BSc Physics,Mumbai City,2024,499,160,130,30,69.71,95.0,100.0,155
COL1207,Diploma in Civil Engineering,Pune,2021,142,80,53,27,59.37,62.8,80.3,58
COL1207,Diploma in Civil Engineering,Pune,2022,152,80,58,22,56.99,63.6,74.7,68
COL1207,Diploma in Civil Engineering,Pune,2023,192,90,68,22,57.21,63.5,80.8,68
COL1207,Diploma in Civil Engineering,Pune,2024,194,90,68,22,59.08,60.0,68.2,51
COL1208,Diploma in Computer Engineering,Parbhani,2021,76,50,32,18,50.24,60.8,79.5,32
COL1208,Diploma in Computer Engineering,Parbhani,2022,71,50,32,18,52.36,65.8,76.0,35
COL1208,Diploma in Computer Engineering,Parbhani,2023,86,50,35,15,55.17,59.7,70.6,29
COL1208,Diploma in Computer Engineering,Parbhani,2024,69,40,29,11,51.44,68.0,83.7,42
COL1209,BE Electronics & Telecommunication,Chhatrapati Sambhajinagar,2021,131,80,53,27,75.9,66.0,84.2,53
COL1209,BE Electronics & Telecommunication,Chhatrapati Sambhajinagar,2022,121,80,53,27,75.33,69.0,77.1,58
COL1209,BE Electronics & Telecommunication,Chhatrapati Sambhajinagar,2023,136,80,58,22,77.0,59.5,75.5,53
COL1209,BE Electronics & Telecommunication,Chhatrapati Sambhajinagar,2024,127,80,53,27,74.11,62.1,81.1,62
COL1210,BA History,Nagpur,2021,506,150,126,24,62.32,93.2,100.0,136
COL1210,BA History,Nagpur,2022,557,150,136,14,61.32,96.8,100.0,139
COL1210,BA History,Nagpur,2023,600,160,139,21,64.32,90.6,100.0,145
COL1210,BA History,Nagpur,2024,642,160,145,15,65.35,90.4,100.0,151
COL1211,BSc,Jalgaon,2021,264,100,80,20,60.88,86.9,100.0,81
COL1211,BSc,Jalgaon,2022,273,100,81,19,59.44,84.8,100.0,81
COL1211,BSc,Jalgaon,2023,293,100,81,19,60.32,80.8,91.7,79
COL1211,BSc,Jalgaon,2024,286,100,79,21,58.89,80.7,97.2,97
COL1212,B.Pharm,Kolhapur,2021,103,50,35,15,70.21,74.6,90.6,36
COL1212,B.Pharm,Kolhapur,2022,101,50,36,14,70.4,70.8,82.5,39
COL1212,B.Pharm,Kolhapur,2023,120,50,39,11,70.39,76.1,85.3,38
COL1212,B.Pharm,Kolhapur,2024,115,50,38,12,72.25,80.9,100.0,30
COL1213,Diploma in Mechanical Engineering,Nashik,2021,210,80,64,16,68.89,82.2,100.0,64
COL1213,Diploma in Mechanical Engineering,Nashik,2022,209,80,64,16,65.9,79.6,88.5,60
COL1213,Diploma in Mechanical Engineering,Nashik,2023,200,70,60,10,66.45,85.3,96.8,64
COL1213,Diploma in Mechanical Engineering,Nashik,2024,221,80,64,16,67.99,80.3,94.8,70
COL1214,BSc Physics,Chandrapur,2021,153,80,60,20,53.86,76.4,95.3,58
COL1214,BSc Physics,Chandrapur,2022,144,80,58,22,52.43,79.4,92.2,58
COL1214,BSc Physics,Chandrapur,2023,153,80,58,22,56.49,83.1,95.3,51
COL1214,BSc Physics,Chandrapur,2024,134,70,51,19,56.6,83.5,92.2,52
COL1215,BE Electrical Engineering,Akola,2021,176,50,43,7,97.6,95.7,100.0,47
COL1215,BE Electrical Engineering,Akola,2022,205,50,47,3,99.95,95.1,100.0,43
COL1215,BE Electrical Engineering,Akola,2023,182,50,43,7,99.95,97.3,100.0,57
COL1215,BE Electrical Engineering,Akola,2024,246,60,57,3,98.08,93.4,100.0,38
COL1216,BA,Ahmednagar,2021,1548,520,431,89,63.27,86.0,100.0,436
COL1216,BA,Ahmednagar,2022,1523,550,436,114,61.12,86.9,100.0,503
COL1216,BA,Ahmednagar,2023,1877,570,503,67,64.01,89.3,100.0,464
COL1216,BA,Ahmednagar,2024,1744,570,464,106,63.84,90.4,100.0,438
COL1217,BBA,Sangli,2021,84,50,36,14,63.73,62.9,78.1,36
COL1217,BBA,Sangli,2022,85,50,36,14,64.07,56.9,67.7,36
COL1217,BBA,Sangli,2023,87,50,36,14,61.02,59.2,76.0,37
COL1217,BBA,Sangli,2024,86,50,37,13,63.78,61.5,75.6,35
COL1218,B.Sc Agriculture,Ahmednagar,2021,301,90,81,9,79.02,98.0,100.0,78
COL1218,B.Sc Agriculture,Ahmednagar,2022,313,90,78,12,75.88,93.4,100.0,75
COL1218,B.Sc Agriculture,Ahmednagar,2023,296,90,75,15,79.8,92.9,100.0,72
COL1218,B.Sc Agriculture,Ahmednagar,2024,282,80,72,8,76.97,89.4,100.0,91
COL1219,Diploma in Computer Engineering,Mumbai City,2021,200,50,44,6,79.42,97.7,100.0,49
COL1219,Diploma in Computer Engineering,Mumbai City,2022,220,50,49,1,77.27,98.0,100.0,50
COL1219,Diploma in Computer Engineering,Mumbai City,2023,240,50,50,0,77.16,98.0,100.0,50
COL1219,Diploma in Computer Engineering,Mumbai City,2024,234,50,50,0,79.42,90.5,100.0,49
COL1220,BBA,Thane,2021,265,100,79,21,82.09,86.0,100.0,80
COL1220,BBA,Thane,2022,278,100,80,20,79.78,88.5,100.0,84
COL1220,BBA,Thane,2023,302,100,84,16,84.01,87.2,97.8,75
COL1220,BBA,Thane,2024,265,90,75,15,80.56,89.9,100.0,84
COL1221,BCom,Mumbai City,2021,1133,410,335,75,61.4,79.4,97.6,360
COL1221,BCom,Mumbai City,2022,1301,420,360,60,61.4,86.5,100.0,316
COL1221,BCom,Mumbai City,2023,1168,400,316,84,63.99,84.0,100.0,308
COL1221,BCom,Mumbai City,2024,1099,370,308,62,59.75,78.3,91.6,329
COL1222,BCom,Mumbai City,2021,444,150,125,25,67.56,78.1,96.4,129
COL1222,BCom,Mumbai City,2022,505,160,129,31,66.34,80.8,100.0,137
COL1222,BCom,Mumbai City,2023,541,160,137,23,66.28,82.1,92.2,163
COL1222,BCom,Mumbai City,2024,616,180,163,17,66.39,84.5,99.2,118
COL1223,BA,Pune,2021,821,280,232,48,62.75,96.7,100.0,241
COL1223,BA,Pune,2022,928,290,241,49,66.87,89.4,100.0,249
COL1223,BA,Pune,2023,923,280,249,31,63.28,98.0,100.0,230
COL1223,BA,Pune,2024,860,280,230,50,67.68,96.0,100.0,247
COL1224,BE Mechanical Engineering,Washim,2021,708,200,170,30,99.49,92.6,100.0,177
COL1224,BE Mechanical Engineering,Washim,2022,769,200,177,23,97.43,98.0,100.0,190
COL1224,BE Mechanical Engineering,Washim,2023,858,200,190,10,98.72,95.7,100.0,225
COL1224,BE Mechanical Engineering,Washim,2024,1002,230,225,5,99.95,94.9,100.0,190
COL1225,BBA,Sangli,2021,147,80,55,25,66.33,66.7,74.6,59
COL1225,BBA,Sangli,2022,147,80,59,21,64.29,70.3,80.3,66
COL1225,BBA,Sangli,2023,185,90,66,24,67.82,63.5,76.3,69
COL1225,BBA,Sangli,2024,187,90,69,21,67.58,71.4,82.9,50
COL1226,BE Electrical Engineering,Washim,2021,212,60,51,9,98.92,96.9,100.0,53
COL1226,BE Electrical Engineering,Washim,2022,220,60,53,7,97.71,95.6,100.0,54
COL1226,BE Electrical Engineering,Washim,2023,232,60,54,6,99.95,96.5,100.0,62
COL1226,BE Electrical Engineering,Washim,2024,280,70,62,8,99.95,93.8,100.0,68
COL1227,BA,Ratnagiri,2021,863,410,315,95,54.85,74.3,88.8,280
COL1227,BA,Ratnagiri,2022,796,400,280,120,52.77,79.1,96.4,310
COL1227,BA,Ratnagiri,2023,967,430,310,120,53.92,78.0,94.9,328
COL1227,BA,Ratnagiri,2024,1000,450,328,122,56.22,78.8,92.3,288
COL1228,B.Ed,Wardha,2021,137,40,34,6,80.22,88.9,100.0,37
COL1228,B.Ed,Wardha,2022,154,40,37,3,81.09,87.5,100.0,37
COL1228,B.Ed,Wardha,2023,159,40,37,3,81.69,91.3,100.0,48
COL1228,B.Ed,Wardha,2024,211,50,48,2,79.06,93.5,100.0,49
COL1229,BE Mechanical Engineering,Ahmednagar,2021,83,60,38,22,69.19,63.1,74.6,39
COL1229,BE Mechanical Engineering,Ahmednagar,2022,91,60,39,21,72.99,68.8,76.6,43
COL1229,BE Mechanical Engineering,Ahmednagar,2023,96,60,43,17,71.19,71.0,89.4,45
COL1229,BE Mechanical Engineering,Ahmednagar,2024,101,70,45,25,74.21,69.3,80.1,34
COL1230,BCom,Jalna,2021,611,220,174,46,63.33,86.3,100.0,176
COL1230,BCom,Jalna,2022,654,220,176,44,62.19,82.9,100.0,179
COL1230,BCom,Jalna,2023,646,210,179,31,62.26,89.5,100.0,199
COL1230,BCom,Jalna,2024,740,240,199,41,64.17,94.8,100.0,191
COL1231,BE Computer Engineering,Jalgaon,2021,224,80,65,15,93.4,88.6,100.0,65
COL1231,BE Computer Engineering,Jalgaon,2022,233,80,65,15,95.13,92.7,100.0,71
COL1231,BE Computer Engineering,Jalgaon,2023,251,80,71,9,95.41,93.1,100.0,59
COL1231,BE Computer Engineering,Jalgaon,2024,213,70,59,11,92.16,87.8,100.0,79
COL1232,B.Tech Agricultural Engineering,Thane,2021,105,50,37,13,59.37,74.3,86.6,38
COL1232,B.Tech Agricultural Engineering,Thane,2022,103,50,38,12,63.89,79.0,98.9,36
COL1232,B.Tech Agricultural Engineering,Thane,2023,97,50,36,14,61.55,76.7,90.4,39
COL1232,B.Tech Agricultural Engineering,Thane,2024,108,50,39,11,59.9,76.1,89.6,37
COL1233,BE Computer Engineering,Thane,2021,134,70,52,18,78.98,76.1,90.1,51
COL1233,BE Computer Engineering,Thane,2022,128,70,51,19,78.63,76.4,91.5,61
COL1233,BE Computer Engineering,Thane,2023,170,80,61,19,78.3,78.7,97.8,54
COL1233,BE Computer Engineering,Thane,2024,141,70,54,16,80.61,76.5,91.7,55
COL1234,B.Ed,Buldhana,2021,137,40,36,4,79.96,86.1,100.0,32
COL1234,B.Ed,Buldhana,2022,123,40,32,8,78.46,89.7,100.0,36
COL1234,B.Ed,Buldhana,2023,138,40,36,4,80.71,88.8,100.0,37
COL1234,B.Ed,Buldhana,2024,154,40,37,3,80.99,90.1,100.0,36
COL1235,B.Ed,Latur,2021,346,80,76,4,82.09,98.0,100.0,79
COL1235,B.Ed,Latur,2022,352,80,79,1,80.17,96.3,100.0,67
COL1235,B.Ed,Latur,2023,317,70,67,3,79.76,98.0,100.0,77
COL1235,B.Ed,Latur,2024,353,80,77,3,80.88,97.7,100.0,86
COL1236,BA English,Ratnagiri,2021,547,210,172,38,51.08,81.8,100.0,171
COL1236,BA English,Ratnagiri,2022,583,210,171,39,54.96,85.4,100.0,180
COL1236,BA English,Ratnagiri,2023,585,230,180,50,56.04,76.9,89.7,207
COL1236,BA English,Ratnagiri,2024,695,240,207,33,55.39,80.6,97.2,187
COL1237,BA History,Kolhapur,2021,165,100,66,34,44.99,67.9,85.3,75
COL1237,BA History,Kolhapur,2022,205,100,75,25,46.76,69.4,87.6,76
COL1237,BA History,Kolhapur,2023,213,110,76,34,48.13,64.1,76.0,76
COL1237,BA History,Kolhapur,2024,207,110,76,34,44.64,65.4,84.0,66
COL1238,Diploma in Civil Engineering,Ratnagiri,2021,121,50,38,12,67.0,78.1,97.3,39
COL1238,Diploma in Civil Engineering,Ratnagiri,2022,124,50,39,11,63.42,87.3,100.0,41
COL1238,Diploma in Civil Engineering,Ratnagiri,2023,128,50,41,9,67.49,79.5,92.7,42
COL1238,Diploma in Civil Engineering,Ratnagiri,2024,140,50,42,8,67.7,81.8,91.6,33
COL1239,BA,Mumbai Suburban,2021,564,210,165,45,62.9,91.2,100.0,176
COL1239,BA,Mumbai Suburban,2022,600,210,176,34,63.32,90.8,100.0,175
COL1239,BA,Mumbai Suburban,2023,648,200,175,25,62.31,94.2,100.0,212
COL1239,BA,Mumbai Suburban,2024,776,240,212,28,60.75,87.3,100.0,179
COL1240,BSc,Nashik,2021,236,110,86,24,51.94,70.9,81.9,86
COL1240,BSc,Nashik,2022,265,110,86,24,53.56,73.5,92.6,87
COL1240,BSc,Nashik,2023,253,110,87,23,53.02,73.9,82.2,84
COL1240,BSc,Nashik,2024,248,110,84,26,53.48,71.3,80.8,88
COL1241,Diploma in Computer Engineering,Satara,2021,394,110,95,15,77.18,82.0,95.5,92
COL1241,Diploma in Computer Engineering,Satara,2022,364,110,92,18,77.25,83.0,100.0,109
COL1241,Diploma in Computer Engineering,Satara,2023,457,120,109,11,77.69,82.2,100.0,122
COL1241,Diploma in Computer Engineering,Satara,2024,505,130,122,8,81.04,85.9,100.0,132
COL1242,BCom,Nanded,2021,144,100,62,38,45.98,65.3,83.0,70
COL1242,BCom,Nanded,2022,157,100,70,30,45.86,61.2,80.1,71
COL1242,BCom,Nanded,2023,166,100,71,29,47.88,66.7,82.1,65
COL1242,BCom,Nanded,2024,159,90,65,25,47.17,62.8,77.5,77
COL1243,LLB,Latur,2021,305,100,83,17,87.93,93.2,100.0,87
COL1243,LLB,Latur,2022,341,100,87,13,85.61,98.0,100.0,79
COL1243,LLB,Latur,2023,322,90,79,11,86.6,89.4,100.0,102
COL1243,LLB,Latur,2024,415,110,102,8,86.64,92.9,100.0,86
COL1244,B.Pharm,Wardha,2021,109,50,36,14,69.8,80.8,92.4,40
COL1244,B.Pharm,Wardha,2022,120,50,40,10,70.08,82.0,100.0,39
COL1244,B.Pharm,Wardha,2023,112,50,39,11,72.52,82.4,99.2,39
COL1244,B.Pharm,Wardha,2024,122,50,39,11,70.87,92.4,100.0,37
COL1245,B.Sc Nursing,Nashik,2021,195,80,59,21,68.5,75.7,85.4,63
COL1245,B.Sc Nursing,Nashik,2022,215,80,63,17,67.4,72.9,93.2,66
COL1245,B.Sc Nursing,Nashik,2023,231,80,66,14,67.8,83.0,96.0,68
COL1245,B.Sc Nursing,Nashik,2024,222,80,68,12,65.78,74.0,85.4,56
COL1246,B.Pharm,Mumbai City,2021,43,50,30,20,51.77,61.2,72.0,28
COL1246,B.Pharm,Mumbai City,2022,45,50,28,22,48.55,61.3,76.1,31
COL1246,B.Pharm,Mumbai City,2023,48,50,31,19,48.8,53.6,71.4,38
COL1246,B.Pharm,Mumbai City,2024,65,60,38,22,48.51,54.0,61.8,32
COL1247,Diploma in Computer Engineering,Palghar,2021,359,100,86,14,78.75,90.9,100.0,91
COL1247,Diploma in Computer Engineering,Palghar,2022,391,100,91,9,80.4,90.2,100.0,103
COL1247,Diploma in Computer Engineering,Palghar,2023,453,110,103,7,77.59,92.4,100.0,97
COL1247,Diploma in Computer Engineering,Palghar,2024,424,100,97,3,76.86,96.3,100.0,119
COL1248,BCom,Nanded,2021,412,230,161,69,50.58,67.1,77.0,170
COL1248,BCom,Nanded,2022,429,240,170,70,51.38,75.3,93.8,165
COL1248,BCom,Nanded,2023,423,220,165,55,48.78,66.9,82.6,186
COL1248,BCom,Nanded,2024,511,250,186,64,49.51,67.3,78.8,147
COL1249,BSc Mathematics,Mumbai Suburban,2021,476,150,125,25,69.5,97.9,100.0,135
COL1249,BSc Mathematics,Mumbai Suburban,2022,543,150,135,15,70.9,94.0,100.0,135
COL1249,BSc Mathematics,Mumbai Suburban,2023,534,160,135,25,72.55,91.5,100.0,144
COL1249,BSc Mathematics,Mumbai Suburban,2024,598,160,144,16,71.39,98.0,100.0,148
COL1250,LLB,Pune,2021,199,80,64,16,77.93,81.7,92.7,64
COL1250,LLB,Pune,2022,218,80,64,16,75.17,73.7,83.1,65
COL1250,LLB,Pune,2023,218,80,65,15,76.52,71.7,82.8,62
COL1250,LLB,Pune,2024,216,80,62,18,74.94,77.0,95.3,70
COL1251,BA,Kolhapur,2021,308,110,90,20,60.69,89.4,100.0,94
COL1251,BA,Kolhapur,2022,325,110,94,16,60.08,86.4,100.0,89
COL1251,BA,Kolhapur,2023,311,110,89,21,60.22,82.6,94.4,81
COL1251,BA,Kolhapur,2024,285,100,81,19,62.36,81.6,93.1,81
COL1252,D.Ed,Solapur,2021,132,40,35,5,75.86,93.4,100.0,33
COL1252,D.Ed,Solapur,2022,123,40,33,7,76.57,93.3,100.0,37
COL1252,D.Ed,Solapur,2023,142,40,37,3,80.8,95.4,100.0,34
COL1252,D.Ed,Solapur,2024,137,40,34,6,78.27,98.0,100.0,44
COL1253,B.Ed,Mumbai City,2021,243,80,69,11,73.33,89.1,100.0,64
COL1253,B.Ed,Mumbai City,2022,220,80,64,16,71.99,89.1,100.0,72
COL1253,B.Ed,Mumbai City,2023,258,90,72,18,74.07,89.8,100.0,69
COL1253,B.Ed,Mumbai City,2024,248,80,69,11,74.67,95.1,100.0,69
COL1254,BCom,Kolhapur,2021,257,120,89,31,54.54,72.1,83.2,104
COL1254,BCom,Kolhapur,2022,305,130,104,26,52.81,73.0,90.0,87
COL1254,BCom,Kolhapur,2023,273,110,87,23,55.38,71.7,90.9,98
COL1254,BCom,Kolhapur,2024,301,120,98,22,53.96,74.0,92.9,93
COL1255,BSc,Thane,2021,463,360,223,137,42.97,65.2,74.0,222
COL1255,BSc,Thane,2022,440,350,222,128,42.33,60.5,71.9,263
COL1255,BSc,Thane,2023,551,390,263,127,42.43,64.1,71.9,250
COL1255,BSc,Thane,2024,581,360,250,110,42.63,66.6,79.2,249
COL1256,LLB,Gadchiroli,2021,276,80,72,8,88.81,98.0,100.0,69
COL1256,LLB,Gadchiroli,2022,274,80,69,11,89.06,97.1,100.0,69
COL1256,LLB,Gadchiroli,2023,271,80,69,11,89.66,92.8,100.0,84
COL1256,LLB,Gadchiroli,2024,344,90,84,6,85.34,98.0,100.0,66
COL1257,BCom,Pune,2021,412,210,146,64,52.25,69.2,82.1,163
COL1257,BCom,Pune,2022,470,210,163,47,51.87,75.4,93.6,167
COL1257,BCom,Pune,2023,497,220,167,53,54.96,76.1,88.9,169
COL1257,BCom,Pune,2024,515,220,169,51,55.62,78.4,95.2,187
COL1258,BA LLB,Ahmednagar,2021,273,100,81,19,79.41,81.2,100.0,86
COL1258,BA LLB,Ahmednagar,2022,307,100,86,14,83.87,82.7,97.7,89
COL1258,BA LLB,Ahmednagar,2023,331,110,89,21,81.7,78.8,99.4,106
COL1258,BA LLB,Ahmednagar,2024,403,120,106,14,83.58,86.2,100.0,103
COL1259,BSc,Pune,2021,1343,410,346,64,66.35,84.5,95.4,386
COL1259,BSc,Pune,2022,1502,430,386,44,68.85,84.8,100.0,385
COL1259,BSc,Pune,2023,1597,430,385,45,66.8,87.0,100.0,393
COL1259,BSc,Pune,2024,1646,440,393,47,67.17,86.0,97.5,406
COL1260,BCom,Nagpur,2021,322,200,132,68,43.82,62.1,74.0,133
COL1260,BCom,Nagpur,2022,296,200,133,67,48.26,65.0,73.1,142
COL1260,BCom,Nagpur,2023,343,210,142,68,47.21,67.3,85.5,126
COL1260,BCom,Nagpur,2024,320,190,126,64,47.66,68.3,76.5,162
COL1261,MBA,Solapur,2021,152,50,42,8,84.41,85.6,100.0,40
COL1261,MBA,Solapur,2022,148,50,40,10,83.29,83.4,97.0,42
COL1261,MBA,Solapur,2023,156,50,42,8,83.33,86.6,100.0,41
COL1261,MBA,Solapur,2024,156,50,41,9,82.39,79.9,96.7,51
COL1262,BCom,Kolhapur,2021,299,170,117,53,51.24,72.8,83.8,120
COL1262,BCom,Kolhapur,2022,326,170,120,50,50.68,68.2,81.3,111
COL1262,BCom,Kolhapur,2023,302,160,111,49,50.28,68.6,84.6,130
COL1262,BCom,Kolhapur,2024,353,170,130,40,54.48,66.8,80.7,133
COL1263,BA Economics,Beed,2021,324,160,120,40,46.14,69.6,86.2,111
COL1263,BA Economics,Beed,2022,305,150,111,39,46.81,80.6,96.7,124
COL1263,BA Economics,Beed,2023,344,170,124,46,50.76,78.8,91.3,124
COL1263,BA Economics,Beed,2024,359,160,124,36,48.66,82.0,100.0,114
COL1264,BA LLB,Ahmednagar,2021,336,100,87,13,89.61,97.8,100.0,87
COL1264,BA LLB,Ahmednagar,2022,337,100,87,13,89.26,89.3,100.0,99
COL1264,BA LLB,Ahmednagar,2023,395,110,99,11,91.02,87.9,98.2,104
COL1264,BA LLB,Ahmednagar,2024,443,110,104,6,86.44,83.3,100.0,105
COL1265,BCom,Nanded,2021,323,110,92,18,60.16,81.4,100.0,94
COL1265,BCom,Nanded,2022,321,110,94,16,61.96,81.7,91.6,80
COL1265,BCom,Nanded,2023,281,100,80,20,63.68,82.7,93.1,98
COL1265,BCom,Nanded,2024,361,120,98,22,61.56,80.4,95.0,90
COL1266,BE Electronics & Telecommunication,Pune,2021,228,90,71,19,89.7,93.5,100.0,75
COL1266,BE Electronics & Telecommunication,Pune,2022,238,90,75,15,90.72,86.4,97.9,71
COL1266,BE Electronics & Telecommunication,Pune,2023,232,90,71,19,87.45,91.1,100.0,61
COL1266,BE Electronics & Telecommunication,Pune,2024,216,80,61,19,88.15,94.4,100.0,80
COL1267,BCom,Akola,2021,322,190,137,53,49.9,64.9,74.6,136
COL1267,BCom,Akola,2022,329,200,136,64,52.3,69.6,84.0,124
COL1267,BCom,Akola,2023,325,180,124,56,52.95,63.7,76.1,146
COL1267,BCom,Akola,2024,398,210,146,64,50.79,71.8,79.7,169
COL1268,BE Mechanical Engineering,Raigad,2021,209,120,85,35,78.75,74.0,90.8,91
COL1268,BE Mechanical Engineering,Raigad,2022,252,120,91,29,80.17,74.0,84.1,75
COL1268,BE Mechanical Engineering,Raigad,2023,206,110,75,35,77.71,71.2,90.5,89
COL1268,BE Mechanical Engineering,Raigad,2024,233,120,89,31,81.12,72.5,90.7,72
COL1269,BE Mechanical Engineering,Yavatmal,2021,334,120,99,21,93.03,98.0,100.0,104
COL1269,BE Mechanical Engineering,Yavatmal,2022,362,130,104,26,94.22,98.0,100.0,110
COL1269,BE Mechanical Engineering,Yavatmal,2023,396,130,110,20,92.49,89.9,100.0,106
COL1269,BE Mechanical Engineering,Yavatmal,2024,378,130,106,24,90.68,95.7,100.0,98
COL1270,MBBS,Jalna,2021,220,170,103,67,94.8,76.8,91.8,117
COL1270,MBBS,Jalna,2022,269,180,117,63,96.93,71.6,87.9,114
COL1270,MBBS,Jalna,2023,262,160,114,46,95.17,78.4,96.1,133
COL1270,MBBS,Jalna,2024,302,190,133,57,98.31,85.8,96.1,123
COL1271,MBBS,Pune,2021,176,80,61,19,98.86,89.0,100.0,57
COL1271,MBBS,Pune,2022,175,80,57,23,99.56,80.7,92.5,57
COL1271,MBBS,Pune,2023,172,70,57,13,97.28,83.5,95.4,72
COL1271,MBBS,Pune,2024,226,90,72,18,96.22,84.6,100.0,71
COL1272,B.Pharm,Buldhana,2021,112,50,39,11,71.81,80.1,99.9,40
COL1272,B.Pharm,Buldhana,2022,121,50,40,10,71.11,80.0,94.8,39
COL1272,B.Pharm,Buldhana,2023,122,50,39,11,68.92,80.6,92.9,44
COL1272,B.Pharm,Buldhana,2024,141,60,44,16,73.33,84.1,97.1,37
COL1273,BCom,Pune,2021,817,500,338,162,46.2,76.9,85.6,382
COL1273,BCom,Pune,2022,949,530,382,148,46.96,66.6,75.3,368
COL1273,BCom,Pune,2023,957,530,368,162,48.42,76.1,94.9,360
COL1273,BCom,Pune,2024,972,500,360,140,46.54,68.0,78.9,389
COL1274,B.Pharm,Akola,2021,102,50,35,15,71.91,84.9,97.9,37
COL1274,B.Pharm,Akola,2022,111,50,37,13,70.25,79.9,98.5,38
COL1274,B.Pharm,Akola,2023,114,50,38,12,72.97,81.7,96.2,47
COL1274,B.Pharm,Akola,2024,149,60,47,13,72.51,71.4,80.6,39
COL1275,BCom,Mumbai Suburban,2021,409,280,191,89,44.17,61.3,73.0,184
COL1275,BCom,Mumbai Suburban,2022,410,290,184,106,43.37,63.6,74.0,220
COL1275,BCom,Mumbai Suburban,2023,541,310,220,90,47.19,69.4,81.5,216
COL1275,BCom,Mumbai Suburban,2024,514,300,216,84,44.31,67.1,76.3,211
COL1276,B.Pharm,Mumbai City,2021,312,80,75,5,83.28,98.0,100.0,69
COL1276,B.Pharm,Mumbai City,2022,300,80,69,11,83.97,98.0,100.0,76
COL1276,B.Pharm,Mumbai City,2023,334,80,76,4,85.38,92.7,100.0,67
COL1276,B.Pharm,Mumbai City,2024,298,70,67,3,86.03,95.4,100.0,75
COL1277,BA,Mumbai Suburban,2021,986,310,271,39,66.49,87.7,100.0,253
COL1277,BA,Mumbai Suburban,2022,957,310,253,57,64.68,88.5,100.0,308
COL1277,BA,Mumbai Suburban,2023,1221,340,308,32,63.82,86.3,100.0,266
COL1277,BA,Mumbai Suburban,2024,1020,310,266,44,64.62,86.7,98.8,278
COL1278,BCom,Mumbai City,2021,1108,310,276,34,68.8,80.9,97.5,264
COL1278,BCom,Mumbai City,2022,1035,310,264,46,71.55,84.3,95.9,313
COL1278,BCom,Mumbai City,2023,1294,340,313,27,68.98,92.9,100.0,298
COL1278,BCom,Mumbai City,2024,1237,340,298,42,72.28,85.5,98.0,341
COL1279,B.Pharm,Solapur,2021,105,50,38,12,68.85,78.9,95.2,35
COL1279,B.Pharm,Solapur,2022,98,50,35,15,71.1,87.9,100.0,37
COL1279,B.Pharm,Solapur,2023,115,50,37,13,71.64,88.8,100.0,37
COL1279,B.Pharm,Solapur,2024,115,50,37,13,72.63,77.1,88.5,39
COL1280,BCom,Kolhapur,2021,500,330,214,116,48.94,58.2,67.8,201
COL1280,BCom,Kolhapur,2022,468,320,201,119,48.83,55.1,69.6,227
COL1280,BCom,Kolhapur,2023,553,360,227,133,46.51,62.1,73.4,226
COL1280,BCom,Kolhapur,2024,505,350,226,124,49.26,55.9,64.8,229
COL1281,B.Ed,Nandurbar,2021,93,40,30,10,70.99,80.3,96.6,31
COL1281,B.Ed,Nandurbar,2022,97,40,31,9,69.29,83.2,96.0,31
COL1281,B.Ed,Nandurbar,2023,101,40,31,9,69.65,88.9,100.0,34
COL1281,B.Ed,Nandurbar,2024,115,40,34,6,70.03,80.9,92.2,31
COL1282,BCom,Buldhana,2021,1129,280,263,17,65.99,95.7,100.0,261
COL1282,BCom,Buldhana,2022,1150,280,261,19,70.72,98.0,100.0,262
COL1282,BCom,Buldhana,2023,1237,270,262,8,67.52,96.4,100.0,281
COL1282,BCom,Buldhana,2024,1363,300,281,19,66.65,96.9,100.0,289
COL1283,BSc Computer Science,Mumbai Suburban,2021,192,80,60,20,60.58,89.4,100.0,64
COL1283,BSc Computer Science,Mumbai Suburban,2022,215,80,64,16,64.84,91.9,100.0,62
COL1283,BSc Computer Science,Mumbai Suburban,2023,201,80,62,18,65.5,86.6,97.3,62
COL1283,BSc Computer Science,Mumbai Suburban,2024,213,80,62,18,62.38,91.7,100.0,76
COL1284,BCom,Solapur,2021,802,360,281,79,56.33,68.2,77.8,297
COL1284,BCom,Solapur,2022,859,380,297,83,55.3,70.3,87.8,288
COL1284,BCom,Solapur,2023,914,380,288,92,56.93,72.6,82.6,303
COL1284,BCom,Solapur,2024,983,370,303,67,56.3,72.8,82.9,303
COL1285,B.Ed,Kolhapur,2021,85,40,30,10,65.64,66.5,77.6,29
COL1285,B.Ed,Kolhapur,2022,89,40,29,11,68.16,75.6,87.6,32
COL1285,B.Ed,Kolhapur,2023,96,40,32,8,65.81,77.8,87.1,33
COL1285,B.Ed,Kolhapur,2024,98,40,33,7,68.77,70.7,80.2,38
COL1286,BCom,Pune,2021,148,140,84,56,37.86,62.7,79.6,89
COL1286,BCom,Pune,2022,169,150,89,61,40.81,60.2,74.3,83
COL1286,BCom,Pune,2023,158,130,83,47,39.85,64.4,79.0,109
COL1286,BCom,Pune,2024,228,160,109,51,39.35,61.0,75.9,103
COL1287,BE Mechanical Engineering,Raigad,2021,137,60,47,13,85.97,73.7,87.5,47
COL1287,BE Mechanical Engineering,Raigad,2022,148,60,47,13,84.14,76.0,96.2,45
COL1287,BE Mechanical Engineering,Raigad,2023,141,60,45,15,83.76,79.3,90.3,48
COL1287,BE Mechanical Engineering,Raigad,2024,152,60,48,12,88.0,78.8,90.1,54
COL1288,BCom,Sangli,2021,711,330,243,87,53.34,75.0,88.6,240
COL1288,BCom,Sangli,2022,697,330,240,90,53.89,76.6,96.7,252
COL1288,BCom,Sangli,2023,745,340,252,88,55.71,67.9,83.0,252
COL1288,BCom,Sangli,2024,753,340,252,88,57.42,73.8,87.6,236
COL1289,BSc Physics,Wardha,2021,887,220,207,13,71.3,94.6,100.0,183
COL1289,BSc Physics,Wardha,2022,808,210,183,27,72.87,89.8,100.0,195
COL1289,BSc Physics,Wardha,2023,878,220,195,25,74.88,97.1,100.0,177
COL1289,BSc Physics,Wardha,2024,802,190,177,13,75.26,95.3,100.0,204
COL1290,BE Computer Engineering,Nashik,2021,192,60,51,9,98.85,98.0,100.0,50
COL1290,BE Computer Engineering,Nashik,2022,201,60,50,10,99.95,93.3,100.0,54
COL1290,BE Computer Engineering,Nashik,2023,211,60,54,6,98.28,94.6,100.0,55
COL1290,BE Computer Engineering,Nashik,2024,226,60,55,5,99.95,95.2,100.0,55
COL1291,BE Civil Engineering,Pune,2021,645,180,163,17,99.57,94.1,100.0,151
COL1291,BE Civil Engineering,Pune,2022,586,180,151,29,99.95,89.2,99.8,166
COL1291,BE Civil Engineering,Pune,2023,671,190,166,24,99.95,94.8,100.0,167
COL1291,BE Civil Engineering,Pune,2024,695,180,167,13,98.66,95.3,100.0,201
COL1292,BSc,Dhule,2021,851,280,230,50,65.49,85.7,100.0,248
COL1292,BSc,Dhule,2022,889,300,248,52,63.83,89.6,100.0,222
COL1292,BSc,Dhule,2023,819,260,222,38,64.84,90.2,100.0,261
COL1292,BSc,Dhule,2024,979,290,261,29,64.62,88.3,100.0,213
COL1293,BCom,Thane,2021,332,110,93,17,63.94,93.1,100.0,88
COL1293,BCom,Thane,2022,322,110,88,22,66.26,84.2,100.0,94
COL1293,BCom,Thane,2023,337,110,94,16,64.37,92.7,100.0,111
COL1293,BCom,Thane,2024,403,130,111,19,67.93,91.9,100.0,115
COL1294,D.Pharm,Nagpur,2021,78,50,35,15,62.0,80.2,99.3,36
COL1294,D.Pharm,Nagpur,2022,88,50,36,14,63.09,75.1,95.0,32
COL1294,D.Pharm,Nagpur,2023,81,50,32,18,62.89,64.9,81.3,37
COL1294,D.Pharm,Nagpur,2024,93,50,37,13,62.43,68.6,77.9,40
COL1295,BA LLB,Pune,2021,143,50,42,8,78.82,83.5,100.0,40
COL1295,BA LLB,Pune,2022,146,50,40,10,82.73,87.2,100.0,41
COL1295,BA LLB,Pune,2023,147,50,41,9,81.14,77.9,97.2,41
COL1295,BA LLB,Pune,2024,147,50,41,9,83.11,74.2,88.4,43
COL1296,Diploma in Computer Engineering,Nanded,2021,84,50,36,14,54.91,67.9,77.8,34
COL1296,Diploma in Computer Engineering,Nanded,2022,81,50,34,16,52.9,67.7,80.7,34
COL1296,Diploma in Computer Engineering,Nanded,2023,91,50,34,16,53.15,64.3,81.0,38
COL1296,Diploma in Computer Engineering,Nanded,2024,102,50,38,12,53.71,73.8,83.4,45
COL1297,BE Electrical Engineering,Thane,2021,297,90,78,12,99.45,92.7,100.0,75
COL1297,BE Electrical Engineering,Thane,2022,298,90,75,15,99.95,94.0,100.0,77
COL1297,BE Electrical Engineering,Thane,2023,314,90,77,13,99.95,91.5,100.0,91
COL1297,BE Electrical Engineering,Thane,2024,361,100,91,9,96.99,96.8,100.0,95
COL1298,BCom,Ahmednagar,2021,224,110,80,30,51.04,82.4,94.0,76
COL1298,BCom,Ahmednagar,2022,213,110,76,34,51.24,76.7,87.3,89
COL1298,BCom,Ahmednagar,2023,251,120,89,31,54.07,71.0,88.1,91
COL1298,BCom,Ahmednagar,2024,261,120,91,29,54.09,77.1,90.9,84
COL1299,BCom,Yavatmal,2021,489,240,169,71,55.69,72.4,86.5,170
COL1299,BCom,Yavatmal,2022,488,230,170,60,54.33,68.8,85.3,181
COL1299,BCom,Yavatmal,2023,551,230,181,49,57.79,67.1,79.2,202
COL1299,BCom,Yavatmal,2024,615,270,202,68,54.42,68.7,77.4,237
COL1300,BSc,Mumbai Suburban,2021,221,110,79,31,54.55,80.1,96.2,83
COL1300,BSc,Mumbai Suburban,2022,239,110,83,27,56.09,74.7,89.4,81
COL1300,BSc,Mumbai Suburban,2023,254,110,81,29,56.15,79.8,92.7,84
COL1300,BSc,Mumbai Suburban,2024,258,110,84,26,54.03,79.2,96.7,82
COL1301,BSc,Ratnagiri,2021,988,520,362,158,50.38,69.2,88.8,352
COL1301,BSc,Ratnagiri,2022,968,510,352,158,49.2,69.8,83.7,420
COL1301,BSc,Ratnagiri,2023,1181,550,420,130,51.12,71.3,86.8,400
COL1301,BSc,Ratnagiri,2024,1144,540,400,140,51.93,65.7,79.6,382
COL1302,BCom,Chhatrapati Sambhajinagar,2021,621,200,170,30,63.69,79.9,100.0,156
COL1302,BCom,Chhatrapati Sambhajinagar,2022,539,200,156,44,62.54,86.0,100.0,162
COL1302,BCom,Chhatrapati Sambhajinagar,2023,585,190,162,28,63.92,83.1,96.9,180
COL1302,BCom,Chhatrapati Sambhajinagar,2024,691,220,180,40,63.35,90.9,100.0,158
COL1303,BA,Dharashiv,2021,361,210,148,62,44.13,65.3,83.5,143
COL1303,BA,Dharashiv,2022,335,220,143,77,48.33,63.3,77.9,144
COL1303,BA,Dharashiv,2023,357,200,144,56,48.44,58.8,78.1,140
COL1303,BA,Dharashiv,2024,330,200,140,60,45.97,63.4,76.7,186
COL1304,BCom,Nashik,2021,281,120,90,30,57.05,77.6,90.0,94
COL1304,BCom,Nashik,2022,309,120,94,26,56.6,79.5,94.0,101
COL1304,BCom,Nashik,2023,327,130,101,29,59.47,83.0,100.0,95
COL1304,BCom,Nashik,2024,319,120,95,25,57.96,80.6,98.0,99
COL1305,BE Civil Engineering,Chandrapur,2021,237,70,62,8,98.65,95.2,100.0,57
COL1305,BE Civil Engineering,Chandrapur,2022,217,70,57,13,96.29,93.6,100.0,58
COL1305,BE Civil Engineering,Chandrapur,2023,232,70,58,12,97.44,95.1,100.0,73
COL1305,BE Civil Engineering,Chandrapur,2024,299,80,73,7,99.64,88.3,100.0,79
COL1306,BCom,Chandrapur,2021,1098,410,338,72,56.13,78.5,97.2,313
COL1306,BCom,Chandrapur,2022,1008,400,313,87,57.44,81.9,95.7,345
COL1306,BCom,Chandrapur,2023,1123,420,345,75,59.37,81.0,93.9,289
COL1306,BCom,Chandrapur,2024,1011,360,289,71,57.6,72.9,87.5,362
COL1307,B.Tech Agricultural Engineering,Mumbai Suburban,2021,143,50,40,10,72.98,90.8,100.0,43
COL1307,B.Tech Agricultural Engineering,Mumbai Suburban,2022,151,50,43,7,75.58,86.3,100.0,43
COL1307,B.Tech Agricultural Engineering,Mumbai Suburban,2023,158,50,43,7,74.34,86.3,100.0,42
COL1307,B.Tech Agricultural Engineering,Mumbai Suburban,2024,158,50,42,8,74.81,90.2,100.0,42
COL1308,BCom,Mumbai City,2021,430,170,133,37,61.21,81.1,94.3,133
COL1308,BCom,Mumbai City,2022,420,170,133,37,57.3,74.2,85.1,143
COL1308,BCom,Mumbai City,2023,460,180,143,37,56.99,81.7,100.0,125
COL1308,BCom,Mumbai City,2024,396,160,125,35,60.45,84.6,96.5,153
COL1309,BSc,Mumbai Suburban,2021,232,100,73,27,56.75,72.3,86.9,75
COL1309,BSc,Mumbai Suburban,2022,239,100,75,25,59.53,77.2,93.1,78
COL1309,BSc,Mumbai Suburban,2023,259,100,78,22,57.17,75.5,88.2,84
COL1309,BSc,Mumbai Suburban,2024,288,110,84,26,60.64,76.9,93.7,77
COL1310,BSc,Thane,2021,672,250,202,48,63.63,82.3,100.0,221
COL1310,BSc,Thane,2022,778,260,221,39,59.59,93.9,100.0,232
COL1310,BSc,Thane,2023,844,280,232,48,62.64,90.6,100.0,247
COL1310,BSc,Thane,2024,860,290,247,43,62.14,89.3,100.0,231
COL1311,BSc,Mumbai Suburban,2021,1432,550,453,97,58.44,72.7,84.1,426
COL1311,BSc,Mumbai Suburban,2022,1420,550,426,124,58.85,76.7,97.4,487
COL1311,BSc,Mumbai Suburban,2023,1679,600,487,113,59.97,75.2,87.2,381
COL1311,BSc,Mumbai Suburban,2024,1288,490,381,109,58.94,81.0,90.8,376
COL1312,BCom,Yavatmal,2021,441,370,235,135,42.23,53.1,61.4,231
COL1312,BCom,Yavatmal,2022,487,360,231,129,43.89,61.8,79.9,247
COL1312,BCom,Yavatmal,2023,509,360,247,113,43.3,62.5,81.0,215
COL1312,BCom,Yavatmal,2024,432,330,215,115,44.51,57.1,71.1,205
COL1313,BSc Computer Science,Nanded,2021,304,200,133,67,52.27,77.7,92.7,142
COL1313,BSc Computer Science,Nanded,2022,337,200,142,58,49.91,72.0,85.7,153
COL1313,BSc Computer Science,Nanded,2023,368,220,153,67,51.46,73.0,82.1,141
COL1313,BSc Computer Science,Nanded,2024,363,200,141,59,49.08,68.8,82.2,148
COL1314,BSc Physics,Washim,2021,451,220,159,61,58.0,81.7,91.3,173
COL1314,BSc Physics,Washim,2022,498,220,173,47,56.14,80.6,94.7,171
COL1314,BSc Physics,Washim,2023,519,220,171,49,56.83,80.7,89.9,163
COL1314,BSc Physics,Washim,2024,503,220,163,57,60.16,85.8,100.0,213
COL1315,BA Economics,Pune,2021,675,200,177,23,62.38,92.7,100.0,186
COL1315,BA Economics,Pune,2022,727,210,186,24,59.83,89.3,100.0,203
COL1315,BA Economics,Pune,2023,789,220,203,17,62.95,86.6,100.0,195
COL1315,BA Economics,Pune,2024,791,230,195,35,64.15,82.5,97.5,162
COL1316,BE Civil Engineering,Dharashiv,2021,213,50,48,2,98.48,98.0,100.0,49
COL1316,BE Civil Engineering,Dharashiv,2022,225,50,49,1,99.95,96.1,100.0,50
COL1316,BE Civil Engineering,Dharashiv,2023,232,50,50,0,99.95,97.5,100.0,47
COL1316,BE Civil Engineering,Dharashiv,2024,212,50,47,3,99.95,98.0,100.0,40
COL1317,BE Computer Engineering,Jalgaon,2021,191,80,59,21,87.7,88.1,97.2,61
COL1317,BE Computer Engineering,Jalgaon,2022,197,80,61,19,90.79,87.5,100.0,55
COL1317,BE Computer Engineering,Jalgaon,2023,190,70,55,15,86.75,79.7,92.8,58
COL1317,BE Computer Engineering,Jalgaon,2024,193,70,58,12,89.98,83.1,93.2,74
COL1318,BA LLB,Mumbai Suburban,2021,201,100,73,27,68.88,70.0,82.5,73
COL1318,BA LLB,Mumbai Suburban,2022,219,100,73,27,69.81,75.8,94.3,73
COL1318,BA LLB,Mumbai Suburban,2023,207,100,73,27,72.36,80.1,95.7,87
COL1318,BA LLB,Mumbai Suburban,2024,259,110,87,23,70.63,79.0,96.9,95
COL1319,B.Ed,Chandrapur,2021,111,80,52,28,55.67,62.6,77.9,53
COL1319,B.Ed,Chandrapur,2022,126,80,53,27,57.33,65.1,76.2,65
COL1319,B.Ed,Chandrapur,2023,147,90,65,25,58.78,61.1,76.1,58
COL1319,B.Ed,Chandrapur,2024,141,80,58,22,58.45,54.8,68.6,60
COL1320,MBBS,Chandrapur,2021,349,130,104,26,98.79,85.0,97.0,102
COL1320,MBBS,Chandrapur,2022,339,130,102,28,99.18,80.2,99.6,115
COL1320,MBBS,Chandrapur,2023,391,140,115,25,97.5,82.8,100.0,108
COL1320,MBBS,Chandrapur,2024,371,140,108,32,96.6,87.0,98.5,137
COL1321,BA,Sindhudurg,2021,584,280,201,79,55.46,74.5,90.1,208
COL1321,BA,Sindhudurg,2022,595,280,208,72,56.34,73.9,89.4,209
COL1321,BA,Sindhudurg,2023,645,270,209,61,53.13,78.5,90.6,228
COL1321,BA,Sindhudurg,2024,696,280,228,52,56.76,79.4,99.2,221
COL1322,LLB,Satara,2021,133,100,64,36,60.02,64.7,79.7,64
COL1322,LLB,Satara,2022,136,100,64,36,61.72,65.5,84.8,70
COL1322,LLB,Satara,2023,148,100,70,30,62.16,62.3,72.1,73
COL1322,LLB,Satara,2024,174,100,73,27,57.53,60.8,68.2,73
COL1323,BCom,Pune,2021,408,200,150,50,54.07,72.2,89.1,144
COL1323,BCom,Pune,2022,367,200,144,56,54.15,71.8,83.3,160
COL1323,BCom,Pune,2023,444,220,160,60,50.96,74.4,82.7,163
COL1323,BCom,Pune,2024,446,230,163,67,51.72,72.9,81.6,135
COL1324,BCom,Chandrapur,2021,531,170,137,33,67.88,91.6,100.0,163
COL1324,BCom,Chandrapur,2022,662,180,163,17,69.53,94.2,100.0,165
COL1324,BCom,Chandrapur,2023,647,180,165,15,66.08,92.4,100.0,165
COL1324,BCom,Chandrapur,2024,686,190,165,25,65.46,92.9,100.0,145
COL1325,BCom,Raigad,2021,179,180,108,72,41.95,66.4,75.0,111
COL1325,BCom,Raigad,2022,188,170,111,59,38.12,64.6,80.0,102
COL1325,BCom,Raigad,2023,184,170,102,68,41.03,67.9,84.1,117
COL1325,BCom,Raigad,2024,222,190,117,73,40.16,63.9,81.3,141
COL1326,BCom,Latur,2021,1425,410,362,48,68.57,88.1,97.9,356
COL1326,BCom,Latur,2022,1417,430,356,74,69.45,87.2,100.0,341
COL1326,BCom,Latur,2023,1363,400,341,59,67.27,98.0,100.0,343
COL1326,BCom,Latur,2024,1385,370,343,27,65.6,96.8,100.0,393
COL1327,BA,Amravati,2021,233,100,78,22,54.14,72.0,82.6,79
COL1327,BA,Amravati,2022,241,100,79,21,54.74,73.0,82.1,80
COL1327,BA,Amravati,2023,238,100,80,20,54.81,82.7,100.0,70
COL1327,BA,Amravati,2024,214,90,70,20,56.47,70.1,88.7,69
COL1328,MBBS,Mumbai Suburban,2021,189,130,81,49,93.21,75.2,90.5,93
COL1328,MBBS,Mumbai Suburban,2022,215,130,93,37,95.5,69.0,78.5,100
COL1328,MBBS,Mumbai Suburban,2023,219,140,100,40,96.67,72.4,90.5,106
COL1328,MBBS,Mumbai Suburban,2024,241,150,106,44,98.37,65.7,84.1,106
COL1329,BE Electrical Engineering,Dhule,2021,91,60,42,18,74.01,70.6,81.6,43
COL1329,BE Electrical Engineering,Dhule,2022,101,60,43,17,73.07,71.4,90.2,44
COL1329,BE Electrical Engineering,Dhule,2023,110,60,44,16,74.48,64.8,81.0,39
COL1329,BE Electrical Engineering,Dhule,2024,94,60,39,21,75.84,64.3,74.7,45
COL1330,B.Arch,Mumbai Suburban,2021,91,30,24,6,90.15,98.0,100.0,27
COL1330,B.Arch,Mumbai Suburban,2022,106,30,27,3,92.91,98.0,100.0,27
COL1330,B.Arch,Mumbai Suburban,2023,110,30,27,3,91.57,98.0,100.0,27
COL1330,B.Arch,Mumbai Suburban,2024,111,30,27,3,91.7,93.5,100.0,37
COL1331,B.Arch,Mumbai City,2021,61,30,22,8,79.13,81.7,98.7,24
COL1331,B.Arch,Mumbai City,2022,68,30,24,6,76.37,80.8,92.6,23
COL1331,B.Arch,Mumbai City,2023,66,30,23,7,80.71,78.9,92.5,23
COL1331,B.Arch,Mumbai City,2024,70,30,23,7,80.52,75.4,95.3,23
COL1332,BSc,Raigad,2021,1766,490,437,53,67.55,93.2,100.0,400
COL1332,BSc,Raigad,2022,1608,480,400,80,68.27,85.3,100.0,452
COL1332,BSc,Raigad,2023,1837,520,452,68,67.62,87.1,100.0,404
COL1332,BSc,Raigad,2024,1667,450,404,46,68.73,83.8,100.0,417
COL1333,Diploma in Electrical Engineering,Thane,2021,188,50,44,6,80.42,89.4,100.0,43
COL1333,Diploma in Electrical Engineering,Thane,2022,181,50,43,7,75.92,91.3,100.0,44
COL1333,Diploma in Electrical Engineering,Thane,2023,188,50,44,6,76.55,98.0,100.0,45
COL1333,Diploma in Electrical Engineering,Thane,2024,195,50,45,5,78.15,94.0,100.0,47
COL1334,MBA,Mumbai City,2021,195,100,74,26,66.02,72.9,91.3,75
COL1334,MBA,Mumbai City,2022,206,100,75,25,64.45,68.9,82.4,66
COL1334,MBA,Mumbai City,2023,186,90,66,24,68.37,64.5,78.6,74
COL1334,MBA,Mumbai City,2024,196,100,74,26,66.92,69.1,77.9,94
COL1335,Diploma in Mechanical Engineering,Chhatrapati Sambhajinagar,2021,108,50,37,13,62.79,69.9,82.6,39
COL1335,Diploma in Mechanical Engineering,Chhatrapati Sambhajinagar,2022,122,50,39,11,64.63,79.6,97.0,43
COL1335,Diploma in Mechanical Engineering,Chhatrapati Sambhajinagar,2023,130,60,43,17,61.56,70.8,87.6,49
COL1335,Diploma in Mechanical Engineering,Chhatrapati Sambhajinagar,2024,157,60,49,11,65.84,79.5,92.3,37
COL1336,B.Pharm,Solapur,2021,108,50,36,14,68.62,75.1,89.3,36
COL1336,B.Pharm,Solapur,2022,107,50,36,14,70.1,80.0,94.7,40
COL1336,B.Pharm,Solapur,2023,125,50,40,10,71.78,78.6,96.6,46
COL1336,B.Pharm,Solapur,2024,136,60,46,14,71.44,75.0,91.7,49
COL1337,BE Civil Engineering,Mumbai City,2021,357,100,90,10,97.37,93.4,100.0,84
COL1337,BE Civil Engineering,Mumbai City,2022,334,100,84,16,99.49,91.9,100.0,102
COL1337,BE Civil Engineering,Mumbai City,2023,427,110,102,8,99.95,98.0,100.0,100
COL1337,BE Civil Engineering,Mumbai City,2024,412,110,100,10,99.95,93.5,100.0,88
COL1338,BE Electrical Engineering,Jalgaon,2021,175,100,70,30,73.14,74.9,91.4,72
COL1338,BE Electrical Engineering,Jalgaon,2022,174,100,72,28,73.43,80.3,98.4,69
COL1338,BE Electrical Engineering,Jalgaon,2023,174,100,69,31,77.59,72.3,88.9,79
COL1338,BE Electrical Engineering,Jalgaon,2024,209,110,79,31,77.99,76.1,92.1,74
COL1339,BA,Kolhapur,2021,257,150,101,49,50.88,71.9,91.7,110
COL1339,BA,Kolhapur,2022,286,150,110,40,49.92,74.4,88.3,98
COL1339,BA,Kolhapur,2023,267,140,98,42,48.85,78.9,96.5,103
COL1339,BA,Kolhapur,2024,296,130,103,27,52.2,75.5,85.7,129
COL1340,BE Mechanical Engineering,Solapur,2021,338,110,91,19,95.2,91.2,100.0,95
COL1340,BE Mechanical Engineering,Solapur,2022,340,110,95,15,91.84,89.7,100.0,86
COL1340,BE Mechanical Engineering,Solapur,2023,325,100,86,14,95.52,98.0,100.0,106
COL1340,BE Mechanical Engineering,Solapur,2024,413,120,106,14,94.26,97.0,100.0,82
COL1341,BSc,Pune,2021,456,210,159,51,52.39,73.1,89.1,172
COL1341,BSc,Pune,2022,526,220,172,48,55.3,78.1,87.6,152
COL1341,BSc,Pune,2023,468,200,152,48,53.71,78.1,87.5,153
COL1341,BSc,Pune,2024,484,210,153,57,53.33,76.2,94.0,144
COL1342,B.Arch,Buldhana,2021,94,30,26,4,88.33,96.1,100.0,25
COL1342,B.Arch,Buldhana,2022,88,30,25,5,88.78,89.4,100.0,26
COL1342,B.Arch,Buldhana,2023,94,30,26,4,87.88,95.6,100.0,24
COL1342,B.Arch,Buldhana,2024,92,30,24,6,86.52,93.4,100.0,25
COL1343,Diploma in Mechanical Engineering,Thane,2021,156,80,57,23,59.44,72.5,89.9,54
COL1343,Diploma in Mechanical Engineering,Thane,2022,135,80,54,26,57.58,75.0,87.6,56
COL1343,Diploma in Mechanical Engineering,Thane,2023,143,80,56,24,57.11,67.8,83.2,51
COL1343,Diploma in Mechanical Engineering,Thane,2024,133,70,51,19,57.2,73.8,82.9,60
COL1344,B.Pharm,Mumbai City,2021,99,50,35,15,71.71,82.7,100.0,40
COL1344,B.Pharm,Mumbai City,2022,120,50,40,10,71.65,78.7,88.6,41
COL1344,B.Pharm,Mumbai City,2023,128,50,41,9,68.92,85.0,96.6,39
COL1344,B.Pharm,Mumbai City,2024,123,50,39,11,72.2,87.8,100.0,48
COL1345,BCom,Beed,2021,646,180,157,23,70.57,94.6,100.0,176
COL1345,BCom,Beed,2022,768,190,176,14,71.57,93.6,100.0,165
COL1345,BCom,Beed,2023,696,190,165,25,70.95,91.4,100.0,179
COL1345,BCom,Beed,2024,797,200,179,21,72.15,90.6,100.0,181
COL1346,BE Electronics & Telecommunication,Kolhapur,2021,118,100,59,41,68.01,62.1,75.9,60
COL1346,BE Electronics & Telecommunication,Kolhapur,2022,124,100,60,40,69.18,66.0,85.2,70
COL1346,BE Electronics & Telecommunication,Kolhapur,2023,152,100,70,30,67.37,62.3,72.4,59
COL1346,BE Electronics & Telecommunication,Kolhapur,2024,126,90,59,31,72.33,61.8,74.5,63
COL1347,BCom,Raigad,2021,871,470,326,144,49.75,70.8,87.1,331
COL1347,BCom,Raigad,2022,901,470,331,139,51.61,61.9,78.8,373
COL1347,BCom,Raigad,2023,989,500,373,127,49.03,65.7,74.9,371
COL1347,BCom,Raigad,2024,962,540,371,169,51.19,65.2,74.5,321
COL1348,BSc,Pune,2021,1304,540,407,133,58.77,84.2,100.0,427
COL1348,BSc,Pune,2022,1380,540,427,113,57.56,83.3,93.6,389
COL1348,BSc,Pune,2023,1267,510,389,121,58.05,83.7,99.0,528
COL1348,BSc,Pune,2024,1831,630,528,102,58.55,76.7,87.0,483
COL1349,BCom,Raigad,2021,366,170,127,43,54.27,65.5,75.0,124
COL1349,BCom,Raigad,2022,348,170,124,46,54.72,68.6,82.5,130
COL1349,BCom,Raigad,2023,389,180,130,50,53.29,68.7,78.1,128
COL1349,BCom,Raigad,2024,384,160,128,32,52.71,74.4,88.4,152
COL1350,BE Computer Engineering,Amravati,2021,162,80,55,25,81.96,83.0,100.0,56
COL1350,BE Computer Engineering,Amravati,2022,170,80,56,24,81.04,84.4,99.1,50
COL1350,BE Computer Engineering,Amravati,2023,155,70,50,20,84.27,79.6,91.8,51
COL1350,BE Computer Engineering,Amravati,2024,155,70,51,19,82.94,88.7,100.0,81
COL1351,BCom,Yavatmal,2021,589,240,182,58,59.5,70.8,91.0,203
COL1351,BCom,Yavatmal,2022,678,250,203,47,60.25,78.4,91.1,174
COL1351,BCom,Yavatmal,2023,577,230,174,56,60.24,80.6,92.5,209
COL1351,BCom,Yavatmal,2024,704,250,209,41,59.97,79.9,91.0,221
COL1352,BCom,Yavatmal,2021,281,150,110,40,52.02,65.7,78.9,115
COL1352,BCom,Yavatmal,2022,329,150,115,35,51.87,75.0,83.7,125
COL1352,BCom,Yavatmal,2023,363,170,125,45,53.14,74.2,86.0,115
COL1352,BCom,Yavatmal,2024,345,150,115,35,52.65,68.2,86.9,141
COL1353,BCom,Sangli,2021,397,120,104,16,67.54,84.9,100.0,116
COL1353,BCom,Sangli,2022,458,130,116,14,68.14,84.1,100.0,114
COL1353,BCom,Sangli,2023,462,130,114,16,71.07,89.9,100.0,117
COL1353,BCom,Sangli,2024,493,130,117,13,72.39,84.4,100.0,105
COL1354,BA English,Latur,2021,199,100,70,30,50.26,76.4,88.2,81
COL1354,BA English,Latur,2022,237,110,81,29,47.41,80.9,95.0,80
COL1354,BA English,Latur,2023,251,100,80,20,50.82,73.4,91.4,79
COL1354,BA English,Latur,2024,232,100,79,21,49.07,77.1,86.7,82
COL1355,B.Pharm,Beed,2021,187,50,43,7,84.25,96.0,100.0,43
COL1355,B.Pharm,Beed,2022,192,50,43,7,83.4,93.4,100.0,47
COL1355,B.Pharm,Beed,2023,213,50,47,3,85.86,94.6,100.0,54
COL1355,B.Pharm,Beed,2024,251,60,54,6,85.5,90.3,100.0,40
COL1356,BA,Satara,2021,831,550,347,203,48.01,66.3,79.1,384
COL1356,BA,Satara,2022,878,570,384,186,43.87,60.3,71.2,372
COL1356,BA,Satara,2023,852,570,372,198,48.79,63.9,81.6,364
COL1356,BA,Satara,2024,895,520,364,156,45.87,59.5,69.8,350
COL1357,BCom,Mumbai City,2021,623,180,160,20,70.16,91.5,100.0,161
COL1357,BCom,Mumbai City,2022,604,180,161,19,67.82,93.6,100.0,169
COL1357,BCom,Mumbai City,2023,656,200,169,31,68.1,90.3,100.0,173
COL1357,BCom,Mumbai City,2024,693,200,173,27,66.86,98.0,100.0,177
COL1358,BA English,Buldhana,2021,184,100,70,30,46.8,57.7,72.4,73
COL1358,BA English,Buldhana,2022,195,100,73,27,45.66,62.6,81.8,71
COL1358,BA English,Buldhana,2023,183,100,71,29,46.35,66.4,77.1,71
COL1358,BA English,Buldhana,2024,187,90,71,19,45.83,63.0,79.8,82
COL1359,BBA,Sindhudurg,2021,246,80,69,11,85.89,80.4,99.7,66
COL1359,BBA,Sindhudurg,2022,244,80,66,14,81.79,80.3,99.0,67
COL1359,BBA,Sindhudurg,2023,245,80,67,13,84.21,90.9,100.0,76
COL1359,BBA,Sindhudurg,2024,284,90,76,14,84.64,86.8,100.0,78
COL1360,BA,Nagpur,2021,648,200,166,34,68.39,92.1,100.0,189
COL1360,BA,Nagpur,2022,766,210,189,21,69.36,95.1,100.0,200
COL1360,BA,Nagpur,2023,832,220,200,20,69.46,98.0,100.0,181
COL1360,BA,Nagpur,2024,782,190,181,9,70.03,94.3,100.0,209
COL1361,BSc,Kolhapur,2021,1038,530,386,144,51.25,63.1,73.6,397
COL1361,BSc,Kolhapur,2022,1006,530,397,133,49.57,68.1,84.0,377
COL1361,BSc,Kolhapur,2023,962,530,377,153,49.0,64.1,80.2,372
COL1361,BSc,Kolhapur,2024,1037,510,372,138,50.12,61.0,72.5,426
COL1362,BA,Ahmednagar,2021,565,210,168,42,63.53,78.1,91.8,163
COL1362,BA,Ahmednagar,2022,599,200,163,37,65.09,88.2,97.7,180
COL1362,BA,Ahmednagar,2023,632,220,180,40,62.35,82.5,98.8,199
COL1362,BA,Ahmednagar,2024,715,230,199,31,62.23,90.1,100.0,167
COL1363,BE Mechanical Engineering,Palghar,2021,174,120,77,43,72.36,75.5,88.7,84
COL1363,BE Mechanical Engineering,Palghar,2022,183,120,84,36,71.75,70.5,85.6,81
COL1363,BE Mechanical Engineering,Palghar,2023,178,120,81,39,71.86,77.2,89.0,89
COL1363,BE Mechanical Engineering,Palghar,2024,219,130,89,41,72.44,70.5,84.1,102
COL1364,BSc,Pune,2021,302,130,94,36,58.62,82.6,99.5,101
COL1364,BSc,Pune,2022,320,130,101,29,59.73,87.9,100.0,105
COL1364,BSc,Pune,2023,346,140,105,35,59.81,79.5,92.7,113
COL1364,BSc,Pune,2024,382,150,113,37,56.65,80.7,100.0,93
COL1365,BA,Chandrapur,2021,125,100,64,36,43.56,63.7,76.3,68
COL1365,BA,Chandrapur,2022,145,100,68,32,42.62,54.8,62.4,71
COL1365,BA,Chandrapur,2023,145,110,71,39,42.67,58.2,71.2,56
COL1365,BA,Chandrapur,2024,113,90,56,34,43.56,59.9,75.8,76
COL1366,BA,Dhule,2021,1211,410,340,70,60.92,73.6,85.1,339
COL1366,BA,Dhule,2022,1217,400,339,61,63.68,80.8,95.5,376
COL1366,BA,Dhule,2023,1415,430,376,54,64.64,78.6,90.3,335
COL1366,BA,Dhule,2024,1265,380,335,45,66.47,72.6,88.9,457
COL1367,BA,Thane,2021,347,140,111,29,57.23,84.3,95.3,116
COL1367,BA,Thane,2022,372,150,116,34,58.07,83.3,93.0,109
COL1367,BA,Thane,2023,354,140,109,31,57.68,83.2,95.6,137
COL1367,BA,Thane,2024,462,170,137,33,56.86,79.8,100.0,136
COL1368,BA,Pune,2021,452,180,142,38,56.72,81.2,100.0,136
COL1368,BA,Pune,2022,420,180,136,44,58.94,86.0,99.9,148
COL1368,BA,Pune,2023,496,200,148,52,58.11,82.4,100.0,147
COL1368,BA,Pune,2024,498,180,147,33,55.59,90.2,100.0,157
COL1369,BA Economics,Sangli,2021,297,150,111,39,44.05,65.4,73.7,118
COL1369,BA Economics,Sangli,2022,321,160,118,42,45.95,70.5,86.3,112
COL1369,BA Economics,Sangli,2023,298,150,112,38,46.51,63.0,75.3,118
COL1369,BA Economics,Sangli,2024,319,170,118,52,49.77,69.9,82.5,102
COL1370,B.Ed,Nashik,2021,132,40,33,7,81.24,85.4,100.0,34
COL1370,B.Ed,Nashik,2022,134,40,34,6,79.82,87.1,99.1,36
COL1370,B.Ed,Nashik,2023,151,40,36,4,78.11,86.2,100.0,34
COL1370,B.Ed,Nashik,2024,138,40,34,6,83.36,87.8,99.7,48
COL1371,MBBS,Jalgaon,2021,299,130,97,33,96.54,82.3,99.6,104
COL1371,MBBS,Jalgaon,2022,320,130,104,26,95.87,75.4,85.7,105
COL1371,MBBS,Jalgaon,2023,336,130,105,25,96.74,84.9,100.0,105
COL1371,MBBS,Jalgaon,2024,354,140,105,35,96.85,79.6,98.3,108
COL1372,BCom,Parbhani,2021,557,180,148,32,68.09,88.8,100.0,156
COL1372,BCom,Parbhani,2022,607,180,156,24,72.68,87.0,99.4,167
COL1372,BCom,Parbhani,2023,662,200,167,33,72.29,89.1,100.0,157
COL1372,BCom,Parbhani,2024,664,180,157,23,73.05,92.1,100.0,146
COL1373,BSc Mathematics,Thane,2021,299,200,126,74,47.67,76.8,86.3,140
COL1373,BSc Mathematics,Thane,2022,312,210,140,70,49.39,72.9,82.3,150
COL1373,BSc Mathematics,Thane,2023,370,210,150,60,48.67,77.6,88.9,152
COL1373,BSc Mathematics,Thane,2024,364,210,152,58,48.15,76.7,93.1,175
COL1374,BA LLB,Akola,2021,314,80,75,5,87.43,92.7,100.0,70
COL1374,BA LLB,Akola,2022,311,80,70,10,90.51,97.9,100.0,70
COL1374,BA LLB,Akola,2023,303,80,70,10,86.91,97.7,100.0,89
COL1374,BA LLB,Akola,2024,397,90,89,1,88.69,93.2,100.0,75
COL1375,BE Civil Engineering,Satara,2021,84,50,35,15,75.37,65.8,82.2,32
COL1375,BE Civil Engineering,Satara,2022,77,50,32,18,75.47,66.0,83.9,35
COL1375,BE Civil Engineering,Satara,2023,84,50,35,15,76.05,69.9,82.2,40
COL1375,BE Civil Engineering,Satara,2024,98,60,40,20,73.58,63.0,72.5,35
COL1376,Diploma in Mechanical Engineering,Mumbai Suburban,2021,280,80,68,12,78.34,96.9,100.0,69
COL1376,Diploma in Mechanical Engineering,Mumbai Suburban,2022,289,80,69,11,79.73,95.9,100.0,72
COL1376,Diploma in Mechanical Engineering,Mumbai Suburban,2023,311,80,72,8,78.34,98.0,100.0,85
COL1376,Diploma in Mechanical Engineering,Mumbai Suburban,2024,387,90,85,5,80.31,96.3,100.0,94
COL1377,B.Sc Agriculture,Yavatmal,2021,187,80,63,17,63.2,82.2,96.2,62
COL1377,B.Sc Agriculture,Yavatmal,2022,192,80,62,18,65.72,83.0,96.2,61
COL1377,B.Sc Agriculture,Yavatmal,2023,180,80,61,19,63.45,83.6,98.9,65
COL1377,B.Sc Agriculture,Yavatmal,2024,193,80,65,15,64.59,88.1,98.9,52
COL1378,BA,Thane,2021,1256,410,344,66,63.58,82.5,96.5,335
COL1378,BA,Thane,2022,1196,390,335,55,62.21,92.6,100.0,362
COL1378,BA,Thane,2023,1358,450,362,88,63.37,85.3,100.0,303
COL1378,BA,Thane,2024,1144,370,303,67,64.69,92.5,100.0,406
COL1379,BE Civil Engineering,Bhandara,2021,182,60,49,11,97.7,98.0,100.0,51
COL1379,BE Civil Engineering,Bhandara,2022,201,60,51,9,96.2,93.3,100.0,53
COL1379,BE Civil Engineering,Bhandara,2023,214,60,53,7,99.22,92.8,100.0,55
COL1379,BE Civil Engineering,Bhandara,2024,227,60,55,5,96.13,91.4,100.0,65
COL1380,BCom,Mumbai City,2021,354,140,106,34,65.21,84.4,100.0,116
COL1380,BCom,Mumbai City,2022,393,140,116,24,64.58,87.2,97.1,118
COL1380,BCom,Mumbai City,2023,419,150,118,32,62.55,90.3,100.0,115
COL1380,BCom,Mumbai City,2024,421,140,115,25,62.25,80.4,100.0,121
COL1381,B.Arch,Wardha,2021,39,30,20,10,65.95,71.9,82.0,19
COL1381,B.Arch,Wardha,2022,37,30,19,11,67.71,64.5,79.0,18
COL1381,B.Arch,Wardha,2023,41,30,18,12,68.86,64.8,75.9,20
COL1381,B.Arch,Wardha,2024,41,30,20,10,69.12,73.1,85.5,21
COL1382,BCom,Jalgaon,2021,401,170,130,40,59.31,71.2,90.6,130
COL1382,BCom,Jalgaon,2022,435,170,130,40,56.22,72.0,82.7,140
COL1382,BCom,Jalgaon,2023,462,170,140,30,56.26,81.9,96.3,161
COL1382,BCom,Jalgaon,2024,541,190,161,29,58.25,73.8,86.7,143
COL1383,BSc,Nanded,2021,984,510,367,143,47.05,73.8,94.3,372
COL1383,BSc,Nanded,2022,1019,530,372,158,51.52,74.8,91.3,351
COL1383,BSc,Nanded,2023,951,500,351,149,51.35,66.3,80.2,324
COL1383,BSc,Nanded,2024,853,460,324,136,49.49,78.1,91.4,431
COL1384,BSc,Buldhana,2021,737,280,220,60,60.17,81.0,92.6,234
COL1384,BSc,Buldhana,2022,752,290,234,56,58.79,78.5,94.3,207
COL1384,BSc,Buldhana,2023,694,270,207,63,58.7,75.2,86.2,235
COL1384,BSc,Buldhana,2024,785,300,235,65,57.34,75.8,96.1,220
COL1385,Diploma in Electrical Engineering,Dhule,2021,329,100,86,14,78.77,92.8,100.0,82
COL1385,Diploma in Electrical Engineering,Dhule,2022,314,100,82,18,78.47,88.0,99.1,89
COL1385,Diploma in Electrical Engineering,Dhule,2023,358,100,89,11,77.62,90.0,100.0,93
COL1385,Diploma in Electrical Engineering,Dhule,2024,388,100,93,7,79.19,91.3,100.0,86
COL1386,D.Pharm,Nashik,2021,106,50,39,11,68.79,78.2,91.5,37
COL1386,D.Pharm,Nashik,2022,111,50,37,13,68.97,80.8,97.1,35
COL1386,D.Pharm,Nashik,2023,106,50,35,15,70.55,77.6,89.9,44
COL1386,D.Pharm,Nashik,2024,134,60,44,16,72.31,83.6,100.0,39
COL1387,BCom,Thane,2021,791,260,218,42,62.66,88.1,98.2,227
COL1387,BCom,Thane,2022,846,270,227,43,61.93,86.9,96.8,251
COL1387,BCom,Thane,2023,967,290,251,39,61.98,85.4,100.0,196
COL1387,BCom,Thane,2024,766,230,196,34,62.41,90.4,100.0,258
COL1388,BSc,Thane,2021,1144,460,345,115,60.16,74.6,95.4,384
COL1388,BSc,Thane,2022,1212,470,384,86,59.96,79.6,93.0,359
COL1388,BSc,Thane,2023,1213,430,359,71,57.05,82.3,96.5,343
COL1388,BSc,Thane,2024,1199,430,343,87,61.45,75.6,94.6,383
COL1389,MBBS,Mumbai Suburban,2021,338,170,127,43,97.03,81.7,95.0,121
COL1389,MBBS,Mumbai Suburban,2022,322,170,121,49,96.61,79.2,96.2,126
COL1389,MBBS,Mumbai Suburban,2023,334,170,126,44,97.43,82.0,100.0,130
COL1389,MBBS,Mumbai Suburban,2024,338,180,130,50,97.75,81.8,93.7,105
COL1390,BE Mechanical Engineering,Bhandara,2021,527,150,133,17,96.24,98.0,100.0,137
COL1390,BE Mechanical Engineering,Bhandara,2022,544,160,137,23,99.95,98.0,100.0,126
COL1390,BE Mechanical Engineering,Bhandara,2023,497,140,126,14,98.65,96.8,100.0,153
COL1390,BE Mechanical Engineering,Bhandara,2024,621,170,153,17,99.95,96.9,100.0,133
COL1391,BSc,Thane,2021,786,380,270,110,52.85,77.4,88.3,311
COL1391,BSc,Thane,2022,955,400,311,89,56.17,77.5,92.7,298
COL1391,BSc,Thane,2023,862,390,298,92,54.47,78.8,96.3,273
COL1391,BSc,Thane,2024,821,370,273,97,53.92,79.1,99.1,357
COL1392,BSc Physics,Pune,2021,160,80,60,20,54.73,77.2,93.5,59
COL1392,BSc Physics,Pune,2022,149,80,59,21,54.61,78.5,89.1,67
COL1392,BSc Physics,Pune,2023,188,90,67,23,55.91,78.8,91.2,49
COL1392,BSc Physics,Pune,2024,137,70,49,21,53.03,81.5,96.5,68
COL1393,BE Civil Engineering,Nashik,2021,241,90,69,21,91.02,90.5,100.0,72
COL1393,BE Civil Engineering,Nashik,2022,263,90,72,18,94.67,88.8,100.0,84
COL1393,BE Civil Engineering,Nashik,2023,293,100,84,16,92.18,95.8,100.0,69
COL1393,BE Civil Engineering,Nashik,2024,255,80,69,11,93.11,98.0,100.0,67
COL1394,BE Electronics & Telecommunication,Ahmednagar,2021,405,200,138,62,82.74,88.1,99.1,158
COL1394,BE Electronics & Telecommunication,Ahmednagar,2022,459,210,158,52,80.67,82.3,96.9,137
COL1394,BE Electronics & Telecommunication,Ahmednagar,2023,397,190,137,53,83.53,84.4,100.0,155
COL1394,BE Electronics & Telecommunication,Ahmednagar,2024,471,190,155,35,83.26,84.5,100.0,193
COL1395,LLB,Ahmednagar,2021,159,80,59,21,68.26,63.3,72.0,58
COL1395,LLB,Ahmednagar,2022,152,80,58,22,67.48,74.3,94.0,66
COL1395,LLB,Ahmednagar,2023,186,90,66,24,67.65,74.7,90.3,56
COL1395,LLB,Ahmednagar,2024,160,80,56,24,68.63,74.9,84.9,70
COL1396,BSc Physics,Mumbai Suburban,2021,218,150,99,51,47.76,68.4,81.7,107
COL1396,BSc Physics,Mumbai Suburban,2022,249,160,107,53,49.28,60.9,72.2,106
COL1396,BSc Physics,Mumbai Suburban,2023,239,160,106,54,49.51,70.5,86.5,123
COL1396,BSc Physics,Mumbai Suburban,2024,310,170,123,47,52.07,65.2,77.4,116
COL1397,BSc Physics,Buldhana,2021,399,170,128,42,62.91,87.3,100.0,139
COL1397,BSc Physics,Buldhana,2022,476,170,139,31,62.64,88.0,100.0,141
COL1397,BSc Physics,Buldhana,2023,478,170,141,29,62.57,90.9,100.0,135
COL1397,BSc Physics,Buldhana,2024,471,170,135,35,64.07,92.2,100.0,184
COL1398,BSc,Mumbai City,2021,503,280,199,81,50.45,68.1,77.0,195
COL1398,BSc,Mumbai City,2022,517,290,195,95,50.57,69.5,78.0,213
COL1398,BSc,Mumbai City,2023,556,300,213,87,49.29,63.9,77.6,252
COL1398,BSc,Mumbai City,2024,689,330,252,78,48.3,68.3,88.1,186
COL1399,B.Sc Nursing,Nagpur,2021,180,80,61,19,62.69,80.9,98.2,62
COL1399,B.Sc Nursing,Nagpur,2022,185,80,62,18,61.92,70.1,85.8,63
COL1399,B.Sc Nursing,Nagpur,2023,196,80,63,17,63.7,72.6,87.4,70
COL1399,B.Sc Nursing,Nagpur,2024,218,90,70,20,62.94,74.2,85.6,81
COL1400,BSc Physics,Mumbai City,2021,241,220,135,85,44.26,61.3,69.7,132
COL1400,BSc Physics,Mumbai City,2022,237,220,132,88,41.27,59.3,75.1,145
COL1400,BSc Physics,Mumbai City,2023,259,220,145,75,44.42,55.0,72.9,161
COL1400,BSc Physics,Mumbai City,2024,294,260,161,99,45.52,54.4,64.5,137
COL1401,BE Mechanical Engineering,Sangli,2021,158,80,56,24,82.88,77.2,93.2,57
COL1401,BE Mechanical Engineering,Sangli,2022,163,80,57,23,85.59,77.0,95.9,66
COL1401,BE Mechanical Engineering,Sangli,2023,188,90,66,24,83.59,73.7,83.8,63
COL1401,BE Mechanical Engineering,Sangli,2024,192,80,63,17,83.6,84.6,100.0,72
COL1402,BA,Dharashiv,2021,1477,520,436,84,61.02,82.7,96.9,426
COL1402,BA,Dharashiv,2022,1541,510,426,84,62.62,92.2,100.0,445
COL1402,BA,Dharashiv,2023,1541,540,445,95,60.62,97.3,100.0,421
COL1402,BA,Dharashiv,2024,1490,510,421,89,60.06,88.9,99.7,431
COL1403,Diploma in Mechanical Engineering,Raigad,2021,205,100,76,24,61.62,74.7,83.2,76
COL1403,Diploma in Mechanical Engineering,Raigad,2022,222,100,76,24,63.44,72.3,92.5,88
COL1403,Diploma in Mechanical Engineering,Raigad,2023,259,110,88,22,60.02,75.0,93.0,94
COL1403,Diploma in Mechanical Engineering,Raigad,2024,269,120,94,26,62.07,70.9,91.2,96
COL1404,BCom,Nashik,2021,786,280,238,42,62.92,92.3,100.0,224
COL1404,BCom,Nashik,2022,756,270,224,46,60.38,84.2,100.0,235
COL1404,BCom,Nashik,2023,855,280,235,45,64.46,86.9,97.4,241
COL1404,BCom,Nashik,2024,857,270,241,29,64.26,88.8,100.0,289
COL1405,BE Mechanical Engineering,Jalgaon,2021,189,50,45,5,99.74,97.2,100.0,46
COL1405,BE Mechanical Engineering,Jalgaon,2022,201,50,46,4,98.21,97.3,100.0,45
COL1405,BE Mechanical Engineering,Jalgaon,2023,199,50,45,5,99.02,94.6,100.0,58
COL1405,BE Mechanical Engineering,Jalgaon,2024,264,60,58,2,99.95,93.1,100.0,58
COL1406,MBBS,Ahmednagar,2021,475,220,168,52,94.72,81.8,100.0,166
COL1406,MBBS,Ahmednagar,2022,431,220,166,54,97.31,77.9,92.4,149
COL1406,MBBS,Ahmednagar,2023,404,210,149,61,98.8,75.8,85.7,169
COL1406,MBBS,Ahmednagar,2024,495,220,169,51,95.49,83.9,97.5,146
COL1407,BA,Yavatmal,2021,353,410,243,167,35.2,58.4,73.8,241
COL1407,BA,Yavatmal,2022,393,430,241,189,38.55,55.8,65.3,229
COL1407,BA,Yavatmal,2023,347,410,229,181,39.0,60.6,75.5,279
COL1407,BA,Yavatmal,2024,455,430,279,151,36.54,63.1,77.9,254
COL1408,BCom,Washim,2021,1329,390,345,45,64.64,91.7,100.0,324
COL1408,BCom,Washim,2022,1245,390,324,66,68.95,98.0,100.0,351
COL1408,BCom,Washim,2023,1336,420,351,69,65.91,95.6,100.0,324
COL1408,BCom,Washim,2024,1263,370,324,46,68.09,94.2,100.0,437
COL1409,BBA,Nagpur,2021,310,100,86,14,83.05,77.6,92.6,82
COL1409,BBA,Nagpur,2022,286,100,82,18,84.07,78.3,90.2,87
COL1409,BBA,Nagpur,2023,310,100,87,13,86.37,82.3,96.4,75
COL1409,BBA,Nagpur,2024,285,90,75,15,86.14,78.7,99.9,96
COL1410,D.Ed,Pune,2021,66,40,27,13,59.01,70.0,89.1,30
COL1410,D.Ed,Pune,2022,78,40,30,10,60.95,68.1,77.6,30
COL1410,D.Ed,Pune,2023,78,40,30,10,59.25,76.4,90.7,28
COL1410,D.Ed,Pune,2024,75,40,28,12,59.95,78.3,97.5,32
COL1411,BE Civil Engineering,Pune,2021,132,60,45,15,81.5,89.1,100.0,45
COL1411,BE Civil Engineering,Pune,2022,128,60,45,15,83.27,81.7,96.1,50
COL1411,BE Civil Engineering,Pune,2023,144,70,50,20,83.98,80.4,96.5,56
COL1411,BE Civil Engineering,Pune,2024,170,70,56,14,82.33,76.4,92.0,45
COL1412,BA LLB,Mumbai Suburban,2021,199,100,75,25,65.53,77.0,97.4,71
COL1412,BA LLB,Mumbai Suburban,2022,187,100,71,29,64.19,75.3,90.6,72
COL1412,BA LLB,Mumbai Suburban,2023,191,100,72,28,66.38,70.4,87.8,62
COL1412,BA LLB,Mumbai Suburban,2024,166,90,62,28,64.76,76.7,86.6,84
COL1413,BE Computer Engineering,Bhandara,2021,143,130,78,52,66.75,58.0,67.0,80
COL1413,BE Computer Engineering,Bhandara,2022,168,130,80,50,68.38,65.0,83.4,79
COL1413,BE Computer Engineering,Bhandara,2023,151,120,79,41,70.66,70.2,81.7,74
COL1413,BE Computer Engineering,Bhandara,2024,154,120,74,46,70.74,71.0,84.1,98
COL1414,B.Ed,Beed,2021,54,40,25,15,57.79,64.7,79.6,27
COL1414,B.Ed,Beed,2022,67,40,27,13,57.42,64.0,72.4,27
COL1414,B.Ed,Beed,2023,68,40,27,13,59.14,64.0,76.1,28
COL1414,B.Ed,Beed,2024,70,40,28,12,55.86,61.0,72.1,30
COL1415,BE Electrical Engineering,Nashik,2021,244,100,80,20,83.96,79.7,89.7,72
COL1415,BE Electrical Engineering,Nashik,2022,218,100,72,28,85.56,83.7,100.0,90
COL1415,BE Electrical Engineering,Nashik,2023,288,110,90,20,86.85,88.9,100.0,87
COL1415,BE Electrical Engineering,Nashik,2024,266,110,87,23,84.83,86.1,100.0,95
COL1416,BE Computer Engineering,Mumbai City,2021,84,70,45,25,68.12,68.8,87.3,42
COL1416,BE Computer Engineering,Mumbai City,2022,75,70,42,28,67.88,69.6,79.3,47
COL1416,BE Computer Engineering,Mumbai City,2023,89,70,47,23,68.24,70.3,86.7,38
COL1416,BE Computer Engineering,Mumbai City,2024,76,60,38,22,69.87,58.4,75.0,50
COL1417,B.Sc Agriculture,Chhatrapati Sambhajinagar,2021,95,50,35,15,63.21,84.0,97.3,38
COL1417,B.Sc Agriculture,Chhatrapati Sambhajinagar,2022,109,50,38,12,60.04,85.1,96.5,37
COL1417,B.Sc Agriculture,Chhatrapati Sambhajinagar,2023,107,50,37,13,60.91,84.3,100.0,43
COL1417,B.Sc Agriculture,Chhatrapati Sambhajinagar,2024,130,60,43,17,61.94,81.5,90.7,47
COL1418,Diploma in Mechanical Engineering,Ahmednagar,2021,82,50,33,17,57.72,66.7,82.3,34
COL1418,Diploma in Mechanical Engineering,Ahmednagar,2022,93,50,34,16,58.16,71.1,81.3,34
COL1418,Diploma in Mechanical Engineering,Ahmednagar,2023,92,50,34,16,55.74,62.3,77.9,35
COL1418,Diploma in Mechanical Engineering,Ahmednagar,2024,97,50,35,15,55.76,70.7,82.9,45
COL1419,MBBS,Mumbai City,2021,726,210,175,35,98.05,93.8,100.0,199
COL1419,MBBS,Mumbai City,2022,823,220,199,21,99.95,97.0,100.0,198
COL1419,MBBS,Mumbai City,2023,820,230,198,32,99.95,95.7,100.0,213
COL1419,MBBS,Mumbai City,2024,895,230,213,17,99.95,98.0,100.0,185
COL1420,B.Ed,Chhatrapati Sambhajinagar,2021,103,40,31,9,69.04,77.5,89.9,30
COL1420,B.Ed,Chhatrapati Sambhajinagar,2022,95,40,30,10,71.85,76.6,92.5,33
COL1420,B.Ed,Chhatrapati Sambhajinagar,2023,107,40,33,7,69.8,72.4,83.9,34
COL1420,B.Ed,Chhatrapati Sambhajinagar,2024,116,40,34,6,72.18,81.8,95.7,34
COL1421,BCom,Pune,2021,296,110,91,19,60.49,80.6,93.2,92
COL1421,BCom,Pune,2022,297,120,92,28,58.02,75.3,90.3,100
COL1421,BCom,Pune,2023,347,120,100,20,56.82,68.3,84.4,92
COL1421,BCom,Pune,2024,310,110,92,18,60.3,75.7,92.1,86
COL1422,B.Ed,Mumbai Suburban,2021,117,40,32,8,74.34,93.8,100.0,34
COL1422,B.Ed,Mumbai Suburban,2022,124,40,34,6,75.35,93.9,100.0,34
COL1422,B.Ed,Mumbai Suburban,2023,123,40,34,6,77.86,89.9,100.0,33
COL1422,B.Ed,Mumbai Suburban,2024,123,40,33,7,78.47,90.5,100.0,42
COL1423,BSc,Jalna,2021,1093,500,382,118,55.34,77.9,91.6,390
COL1423,BSc,Jalna,2022,1092,520,390,130,51.78,80.0,98.7,384
COL1423,BSc,Jalna,2023,1195,480,384,96,53.06,75.8,85.4,450
COL1423,BSc,Jalna,2024,1336,550,450,100,53.98,77.8,90.1,454
COL1424,B.Arch,Raigad,2021,77,30,24,6,84.98,84.8,100.0,24
COL1424,B.Arch,Raigad,2022,78,30,24,6,81.97,91.0,100.0,23
COL1424,B.Arch,Raigad,2023,76,30,23,7,85.47,96.6,100.0,23
COL1424,B.Arch,Raigad,2024,76,30,23,7,84.87,97.2,100.0,26
COL1425,BCom,Nandurbar,2021,312,250,159,91,43.17,63.0,70.2,181
COL1425,BCom,Nandurbar,2022,400,260,181,79,43.46,60.9,75.1,161
COL1425,BCom,Nandurbar,2023,343,230,161,69,47.11,55.0,67.2,166
COL1425,BCom,Nandurbar,2024,347,240,166,74,45.71,57.7,68.2,176
COL1426,Diploma in Computer Engineering,Nagpur,2021,214,100,76,24,59.93,78.9,97.2,73
COL1426,Diploma in Computer Engineering,Nagpur,2022,210,100,73,27,59.02,77.4,94.3,86
COL1426,Diploma in Computer Engineering,Nagpur,2023,244,110,86,24,61.88,68.1,88.4,71
COL1426,Diploma in Computer Engineering,Nagpur,2024,206,100,71,29,60.11,75.2,86.3,86
COL1427,BCom,Palghar,2021,569,200,162,38,67.74,88.7,100.0,175
COL1427,BCom,Palghar,2022,642,200,175,25,65.65,88.4,100.0,163
COL1427,BCom,Palghar,2023,594,200,163,37,64.93,86.9,100.0,160
COL1427,BCom,Palghar,2024,621,190,160,30,65.13,89.9,100.0,200
COL1428,B.Pharm,Parbhani,2021,75,50,33,17,61.95,72.4,86.6,32
COL1428,B.Pharm,Parbhani,2022,71,50,32,18,59.12,67.9,75.8,35
COL1428,B.Pharm,Parbhani,2023,85,50,35,15,63.75,73.1,85.7,34
COL1428,B.Pharm,Parbhani,2024,77,50,34,16,59.87,65.9,82.4,29
COL1429,B.Ed,Mumbai City,2021,236,80,69,11,76.04,84.2,100.0,68
COL1429,B.Ed,Mumbai City,2022,240,80,68,12,74.9,79.3,90.3,71
COL1429,B.Ed,Mumbai City,2023,257,90,71,19,76.87,86.0,100.0,77
COL1429,B.Ed,Mumbai City,2024,277,90,77,13,75.57,80.9,98.4,58
COL1430,BA LLB,Mumbai City,2021,136,80,56,24,66.61,65.5,79.6,58
COL1430,BA LLB,Mumbai City,2022,146,80,58,22,65.81,68.4,88.0,57
COL1430,BA LLB,Mumbai City,2023,147,80,57,23,64.44,67.8,87.2,64
COL1430,BA LLB,Mumbai City,2024,171,90,64,26,65.86,69.2,85.2,53
COL1431,BA History,Wardha,2021,417,200,155,45,48.43,76.0,91.5,132
COL1431,BA History,Wardha,2022,396,190,132,58,50.36,69.8,88.0,168
COL1431,BA History,Wardha,2023,468,210,168,42,49.58,68.0,80.4,148
COL1431,BA History,Wardha,2024,438,200,148,52,49.79,74.5,94.5,186
COL1432,LLB,Amravati,2021,374,100,88,12,88.05,88.2,100.0,91
COL1432,LLB,Amravati,2022,393,100,91,9,87.76,83.9,100.0,85
COL1432,LLB,Amravati,2023,367,90,85,5,86.65,81.4,100.0,84
COL1432,LLB,Amravati,2024,378,90,84,6,90.35,89.9,100.0,104
COL1433,B.Sc Agriculture,Nashik,2021,179,50,43,7,79.0,95.9,100.0,44
COL1433,B.Sc Agriculture,Nashik,2022,186,50,44,6,79.81,98.0,100.0,47
COL1433,B.Sc Agriculture,Nashik,2023,197,50,47,3,78.99,95.7,100.0,46
COL1433,B.Sc Agriculture,Nashik,2024,199,50,46,4,81.1,95.3,100.0,45
COL1434,BE Civil Engineering,Mumbai Suburban,2021,199,160,101,59,70.34,62.3,78.4,109
COL1434,BE Civil Engineering,Mumbai Suburban,2022,241,160,109,51,68.49,61.6,79.0,123
COL1434,BE Civil Engineering,Mumbai Suburban,2023,276,180,123,57,68.62,70.2,83.2,116
COL1434,BE Civil Engineering,Mumbai Suburban,2024,247,180,116,64,67.7,68.6,87.6,98
COL1435,BE Computer Engineering,Chandrapur,2021,170,60,48,12,96.37,97.6,100.0,51
COL1435,BE Computer Engineering,Chandrapur,2022,193,60,51,9,96.64,97.5,100.0,58
COL1435,BE Computer Engineering,Chandrapur,2023,220,70,58,12,92.12,94.1,100.0,41
COL1435,BE Computer Engineering,Chandrapur,2024,155,50,41,9,96.5,98.0,100.0,51
COL1436,BE Electrical Engineering,Kolhapur,2021,70,50,32,18,71.44,79.4,95.3,35
COL1436,BE Electrical Engineering,Kolhapur,2022,77,50,35,15,71.88,70.1,88.7,33
COL1436,BE Electrical Engineering,Kolhapur,2023,82,50,33,17,76.36,70.6,81.8,36
COL1436,BE Electrical Engineering,Kolhapur,2024,90,50,36,14,74.26,78.9,92.4,35
COL1437,BE Mechanical Engineering,Buldhana,2021,231,100,79,21,82.97,87.9,100.0,73
COL1437,BE Mechanical Engineering,Buldhana,2022,211,100,73,27,83.31,79.2,98.2,73
COL1437,BE Mechanical Engineering,Buldhana,2023,220,90,73,17,83.34,81.7,90.9,80
COL1437,BE Mechanical Engineering,Buldhana,2024,245,100,80,20,85.43,84.6,98.6,91
COL1438,BA,Parbhani,2021,386,140,108,32,63.51,81.4,91.3,121
COL1438,BA,Parbhani,2022,454,140,121,19,63.2,74.8,88.1,128
COL1438,BA,Parbhani,2023,492,150,128,22,66.21,79.0,99.6,117
COL1438,BA,Parbhani,2024,435,130,117,13,65.88,81.1,92.5,129
COL1439,BCom,Latur,2021,919,360,285,75,59.46,79.0,94.5,297
COL1439,BCom,Latur,2022,1016,360,297,63,57.44,82.9,100.0,276
COL1439,BCom,Latur,2023,954,340,276,64,57.61,82.3,95.7,255
COL1439,BCom,Latur,2024,860,320,255,65,58.08,73.8,93.3,359
COL1440,BCom,Latur,2021,335,200,134,66,52.1,71.3,82.4,140
COL1440,BCom,Latur,2022,393,200,140,60,50.65,64.2,79.9,139
COL1440,BCom,Latur,2023,389,200,139,61,54.63,76.7,93.1,149
COL1440,BCom,Latur,2024,412,190,149,41,53.52,72.7,85.8,139
COL1441,BA,Latur,2021,465,210,152,58,56.31,75.9,90.8,163
COL1441,BA,Latur,2022,480,220,163,57,54.22,73.6,91.8,151
COL1441,BA,Latur,2023,437,200,151,49,57.41,77.0,98.1,157
COL1441,BA,Latur,2024,484,190,157,33,56.2,74.5,90.9,200
COL1442,Diploma in Mechanical Engineering,Parbhani,2021,281,100,79,21,73.87,97.3,100.0,88
COL1442,Diploma in Mechanical Engineering,Parbhani,2022,334,100,88,12,74.14,90.3,100.0,87
COL1442,Diploma in Mechanical Engineering,Parbhani,2023,330,100,87,13,76.87,98.0,100.0,90
COL1442,Diploma in Mechanical Engineering,Parbhani,2024,342,110,90,20,76.5,97.7,100.0,102
COL1443,BSc Computer Science,Raigad,2021,302,170,121,49,56.11,81.7,96.6,123
COL1443,BSc Computer Science,Raigad,2022,328,170,123,47,53.4,82.6,98.1,138
COL1443,BSc Computer Science,Raigad,2023,365,190,138,52,51.74,84.1,100.0,122
COL1443,BSc Computer Science,Raigad,2024,338,160,122,38,53.91,79.2,94.3,121
COL1444,MBBS,Nagpur,2021,384,130,111,19,98.42,87.8,100.0,105
COL1444,MBBS,Nagpur,2022,389,130,105,25,98.4,90.8,100.0,107
COL1444,MBBS,Nagpur,2023,385,120,107,13,99.95,92.0,100.0,114
COL1444,MBBS,Nagpur,2024,418,130,114,16,99.95,89.3,100.0,123
COL1445,BCom,Beed,2021,171,110,75,35,48.96,60.8,70.9,77
COL1445,BCom,Beed,2022,178,110,77,33,45.77,62.7,77.6,79
COL1445,BCom,Beed,2023,177,120,79,41,48.22,65.7,80.4,78
COL1445,BCom,Beed,2024,175,110,78,32,48.67,63.7,78.2,90
COL1446,LLB,Mumbai Suburban,2021,294,80,70,10,89.4,92.5,100.0,72
COL1446,LLB,Mumbai Suburban,2022,312,80,72,8,88.5,93.8,100.0,88
COL1446,LLB,Mumbai Suburban,2023,399,90,88,2,88.5,91.2,100.0,78
COL1446,LLB,Mumbai Suburban,2024,362,80,78,2,90.16,98.0,100.0,89
COL1447,BA Economics,Palghar,2021,374,210,150,60,44.04,73.3,91.6,157
COL1447,BA Economics,Palghar,2022,400,210,157,53,44.59,72.1,86.3,162
COL1447,BA Economics,Palghar,2023,450,210,162,48,44.33,72.0,86.0,138
COL1447,BA Economics,Palghar,2024,368,200,138,62,46.03,73.0,91.9,141
COL1448,BCom,Kolhapur,2021,787,210,192,18,68.75,90.0,100.0,192
COL1448,BCom,Kolhapur,2022,816,220,192,28,69.32,88.3,100.0,176
COL1448,BCom,Kolhapur,2023,751,200,176,24,69.21,87.0,100.0,208
COL1448,BCom,Kolhapur,2024,901,230,208,22,69.27,85.5,100.0,185
COL1449,BA English,Ahmednagar,2021,324,150,115,35,49.2,78.5,93.1,116
COL1449,BA English,Ahmednagar,2022,336,150,116,34,48.77,77.2,90.9,128
COL1449,BA English,Ahmednagar,2023,383,170,128,42,47.68,81.6,98.5,139
COL1449,BA English,Ahmednagar,2024,427,170,139,31,47.83,71.3,86.2,117
COL1450,BCom,Solapur,2021,712,410,300,110,50.07,63.1,74.6,306
COL1450,BCom,Solapur,2022,722,410,306,104,50.24,62.0,80.6,255
COL1450,BCom,Solapur,2023,642,380,255,125,48.69,67.1,84.5,315
COL1450,BCom,Solapur,2024,825,420,315,105,50.15,65.1,84.5,304
COL1451,B.Ed,Sangli,2021,168,80,59,21,65.06,64.7,77.2,63
COL1451,B.Ed,Sangli,2022,190,80,63,17,67.18,72.8,84.9,64
COL1451,B.Ed,Sangli,2023,196,80,64,16,63.68,77.6,91.9,50
COL1451,B.Ed,Sangli,2024,146,70,50,20,64.55,77.6,97.4,59
COL1452,BCom,Yavatmal,2021,489,260,177,83,52.44,63.2,75.5,194
COL1452,BCom,Yavatmal,2022,508,270,194,76,53.34,74.1,87.8,203
COL1452,BCom,Yavatmal,2023,549,270,203,67,50.04,69.7,89.6,204
COL1452,BCom,Yavatmal,2024,554,280,204,76,53.25,75.0,88.4,191
COL1453,BE Mechanical Engineering,Chhatrapati Sambhajinagar,2021,428,200,153,47,85.21,83.7,98.7,152
COL1453,BE Mechanical Engineering,Chhatrapati Sambhajinagar,2022,431,200,152,48,84.28,84.9,100.0,148
COL1453,BE Mechanical Engineering,Chhatrapati Sambhajinagar,2023,437,190,148,42,84.53,84.0,100.0,188
COL1453,BE Mechanical Engineering,Chhatrapati Sambhajinagar,2024,554,230,188,42,81.96,93.8,100.0,140
COL1454,BSc Physics,Beed,2021,304,80,74,6,72.85,98.0,100.0,71
COL1454,BSc Physics,Beed,2022,310,80,71,9,72.68,98.0,100.0,79
COL1454,BSc Physics,Beed,2023,347,90,79,11,71.32,98.0,100.0,87
COL1454,BSc Physics,Beed,2024,388,90,87,3,75.32,93.5,100.0,86
COL1455,BCom,Jalgaon,2021,686,170,160,10,66.59,98.0,100.0,161
COL1455,BCom,Jalgaon,2022,699,180,161,19,68.42,93.7,100.0,155
COL1455,BCom,Jalgaon,2023,708,170,155,15,68.67,92.7,100.0,158
COL1455,BCom,Jalgaon,2024,727,160,158,2,66.77,97.7,100.0,162
COL1456,BE Electrical Engineering,Raigad,2021,244,100,76,24,89.2,83.9,94.1,79
COL1456,BE Electrical Engineering,Raigad,2022,259,100,79,21,89.99,83.5,100.0,85
COL1456,BE Electrical Engineering,Raigad,2023,276,110,85,25,87.67,88.6,100.0,73
COL1456,BE Electrical Engineering,Raigad,2024,249,90,73,17,89.72,84.9,100.0,95
COL1457,BSc,Solapur,2021,772,210,191,19,65.93,95.6,100.0,203
COL1457,BSc,Solapur,2022,841,220,203,17,70.02,98.0,100.0,179
COL1457,BSc,Solapur,2023,755,200,179,21,68.85,98.0,100.0,205
COL1457,BSc,Solapur,2024,928,230,205,25,69.22,96.7,100.0,224
COL1458,Diploma in Computer Engineering,Mumbai Suburban,2021,103,50,35,15,64.23,73.5,82.6,40
COL1458,Diploma in Computer Engineering,Mumbai Suburban,2022,124,50,40,10,64.95,72.6,86.5,39
COL1458,Diploma in Computer Engineering,Mumbai Suburban,2023,120,50,39,11,64.34,74.5,90.8,39
COL1458,Diploma in Computer Engineering,Mumbai Suburban,2024,122,50,39,11,64.1,72.4,83.0,42
COL1459,LLB,Solapur,2021,108,50,38,12,68.76,82.8,100.0,36
COL1459,LLB,Solapur,2022,102,50,36,14,68.6,73.9,91.2,39
COL1459,LLB,Solapur,2023,113,50,39,11,72.41,72.7,91.0,44
COL1459,LLB,Solapur,2024,131,60,44,16,70.97,84.0,100.0,37
COL1460,LLB,Latur,2021,202,50,46,4,86.63,91.4,100.0,46
COL1460,LLB,Latur,2022,203,50,46,4,88.12,94.0,100.0,49
COL1460,LLB,Latur,2023,222,50,49,1,87.09,97.4,100.0,47
COL1460,LLB,Latur,2024,209,50,47,3,90.54,98.0,100.0,56
COL1461,BSc,Parbhani,2021,1312,530,415,115,59.12,81.0,90.9,412
COL1461,BSc,Parbhani,2022,1407,550,412,138,57.74,76.0,92.6,411
COL1461,BSc,Parbhani,2023,1353,540,411,129,60.7,80.5,100.0,454
COL1461,BSc,Parbhani,2024,1597,530,454,76,60.06,82.6,95.1,460
COL1462,B.Arch,Dhule,2021,48,30,20,10,68.8,76.8,85.9,20
COL1462,B.Arch,Dhule,2022,47,30,20,10,70.94,74.2,83.2,20
COL1462,B.Arch,Dhule,2023,48,30,20,10,70.89,76.2,87.7,21
COL1462,B.Arch,Dhule,2024,52,30,21,9,73.67,70.5,85.3,22
COL1463,B.Pharm,Pune,2021,168,50,44,6,84.35,98.0,100.0,45
COL1463,B.Pharm,Pune,2022,169,50,45,5,85.77,97.0,100.0,43
COL1463,B.Pharm,Pune,2023,168,50,43,7,85.89,94.3,100.0,55
COL1463,B.Pharm,Pune,2024,215,60,55,5,86.17,95.8,100.0,45
COL1464,BE Mechanical Engineering,Sindhudurg,2021,280,100,83,17,91.87,90.8,100.0,80
COL1464,BE Mechanical Engineering,Sindhudurg,2022,294,100,80,20,92.08,87.5,97.2,79
COL1464,BE Mechanical Engineering,Sindhudurg,2023,279,100,79,21,93.53,91.8,100.0,99
COL1464,BE Mechanical Engineering,Sindhudurg,2024,361,120,99,21,96.06,82.7,93.4,74
COL1465,BA English,Sangli,2021,407,160,122,38,51.47,76.6,92.0,134
COL1465,BA English,Sangli,2022,454,170,134,36,55.17,84.4,99.1,139
COL1465,BA English,Sangli,2023,451,180,139,41,54.64,79.5,89.8,159
COL1465,BA English,Sangli,2024,522,190,159,31,52.28,80.1,95.5,146
COL1466,BA,Kolhapur,2021,1196,460,372,88,57.45,77.8,98.3,352
COL1466,BA,Kolhapur,2022,1065,440,352,88,54.89,76.7,95.3,336
COL1466,BA,Kolhapur,2023,1057,430,336,94,58.91,79.3,94.1,338
COL1466,BA,Kolhapur,2024,1077,410,338,72,57.37,84.9,94.9,327
COL1467,BSc Computer Science,Nanded,2021,405,160,128,32,59.8,95.0,100.0,128
COL1467,BSc Computer Science,Nanded,2022,392,160,128,32,62.84,91.8,100.0,130
COL1467,BSc Computer Science,Nanded,2023,435,160,130,30,59.53,91.7,100.0,135
COL1467,BSc Computer Science,Nanded,2024,441,160,135,25,62.6,93.7,100.0,154
COL1468,B.Ed,Akola,2021,41,40,23,17,47.53,58.6,76.1,25
COL1468,B.Ed,Akola,2022,49,40,25,15,52.6,58.0,71.8,27
COL1468,B.Ed,Akola,2023,55,40,27,13,49.19,58.5,77.5,25
COL1468,B.Ed,Akola,2024,52,40,25,15,51.71,57.3,65.1,25
COL1469,MBBS,Mumbai Suburban,2021,352,130,106,24,98.27,84.7,97.9,100
COL1469,MBBS,Mumbai Suburban,2022,352,130,100,30,98.49,92.2,100.0,115
COL1469,MBBS,Mumbai Suburban,2023,419,140,115,25,99.95,93.5,100.0,131
COL1469,MBBS,Mumbai Suburban,2024,462,150,131,19,99.95,87.9,100.0,119
COL1470,B.Ed,Solapur,2021,56,40,26,14,55.32,56.9,72.8,28
COL1470,B.Ed,Solapur,2022,59,40,28,12,57.05,55.5,71.7,26
COL1470,B.Ed,Solapur,2023,61,40,26,14,53.95,59.0,77.4,28
COL1470,B.Ed,Solapur,2024,66,40,28,12,57.8,57.2,65.5,29
COL1471,MBA,Amravati,2021,244,80,66,14,86.12,87.9,100.0,71
COL1471,MBA,Amravati,2022,250,80,71,9,85.92,86.6,98.7,71
COL1471,MBA,Amravati,2023,274,80,71,9,84.17,92.1,100.0,65
COL1471,MBA,Amravati,2024,251,80,65,15,86.67,85.9,100.0,77
COL1472,BSc Computer Science,Gondia,2021,173,150,92,58,45.7,67.5,87.1,99
COL1472,BSc Computer Science,Gondia,2022,195,160,99,61,48.37,65.0,73.4,95
COL1472,BSc Computer Science,Gondia,2023,193,150,95,55,45.78,71.0,83.4,96
COL1472,BSc Computer Science,Gondia,2024,215,140,96,44,45.2,70.8,88.8,111
COL1473,BCom,Solapur,2021,364,200,146,54,50.96,66.4,83.8,151
COL1473,BCom,Solapur,2022,402,200,151,49,49.82,74.1,94.2,126
COL1473,BCom,Solapur,2023,323,180,126,54,52.44,69.8,82.0,149
COL1473,BCom,Solapur,2024,407,210,149,61,51.06,70.7,89.7,154
COL1474,D.Pharm,Gondia,2021,101,80,47,33,56.86,57.5,73.1,51
COL1474,D.Pharm,Gondia,2022,105,80,51,29,57.42,58.3,73.9,56
COL1474,D.Pharm,Gondia,2023,120,80,56,24,56.63,56.4,67.0,46
COL1474,D.Pharm,Gondia,2024,97,70,46,24,57.18,52.3,68.6,55
COL1475,B.Pharm,Pune,2021,239,80,65,15,80.08,89.1,100.0,63
COL1475,B.Pharm,Pune,2022,238,80,63,17,81.91,89.2,100.0,65
COL1475,B.Pharm,Pune,2023,239,80,65,15,80.92,85.9,97.8,70
COL1475,B.Pharm,Pune,2024,257,80,70,10,79.08,92.7,100.0,72
COL1476,BSc,Chhatrapati Sambhajinagar,2021,557,170,145,25,66.38,92.5,100.0,146
COL1476,BSc,Chhatrapati Sambhajinagar,2022,566,170,146,24,68.66,89.6,100.0,165
COL1476,BSc,Chhatrapati Sambhajinagar,2023,653,180,165,15,68.02,95.0,100.0,154
COL1476,BSc,Chhatrapati Sambhajinagar,2024,625,180,154,26,67.89,85.7,100.0,177
COL1477,BSc,Washim,2021,328,120,98,22,59.95,87.5,100.0,94
COL1477,BSc,Washim,2022,305,120,94,26,60.77,82.9,95.4,98
COL1477,BSc,Washim,2023,314,130,98,32,57.19,83.0,92.8,88
COL1477,BSc,Washim,2024,294,110,88,22,60.38,75.6,85.6,96
COL1478,Diploma in Civil Engineering,Sangli,2021,175,100,70,30,58.77,75.6,85.7,67
COL1478,Diploma in Civil Engineering,Sangli,2022,173,100,67,33,59.05,70.0,79.1,73
COL1478,Diploma in Civil Engineering,Sangli,2023,198,100,73,27,58.21,70.6,89.5,70
COL1478,Diploma in Civil Engineering,Sangli,2024,199,100,70,30,59.47,78.1,98.8,68
COL1479,B.Arch,Jalgaon,2021,93,30,26,4,85.57,94.5,100.0,24
COL1479,B.Arch,Jalgaon,2022,84,30,24,6,89.97,97.9,100.0,26
COL1479,B.Arch,Jalgaon,2023,99,30,26,4,88.13,90.6,100.0,25
COL1479,B.Arch,Jalgaon,2024,93,30,25,5,85.84,96.0,100.0,25
COL1480,BCom,Dhule,2021,402,160,130,30,58.84,80.3,94.9,129
COL1480,BCom,Dhule,2022,429,160,129,31,57.31,81.0,97.6,149
COL1480,BCom,Dhule,2023,484,180,149,31,57.42,90.0,100.0,158
COL1480,BCom,Dhule,2024,508,190,158,32,58.53,83.1,100.0,118
COL1481,BCom,Solapur,2021,393,120,101,19,70.65,82.6,94.5,107
COL1481,BCom,Solapur,2022,418,120,107,13,67.12,94.6,100.0,111
COL1481,BCom,Solapur,2023,457,130,111,19,68.81,87.0,100.0,95
COL1481,BCom,Solapur,2024,394,110,95,15,69.57,84.7,100.0,143
COL1482,BE Civil Engineering,Thane,2021,287,90,77,13,99.33,90.1,100.0,80
COL1482,BE Civil Engineering,Thane,2022,305,90,80,10,98.45,98.0,100.0,81
COL1482,BE Civil Engineering,Thane,2023,332,90,81,9,96.78,95.2,100.0,94
COL1482,BE Civil Engineering,Thane,2024,393,110,94,16,96.79,90.6,100.0,69
COL1483,BCom,Latur,2021,1901,500,466,34,65.9,91.2,100.0,455
COL1483,BCom,Latur,2022,1857,510,455,55,66.17,86.1,100.0,439
COL1483,BCom,Latur,2023,1948,470,439,31,70.19,92.1,100.0,410
COL1483,BCom,Latur,2024,1767,460,410,50,70.59,94.8,100.0,462
COL1484,BCom,Mumbai City,2021,302,120,94,26,59.65,86.0,100.0,98
COL1484,BCom,Mumbai City,2022,296,120,98,22,57.23,88.1,100.0,90
COL1484,BCom,Mumbai City,2023,292,120,90,30,61.64,80.8,93.2,95
COL1484,BCom,Mumbai City,2024,308,120,95,25,60.83,82.4,100.0,112
COL1485,MBBS,Mumbai Suburban,2021,343,210,149,61,93.71,69.0,79.6,146
COL1485,MBBS,Mumbai Suburban,2022,351,200,146,54,95.3,72.0,90.3,151
COL1485,MBBS,Mumbai Suburban,2023,362,220,151,69,94.42,79.2,94.7,139
COL1485,MBBS,Mumbai Suburban,2024,328,190,139,51,96.99,68.6,81.1,159
COL1486,MBBS,Nagpur,2021,406,210,156,54,95.22,78.5,90.8,161
COL1486,MBBS,Nagpur,2022,423,220,161,59,98.37,77.4,89.0,156
COL1486,MBBS,Nagpur,2023,423,220,156,64,94.18,75.6,89.3,168
COL1486,MBBS,Nagpur,2024,453,240,168,72,97.44,68.9,79.7,172
COL1487,MBBS,Chandrapur,2021,504,130,118,12,99.95,96.2,100.0,114
COL1487,MBBS,Chandrapur,2022,483,130,114,16,99.95,96.6,100.0,132
COL1487,MBBS,Chandrapur,2023,604,140,132,8,99.95,97.6,100.0,121
COL1487,MBBS,Chandrapur,2024,545,130,121,9,99.74,97.7,100.0,124
COL1488,B.Sc Agriculture,Raigad,2021,158,80,56,24,63.51,80.6,90.0,61
COL1488,B.Sc Agriculture,Raigad,2022,176,80,61,19,61.92,81.8,98.3,65
COL1488,B.Sc Agriculture,Raigad,2023,193,90,65,25,66.05,85.1,100.0,57
COL1488,B.Sc Agriculture,Raigad,2024,181,70,57,13,64.84,93.8,100.0,56
COL1489,BCom,Thane,2021,336,180,132,48,51.42,67.8,81.5,135
COL1489,BCom,Thane,2022,329,190,135,55,53.1,73.3,87.8,138
COL1489,BCom,Thane,2023,345,190,138,52,49.95,73.8,93.7,145
COL1489,BCom,Thane,2024,371,190,145,45,52.52,67.5,79.5,148
COL1490,BCom,Mumbai City,2021,1662,550,443,107,68.45,88.0,99.2,478
COL1490,BCom,Mumbai City,2022,1906,540,478,62,68.48,85.5,100.0,498
COL1490,BCom,Mumbai City,2023,2009,580,498,82,67.2,83.7,97.8,523
COL1490,BCom,Mumbai City,2024,2144,570,523,47,66.4,81.0,100.0,598
COL1491,BSc Computer Science,Sindhudurg,2021,367,160,117,43,64.4,87.7,100.0,119
COL1491,BSc Computer Science,Sindhudurg,2022,377,160,119,41,60.6,89.2,100.0,123
COL1491,BSc Computer Science,Sindhudurg,2023,401,160,123,37,62.19,92.2,100.0,116
COL1491,BSc Computer Science,Sindhudurg,2024,384,140,116,24,63.49,88.2,100.0,149
COL1492,BA,Ahmednagar,2021,305,200,142,58,44.86,56.2,67.4,137
COL1492,BA,Ahmednagar,2022,291,200,137,63,42.51,57.3,67.2,142
COL1492,BA,Ahmednagar,2023,342,200,142,58,43.22,58.1,67.1,148
COL1492,BA,Ahmednagar,2024,366,200,148,52,43.19,66.9,82.9,118
COL1493,BE Computer Engineering,Ahmednagar,2021,172,60,49,11,92.86,94.0,100.0,48
COL1493,BE Computer Engineering,Ahmednagar,2022,180,60,48,12,94.6,86.2,100.0,60
COL1493,BE Computer Engineering,Ahmednagar,2023,224,70,60,10,96.63,84.3,99.4,50
COL1493,BE Computer Engineering,Ahmednagar,2024,194,60,50,10,93.89,94.2,100.0,50
COL1494,BE Electronics & Telecommunication,Jalgaon,2021,97,60,39,21,76.02,77.7,91.8,40
COL1494,BE Electronics & Telecommunication,Jalgaon,2022,106,60,40,20,77.25,79.5,96.9,40
COL1494,BE Electronics & Telecommunication,Jalgaon,2023,106,60,40,20,76.49,79.1,89.6,42
COL1494,BE Electronics & Telecommunication,Jalgaon,2024,104,60,42,18,76.24,82.0,95.0,45
COL1495,BCom,Raigad,2021,411,310,206,104,43.77,63.0,80.0,190
COL1495,BCom,Raigad,2022,365,310,190,120,45.34,61.1,73.4,223
COL1495,BCom,Raigad,2023,497,330,223,107,43.01,63.2,76.8,219
COL1495,BCom,Raigad,2024,444,310,219,91,42.89,64.5,73.8,193
COL1496,BCom,Kolhapur,2021,1493,410,365,45,66.46,91.6,100.0,355
COL1496,BCom,Kolhapur,2022,1481,400,355,45,68.17,94.9,100.0,361
COL1496,BCom,Kolhapur,2023,1576,400,361,39,70.62,95.1,100.0,447
COL1496,BCom,Kolhapur,2024,1914,480,447,33,71.13,98.0,100.0,494
COL1497,BA LLB,Pune,2021,144,100,62,38,59.19,72.7,81.2,72
COL1497,BA LLB,Pune,2022,164,100,72,28,61.42,63.0,74.4,72
COL1497,BA LLB,Pune,2023,166,110,72,38,59.39,67.1,80.8,80
COL1497,BA LLB,Pune,2024,192,110,80,30,61.67,62.6,73.6,70
COL1498,BE Electrical Engineering,Nashik,2021,415,170,134,36,90.34,82.4,94.2,145
COL1498,BE Electrical Engineering,Nashik,2022,487,180,145,35,87.74,76.6,92.8,124
COL1498,BE Electrical Engineering,Nashik,2023,410,160,124,36,90.27,82.2,100.0,149
COL1498,BE Electrical Engineering,Nashik,2024,504,180,149,31,91.09,89.7,100.0,153
COL1499,BBA,Buldhana,2021,75,50,34,16,56.65,62.2,81.0,35
COL1499,BBA,Buldhana,2022,78,50,35,15,57.89,62.1,72.7,35
COL1499,BBA,Buldhana,2023,81,50,35,15,56.65,66.3,79.9,36
COL1499,BBA,Buldhana,2024,82,50,36,14,59.9,73.0,88.5,27
COL1500,BE Electronics & Telecommunication,Ahmednagar,2021,125,60,45,15,76.87,78.4,96.2,43
COL1500,BE Electronics & Telecommunication,Ahmednagar,2022,120,60,43,17,79.57,84.3,100.0,46
COL1500,BE Electronics & Telecommunication,Ahmednagar,2023,130,60,46,14,77.86,78.2,87.8,46
COL1500,BE Electronics & Telecommunication,Ahmednagar,2024,125,60,46,14,81.63,84.3,99.3,52
COL1501,B.Arch,Pune,2021,84,30,23,7,89.03,92.8,100.0,25
COL1501,B.Arch,Pune,2022,90,30,25,5,88.49,83.9,100.0,26
COL1501,B.Arch,Pune,2023,97,30,26,4,87.58,88.0,100.0,27
COL1501,B.Arch,Pune,2024,100,30,27,3,86.15,90.0,100.0,27
COL1502,BSc,Satara,2021,411,280,187,93,45.22,62.7,73.4,207
COL1502,BSc,Satara,2022,491,300,207,93,44.09,65.4,83.2,220
COL1502,BSc,Satara,2023,527,310,220,90,47.65,65.3,82.4,215
COL1502,BSc,Satara,2024,497,320,215,105,45.17,73.2,86.2,202
COL1503,BBA,Chhatrapati Sambhajinagar,2021,248,100,74,26,78.29,70.8,83.8,76
COL1503,BBA,Chhatrapati Sambhajinagar,2022,243,100,76,24,77.21,73.9,90.0,76
COL1503,BBA,Chhatrapati Sambhajinagar,2023,260,100,76,24,77.66,84.6,95.1,85
COL1503,BBA,Chhatrapati Sambhajinagar,2024,294,110,85,25,80.2,71.1,81.9,76
COL1504,BE Computer Engineering,Nashik,2021,126,70,50,20,75.65,63.2,70.9,46
COL1504,BE Computer Engineering,Nashik,2022,113,70,46,24,75.46,68.8,85.1,48
COL1504,BE Computer Engineering,Nashik,2023,114,70,48,22,74.19,73.5,85.7,52
COL1504,BE Computer Engineering,Nashik,2024,123,70,52,18,77.53,77.3,92.5,48
COL1505,BSc Mathematics,Thane,2021,346,200,133,67,54.55,79.8,97.3,156
COL1505,BSc Mathematics,Thane,2022,387,210,156,54,53.8,76.8,90.3,137
COL1505,BSc Mathematics,Thane,2023,346,200,137,63,53.85,85.8,100.0,151
COL1505,BSc Mathematics,Thane,2024,387,210,151,59,56.15,88.2,100.0,164
COL1506,Diploma in Mechanical Engineering,Nanded,2021,133,50,40,10,70.54,88.9,99.9,42
COL1506,Diploma in Mechanical Engineering,Nanded,2022,152,50,42,8,69.21,82.5,100.0,44
COL1506,Diploma in Mechanical Engineering,Nanded,2023,163,50,44,6,69.84,87.5,100.0,41
COL1506,Diploma in Mechanical Engineering,Nanded,2024,145,50,41,9,70.68,78.9,96.7,54
COL1507,LLB,Beed,2021,144,80,57,23,63.78,71.1,90.2,53
COL1507,LLB,Beed,2022,136,80,53,27,65.79,72.8,87.5,63
COL1507,LLB,Beed,2023,169,90,63,27,65.63,63.5,73.3,58
COL1507,LLB,Beed,2024,156,80,58,22,67.85,70.0,82.0,59
COL1508,BBA,Sangli,2021,122,50,37,13,78.24,89.4,100.0,37
COL1508,BBA,Sangli,2022,123,50,37,13,77.23,84.4,99.9,41
COL1508,BBA,Sangli,2023,136,50,41,9,78.77,85.3,98.7,32
COL1508,BBA,Sangli,2024,112,40,32,8,77.57,84.3,98.0,49
COL1509,BE Computer Engineering,Akola,2021,168,50,44,6,97.25,89.2,100.0,44
COL1509,BE Computer Engineering,Akola,2022,170,50,44,6,94.91,94.6,100.0,44
COL1509,BE Computer Engineering,Akola,2023,175,50,44,6,97.09,90.2,100.0,42
COL1509,BE Computer Engineering,Akola,2024,167,50,42,8,98.06,98.0,100.0,44
COL1510,BSc Physics,Thane,2021,203,230,132,98,39.92,58.0,68.2,156
COL1510,BSc Physics,Thane,2022,277,240,156,84,42.66,48.3,60.0,152
COL1510,BSc Physics,Thane,2023,244,260,152,108,42.07,46.8,60.0,170
COL1510,BSc Physics,Thane,2024,308,270,170,100,39.96,52.8,60.0,137
COL1511,BSc Computer Science,Ahmednagar,2021,253,80,67,13,70.98,94.4,100.0,67
COL1511,BSc Computer Science,Ahmednagar,2022,253,80,67,13,71.54,96.6,100.0,69
COL1511,BSc Computer Science,Ahmednagar,2023,276,80,69,11,73.85,90.9,100.0,71
COL1511,BSc Computer Science,Ahmednagar,2024,294,80,71,9,74.06,97.6,100.0,74
COL1512,BSc,Jalgaon,2021,543,230,177,53,56.54,78.1,88.3,194
COL1512,BSc,Jalgaon,2022,594,240,194,46,55.24,78.0,91.0,179
COL1512,BSc,Jalgaon,2023,589,230,179,51,58.06,75.1,89.0,152
COL1512,BSc,Jalgaon,2024,472,200,152,48,59.0,80.0,99.3,205
COL1513,BSc,Thane,2021,440,130,113,17,68.62,89.1,99.9,105
COL1513,BSc,Thane,2022,400,130,105,25,65.4,97.9,100.0,116
COL1513,BSc,Thane,2023,453,140,116,24,66.87,98.0,100.0,129
COL1513,BSc,Thane,2024,502,140,129,11,65.62,91.7,100.0,132
COL1514,BSc,Dharashiv,2021,335,200,132,68,46.36,60.3,69.2,139
COL1514,BSc,Dharashiv,2022,360,210,139,71,47.88,63.3,77.5,136
COL1514,BSc,Dharashiv,2023,342,200,136,64,50.16,62.8,82.0,153
COL1514,BSc,Dharashiv,2024,374,200,153,47,48.82,59.3,72.6,151
COL1515,B.Sc Nursing,Jalna,2021,113,50,37,13,67.33,84.8,100.0,37
COL1515,B.Sc Nursing,Jalna,2022,118,50,37,13,67.73,86.1,100.0,38
COL1515,B.Sc Nursing,Jalna,2023,128,50,38,12,67.26,79.7,90.2,42
COL1515,B.Sc Nursing,Jalna,2024,143,50,42,8,67.53,81.8,98.5,52
COL1516,B.Pharm,Thane,2021,145,50,40,10,82.35,98.0,100.0,41
COL1516,B.Pharm,Thane,2022,150,50,41,9,80.14,94.7,100.0,41
COL1516,B.Pharm,Thane,2023,159,50,41,9,82.97,98.0,100.0,44
COL1516,B.Pharm,Thane,2024,175,50,44,6,80.46,94.1,100.0,54
COL1517,MBBS,Thane,2021,410,170,127,43,97.76,84.6,98.7,130
COL1517,MBBS,Thane,2022,424,170,130,40,97.78,85.3,99.4,135
COL1517,MBBS,Thane,2023,446,170,135,35,96.36,92.8,100.0,136
COL1517,MBBS,Thane,2024,470,160,136,24,97.8,85.5,100.0,160
COL1518,BA Economics,Satara,2021,216,110,79,31,47.67,75.9,95.6,79
COL1518,BA Economics,Satara,2022,221,110,79,31,47.48,80.8,99.5,85
COL1518,BA Economics,Satara,2023,264,110,85,25,48.94,86.2,98.8,86
COL1518,BA Economics,Satara,2024,248,110,86,24,50.15,78.9,89.3,81
COL1519,B.Sc Nursing,Nanded,2021,95,50,37,13,58.7,64.7,82.8,37
COL1519,B.Sc Nursing,Nanded,2022,97,50,37,13,57.53,78.9,89.6,36
COL1519,B.Sc Nursing,Nanded,2023,102,50,36,14,60.42,74.6,94.1,36
COL1519,B.Sc Nursing,Nanded,2024,98,50,36,14,58.46,67.7,82.1,44
COL1520,Diploma in Mechanical Engineering,Raigad,2021,367,80,76,4,78.03,98.0,100.0,75
COL1520,Diploma in Mechanical Engineering,Raigad,2022,363,80,75,5,77.81,96.2,100.0,90
COL1520,Diploma in Mechanical Engineering,Raigad,2023,448,90,90,0,76.14,98.0,100.0,87
COL1520,Diploma in Mechanical Engineering,Raigad,2024,458,90,87,3,77.6,92.9,100.0,90
COL1521,LLB,Jalgaon,2021,107,50,37,13,72.35,76.4,89.0,40
COL1521,LLB,Jalgaon,2022,122,50,40,10,72.02,81.7,97.5,37
COL1521,LLB,Jalgaon,2023,107,50,37,13,73.32,78.6,93.4,36
COL1521,LLB,Jalgaon,2024,113,50,36,14,72.75,80.7,93.5,45
COL1522,BSc Computer Science,Chhatrapati Sambhajinagar,2021,398,200,149,51,57.38,85.0,94.3,145
COL1522,BSc Computer Science,Chhatrapati Sambhajinagar,2022,431,200,145,55,58.48,87.3,98.6,140
COL1522,BSc Computer Science,Chhatrapati Sambhajinagar,2023,395,190,140,50,57.57,88.2,99.0,153
COL1522,BSc Computer Science,Chhatrapati Sambhajinagar,2024,473,200,153,47,56.34,87.1,100.0,139
COL1523,BA,Kolhapur,2021,619,180,153,27,69.4,93.5,100.0,165
COL1523,BA,Kolhapur,2022,672,180,165,15,69.0,96.7,100.0,156
COL1523,BA,Kolhapur,2023,674,170,156,14,70.67,98.0,100.0,194
COL1523,BA,Kolhapur,2024,870,200,194,6,68.69,95.5,100.0,165
COL1524,B.Sc Nursing,Pune,2021,276,80,69,11,77.39,88.3,100.0,69
COL1524,B.Sc Nursing,Pune,2022,277,80,69,11,73.29,87.5,100.0,77
COL1524,B.Sc Nursing,Pune,2023,313,90,77,13,77.54,88.5,100.0,72
COL1524,B.Sc Nursing,Pune,2024,302,80,72,8,74.61,90.7,100.0,66
COL1525,B.Ed,Chhatrapati Sambhajinagar,2021,119,80,54,26,55.73,67.0,83.9,52
COL1525,B.Ed,Chhatrapati Sambhajinagar,2022,116,80,52,28,55.33,66.8,76.7,63
COL1525,B.Ed,Chhatrapati Sambhajinagar,2023,146,90,63,27,59.04,62.1,70.9,60
COL1525,B.Ed,Chhatrapati Sambhajinagar,2024,149,90,60,30,57.13,70.8,86.4,60
COL1526,BSc Computer Science,Sangli,2021,381,110,96,14,70.85,94.0,100.0,99
COL1526,BSc Computer Science,Sangli,2022,400,110,99,11,72.08,93.2,100.0,106
COL1526,BSc Computer Science,Sangli,2023,427,120,106,14,72.57,96.4,100.0,99
COL1526,BSc Computer Science,Sangli,2024,424,110,99,11,73.76,98.0,100.0,103
COL1527,BA,Latur,2021,552,210,169,41,58.57,79.3,95.4,171
COL1527,BA,Latur,2022,525,210,171,39,59.09,88.2,100.0,174
COL1527,BA,Latur,2023,578,230,174,56,56.67,78.7,88.8,196
COL1527,BA,Latur,2024,641,240,196,44,56.84,83.6,98.2,170
COL1528,B.Ed,Mumbai Suburban,2021,122,40,34,6,76.74,84.4,100.0,35
COL1528,B.Ed,Mumbai Suburban,2022,123,40,35,5,77.4,84.3,100.0,34
COL1528,B.Ed,Mumbai Suburban,2023,123,40,34,6,75.79,84.9,96.5,35
COL1528,B.Ed,Mumbai Suburban,2024,131,40,35,5,74.34,83.8,94.8,36
COL1529,MBBS,Mumbai City,2021,128,170,91,79,95.14,61.5,77.4,89
COL1529,MBBS,Mumbai City,2022,129,160,89,71,93.89,60.9,79.7,121
COL1529,MBBS,Mumbai City,2023,171,190,121,69,91.71,62.2,78.0,110
COL1529,MBBS,Mumbai City,2024,163,180,110,70,92.35,65.4,79.0,111
COL1530,MBBS,Pune,2021,474,220,160,60,94.62,78.4,90.5,172
COL1530,MBBS,Pune,2022,491,220,172,48,94.84,78.9,88.7,161
COL1530,MBBS,Pune,2023,461,200,161,39,95.73,85.1,97.0,146
COL1530,MBBS,Pune,2024,446,200,146,54,95.51,84.7,100.0,157
COL1531,BE Computer Engineering,Latur,2021,170,50,44,6,97.93,93.3,100.0,43
COL1531,BE Computer Engineering,Latur,2022,164,50,43,7,97.88,91.4,100.0,44
COL1531,BE Computer Engineering,Latur,2023,179,50,44,6,99.31,91.4,100.0,46
COL1531,BE Computer Engineering,Latur,2024,189,50,46,4,99.94,98.0,100.0,56
COL1532,BCom,Akola,2021,477,410,267,143,39.37,57.4,67.5,258
COL1532,BCom,Akola,2022,453,430,258,172,40.36,55.5,74.1,294
COL1532,BCom,Akola,2023,558,450,294,156,39.23,60.1,75.0,309
COL1532,BCom,Akola,2024,597,450,309,141,40.1,54.7,70.1,256
COL1533,BSc,Nashik,2021,1014,410,313,97,56.32,85.5,100.0,313
COL1533,BSc,Nashik,2022,1075,410,313,97,58.84,82.0,95.6,339
COL1533,BSc,Nashik,2023,1106,410,339,71,60.04,79.9,96.2,322
COL1533,BSc,Nashik,2024,1128,400,322,78,60.54,78.0,97.4,375
COL1534,BCom,Akola,2021,791,230,206,24,71.2,85.9,96.8,197
COL1534,BCom,Akola,2022,766,230,197,33,69.96,89.5,100.0,221
COL1534,BCom,Akola,2023,884,250,221,29,70.55,89.6,100.0,229
COL1534,BCom,Akola,2024,926,260,229,31,71.32,86.0,100.0,179
COL1535,BCom,Yavatmal,2021,795,200,184,16,72.08,83.0,94.2,184
COL1535,BCom,Yavatmal,2022,793,210,184,26,70.38,83.8,97.1,180
COL1535,BCom,Yavatmal,2023,830,200,180,20,72.77,83.3,93.3,164
COL1535,BCom,Yavatmal,2024,762,180,164,16,69.78,86.1,100.0,184
COL1536,BA LLB,Raigad,2021,196,80,62,18,75.63,78.2,98.1,67
COL1536,BA LLB,Raigad,2022,227,80,67,13,77.29,77.5,89.1,68
COL1536,BA LLB,Raigad,2023,218,80,68,12,77.72,76.3,87.0,73
COL1536,BA LLB,Raigad,2024,253,90,73,17,79.48,75.2,94.1,58
COL1537,D.Pharm,Satara,2021,168,80,58,22,68.56,89.7,100.0,57
COL1537,D.Pharm,Satara,2022,171,80,57,23,68.93,78.9,95.3,54
COL1537,D.Pharm,Satara,2023,155,70,54,16,68.47,82.9,95.4,66
COL1537,D.Pharm,Satara,2024,201,90,66,24,68.41,84.3,100.0,65
COL1538,MBBS,Mumbai Suburban,2021,403,130,108,22,99.95,78.7,94.1,116
COL1538,MBBS,Mumbai Suburban,2022,462,130,116,14,97.86,84.8,95.1,123
COL1538,MBBS,Mumbai Suburban,2023,487,140,123,17,98.35,77.3,91.5,102
COL1538,MBBS,Mumbai Suburban,2024,416,120,102,18,99.95,85.4,95.1,124
COL1539,BSc Mathematics,Latur,2021,642,210,174,36,66.52,93.9,100.0,174
COL1539,BSc Mathematics,Latur,2022,668,220,174,46,67.48,91.2,100.0,194
COL1539,BSc Mathematics,Latur,2023,743,230,194,36,69.48,88.0,98.5,200
COL1539,BSc Mathematics,Latur,2024,747,220,200,20,69.02,93.4,100.0,155
COL1540,BA English,Sangli,2021,262,100,81,19,54.97,84.6,100.0,83
COL1540,BA English,Sangli,2022,266,100,83,17,54.45,85.7,99.1,81
COL1540,BA English,Sangli,2023,269,100,81,19,52.35,90.9,100.0,73
COL1540,BA English,Sangli,2024,253,90,73,17,54.83,85.8,100.0,81
COL1541,BCom,Yavatmal,2021,1001,460,344,116,55.07,72.4,85.3,330
COL1541,BCom,Yavatmal,2022,966,450,330,120,55.27,77.6,88.8,309
COL1541,BCom,Yavatmal,2023,921,430,309,121,54.36,80.4,92.1,340
COL1541,BCom,Yavatmal,2024,1047,440,340,100,52.57,78.7,92.6,290
COL1542,BSc,Amravati,2021,289,150,109,41,53.02,72.2,82.1,103
COL1542,BSc,Amravati,2022,285,150,103,47,50.79,69.4,82.5,98
COL1542,BSc,Amravati,2023,284,140,98,42,53.21,73.6,86.1,101
COL1542,BSc,Amravati,2024,294,140,101,39,52.66,73.8,93.6,97
COL1543,B.Pharm,Nandurbar,2021,90,50,35,15,69.11,73.3,89.4,38
COL1543,B.Pharm,Nandurbar,2022,107,50,38,12,68.3,71.8,81.2,35
COL1543,B.Pharm,Nandurbar,2023,96,50,35,15,69.64,71.2,85.5,36
COL1543,B.Pharm,Nandurbar,2024,99,50,36,14,68.29,75.0,86.0,40
COL1544,BSc,Thane,2021,764,210,191,19,68.99,98.0,100.0,184
COL1544,BSc,Thane,2022,758,210,184,26,67.88,95.6,100.0,192
COL1544,BSc,Thane,2023,790,210,192,18,67.63,97.8,100.0,185
COL1544,BSc,Thane,2024,805,200,185,15,70.49,96.9,100.0,200
COL1545,BSc,Dharashiv,2021,838,280,236,44,60.53,90.0,100.0,219
COL1545,BSc,Dharashiv,2022,780,280,219,61,59.4,82.5,94.4,217
COL1545,BSc,Dharashiv,2023,774,270,217,53,62.17,91.1,100.0,216
COL1545,BSc,Dharashiv,2024,765,270,216,54,62.47,88.0,100.0,207
COL1546,BSc,Buldhana,2021,454,210,163,47,53.19,78.1,91.3,158
COL1546,BSc,Buldhana,2022,452,210,158,52,55.18,78.5,97.9,157
COL1546,BSc,Buldhana,2023,453,220,157,63,53.41,77.5,96.9,156
COL1546,BSc,Buldhana,2024,493,210,156,54,55.85,77.7,90.8,181
COL1547,B.Pharm,Jalgaon,2021,128,50,40,10,76.97,85.6,99.8,38
COL1547,B.Pharm,Jalgaon,2022,128,50,38,12,74.19,89.7,100.0,39
COL1547,B.Pharm,Jalgaon,2023,134,50,39,11,74.44,87.6,100.0,39
COL1547,B.Pharm,Jalgaon,2024,130,50,39,11,74.05,89.8,100.0,34
COL1548,BCom,Chhatrapati Sambhajinagar,2021,307,100,85,15,63.98,83.7,93.9,86
COL1548,BCom,Chhatrapati Sambhajinagar,2022,300,100,86,14,61.34,84.3,97.8,81
COL1548,BCom,Chhatrapati Sambhajinagar,2023,300,100,81,19,66.21,78.6,96.9,83
COL1548,BCom,Chhatrapati Sambhajinagar,2024,318,100,83,17,62.99,79.5,92.9,100
COL1549,BE Civil Engineering,Wardha,2021,134,60,44,16,88.83,90.1,100.0,49
COL1549,BE Civil Engineering,Wardha,2022,150,60,49,11,88.72,84.2,93.8,45
COL1549,BE Civil Engineering,Wardha,2023,152,60,45,15,88.43,89.1,100.0,46
COL1549,BE Civil Engineering,Wardha,2024,157,60,46,14,86.35,85.1,100.0,54
COL1550,B.Pharm,Mumbai Suburban,2021,151,50,42,8,76.37,97.1,100.0,39
COL1550,B.Pharm,Mumbai Suburban,2022,133,50,39,11,78.95,85.6,100.0,39
COL1550,B.Pharm,Mumbai Suburban,2023,135,50,39,11,80.47,91.0,100.0,50
COL1550,B.Pharm,Mumbai Suburban,2024,187,60,50,10,78.98,96.8,100.0,42
COL1551,MBA,Pune,2021,316,100,85,15,86.84,82.3,92.2,86
COL1551,MBA,Pune,2022,327,100,86,14,85.6,85.7,100.0,99
COL1551,MBA,Pune,2023,394,110,99,11,89.45,85.8,100.0,87
COL1551,MBA,Pune,2024,330,100,87,13,89.61,85.4,97.7,97
COL1552,Diploma in Civil Engineering,Kolhapur,2021,123,50,37,13,66.46,70.6,81.2,37
COL1552,Diploma in Civil Engineering,Kolhapur,2022,120,50,37,13,69.18,77.3,96.4,41
COL1552,Diploma in Civil Engineering,Kolhapur,2023,143,50,41,9,67.07,71.3,82.1,50
COL1552,Diploma in Civil Engineering,Kolhapur,2024,176,60,50,10,69.28,76.8,90.3,50
COL1553,BE Computer Engineering,Dhule,2021,94,80,50,30,71.4,61.1,68.2,49
COL1553,BE Computer Engineering,Dhule,2022,95,80,49,31,69.47,67.0,75.3,56
COL1553,BE Computer Engineering,Dhule,2023,112,80,56,24,71.45,59.4,76.9,60
COL1553,BE Computer Engineering,Dhule,2024,128,90,60,30,68.98,65.2,80.1,64
COL1554,BSc,Chhatrapati Sambhajinagar,2021,447,170,136,34,59.67,81.8,91.3,119
COL1554,BSc,Chhatrapati Sambhajinagar,2022,374,160,119,41,55.64,84.7,97.3,138
COL1554,BSc,Chhatrapati Sambhajinagar,2023,468,180,138,42,56.1,82.4,92.6,144
COL1554,BSc,Chhatrapati Sambhajinagar,2024,467,180,144,36,58.96,77.2,87.2,164
COL1555,BA LLB,Nagpur,2021,123,80,50,30,62.14,63.3,82.1,57
COL1555,BA LLB,Nagpur,2022,143,80,57,23,60.14,61.8,80.6,58
COL1555,BA LLB,Nagpur,2023,137,80,58,22,63.25,70.8,82.9,57
COL1555,BA LLB,Nagpur,2024,133,80,57,23,63.18,61.8,80.3,71
COL1556,MBBS,Nagpur,2021,765,210,179,31,99.95,96.0,100.0,198
COL1556,MBBS,Nagpur,2022,829,210,198,12,99.95,98.0,100.0,192
COL1556,MBBS,Nagpur,2023,843,210,192,18,99.19,98.0,100.0,172
COL1556,MBBS,Nagpur,2024,747,190,172,18,99.93,92.2,100.0,183
COL1557,BBA,Jalna,2021,65,50,31,19,56.14,49.7,67.2,31
COL1557,BBA,Jalna,2022,65,50,31,19,56.45,53.2,69.8,32
COL1557,BBA,Jalna,2023,69,50,32,18,53.54,63.1,71.1,32
COL1557,BBA,Jalna,2024,68,50,32,18,58.2,56.1,66.8,34
COL1558,BA Economics,Thane,2021,290,100,84,16,56.39,89.6,100.0,82
COL1558,BA Economics,Thane,2022,307,100,82,18,56.95,90.0,100.0,80
COL1558,BA Economics,Thane,2023,299,100,80,20,59.6,90.3,100.0,75
COL1558,BA Economics,Thane,2024,288,90,75,15,58.21,89.3,100.0,77
COL1559,B.Tech Agricultural Engineering,Pune,2021,281,80,71,9,75.98,95.1,100.0,68
COL1559,B.Tech Agricultural Engineering,Pune,2022,272,80,68,12,78.23,96.6,100.0,67
COL1559,B.Tech Agricultural Engineering,Pune,2023,274,80,67,13,80.95,98.0,100.0,72
COL1559,B.Tech Agricultural Engineering,Pune,2024,294,80,72,8,76.74,87.6,100.0,71
COL1560,B.Ed,Palghar,2021,139,40,36,4,79.43,81.5,91.2,35
COL1560,B.Ed,Palghar,2022,141,40,35,5,79.96,81.0,96.5,33
COL1560,B.Ed,Palghar,2023,133,40,33,7,79.09,83.9,93.5,35
COL1560,B.Ed,Palghar,2024,149,40,35,5,83.13,81.1,100.0,45
COL1561,B.Sc Nursing,Nashik,2021,163,50,43,7,73.03,89.4,100.0,44
COL1561,B.Sc Nursing,Nashik,2022,162,50,44,6,69.88,84.9,96.0,42
COL1561,B.Sc Nursing,Nashik,2023,154,50,42,8,74.07,89.2,100.0,43
COL1561,B.Sc Nursing,Nashik,2024,163,50,43,7,73.98,90.6,100.0,34
COL1562,GNM,Jalgaon,2021,268,80,68,12,71.27,86.9,100.0,70
COL1562,GNM,Jalgaon,2022,277,80,70,10,73.83,88.3,100.0,83
COL1562,GNM,Jalgaon,2023,337,90,83,7,71.82,88.7,100.0,83
COL1562,GNM,Jalgaon,2024,326,90,83,7,73.2,87.9,100.0,66
COL1563,BE Electrical Engineering,Beed,2021,179,80,60,20,82.34,77.8,90.1,63
COL1563,BE Electrical Engineering,Beed,2022,186,80,63,17,85.06,83.5,96.0,64
COL1563,BE Electrical Engineering,Beed,2023,202,80,64,16,86.92,77.9,90.7,69
COL1563,BE Electrical Engineering,Beed,2024,216,90,69,21,82.93,75.4,90.3,61
COL1564,BE Computer Engineering,Sindhudurg,2021,582,140,127,13,99.95,98.0,100.0,128
COL1564,BE Computer Engineering,Sindhudurg,2022,585,140,128,12,99.87,97.4,100.0,130
COL1564,BE Computer Engineering,Sindhudurg,2023,618,140,130,10,99.56,93.8,100.0,129
COL1564,BE Computer Engineering,Sindhudurg,2024,623,130,129,1,99.95,98.0,100.0,119
COL1565,B.Pharm,Thane,2021,82,50,32,18,65.99,82.4,98.1,33
COL1565,B.Pharm,Thane,2022,85,50,33,17,64.61,82.9,94.9,38
COL1565,B.Pharm,Thane,2023,99,50,38,12,61.82,79.4,94.6,34
COL1565,B.Pharm,Thane,2024,85,50,34,16,63.02,77.7,91.6,31
COL1566,BA,Jalgaon,2021,1105,450,345,105,58.75,85.2,97.1,381
COL1566,BA,Jalgaon,2022,1245,460,381,79,59.05,86.7,100.0,388
COL1566,BA,Jalgaon,2023,1281,480,388,92,58.52,83.1,100.0,330
COL1566,BA,Jalgaon,2024,1087,410,330,80,57.84,85.5,100.0,455
COL1567,BCom,Akola,2021,1009,310,261,49,66.92,92.2,100.0,264
COL1567,BCom,Akola,2022,1030,320,264,56,65.78,90.1,100.0,309
COL1567,BCom,Akola,2023,1215,340,309,31,65.75,93.7,100.0,308
COL1567,BCom,Akola,2024,1229,360,308,52,68.17,85.7,98.1,259
COL1568,B.Pharm,Yavatmal,2021,85,50,35,15,62.3,69.8,80.4,37
COL1568,B.Pharm,Yavatmal,2022,94,50,37,13,63.47,73.7,92.8,34
COL1568,B.Pharm,Yavatmal,2023,85,50,34,16,67.11,64.7,82.7,38
COL1568,B.Pharm,Yavatmal,2024,104,50,38,12,64.63,70.7,83.4,39
COL1569,B.Ed,Jalna,2021,311,80,72,8,79.29,87.8,100.0,76
COL1569,B.Ed,Jalna,2022,320,80,76,4,78.98,87.5,100.0,71
COL1569,B.Ed,Jalna,2023,324,80,71,9,78.31,87.0,100.0,77
COL1569,B.Ed,Jalna,2024,353,80,77,3,81.1,97.0,100.0,84
COL1570,BA Economics,Sindhudurg,2021,262,100,80,20,53.06,87.2,99.9,77
COL1570,BA Economics,Sindhudurg,2022,252,100,77,23,54.72,84.0,99.0,70
COL1570,BA Economics,Sindhudurg,2023,241,90,70,20,55.74,84.6,96.5,79
COL1570,BA Economics,Sindhudurg,2024,276,100,79,21,56.59,87.1,98.6,79
COL1571,BE Electronics & Telecommunication,Wardha,2021,248,80,69,11,93.9,89.3,100.0,69
COL1571,BE Electronics & Telecommunication,Wardha,2022,258,80,69,11,91.77,89.6,100.0,69
COL1571,BE Electronics & Telecommunication,Wardha,2023,257,80,69,11,92.64,91.8,100.0,60
COL1571,BE Electronics & Telecommunication,Wardha,2024,230,70,60,10,94.03,94.0,100.0,79
COL1572,Diploma in Computer Engineering,Mumbai Suburban,2021,242,80,67,13,73.01,89.8,100.0,69
COL1572,Diploma in Computer Engineering,Mumbai Suburban,2022,239,80,69,11,71.76,88.4,100.0,66
COL1572,Diploma in Computer Engineering,Mumbai Suburban,2023,231,80,66,14,72.78,88.7,100.0,59
COL1572,Diploma in Computer Engineering,Mumbai Suburban,2024,212,70,59,11,73.66,87.3,100.0,69
COL1573,B.Ed,Thane,2021,48,40,24,16,53.09,52.2,61.9,26
COL1573,B.Ed,Thane,2022,51,40,26,14,49.93,57.0,73.0,26
COL1573,B.Ed,Thane,2023,56,40,26,14,50.21,59.0,68.8,28
COL1573,B.Ed,Thane,2024,56,40,28,12,52.68,57.8,74.5,26
COL1574,BSc,Sindhudurg,2021,1391,430,355,75,67.03,88.7,100.0,386
COL1574,BSc,Sindhudurg,2022,1529,450,386,64,69.76,80.5,90.7,424
COL1574,BSc,Sindhudurg,2023,1827,450,424,26,67.43,86.3,100.0,394
COL1574,BSc,Sindhudurg,2024,1690,420,394,26,67.66,86.7,100.0,398
COL1575,BE Computer Engineering,Thane,2021,520,140,127,13,99.95,96.7,100.0,118
COL1575,BE Computer Engineering,Thane,2022,491,130,118,12,98.2,98.0,100.0,128
COL1575,BE Computer Engineering,Thane,2023,524,140,128,12,98.95,96.4,100.0,133
COL1575,BE Computer Engineering,Thane,2024,563,150,133,17,98.74,95.9,100.0,158
COL1576,BA,Chandrapur,2021,657,210,179,31,63.9,88.6,100.0,181
COL1576,BA,Chandrapur,2022,666,210,181,29,62.67,83.8,100.0,170
COL1576,BA,Chandrapur,2023,639,210,170,40,64.21,88.3,100.0,187
COL1576,BA,Chandrapur,2024,726,210,187,23,64.96,89.0,100.0,186
COL1577,Diploma in Civil Engineering,Mumbai Suburban,2021,87,50,34,16,56.44,73.5,85.0,34
COL1577,Diploma in Civil Engineering,Mumbai Suburban,2022,86,50,34,16,58.8,65.2,79.5,37
COL1577,Diploma in Civil Engineering,Mumbai Suburban,2023,98,50,37,13,58.24,64.6,82.4,37
COL1577,Diploma in Civil Engineering,Mumbai Suburban,2024,105,50,37,13,59.18,70.4,88.3,37
COL1578,BCom,Pune,2021,654,280,203,77,56.94,79.4,94.7,239
COL1578,BCom,Pune,2022,765,300,239,61,59.31,79.3,97.6,206
COL1578,BCom,Pune,2023,686,270,206,64,56.7,80.1,100.0,247
COL1578,BCom,Pune,2024,778,310,247,63,57.68,77.3,88.8,219
COL1579,BCom,Pune,2021,1300,550,420,130,55.08,78.2,93.5,435
COL1579,BCom,Pune,2022,1348,560,435,125,57.24,82.1,98.8,449
COL1579,BCom,Pune,2023,1430,580,449,131,55.68,74.1,87.5,417
COL1579,BCom,Pune,2024,1401,490,417,73,59.83,82.3,92.9,505
COL1580,GNM,Nanded,2021,186,80,58,22,64.05,88.0,100.0,65
COL1580,GNM,Nanded,2022,208,80,65,15,66.54,78.2,99.3,76
COL1580,GNM,Nanded,2023,248,90,76,14,68.87,86.8,100.0,63
COL1580,GNM,Nanded,2024,221,80,63,17,65.17,73.3,91.8,72
COL1581,LLB,Nashik,2021,93,50,37,13,65.84,67.9,87.3,37
COL1581,LLB,Nashik,2022,96,50,37,13,65.59,69.3,83.0,34
COL1581,LLB,Nashik,2023,89,50,34,16,64.68,73.2,91.9,31
COL1581,LLB,Nashik,2024,82,40,31,9,66.09,71.9,81.9,43
COL1582,MBA,Amravati,2021,87,50,33,17,64.1,72.8,91.0,36
COL1582,MBA,Amravati,2022,96,50,36,14,67.23,61.3,79.1,38
COL1582,MBA,Amravati,2023,100,50,38,12,65.72,71.1,90.8,39
COL1582,MBA,Amravati,2024,108,50,39,11,69.22,68.8,88.1,39
COL1583,Diploma in Computer Engineering,Gadchiroli,2021,132,100,61,39,52.26,57.7,76.7,70
COL1583,Diploma in Computer Engineering,Gadchiroli,2022,159,100,70,30,51.21,60.3,78.8,79
COL1583,Diploma in Computer Engineering,Gadchiroli,2023,165,110,79,31,52.88,54.2,64.0,58
COL1583,Diploma in Computer Engineering,Gadchiroli,2024,135,90,58,32,51.31,58.5,66.1,72
COL1584,BE Computer Engineering,Ahmednagar,2021,622,180,160,20,98.23,92.4,100.0,164
COL1584,BE Computer Engineering,Ahmednagar,2022,627,180,164,16,99.95,97.8,100.0,155
COL1584,BE Computer Engineering,Ahmednagar,2023,636,170,155,15,99.95,92.7,100.0,185
COL1584,BE Computer Engineering,Ahmednagar,2024,729,200,185,15,99.95,95.7,100.0,173
COL1585,LLB,Ratnagiri,2021,181,100,71,29,64.28,75.8,89.8,68
COL1585,LLB,Ratnagiri,2022,172,100,68,32,67.51,71.6,85.6,75
COL1585,LLB,Ratnagiri,2023,190,100,75,25,66.57,76.4,85.8,68
COL1585,LLB,Ratnagiri,2024,192,100,68,32,67.93,78.1,87.6,75
COL1586,B.Ed,Thane,2021,224,80,66,14,73.24,87.2,100.0,67
COL1586,B.Ed,Thane,2022,223,80,67,13,74.49,85.2,100.0,68
COL1586,B.Ed,Thane,2023,247,80,68,12,73.57,90.4,100.0,59
COL1586,B.Ed,Thane,2024,216,70,59,11,72.47,88.8,100.0,69
COL1587,MBA,Nagpur,2021,151,50,43,7,82.87,88.5,100.0,43
COL1587,MBA,Nagpur,2022,157,50,43,7,84.3,90.6,100.0,41
COL1587,MBA,Nagpur,2023,144,50,41,9,82.29,86.9,96.9,41
COL1587,MBA,Nagpur,2024,150,50,41,9,81.5,90.3,100.0,41
COL1588,BCom,Mumbai Suburban,2021,155,150,87,63,43.71,73.6,88.9,95
COL1588,BCom,Mumbai Suburban,2022,166,150,95,55,42.27,65.3,82.5,82
COL1588,BCom,Mumbai Suburban,2023,162,140,82,58,41.77,66.6,79.7,89
COL1588,BCom,Mumbai Suburban,2024,187,150,89,61,41.82,75.1,90.3,107
COL1589,B.Pharm,Hingoli,2021,103,80,48,32,58.77,65.8,78.4,52
COL1589,B.Pharm,Hingoli,2022,112,80,52,28,60.1,64.0,71.7,52
COL1589,B.Pharm,Hingoli,2023,114,80,52,28,59.75,70.0,80.7,55
COL1589,B.Pharm,Hingoli,2024,126,80,55,25,56.92,65.1,80.3,59
COL1590,BCom,Nashik,2021,310,120,96,24,57.59,82.0,92.2,92
COL1590,BCom,Nashik,2022,293,120,92,28,57.93,81.0,100.0,96
COL1590,BCom,Nashik,2023,324,130,96,34,55.23,81.3,97.2,93
COL1590,BCom,Nashik,2024,301,110,93,17,55.59,74.2,92.0,92
COL1591,BCom,Gadchiroli,2021,827,470,338,132,49.82,64.9,75.3,359
COL1591,BCom,Gadchiroli,2022,978,500,359,141,47.65,58.0,66.9,326
COL1591,BCom,Gadchiroli,2023,849,470,326,144,51.42,67.0,77.2,323
COL1591,BCom,Gadchiroli,2024,869,450,323,127,50.89,65.7,81.8,358
COL1592,B.Ed,Satara,2021,297,80,71,9,79.63,95.9,100.0,71
COL1592,B.Ed,Satara,2022,295,80,71,9,81.95,96.6,100.0,70
COL1592,B.Ed,Satara,2023,301,80,70,10,79.94,93.2,100.0,84
COL1592,B.Ed,Satara,2024,361,90,84,6,81.94,90.3,100.0,79
COL1593,BCom,Ratnagiri,2021,1021,320,271,49,68.6,88.0,100.0,283
COL1593,BCom,Ratnagiri,2022,1075,330,283,47,67.39,95.3,100.0,269
COL1593,BCom,Ratnagiri,2023,1009,300,269,31,66.4,96.8,100.0,283
COL1593,BCom,Ratnagiri,2024,1074,340,283,57,66.63,98.0,100.0,322
COL1594,BE Computer Engineering,Wardha,2021,153,80,60,20,78.91,78.4,95.7,58
COL1594,BE Computer Engineering,Wardha,2022,160,80,58,22,77.14,73.6,86.8,62
COL1594,BE Computer Engineering,Wardha,2023,163,90,62,28,80.52,70.6,84.0,50
COL1594,BE Computer Engineering,Wardha,2024,137,70,50,20,78.19,76.0,91.3,54
COL1595,BSc,Palghar,2021,563,280,202,78,53.65,80.0,95.0,231
COL1595,BSc,Palghar,2022,698,290,231,59,56.42,72.0,82.6,219
COL1595,BSc,Palghar,2023,623,290,219,71,52.28,80.4,96.8,236
COL1595,BSc,Palghar,2024,733,320,236,84,56.58,78.6,90.4,211
COL1596,B.Sc Nursing,Beed,2021,64,50,32,18,48.32,62.3,79.5,32
COL1596,B.Sc Nursing,Beed,2022,65,50,32,18,50.15,56.4,73.3,30
COL1596,B.Sc Nursing,Beed,2023,62,50,30,20,50.14,54.4,64.9,25
COL1596,B.Sc Nursing,Beed,2024,50,40,25,15,52.93,54.4,72.5,33
COL1597,B.Tech Agricultural Engineering,Thane,2021,101,50,36,14,64.6,71.6,79.9,39
COL1597,B.Tech Agricultural Engineering,Thane,2022,116,50,39,11,61.93,80.7,97.5,40
COL1597,B.Tech Agricultural Engineering,Thane,2023,116,50,40,10,61.98,72.4,81.0,49
COL1597,B.Tech Agricultural Engineering,Thane,2024,144,60,49,11,65.97,76.0,89.8,46
COL1598,BSc,Thane,2021,1103,350,284,66,69.29,90.0,100.0,305
COL1598,BSc,Thane,2022,1178,350,305,45,66.62,92.4,100.0,312
COL1598,BSc,Thane,2023,1221,370,312,58,67.71,91.4,100.0,290
COL1598,BSc,Thane,2024,1148,340,290,50,67.11,93.2,100.0,313
COL1599,BCom,Nagpur,2021,302,120,93,27,61.5,83.8,95.5,101
COL1599,BCom,Nagpur,2022,346,120,101,19,59.44,77.4,98.6,98
COL1599,BCom,Nagpur,2023,323,130,98,32,61.17,87.1,99.7,108
COL1599,BCom,Nagpur,2024,379,140,108,32,60.16,87.2,100.0,119
COL1600,MBBS,Palghar,2021,403,130,107,23,99.95,98.0,100.0,108
COL1600,MBBS,Palghar,2022,419,130,108,22,98.34,94.4,100.0,127
COL1600,MBBS,Palghar,2023,493,140,127,13,99.95,96.4,100.0,119
COL1600,MBBS,Palghar,2024,476,130,119,11,99.95,93.2,100.0,140
COL1601,B.Pharm,Bhandara,2021,127,50,40,10,77.56,90.8,100.0,39
COL1601,B.Pharm,Bhandara,2022,132,50,39,11,75.3,88.8,100.0,39
COL1601,B.Pharm,Bhandara,2023,135,50,39,11,76.83,89.7,100.0,40
COL1601,B.Pharm,Bhandara,2024,135,50,40,10,78.02,88.1,99.5,33
COL1602,B.Arch,Dharashiv,2021,40,30,20,10,65.75,64.7,73.3,18
COL1602,B.Arch,Dharashiv,2022,40,30,18,12,67.02,69.4,80.6,21
COL1602,B.Arch,Dharashiv,2023,44,30,21,9,68.21,70.0,80.6,21
COL1602,B.Arch,Dharashiv,2024,48,30,21,9,68.91,65.3,81.6,20
COL1603,BSc Mathematics,Amravati,2021,468,220,162,58,58.96,87.4,97.1,168
COL1603,BSc Mathematics,Amravati,2022,502,210,168,42,62.27,94.7,100.0,176
COL1603,BSc Mathematics,Amravati,2023,540,240,176,64,58.25,86.8,100.0,182
COL1603,BSc Mathematics,Amravati,2024,573,220,182,38,62.56,90.0,100.0,168
COL1604,BSc,Pune,2021,378,150,115,35,59.92,81.7,93.1,116
COL1604,BSc,Pune,2022,381,150,116,34,58.24,85.3,100.0,126
COL1604,BSc,Pune,2023,406,150,126,24,57.34,78.5,91.2,137
COL1604,BSc,Pune,2024,482,170,137,33,57.93,74.5,91.4,101
COL1605,B.Arch,Pune,2021,79,30,24,6,80.86,87.6,100.0,22
COL1605,B.Arch,Pune,2022,73,30,22,8,85.04,84.2,97.0,24
COL1605,B.Arch,Pune,2023,82,30,24,6,81.0,91.8,100.0,24
COL1605,B.Arch,Pune,2024,85,30,24,6,81.5,92.2,100.0,25
COL1606,BCom,Sangli,2021,535,160,142,18,65.24,86.3,100.0,146
COL1606,BCom,Sangli,2022,591,160,146,14,69.42,91.2,100.0,151
COL1606,BCom,Sangli,2023,610,170,151,19,68.31,90.3,100.0,137
COL1606,BCom,Sangli,2024,542,150,137,13,67.14,88.6,100.0,137
COL1607,B.Ed,Sangli,2021,126,40,34,6,79.42,94.0,100.0,35
COL1607,B.Ed,Sangli,2022,141,40,35,5,79.41,91.2,100.0,34
COL1607,B.Ed,Sangli,2023,134,40,34,6,80.73,85.7,98.5,33
COL1607,B.Ed,Sangli,2024,132,40,33,7,76.98,92.4,100.0,28
COL1608,MBBS,Wardha,2021,494,170,143,27,97.12,92.4,100.0,135
COL1608,MBBS,Wardha,2022,483,170,135,35,97.86,91.8,100.0,139
COL1608,MBBS,Wardha,2023,485,160,139,21,99.95,97.4,100.0,156
COL1608,MBBS,Wardha,2024,578,190,156,34,99.1,93.1,100.0,180
COL1609,B.Arch,Nashik,2021,78,30,23,7,82.82,79.2,88.8,23
COL1609,B.Arch,Nashik,2022,78,30,23,7,85.23,88.9,100.0,23
COL1609,B.Arch,Nashik,2023,76,30,23,7,83.0,85.6,100.0,31
COL1609,B.Arch,Nashik,2024,111,40,31,9,85.27,83.0,100.0,26
COL1610,B.Pharm,Akola,2021,119,80,52,28,58.98,74.9,91.5,55
COL1610,B.Pharm,Akola,2022,131,80,55,25,59.63,75.2,87.2,66
COL1610,B.Pharm,Akola,2023,159,90,66,24,61.35,72.6,83.8,60
COL1610,B.Pharm,Akola,2024,141,80,60,20,59.85,71.5,83.9,60
COL1611,D.Ed,Chandrapur,2021,62,40,28,12,56.87,64.3,78.6,27
COL1611,D.Ed,Chandrapur,2022,59,40,27,13,57.09,61.1,69.6,27
COL1611,D.Ed,Chandrapur,2023,67,40,27,13,57.75,67.3,84.1,26
COL1611,D.Ed,Chandrapur,2024,60,40,26,14,56.16,60.8,74.7,36
COL1612,BSc,Thane,2021,335,110,91,19,65.49,97.3,100.0,91
COL1612,BSc,Thane,2022,339,110,91,19,62.7,93.8,100.0,97
COL1612,BSc,Thane,2023,372,110,97,13,62.34,87.4,100.0,106
COL1612,BSc,Thane,2024,416,120,106,14,66.08,88.4,100.0,109
COL1613,Diploma in Computer Engineering,Sangli,2021,77,50,32,18,52.57,67.0,82.5,35
COL1613,Diploma in Computer Engineering,Sangli,2022,79,50,35,15,54.97,57.0,68.4,34
COL1613,Diploma in Computer Engineering,Sangli,2023,85,50,34,16,51.63,63.4,71.7,41
COL1613,Diploma in Computer Engineering,Sangli,2024,98,60,41,19,51.39,65.9,85.0,34
COL1614,B.Pharm,Kolhapur,2021,160,50,43,7,83.36,94.6,100.0,45
COL1614,B.Pharm,Kolhapur,2022,170,50,45,5,84.26,86.3,100.0,46
COL1614,B.Pharm,Kolhapur,2023,179,50,46,4,86.03,98.0,100.0,54
COL1614,B.Pharm,Kolhapur,2024,221,60,54,6,84.52,98.0,100.0,37
COL1615,MBA,Raigad,2021,72,50,34,16,55.22,56.6,65.9,34
COL1615,MBA,Raigad,2022,68,50,34,16,54.44,63.8,79.6,31
COL1615,MBA,Raigad,2023,64,50,31,19,53.91,62.8,74.3,25
COL1615,MBA,Raigad,2024,56,40,25,15,56.57,54.6,71.5,43
COL1616,BE Civil Engineering,Thane,2021,200,90,70,20,83.41,80.2,93.4,72
COL1616,BE Civil Engineering,Thane,2022,222,100,72,28,86.78,80.6,95.0,67
COL1616,BE Civil Engineering,Thane,2023,202,90,67,23,85.34,86.8,98.5,61
COL1616,BE Civil Engineering,Thane,2024,184,80,61,19,85.81,91.3,100.0,66
COL1617,BCom,Pune,2021,1039,500,348,152,55.96,74.1,83.0,412
COL1617,BCom,Pune,2022,1217,520,412,108,52.76,77.7,93.4,337
COL1617,BCom,Pune,2023,1045,460,337,123,52.15,77.8,98.2,326
COL1617,BCom,Pune,2024,1036,450,326,124,53.03,76.6,92.7,377
COL1618,BBA,Nagpur,2021,230,100,73,27,75.42,82.5,100.0,76
COL1618,BBA,Nagpur,2022,234,100,76,24,74.01,84.1,100.0,75
COL1618,BBA,Nagpur,2023,244,100,75,25,75.08,82.4,94.8,83
COL1618,BBA,Nagpur,2024,273,100,83,17,76.01,88.2,100.0,77
COL1619,B.Pharm,Mumbai Suburban,2021,156,50,43,7,78.58,94.3,100.0,40
COL1619,B.Pharm,Mumbai Suburban,2022,141,50,40,10,81.58,93.0,100.0,41
COL1619,B.Pharm,Mumbai Suburban,2023,155,50,41,9,82.24,91.4,100.0,48
COL1619,B.Pharm,Mumbai Suburban,2024,178,60,48,12,78.45,92.4,100.0,43
COL1620,BE Civil Engineering,Satara,2021,560,140,128,12,98.06,98.0,100.0,128
COL1620,BE Civil Engineering,Satara,2022,554,140,128,12,99.95,96.8,100.0,132
COL1620,BE Civil Engineering,Satara,2023,562,150,132,18,98.46,90.2,100.0,158
COL1620,BE Civil Engineering,Satara,2024,686,160,158,2,99.95,88.8,100.0,129
COL1621,BCom,Pune,2021,812,270,222,48,65.11,87.7,100.0,203
COL1621,BCom,Pune,2022,750,260,203,57,63.41,84.6,96.8,227
COL1621,BCom,Pune,2023,853,260,227,33,62.1,81.5,94.3,226
COL1621,BCom,Pune,2024,851,270,226,44,62.46,95.6,100.0,258
COL1622,BSc,Dharashiv,2021,1386,530,434,96,56.53,79.2,94.5,414
COL1622,BSc,Dharashiv,2022,1338,550,414,136,59.73,72.4,83.5,378
COL1622,BSc,Dharashiv,2023,1259,490,378,112,60.65,72.8,91.4,449
COL1622,BSc,Dharashiv,2024,1483,550,449,101,60.88,74.7,91.4,487
COL1623,D.Pharm,Sangli,2021,317,80,75,5,87.22,91.7,100.0,78
COL1623,D.Pharm,Sangli,2022,333,80,78,2,85.92,95.8,100.0,73
COL1623,D.Pharm,Sangli,2023,325,80,73,7,87.94,96.6,100.0,73
COL1623,D.Pharm,Sangli,2024,328,80,73,7,84.11,97.9,100.0,80
COL1624,B.Sc Nursing,Latur,2021,105,50,36,14,63.2,75.7,86.1,40
COL1624,B.Sc Nursing,Latur,2022,112,50,40,10,63.97,73.7,87.7,36
COL1624,B.Sc Nursing,Latur,2023,103,50,36,14,63.82,82.6,100.0,39
COL1624,B.Sc Nursing,Latur,2024,121,50,39,11,61.85,82.8,96.5,31
COL1625,BA,Nagpur,2021,329,200,139,61,47.74,64.9,72.4,150
COL1625,BA,Nagpur,2022,384,210,150,60,45.56,62.6,75.4,136
COL1625,BA,Nagpur,2023,326,200,136,64,45.13,65.9,75.2,169
COL1625,BA,Nagpur,2024,404,230,169,61,45.42,65.5,82.9,188
COL1626,BA,Pune,2021,352,210,145,65,47.35,53.6,67.6,140
COL1626,BA,Pune,2022,323,210,140,70,46.17,60.4,76.7,157
COL1626,BA,Pune,2023,393,220,157,63,44.1,57.4,73.5,169
COL1626,BA,Pune,2024,395,240,169,71,47.74,51.2,60.0,136
COL1627,BE Electronics & Telecommunication,Ahmednagar,2021,117,120,73,47,63.03,56.5,69.7,71
COL1627,BE Electronics & Telecommunication,Ahmednagar,2022,126,120,71,49,66.22,65.4,78.9,81
COL1627,BE Electronics & Telecommunication,Ahmednagar,2023,141,130,81,49,63.65,65.0,78.9,72
COL1627,BE Electronics & Telecommunication,Ahmednagar,2024,135,110,72,38,64.31,57.3,74.3,87
COL1628,B.Arch,Mumbai Suburban,2021,195,50,46,4,91.66,94.9,100.0,44
COL1628,B.Arch,Mumbai Suburban,2022,185,50,44,6,90.05,96.9,100.0,45
COL1628,B.Arch,Mumbai Suburban,2023,196,50,45,5,94.0,97.0,100.0,55
COL1628,B.Arch,Mumbai Suburban,2024,255,60,55,5,93.21,97.5,100.0,59
COL1629,D.Ed,Palghar,2021,105,40,32,8,67.98,79.3,90.3,33
COL1629,D.Ed,Palghar,2022,103,40,33,7,68.71,84.8,97.9,32
COL1629,D.Ed,Palghar,2023,105,40,32,8,67.94,86.6,100.0,30
COL1629,D.Ed,Palghar,2024,98,40,30,10,68.29,89.2,100.0,34
COL1630,BA LLB,Mumbai Suburban,2021,214,80,61,19,79.82,83.3,96.9,66
COL1630,BA LLB,Mumbai Suburban,2022,234,80,66,14,78.99,83.6,98.7,63
COL1630,BA LLB,Mumbai Suburban,2023,228,80,63,17,81.21,84.5,97.9,72
COL1630,BA LLB,Mumbai Suburban,2024,273,90,72,18,79.61,84.9,94.6,83
COL1631,BCom,Thane,2021,582,310,221,89,48.96,68.4,84.4,229
COL1631,BCom,Thane,2022,590,320,229,91,51.8,67.8,77.3,227
COL1631,BCom,Thane,2023,615,330,227,103,51.62,66.9,75.7,239
COL1631,BCom,Thane,2024,703,310,239,71,52.53,71.5,89.1,296
COL1632,B.Ed,Thane,2021,243,80,68,12,73.89,84.3,100.0,66
COL1632,B.Ed,Thane,2022,236,80,66,14,74.32,92.1,100.0,75
COL1632,B.Ed,Thane,2023,285,90,75,15,73.58,86.3,100.0,75
COL1632,B.Ed,Thane,2024,280,90,75,15,74.71,86.7,100.0,59
COL1633,BCom,Thane,2021,322,160,113,47,54.55,71.5,81.6,116
COL1633,BCom,Thane,2022,351,160,116,44,51.64,77.0,92.1,128
COL1633,BCom,Thane,2023,379,170,128,42,53.34,80.1,98.2,122
COL1633,BCom,Thane,2024,374,150,122,28,55.03,70.8,80.2,160
COL1634,BE Computer Engineering,Gondia,2021,191,100,74,26,76.45,67.9,83.1,72
COL1634,BE Computer Engineering,Gondia,2022,194,100,72,28,75.82,75.1,92.1,77
COL1634,BE Computer Engineering,Gondia,2023,209,100,77,23,80.01,75.3,94.0,77
COL1634,BE Computer Engineering,Gondia,2024,208,110,77,33,79.0,76.9,94.2,78
COL1635,BE Mechanical Engineering,Chhatrapati Sambhajinagar,2021,122,60,44,16,82.5,88.8,100.0,42
COL1635,BE Mechanical Engineering,Chhatrapati Sambhajinagar,2022,124,60,42,18,82.25,86.1,96.0,45
COL1635,BE Mechanical Engineering,Chhatrapati Sambhajinagar,2023,130,60,45,15,85.1,88.1,100.0,51
COL1635,BE Mechanical Engineering,Chhatrapati Sambhajinagar,2024,148,70,51,19,84.28,86.9,100.0,40
COL1636,BE Civil Engineering,Amravati,2021,176,50,44,6,99.95,96.0,100.0,42
COL1636,BE Civil Engineering,Amravati,2022,162,50,42,8,99.95,93.8,100.0,43
COL1636,BE Civil Engineering,Amravati,2023,170,50,43,7,97.93,95.0,100.0,43
COL1636,BE Civil Engineering,Amravati,2024,180,50,43,7,99.95,87.6,97.7,46
COL1637,BBA,Chandrapur,2021,103,50,36,14,71.94,78.6,91.8,39
COL1637,BBA,Chandrapur,2022,117,50,39,11,73.33,67.1,77.9,39
COL1637,BBA,Chandrapur,2023,112,50,39,11,74.09,74.1,83.9,38
COL1637,BBA,Chandrapur,2024,119,50,38,12,70.65,75.7,95.4,44
COL1638,BE Electrical Engineering,Mumbai Suburban,2021,176,80,59,21,84.58,87.6,100.0,59
COL1638,BE Electrical Engineering,Mumbai Suburban,2022,169,80,59,21,82.6,88.3,100.0,56
COL1638,BE Electrical Engineering,Mumbai Suburban,2023,170,70,56,14,82.46,80.0,99.8,56
COL1638,BE Electrical Engineering,Mumbai Suburban,2024,174,70,56,14,83.26,81.6,99.2,58
COL1639,BA English,Washim,2021,277,110,83,27,56.36,84.0,93.9,83
COL1639,BA English,Washim,2022,285,110,83,27,55.92,87.3,100.0,84
COL1639,BA English,Washim,2023,284,110,84,26,55.66,90.2,100.0,93
COL1639,BA English,Washim,2024,322,110,93,17,54.61,81.1,92.0,75
COL1640,BCom,Latur,2021,889,390,301,89,53.46,75.3,89.2,300
COL1640,BCom,Latur,2022,838,380,300,80,55.63,78.1,87.9,273
COL1640,BCom,Latur,2023,848,360,273,87,53.56,77.8,88.5,300
COL1640,BCom,Latur,2024,876,380,300,80,56.19,72.2,87.1,262
COL1641,MBA,Gadchiroli,2021,142,50,39,11,82.24,91.3,100.0,40
COL1641,MBA,Gadchiroli,2022,150,50,40,10,84.46,85.7,100.0,42
COL1641,MBA,Gadchiroli,2023,157,50,42,8,86.72,92.0,100.0,44
COL1641,MBA,Gadchiroli,2024,160,50,44,6,83.53,94.1,100.0,44
COL1642,BA Economics,Washim,2021,394,110,95,15,61.13,98.0,100.0,101
COL1642,BA Economics,Washim,2022,419,110,101,9,63.44,96.1,100.0,94
COL1642,BA Economics,Washim,2023,416,100,94,6,60.13,95.1,100.0,116
COL1642,BA Economics,Washim,2024,515,120,116,4,61.3,98.0,100.0,123
COL1643,B.Pharm,Kolhapur,2021,130,50,38,12,80.49,91.8,100.0,41
COL1643,B.Pharm,Kolhapur,2022,142,50,41,9,81.66,90.5,100.0,41
COL1643,B.Pharm,Kolhapur,2023,148,50,41,9,81.08,87.8,100.0,52
COL1643,B.Pharm,Kolhapur,2024,192,60,52,8,79.03,92.3,100.0,42
COL1644,B.Arch,Palghar,2021,64,50,30,20,66.24,65.6,76.1,34
COL1644,B.Arch,Palghar,2022,65,50,34,16,65.78,67.9,79.4,32
COL1644,B.Arch,Palghar,2023,68,50,32,18,68.79,58.1,70.0,33
COL1644,B.Arch,Palghar,2024,67,50,33,17,68.26,54.5,72.4,36
COL1645,B.Pharm,Buldhana,2021,150,50,42,8,77.83,89.4,100.0,44
COL1645,B.Pharm,Buldhana,2022,156,50,44,6,81.11,91.5,100.0,43
COL1645,B.Pharm,Buldhana,2023,163,50,43,7,78.98,93.3,100.0,42
COL1645,B.Pharm,Buldhana,2024,161,50,42,8,81.17,93.7,100.0,43
COL1646,BE Computer Engineering,Sindhudurg,2021,183,80,62,18,85.24,82.2,96.3,64
COL1646,BE Computer Engineering,Sindhudurg,2022,183,80,64,16,80.89,84.5,95.6,63
COL1646,BE Computer Engineering,Sindhudurg,2023,183,80,63,17,83.84,88.6,100.0,60
COL1646,BE Computer Engineering,Sindhudurg,2024,178,80,60,20,81.43,87.8,100.0,56
COL1647,BCom,Palghar,2021,164,120,75,45,45.44,59.4,71.4,86
COL1647,BCom,Palghar,2022,211,130,86,44,50.27,62.9,76.6,90
COL1647,BCom,Palghar,2023,205,130,90,40,48.95,61.2,71.4,86
COL1647,BCom,Palghar,2024,203,120,86,34,50.76,61.6,70.1,86
COL1648,BCom,Hingoli,2021,417,110,97,13,70.69,84.3,100.0,95
COL1648,BCom,Hingoli,2022,399,110,95,15,68.94,93.4,100.0,102
COL1648,BCom,Hingoli,2023,458,110,102,8,72.23,92.5,100.0,117
COL1648,BCom,Hingoli,2024,512,120,117,3,72.9,93.1,100.0,108
COL1649,BCom,Ratnagiri,2021,529,150,130,20,70.14,95.4,100.0,143
COL1649,BCom,Ratnagiri,2022,605,150,143,7,69.84,91.2,100.0,154
COL1649,BCom,Ratnagiri,2023,671,160,154,6,72.67,93.2,100.0,147
COL1649,BCom,Ratnagiri,2024,644,150,147,3,73.28,98.0,100.0,146
COL1650,B.Ed,Beed,2021,117,40,33,7,77.13,84.2,95.0,32
COL1650,B.Ed,Beed,2022,119,40,32,8,73.76,79.2,96.4,35
COL1650,B.Ed,Beed,2023,134,40,35,5,77.78,85.9,100.0,33
COL1650,B.Ed,Beed,2024,127,40,33,7,73.51,85.9,97.1,33
COL1651,BE Electrical Engineering,Amravati,2021,121,80,53,27,77.49,70.4,86.0,58
COL1651,BE Electrical Engineering,Amravati,2022,146,80,58,22,75.46,68.8,87.5,60
COL1651,BE Electrical Engineering,Amravati,2023,156,90,60,30,74.15,72.5,83.5,61
COL1651,BE Electrical Engineering,Amravati,2024,165,80,61,19,77.53,77.5,86.3,50
COL1652,BA History,Dharashiv,2021,413,150,117,33,55.43,90.3,100.0,109
COL1652,BA History,Dharashiv,2022,372,140,109,31,56.19,89.7,100.0,131
COL1652,BA History,Dharashiv,2023,467,150,131,19,56.81,93.9,100.0,121
COL1652,BA History,Dharashiv,2024,462,150,121,29,58.87,91.4,100.0,123
COL1653,BSc Physics,Thane,2021,761,230,203,27,69.0,96.3,100.0,207
COL1653,BSc Physics,Thane,2022,823,230,207,23,72.44,93.7,100.0,184
COL1653,BSc Physics,Thane,2023,735,220,184,36,73.35,94.3,100.0,207
COL1653,BSc Physics,Thane,2024,852,230,207,23,72.08,97.0,100.0,207
COL1654,BSc Mathematics,Thane,2021,331,110,93,17,65.26,93.7,100.0,92
COL1654,BSc Mathematics,Thane,2022,344,110,92,18,66.54,94.2,100.0,80
COL1654,BSc Mathematics,Thane,2023,299,100,80,20,67.15,93.1,100.0,98
COL1654,BSc Mathematics,Thane,2024,358,110,98,12,69.73,96.2,100.0,109
COL1655,BCom,Buldhana,2021,597,170,145,25,71.46,93.1,100.0,159
COL1655,BCom,Buldhana,2022,679,170,159,11,67.83,98.0,100.0,147
COL1655,BCom,Buldhana,2023,645,160,147,13,72.61,95.2,100.0,185
COL1655,BCom,Buldhana,2024,830,200,185,15,69.18,98.0,100.0,148
COL1656,B.Pharm,Ratnagiri,2021,175,50,44,6,82.55,97.3,100.0,43
COL1656,B.Pharm,Ratnagiri,2022,171,50,43,7,87.24,98.0,100.0,46
COL1656,B.Pharm,Ratnagiri,2023,194,50,46,4,85.08,97.5,100.0,44
COL1656,B.Pharm,Ratnagiri,2024,184,50,44,6,84.97,96.3,100.0,57
COL1657,BSc,Dharashiv,2021,316,250,160,90,39.64,58.1,66.1,160
COL1657,BSc,Dharashiv,2022,323,240,160,80,38.06,65.0,75.1,156
COL1657,BSc,Dharashiv,2023,320,260,156,104,40.78,66.9,83.2,140
COL1657,BSc,Dharashiv,2024,265,230,140,90,39.73,68.0,85.5,205
COL1658,BA LLB,Kolhapur,2021,149,80,56,24,64.42,66.0,75.9,61
COL1658,BA LLB,Kolhapur,2022,159,80,61,19,64.59,73.4,93.4,64
COL1658,BA LLB,Kolhapur,2023,171,90,64,26,66.02,73.9,87.2,69
COL1658,BA LLB,Kolhapur,2024,191,90,69,21,68.46,75.2,87.8,69
COL1659,B.Arch,Nandurbar,2021,28,30,18,12,59.52,58.6,67.2,18
COL1659,B.Arch,Nandurbar,2022,28,30,18,12,62.85,64.4,79.2,18
COL1659,B.Arch,Nandurbar,2023,31,30,18,12,64.39,63.1,78.7,18
COL1659,B.Arch,Nandurbar,2024,30,30,18,12,60.3,59.9,68.3,18
COL1660,BE Civil Engineering,Latur,2021,191,70,56,14,88.36,95.2,100.0,59
COL1660,BE Civil Engineering,Latur,2022,196,70,59,11,90.11,91.2,100.0,49
COL1660,BE Civil Engineering,Latur,2023,173,60,49,11,89.68,96.9,100.0,49
COL1660,BE Civil Engineering,Latur,2024,177,60,49,11,92.94,92.8,100.0,64
COL1661,MBBS,Thane,2021,222,80,66,14,97.67,90.2,100.0,66
COL1661,MBBS,Thane,2022,219,80,66,14,99.8,89.5,100.0,72
COL1661,MBBS,Thane,2023,239,90,72,18,97.97,92.0,100.0,67
COL1661,MBBS,Thane,2024,222,80,67,13,98.02,91.4,100.0,57
COL1662,B.Pharm,Thane,2021,197,50,46,4,82.69,95.2,100.0,45
COL1662,B.Pharm,Thane,2022,195,50,45,5,85.08,93.6,100.0,46
COL1662,B.Pharm,Thane,2023,195,50,46,4,83.9,98.0,100.0,48
COL1662,B.Pharm,Thane,2024,213,50,48,2,86.96,93.1,100.0,48
COL1663,BBA,Akola,2021,238,100,74,26,77.03,83.8,94.4,77
COL1663,BBA,Akola,2022,240,100,77,23,76.24,82.6,100.0,70
COL1663,BBA,Akola,2023,231,90,70,20,75.92,74.3,90.7,76
COL1663,BBA,Akola,2024,261,90,76,14,74.59,79.7,95.0,73
COL1664,BE Mechanical Engineering,Chhatrapati Sambhajinagar,2021,304,100,83,17,97.95,96.6,100.0,81
COL1664,BE Mechanical Engineering,Chhatrapati Sambhajinagar,2022,303,100,81,19,96.9,94.1,100.0,89
COL1664,BE Mechanical Engineering,Chhatrapati Sambhajinagar,2023,355,100,89,11,98.1,96.8,100.0,75
COL1664,BE Mechanical Engineering,Chhatrapati Sambhajinagar,2024,306,90,75,15,95.77,95.6,100.0,79
COL1665,BE Electrical Engineering,Mumbai Suburban,2021,109,60,43,17,78.26,81.3,99.3,43
COL1665,BE Electrical Engineering,Mumbai Suburban,2022,115,60,43,17,77.22,78.7,94.1,43
COL1665,BE Electrical Engineering,Mumbai Suburban,2023,117,60,43,17,79.44,84.8,100.0,44
COL1665,BE Electrical Engineering,Mumbai Suburban,2024,117,60,44,16,80.11,82.3,91.4,35
COL1666,BE Computer Engineering,Hingoli,2021,274,70,66,4,97.39,98.0,100.0,64
COL1666,BE Computer Engineering,Hingoli,2022,270,70,64,6,98.47,95.8,100.0,67
COL1666,BE Computer Engineering,Hingoli,2023,284,70,67,3,99.95,98.0,100.0,63
COL1666,BE Computer Engineering,Hingoli,2024,279,70,63,7,99.95,98.0,100.0,74
COL1667,BBA,Mumbai Suburban,2021,170,100,67,33,65.96,58.9,67.5,70
COL1667,BBA,Mumbai Suburban,2022,191,100,70,30,68.4,71.2,79.2,78
COL1667,BBA,Mumbai Suburban,2023,221,100,78,22,68.33,66.6,82.4,87
COL1667,BBA,Mumbai Suburban,2024,241,120,87,33,69.32,74.2,83.7,73
COL1668,BE Electronics & Telecommunication,Mumbai Suburban,2021,354,150,112,38,86.0,81.7,95.1,119
COL1668,BE Electronics & Telecommunication,Mumbai Suburban,2022,380,150,119,31,89.94,88.6,100.0,132
COL1668,BE Electronics & Telecommunication,Mumbai Suburban,2023,441,160,132,28,87.49,91.3,100.0,134
COL1668,BE Electronics & Telecommunication,Mumbai Suburban,2024,452,170,134,36,89.0,81.5,96.4,132
COL1669,BSc,Mumbai Suburban,2021,1625,360,342,18,68.12,98.0,100.0,329
COL1669,BSc,Mumbai Suburban,2022,1520,360,329,31,69.04,98.0,100.0,365
COL1669,BSc,Mumbai Suburban,2023,1735,390,365,25,70.04,90.8,100.0,385
COL1669,BSc,Mumbai Suburban,2024,1891,390,385,5,68.02,93.7,100.0,418
COL1670,BE Electronics & Telecommunication,Sangli,2021,136,60,47,13,84.15,82.4,95.9,42
COL1670,BE Electronics & Telecommunication,Sangli,2022,124,60,42,18,83.41,82.3,97.9,47
COL1670,BE Electronics & Telecommunication,Sangli,2023,139,60,47,13,81.88,72.0,83.2,52
COL1670,BE Electronics & Telecommunication,Sangli,2024,163,70,52,18,83.94,85.1,100.0,44
COL1671,BCom,Nandurbar,2021,535,120,115,5,70.34,93.9,100.0,119
COL1671,BCom,Nandurbar,2022,543,120,119,1,72.71,92.5,100.0,109
COL1671,BCom,Nandurbar,2023,519,110,109,1,70.35,93.0,100.0,128
COL1671,BCom,Nandurbar,2024,634,130,128,2,69.18,93.5,100.0,119
COL1672,BCom,Nagpur,2021,505,170,142,28,63.3,80.7,92.4,134
COL1672,BCom,Nagpur,2022,489,170,134,36,64.04,86.2,96.9,160
COL1672,BCom,Nagpur,2023,581,190,160,30,64.63,78.1,97.4,154
COL1672,BCom,Nagpur,2024,557,190,154,36,67.02,85.8,98.3,126
COL1673,MBBS,Thane,2021,243,80,67,13,99.95,84.7,100.0,67
COL1673,MBBS,Thane,2022,237,80,67,13,97.65,87.8,100.0,69
COL1673,MBBS,Thane,2023,258,80,69,11,99.28,85.6,100.0,68
COL1673,MBBS,Thane,2024,268,80,68,12,99.95,92.8,100.0,73
COL1674,BA,Solapur,2021,390,110,96,14,66.01,92.6,100.0,95
COL1674,BA,Solapur,2022,419,110,95,15,70.77,93.1,100.0,110
COL1674,BA,Solapur,2023,482,120,110,10,66.58,90.5,100.0,114
COL1674,BA,Solapur,2024,506,120,114,6,67.16,89.0,100.0,96
COL1675,BSc,Nandurbar,2021,533,180,144,36,63.39,83.1,94.1,148
COL1675,BSc,Nandurbar,2022,572,170,148,22,62.97,83.9,98.4,151
COL1675,BSc,Nandurbar,2023,564,170,151,19,65.74,94.1,100.0,180
COL1675,BSc,Nandurbar,2024,700,200,180,20,63.79,90.3,100.0,201
COL1676,B.Ed,Amravati,2021,265,80,69,11,77.44,94.4,100.0,65
COL1676,B.Ed,Amravati,2022,249,80,65,15,81.41,91.0,100.0,61
COL1676,B.Ed,Amravati,2023,243,70,61,9,81.79,93.7,100.0,71
COL1676,B.Ed,Amravati,2024,294,80,71,9,79.96,98.0,100.0,65
COL1677,BSc,Nanded,2021,743,260,214,46,63.08,86.9,100.0,233
COL1677,BSc,Nanded,2022,849,270,233,37,62.89,81.9,95.3,227
COL1677,BSc,Nanded,2023,862,260,227,33,61.82,80.9,93.0,199
COL1677,BSc,Nanded,2024,735,230,199,31,63.12,88.5,100.0,222
COL1678,BA LLB,Bhandara,2021,164,80,56,24,72.31,73.1,83.3,59
COL1678,BA LLB,Bhandara,2022,183,80,59,21,73.4,75.5,87.6,71
COL1678,BA LLB,Bhandara,2023,219,90,71,19,72.02,67.4,77.3,74
COL1678,BA LLB,Bhandara,2024,229,90,74,16,73.29,71.5,86.8,61
COL1679,BA,Dharashiv,2021,356,170,124,46,55.25,65.7,74.9,133
COL1679,BA,Dharashiv,2022,401,170,133,37,51.89,63.4,79.9,125
COL1679,BA,Dharashiv,2023,371,160,125,35,54.4,71.7,89.1,142
COL1679,BA,Dharashiv,2024,418,190,142,48,53.82,67.9,84.6,159
COL1680,BCom,Satara,2021,125,100,63,37,45.44,56.3,64.4,69
COL1680,BCom,Satara,2022,146,110,69,41,45.36,54.5,65.5,65
COL1680,BCom,Satara,2023,132,100,65,35,42.31,57.1,73.4,65
COL1680,BCom,Satara,2024,142,100,65,35,47.07,58.5,68.6,69
COL1681,Diploma in Mechanical Engineering,Latur,2021,257,100,82,18,68.37,74.6,83.9,83
COL1681,Diploma in Mechanical Engineering,Latur,2022,265,100,83,17,68.68,80.8,100.0,84
COL1681,Diploma in Mechanical Engineering,Latur,2023,287,100,84,16,69.6,72.1,90.1,78
COL1681,Diploma in Mechanical Engineering,Latur,2024,262,100,78,22,67.62,77.2,97.2,91
COL1682,B.Ed,Wardha,2021,59,40,25,15,57.87,60.4,70.8,26
COL1682,B.Ed,Wardha,2022,62,40,26,14,55.79,59.8,78.4,28
COL1682,B.Ed,Wardha,2023,62,40,28,12,55.36,63.5,73.3,30
COL1682,B.Ed,Wardha,2024,69,40,30,10,56.66,63.9,76.1,22
COL1683,B.Ed,Amravati,2021,329,80,75,5,82.11,90.7,100.0,74
COL1683,B.Ed,Amravati,2022,320,80,74,6,80.01,88.5,100.0,83
COL1683,B.Ed,Amravati,2023,377,90,83,7,79.08,90.9,100.0,83
COL1683,B.Ed,Amravati,2024,391,90,83,7,82.88,92.4,100.0,84
COL1684,BSc Mathematics,Hingoli,2021,328,160,113,47,54.52,80.9,92.0,118
COL1684,BSc Mathematics,Hingoli,2022,336,150,118,32,58.7,82.9,92.7,116
COL1684,BSc Mathematics,Hingoli,2023,346,150,116,34,56.55,81.6,98.9,110
COL1684,BSc Mathematics,Hingoli,2024,340,150,110,40,59.6,74.9,91.5,129
COL1685,BSc,Kolhapur,2021,638,410,275,135,45.53,69.7,81.7,270
COL1685,BSc,Kolhapur,2022,593,400,270,130,45.18,73.1,90.2,297
COL1685,BSc,Kolhapur,2023,674,450,297,153,47.34,68.8,78.5,271
COL1685,BSc,Kolhapur,2024,655,400,271,129,47.84,70.1,79.9,270
COL1686,B.Pharm,Sindhudurg,2021,315,80,73,7,84.22,96.2,100.0,75
COL1686,B.Pharm,Sindhudurg,2022,316,80,75,5,83.03,98.0,100.0,80
COL1686,B.Pharm,Sindhudurg,2023,345,90,80,10,86.78,92.5,100.0,76
COL1686,B.Pharm,Sindhudurg,2024,346,80,76,4,87.43,96.9,100.0,89
COL1687,B.Pharm,Kolhapur,2021,106,50,38,12,70.35,85.0,97.2,37
COL1687,B.Pharm,Kolhapur,2022,107,50,37,13,71.57,81.7,97.7,40
COL1687,B.Pharm,Kolhapur,2023,120,50,40,10,69.05,80.1,100.0,49
COL1687,B.Pharm,Kolhapur,2024,146,60,49,11,70.45,85.2,95.2,37
COL1688,BA LLB,Mumbai City,2021,248,80,69,11,83.87,81.5,92.6,69
COL1688,BA LLB,Mumbai City,2022,242,80,69,11,80.78,84.8,100.0,68
COL1688,BA LLB,Mumbai City,2023,261,80,68,12,81.9,75.7,85.8,79
COL1688,BA LLB,Mumbai City,2024,309,90,79,11,82.73,81.8,99.5,72
COL1689,BSc,Solapur,2021,443,490,298,192,36.03,64.6,73.8,293
COL1689,BSc,Solapur,2022,496,470,293,177,35.94,67.7,82.1,297
COL1689,BSc,Solapur,2023,494,460,297,163,34.86,67.7,83.9,302
COL1689,BSc,Solapur,2024,502,500,302,198,36.83,56.4,66.7,381
COL1690,BCom,Solapur,2021,689,310,229,81,57.81,76.8,94.8,234
COL1690,BCom,Solapur,2022,734,320,234,86,56.03,78.7,95.3,231
COL1690,BCom,Solapur,2023,725,310,231,79,60.11,82.8,100.0,245
COL1690,BCom,Solapur,2024,794,330,245,85,60.27,76.1,90.6,238
COL1691,BA Economics,Thane,2021,250,110,81,29,50.47,77.6,91.2,88
COL1691,BA Economics,Thane,2022,276,110,88,22,53.2,82.2,98.8,81
COL1691,BA Economics,Thane,2023,269,110,81,29,52.28,82.5,100.0,79
COL1691,BA Economics,Thane,2024,261,100,79,21,54.67,80.7,97.5,106
COL1692,BSc Mathematics,Jalna,2021,652,200,171,29,70.94,89.4,100.0,162
COL1692,BSc Mathematics,Jalna,2022,647,190,162,28,68.9,94.7,100.0,203
COL1692,BSc Mathematics,Jalna,2023,817,220,203,17,70.98,95.2,100.0,172
COL1692,BSc Mathematics,Jalna,2024,680,190,172,18,73.04,91.8,100.0,180
COL1693,BCom,Sangli,2021,146,140,86,54,39.97,62.6,72.1,82
COL1693,BCom,Sangli,2022,164,140,82,58,38.33,68.2,76.2,93
COL1693,BCom,Sangli,2023,179,140,93,47,41.15,62.1,75.1,80
COL1693,BCom,Sangli,2024,151,120,80,40,42.77,72.9,91.4,97
COL1694,B.Sc Agriculture,Thane,2021,89,80,47,33,49.54,61.6,73.9,48
COL1694,B.Sc Agriculture,Thane,2022,98,80,48,32,53.95,67.5,82.7,55
COL1694,B.Sc Agriculture,Thane,2023,113,80,55,25,55.09,74.2,90.0,50
COL1694,B.Sc Agriculture,Thane,2024,100,80,50,30,54.6,71.1,82.7,50
COL1695,BA,Latur,2021,394,130,104,26,68.6,95.9,100.0,117
COL1695,BA,Latur,2022,450,140,117,23,65.29,98.0,100.0,124
COL1695,BA,Latur,2023,513,140,124,16,66.16,98.0,100.0,112
COL1695,BA,Latur,2024,452,130,112,18,67.52,93.1,100.0,127
COL1696,BA Economics,Jalgaon,2021,284,100,81,19,57.02,78.9,93.1,79
COL1696,BA Economics,Jalgaon,2022,292,100,79,21,56.53,79.6,93.0,86
COL1696,BA Economics,Jalgaon,2023,331,100,86,14,57.38,86.2,96.3,82
COL1696,BA Economics,Jalgaon,2024,308,100,82,18,60.98,81.6,100.0,99
COL1697,BSc Computer Science,Latur,2021,265,150,103,47,51.74,74.4,86.5,103
COL1697,BSc Computer Science,Latur,2022,275,150,103,47,53.73,72.5,86.9,119
COL1697,BSc Computer Science,Latur,2023,335,160,119,41,51.98,79.0,95.4,117
COL1697,BSc Computer Science,Latur,2024,328,170,117,53,55.94,75.6,94.6,98
COL1698,BA Economics,Mumbai City,2021,644,200,169,31,61.51,90.5,100.0,178
COL1698,BA Economics,Mumbai City,2022,703,210,178,32,64.5,93.6,100.0,180
COL1698,BA Economics,Mumbai City,2023,737,210,180,30,62.41,95.0,100.0,184
COL1698,BA Economics,Mumbai City,2024,756,200,184,16,61.81,98.0,100.0,229
COL1699,BSc,Mumbai City,2021,902,410,314,96,54.59,76.5,91.8,315
COL1699,BSc,Mumbai City,2022,883,420,315,105,56.28,76.1,86.8,292
COL1699,BSc,Mumbai City,2023,908,400,292,108,54.07,82.2,97.1,330
COL1699,BSc,Mumbai City,2024,1023,430,330,100,57.09,75.6,91.4,360
COL1700,MBBS,Mumbai City,2021,445,130,111,19,99.95,93.3,100.0,113
COL1700,MBBS,Mumbai City,2022,449,130,113,17,99.95,98.0,100.0,127
COL1700,MBBS,Mumbai City,2023,520,140,127,13,98.25,88.6,100.0,135
COL1700,MBBS,Mumbai City,2024,593,150,135,15,99.95,89.7,100.0,119
COL1701,Diploma in Computer Engineering,Beed,2021,158,50,41,9,75.1,95.1,100.0,43
COL1701,Diploma in Computer Engineering,Beed,2022,173,50,43,7,75.6,98.0,100.0,46
COL1701,Diploma in Computer Engineering,Beed,2023,186,50,46,4,76.58,97.0,100.0,56
COL1701,Diploma in Computer Engineering,Beed,2024,223,60,56,4,77.6,89.3,100.0,57
COL1702,MBA,Ratnagiri,2021,182,100,67,33,65.33,72.9,84.2,81
COL1702,MBA,Ratnagiri,2022,220,110,81,29,65.34,60.0,70.7,76
COL1702,MBA,Ratnagiri,2023,196,100,76,24,68.71,66.8,77.4,78
COL1702,MBA,Ratnagiri,2024,216,110,78,32,68.01,64.9,81.7,86
COL1703,BSc,Buldhana,2021,372,130,105,25,64.44,82.3,100.0,122
COL1703,BSc,Buldhana,2022,436,140,122,18,63.75,81.7,95.8,116
COL1703,BSc,Buldhana,2023,426,140,116,24,63.76,90.4,100.0,112
COL1703,BSc,Buldhana,2024,439,130,112,18,63.23,89.9,100.0,118
COL1704,BA,Beed,2021,854,410,302,108,51.29,81.3,94.7,312
COL1704,BA,Beed,2022,904,410,312,98,53.55,74.8,88.3,345
COL1704,BA,Beed,2023,1039,440,345,95,52.35,73.1,91.1,358
COL1704,BA,Beed,2024,1061,460,358,102,54.12,75.2,90.6,275
COL1705,BCom,Satara,2021,1176,390,331,59,62.88,85.7,100.0,330
COL1705,BCom,Satara,2022,1225,400,330,70,61.9,80.0,100.0,362
COL1705,BCom,Satara,2023,1370,410,362,48,65.93,91.4,100.0,302
COL1705,BCom,Satara,2024,1164,370,302,68,64.39,87.6,100.0,349
COL1706,MBBS,Jalna,2021,392,170,131,39,94.95,85.4,95.2,130
COL1706,MBBS,Jalna,2022,388,180,130,50,96.61,83.3,93.1,130
COL1706,MBBS,Jalna,2023,382,170,130,40,97.68,89.5,100.0,117
COL1706,MBBS,Jalna,2024,347,160,117,43,99.17,84.8,100.0,133
COL1707,Diploma in Mechanical Engineering,Palghar,2021,114,50,39,11,59.31,76.4,91.7,39
COL1707,Diploma in Mechanical Engineering,Palghar,2022,110,50,39,11,63.69,77.9,95.9,40
COL1707,Diploma in Mechanical Engineering,Palghar,2023,118,50,40,10,61.04,79.3,91.8,39
COL1707,Diploma in Mechanical Engineering,Palghar,2024,123,50,39,11,61.74,76.4,90.1,48
COL1708,BE Civil Engineering,Mumbai City,2021,345,80,73,7,99.95,91.3,100.0,79
COL1708,BE Civil Engineering,Mumbai City,2022,367,80,79,1,99.78,98.0,100.0,78
COL1708,BE Civil Engineering,Mumbai City,2023,368,80,78,2,97.93,93.9,100.0,88
COL1708,BE Civil Engineering,Mumbai City,2024,417,90,88,2,99.46,97.3,100.0,100
COL1709,B.Ed,Amravati,2021,103,40,31,9,68.9,70.1,90.6,32
COL1709,B.Ed,Amravati,2022,108,40,32,8,69.47,74.8,86.6,32
COL1709,B.Ed,Amravati,2023,107,40,32,8,68.22,77.0,94.1,32
COL1709,B.Ed,Amravati,2024,113,40,32,8,69.48,79.0,97.1,34
COL1710,LLB,Hingoli,2021,134,50,39,11,80.28,80.8,94.2,42
COL1710,LLB,Hingoli,2022,156,50,42,8,83.82,77.1,88.7,43
COL1710,LLB,Hingoli,2023,161,50,43,7,84.05,85.1,100.0,51
COL1710,LLB,Hingoli,2024,192,60,51,9,85.22,80.8,91.8,44
COL1711,BA,Pune,2021,613,250,192,58,54.69,82.9,99.4,206
COL1711,BA,Pune,2022,643,250,206,44,56.74,82.8,96.8,190
COL1711,BA,Pune,2023,614,240,190,50,55.47,85.0,100.0,203
COL1711,BA,Pune,2024,661,240,203,37,56.45,84.2,100.0,197
COL1712,MBA,Nashik,2021,85,50,34,16,65.02,68.5,86.1,33
COL1712,MBA,Nashik,2022,84,50,33,17,61.35,60.2,72.4,34
COL1712,MBA,Nashik,2023,88,50,34,16,65.5,62.2,80.2,34
COL1712,MBA,Nashik,2024,92,50,34,16,64.13,67.1,86.4,28
COL1713,BCom,Dharashiv,2021,1512,550,431,119,63.58,82.8,100.0,450
COL1713,BCom,Dharashiv,2022,1699,570,450,120,62.73,91.2,100.0,479
COL1713,BCom,Dharashiv,2023,1808,560,479,81,65.74,93.0,100.0,488
COL1713,BCom,Dharashiv,2024,1792,550,488,62,63.93,89.9,100.0,479
COL1714,MBBS,Yavatmal,2021,321,80,73,7,99.95,89.7,100.0,73
COL1714,MBBS,Yavatmal,2022,316,80,73,7,99.34,91.9,100.0,73
COL1714,MBBS,Yavatmal,2023,324,80,73,7,99.95,95.5,100.0,87
COL1714,MBBS,Yavatmal,2024,398,90,87,3,98.79,93.3,100.0,100
COL1715,MBBS,Buldhana,2021,621,170,151,19,98.06,93.9,100.0,162
COL1715,MBBS,Buldhana,2022,698,170,162,8,99.95,93.3,100.0,154
COL1715,MBBS,Buldhana,2023,671,160,154,6,99.95,96.8,100.0,161
COL1715,MBBS,Buldhana,2024,706,170,161,9,98.74,94.7,100.0,159
COL1716,BA LLB,Chhatrapati Sambhajinagar,2021,90,50,35,15,61.58,67.8,78.8,35
COL1716,BA LLB,Chhatrapati Sambhajinagar,2022,85,50,35,15,62.97,64.8,80.0,34
COL1716,BA LLB,Chhatrapati Sambhajinagar,2023,90,50,34,16,61.89,68.1,83.4,35
COL1716,BA LLB,Chhatrapati Sambhajinagar,2024,95,50,35,15,64.33,69.6,80.6,30
COL1717,B.Sc Nursing,Ahmednagar,2021,135,50,39,11,69.94,87.3,100.0,39
COL1717,B.Sc Nursing,Ahmednagar,2022,147,50,39,11,70.39,91.1,100.0,42
COL1717,B.Sc Nursing,Ahmednagar,2023,152,50,42,8,70.07,84.5,97.0,43
COL1717,B.Sc Nursing,Ahmednagar,2024,160,50,43,7,70.7,86.1,100.0,54
COL1718,BSc Mathematics,Thane,2021,242,200,130,70,41.84,70.7,83.0,121
COL1718,BSc Mathematics,Thane,2022,237,200,121,79,41.59,68.6,79.5,134
COL1718,BSc Mathematics,Thane,2023,265,200,134,66,43.34,73.7,89.2,147
COL1718,BSc Mathematics,Thane,2024,306,220,147,73,44.09,76.3,92.9,108
COL1719,BA,Nagpur,2021,403,180,135,45,56.42,85.3,97.4,138
COL1719,BA,Nagpur,2022,425,180,138,42,55.79,75.6,92.5,141
COL1719,BA,Nagpur,2023,442,190,141,49,59.18,82.1,98.1,167
COL1719,BA,Nagpur,2024,531,210,167,43,56.04,82.3,100.0,173
COL1720,BCom,Chhatrapati Sambhajinagar,2021,360,210,141,69,48.81,66.9,84.7,155
COL1720,BCom,Chhatrapati Sambhajinagar,2022,387,210,155,55,47.94,71.1,86.5,158
COL1720,BCom,Chhatrapati Sambhajinagar,2023,408,210,158,52,51.29,68.8,80.6,163
COL1720,BCom,Chhatrapati Sambhajinagar,2024,446,230,163,67,51.09,78.6,93.4,145
COL1721,B.Sc Agriculture,Nagpur,2021,55,50,29,21,46.08,64.7,83.8,29
COL1721,B.Sc Agriculture,Nagpur,2022,51,50,29,21,49.86,73.5,83.0,29
COL1721,B.Sc Agriculture,Nagpur,2023,56,50,29,21,46.9,66.5,79.0,31
COL1721,B.Sc Agriculture,Nagpur,2024,58,50,31,19,50.13,74.9,83.0,30
COL1722,MBA,Ratnagiri,2021,166,100,69,31,61.88,63.7,78.8,74
COL1722,MBA,Ratnagiri,2022,177,110,74,36,59.99,57.2,71.8,59
COL1722,MBA,Ratnagiri,2023,134,90,59,31,60.45,64.5,72.5,64
COL1722,MBA,Ratnagiri,2024,154,90,64,26,62.16,59.6,70.4,67
COL1723,BA History,Mumbai City,2021,501,150,132,18,61.3,89.8,100.0,142
COL1723,BA History,Mumbai City,2022,544,160,142,18,63.17,90.7,100.0,126
COL1723,BA History,Mumbai City,2023,507,150,126,24,64.25,89.0,100.0,143
COL1723,BA History,Mumbai City,2024,588,170,143,27,60.46,90.3,100.0,146
COL1724,BE Mechanical Engineering,Pune,2021,234,110,79,31,86.52,83.2,95.6,86
COL1724,BE Mechanical Engineering,Pune,2022,270,110,86,24,83.27,80.8,90.1,89
COL1724,BE Mechanical Engineering,Pune,2023,277,110,89,21,83.42,81.8,98.3,77
COL1724,BE Mechanical Engineering,Pune,2024,254,100,77,23,84.43,77.2,90.7,77
COL1725,Diploma in Civil Engineering,Gadchiroli,2021,50,50,29,21,45.58,51.7,66.6,33
COL1725,Diploma in Civil Engineering,Gadchiroli,2022,65,50,33,17,45.1,53.9,69.4,29
COL1725,Diploma in Civil Engineering,Gadchiroli,2023,59,50,29,21,47.12,57.1,73.4,32
COL1725,Diploma in Civil Engineering,Gadchiroli,2024,64,50,32,18,45.59,49.5,63.6,26
COL1726,BBA,Buldhana,2021,79,50,36,14,61.89,66.5,84.8,32
COL1726,BBA,Buldhana,2022,73,50,32,18,63.04,60.4,74.8,34
COL1726,BBA,Buldhana,2023,85,50,34,16,61.39,56.7,72.7,39
COL1726,BBA,Buldhana,2024,100,60,39,21,61.61,55.8,72.4,35
COL1727,BE Civil Engineering,Gadchiroli,2021,291,200,133,67,72.64,71.0,84.6,136
COL1727,BE Civil Engineering,Gadchiroli,2022,330,200,136,64,73.9,67.5,84.4,149
COL1727,BE Civil Engineering,Gadchiroli,2023,353,220,149,71,75.97,71.9,80.9,131
COL1727,BE Civil Engineering,Gadchiroli,2024,311,190,131,59,75.21,73.4,85.3,169
COL1728,BE Mechanical Engineering,Pune,2021,726,190,176,14,97.27,96.8,100.0,178
COL1728,BE Mechanical Engineering,Pune,2022,785,200,178,22,99.89,97.5,100.0,193
COL1728,BE Mechanical Engineering,Pune,2023,828,200,193,7,99.95,95.0,100.0,186
COL1728,BE Mechanical Engineering,Pune,2024,799,200,186,14,97.91,95.0,100.0,179
COL1729,Diploma in Electrical Engineering,Pune,2021,246,80,65,15,78.1,84.0,100.0,72
COL1729,Diploma in Electrical Engineering,Pune,2022,289,80,72,8,78.31,83.3,93.4,72
COL1729,Diploma in Electrical Engineering,Pune,2023,301,80,72,8,76.46,85.6,100.0,76
COL1729,Diploma in Electrical Engineering,Pune,2024,307,80,76,4,78.4,87.2,100.0,76
COL1730,MBA,Sangli,2021,124,50,38,12,76.22,78.1,87.1,40
COL1730,MBA,Sangli,2022,133,50,40,10,77.98,80.0,100.0,40
COL1730,MBA,Sangli,2023,134,50,40,10,79.21,77.3,96.9,51
COL1730,MBA,Sangli,2024,176,60,51,9,78.58,85.9,100.0,49
COL1731,BA History,Pune,2021,293,160,111,49,48.67,74.5,87.3,121
COL1731,BA History,Pune,2022,329,160,121,39,47.51,75.7,86.7,127
COL1731,BA History,Pune,2023,336,180,127,53,45.95,76.4,90.1,130
COL1731,BA History,Pune,2024,360,180,130,50,48.3,73.2,93.1,136
COL1732,B.Pharm,Latur,2021,138,50,39,11,80.73,94.1,100.0,42
COL1732,B.Pharm,Latur,2022,150,50,42,8,78.35,87.6,99.4,44
COL1732,B.Pharm,Latur,2023,156,50,44,6,79.41,98.0,100.0,40
COL1732,B.Pharm,Latur,2024,148,50,40,10,79.99,87.9,100.0,51
COL1733,BSc Computer Science,Kolhapur,2021,232,80,65,15,69.96,93.4,100.0,67
COL1733,BSc Computer Science,Kolhapur,2022,252,80,67,13,67.51,94.8,100.0,69
COL1733,BSc Computer Science,Kolhapur,2023,269,80,69,11,67.59,94.7,100.0,67
COL1733,BSc Computer Science,Kolhapur,2024,257,80,67,13,68.29,88.6,100.0,75
COL1734,BCom,Parbhani,2021,351,260,169,91,42.05,72.3,82.0,168
COL1734,BCom,Parbhani,2022,357,270,168,102,43.26,69.4,82.1,186
COL1734,BCom,Parbhani,2023,426,290,186,104,46.99,65.0,80.0,216
COL1734,BCom,Parbhani,2024,519,300,216,84,44.77,62.0,80.3,208
COL1735,BSc Computer Science,Akola,2021,493,160,128,32,70.94,98.0,100.0,146
COL1735,BSc Computer Science,Akola,2022,561,170,146,24,71.16,97.2,100.0,158
COL1735,BSc Computer Science,Akola,2023,651,180,158,22,72.04,97.9,100.0,139
COL1735,BSc Computer Science,Akola,2024,552,160,139,21,73.56,95.7,100.0,174
COL1736,MBA,Nandurbar,2021,138,50,40,10,82.24,80.0,100.0,41
COL1736,MBA,Nandurbar,2022,144,50,41,9,80.55,82.3,93.1,43
COL1736,MBA,Nandurbar,2023,157,50,43,7,82.85,79.9,92.4,39
COL1736,MBA,Nandurbar,2024,143,50,39,11,84.07,83.7,99.5,43
COL1737,BSc,Gondia,2021,865,250,220,30,68.99,90.4,100.0,218
COL1737,BSc,Gondia,2022,843,260,218,42,65.96,85.6,97.4,198
COL1737,BSc,Gondia,2023,763,230,198,32,69.04,90.4,100.0,233
COL1737,BSc,Gondia,2024,922,250,233,17,68.14,90.0,100.0,256
COL1738,BSc,Yavatmal,2021,810,350,256,94,56.43,83.5,100.0,261
COL1738,BSc,Yavatmal,2022,841,340,261,79,60.9,79.4,97.4,276
COL1738,BSc,Yavatmal,2023,899,330,276,54,57.86,81.8,93.2,287
COL1738,BSc,Yavatmal,2024,981,350,287,63,57.2,87.2,100.0,273
COL1739,BE Computer Engineering,Mumbai Suburban,2021,61,50,30,20,69.6,70.6,81.6,32
COL1739,BE Computer Engineering,Mumbai Suburban,2022,69,50,32,18,71.93,69.5,83.7,35
COL1739,BE Computer Engineering,Mumbai Suburban,2023,82,50,35,15,70.51,72.2,84.5,26
COL1739,BE Computer Engineering,Mumbai Suburban,2024,61,40,26,14,72.75,63.9,75.6,34
COL1740,B.Ed,Gadchiroli,2021,102,80,49,31,50.93,53.2,69.3,53
COL1740,B.Ed,Gadchiroli,2022,104,80,53,27,52.83,54.9,72.6,50
COL1740,B.Ed,Gadchiroli,2023,102,80,50,30,55.35,59.9,68.7,54
COL1740,B.Ed,Gadchiroli,2024,110,80,54,26,56.5,59.3,74.5,55
COL1741,B.Ed,Gadchiroli,2021,127,40,34,6,77.18,90.8,100.0,37
COL1741,B.Ed,Gadchiroli,2022,146,40,37,3,79.48,94.4,100.0,35
COL1741,B.Ed,Gadchiroli,2023,142,40,35,5,77.66,88.7,100.0,37
COL1741,B.Ed,Gadchiroli,2024,154,40,37,3,78.23,94.2,100.0,48
COL1742,BSc,Satara,2021,618,210,179,31,61.61,85.1,100.0,177
COL1742,BSc,Satara,2022,619,210,177,33,61.86,90.4,100.0,165
COL1742,BSc,Satara,2023,582,200,165,35,62.13,91.0,100.0,204
COL1742,BSc,Satara,2024,756,240,204,36,63.07,82.5,99.1,166
COL1743,BSc,Nanded,2021,410,150,119,31,64.94,85.2,100.0,119
COL1743,BSc,Nanded,2022,450,140,119,21,63.59,87.3,100.0,133
COL1743,BSc,Nanded,2023,477,150,133,17,65.36,90.3,100.0,132
COL1743,BSc,Nanded,2024,501,150,132,18,63.36,84.7,100.0,133
COL1744,BCom,Pune,2021,481,270,177,93,52.08,76.2,95.8,186
COL1744,BCom,Pune,2022,504,260,186,74,50.94,71.9,89.9,200
COL1744,BCom,Pune,2023,543,280,200,80,49.34,72.1,87.2,210
COL1744,BCom,Pune,2024,546,290,210,80,52.14,79.2,93.7,236
COL1745,B.Arch,Buldhana,2021,58,30,21,9,75.38,75.5,85.3,22
COL1745,B.Arch,Buldhana,2022,67,30,22,8,78.56,81.5,97.1,22
COL1745,B.Arch,Buldhana,2023,62,30,22,8,76.55,85.6,98.6,23
COL1745,B.Arch,Buldhana,2024,71,30,23,7,78.64,86.8,98.1,23
COL1746,BE Electrical Engineering,Solapur,2021,206,80,64,16,89.55,83.4,100.0,66
COL1746,BE Electrical Engineering,Solapur,2022,212,80,66,14,85.13,87.0,96.3,71
COL1746,BE Electrical Engineering,Solapur,2023,237,90,71,19,85.66,84.4,100.0,73
COL1746,BE Electrical Engineering,Solapur,2024,235,90,73,17,89.31,78.3,95.2,63
COL1747,LLB,Dharashiv,2021,182,100,74,26,66.8,66.2,79.6,68
COL1747,LLB,Dharashiv,2022,175,100,68,32,67.94,76.8,93.0,83
COL1747,LLB,Dharashiv,2023,218,110,83,27,65.77,71.1,88.9,79
COL1747,LLB,Dharashiv,2024,221,110,79,31,67.19,73.6,82.9,72
COL1748,BA,Mumbai City,2021,244,100,76,24,58.1,85.3,100.0,77
COL1748,BA,Mumbai City,2022,248,100,77,23,59.03,75.6,85.9,82
COL1748,BA,Mumbai City,2023,271,100,82,18,57.17,80.2,99.7,74
COL1748,BA,Mumbai City,2024,252,90,74,16,59.46,85.2,100.0,100
COL1749,BE Civil Engineering,Satara,2021,248,100,75,25,89.04,91.7,100.0,76
COL1749,BE Civil Engineering,Satara,2022,257,100,76,24,87.98,90.3,100.0,84
COL1749,BE Civil Engineering,Satara,2023,269,100,84,16,91.4,85.4,100.0,73
COL1749,BE Civil Engineering,Satara,2024,241,90,73,17,91.74,88.4,100.0,96
COL1750,Diploma in Civil Engineering,Ratnagiri,2021,262,80,69,11,77.42,91.2,100.0,68
COL1750,Diploma in Civil Engineering,Ratnagiri,2022,270,80,68,12,77.63,97.1,100.0,69
COL1750,Diploma in Civil Engineering,Ratnagiri,2023,268,80,69,11,78.35,98.0,100.0,85
COL1750,Diploma in Civil Engineering,Ratnagiri,2024,356,90,85,5,80.24,98.0,100.0,64
COL1751,BA,Mumbai Suburban,2021,765,480,309,171,47.73,74.5,93.3,360
COL1751,BA,Mumbai Suburban,2022,865,500,360,140,49.37,75.7,86.7,396
COL1751,BA,Mumbai Suburban,2023,975,530,396,134,49.13,70.3,88.6,344
COL1751,BA,Mumbai Suburban,2024,930,450,344,106,48.6,79.2,98.3,388
COL1752,B.Ed,Amravati,2021,200,80,60,20,69.72,74.1,89.1,64
COL1752,B.Ed,Amravati,2022,213,80,64,16,69.18,77.5,96.5,67
COL1752,B.Ed,Amravati,2023,229,80,67,13,69.09,81.5,97.3,77
COL1752,B.Ed,Amravati,2024,262,90,77,13,69.23,75.0,85.2,56
COL1753,BBA,Nandurbar,2021,102,50,36,14,72.02,71.9,87.2,39
COL1753,BBA,Nandurbar,2022,119,50,39,11,73.33,80.3,96.7,46
COL1753,BBA,Nandurbar,2023,135,60,46,14,69.42,76.6,95.1,38
COL1753,BBA,Nandurbar,2024,119,50,38,12,71.9,79.0,96.2,45
COL1754,BCom,Sangli,2021,161,120,75,45,45.91,60.7,73.7,82
COL1754,BCom,Sangli,2022,180,120,82,38,46.2,54.4,64.3,89
COL1754,BCom,Sangli,2023,221,130,89,41,50.64,62.4,81.3,101
COL1754,BCom,Sangli,2024,242,140,101,39,49.41,54.3,66.5,82
COL1755,Diploma in Mechanical Engineering,Ahmednagar,2021,83,50,33,17,57.68,66.6,77.6,34
COL1755,Diploma in Mechanical Engineering,Ahmednagar,2022,86,50,34,16,58.54,68.8,80.8,38
COL1755,Diploma in Mechanical Engineering,Ahmednagar,2023,97,50,38,12,60.13,65.3,74.9,46
COL1755,Diploma in Mechanical Engineering,Ahmednagar,2024,126,60,46,14,56.14,74.9,86.4,42
COL1756,BA,Wardha,2021,1019,410,305,105,56.23,76.2,92.2,330
COL1756,BA,Wardha,2022,1087,400,330,70,60.02,77.9,95.9,363
COL1756,BA,Wardha,2023,1239,440,363,77,57.1,81.2,94.5,333
COL1756,BA,Wardha,2024,1109,400,333,67,61.9,83.2,92.9,329
COL1757,Diploma in Mechanical Engineering,Solapur,2021,209,100,75,25,60.64,73.5,91.9,79
COL1757,Diploma in Mechanical Engineering,Solapur,2022,221,100,79,21,62.1,78.2,88.8,80
COL1757,Diploma in Mechanical Engineering,Solapur,2023,248,110,80,30,61.91,82.0,100.0,75
COL1757,Diploma in Mechanical Engineering,Solapur,2024,218,100,75,25,63.36,77.8,90.4,70
COL1758,B.Arch,Chandrapur,2021,56,30,21,9,75.38,75.5,88.1,23
COL1758,B.Arch,Chandrapur,2022,67,30,23,7,77.11,75.6,90.5,23
COL1758,B.Arch,Chandrapur,2023,65,30,23,7,79.06,86.1,100.0,24
COL1758,B.Arch,Chandrapur,2024,69,30,24,6,77.65,81.6,93.7,24
COL1759,BE Computer Engineering,Nanded,2021,89,60,39,21,71.78,75.1,87.9,39
COL1759,BE Computer Engineering,Nanded,2022,90,60,39,21,74.7,69.7,78.3,44
COL1759,BE Computer Engineering,Nanded,2023,104,60,44,16,72.17,74.1,85.9,50
COL1759,BE Computer Engineering,Nanded,2024,115,70,50,20,75.78,76.2,93.3,48
COL1760,BCom,Sangli,2021,1172,420,336,84,60.65,93.3,100.0,365
COL1760,BCom,Sangli,2022,1265,430,365,65,64.63,92.6,100.0,361
COL1760,BCom,Sangli,2023,1337,450,361,89,63.95,90.4,100.0,425
COL1760,BCom,Sangli,2024,1638,490,425,65,61.75,91.9,100.0,445
COL1761,Diploma in Electrical Engineering,Chandrapur,2021,90,50,36,14,58.93,68.3,80.1,34
COL1761,Diploma in Electrical Engineering,Chandrapur,2022,91,50,34,16,55.39,73.5,93.5,36
COL1761,Diploma in Electrical Engineering,Chandrapur,2023,95,50,36,14,56.54,78.6,97.0,38
COL1761,Diploma in Electrical Engineering,Chandrapur,2024,104,50,38,12,58.59,77.2,88.5,47
COL1762,B.Pharm,Nanded,2021,218,80,63,17,80.25,88.0,100.0,67
COL1762,B.Pharm,Nanded,2022,244,80,67,13,78.9,85.4,97.3,64
COL1762,B.Pharm,Nanded,2023,238,80,64,16,82.9,87.2,98.2,71
COL1762,B.Pharm,Nanded,2024,260,80,71,9,78.93,83.0,99.3,70
COL1763,BCom,Nashik,2021,157,100,69,31,45.92,58.8,70.5,67
COL1763,BCom,Nashik,2022,165,100,67,33,49.55,63.7,72.6,75
COL1763,BCom,Nashik,2023,190,110,75,35,49.85,65.4,74.7,81
COL1763,BCom,Nashik,2024,205,110,81,29,49.43,56.8,64.3,75
COL1764,BE Computer Engineering,Mumbai Suburban,2021,303,110,86,24,89.69,94.3,100.0,95
COL1764,BE Computer Engineering,Mumbai Suburban,2022,321,120,95,25,89.81,93.1,100.0,100
COL1764,BE Computer Engineering,Mumbai Suburban,2023,363,120,100,20,92.07,86.2,100.0,95
COL1764,BE Computer Engineering,Mumbai Suburban,2024,329,110,95,15,89.57,91.8,100.0,114
COL1765,BA,Solapur,2021,208,140,87,53,45.86,65.8,77.3,100
COL1765,BA,Solapur,2022,238,150,100,50,46.61,56.5,75.0,90
COL1765,BA,Solapur,2023,205,140,90,50,48.87,55.9,73.9,95
COL1765,BA,Solapur,2024,244,130,95,35,46.33,65.0,81.6,103
COL1766,BSc,Nashik,2021,1219,480,391,89,60.51,74.5,89.0,386
COL1766,BSc,Nashik,2022,1279,480,386,94,60.0,73.8,93.1,406
COL1766,BSc,Nashik,2023,1326,500,406,94,60.1,76.3,85.4,367
COL1766,BSc,Nashik,2024,1287,460,367,93,57.65,80.8,94.9,414
COL1767,BCom,Nanded,2021,387,200,143,57,57.27,75.1,87.8,141
COL1767,BCom,Nanded,2022,410,190,141,49,56.82,80.5,90.3,150
COL1767,BCom,Nanded,2023,449,200,150,50,57.26,75.1,92.7,133
COL1767,BCom,Nanded,2024,407,180,133,47,56.46,74.4,89.7,142
COL1768,D.Pharm,Mumbai City,2021,76,50,32,18,59.27,62.2,75.6,35
COL1768,D.Pharm,Mumbai City,2022,84,50,35,15,60.21,66.8,79.0,36
COL1768,D.Pharm,Mumbai City,2023,81,50,36,14,63.82,61.8,78.4,37
COL1768,D.Pharm,Mumbai City,2024,87,50,37,13,60.13,72.3,85.7,35
COL1769,GNM,Pune,2021,135,50,40,10,66.75,90.7,100.0,43
COL1769,GNM,Pune,2022,155,50,43,7,69.74,81.2,95.2,41
COL1769,GNM,Pune,2023,141,50,41,9,67.73,92.8,100.0,44
COL1769,GNM,Pune,2024,164,50,44,6,68.78,90.4,100.0,45
COL1770,BE Computer Engineering,Gondia,2021,209,180,115,65,66.67,72.4,82.3,120
COL1770,BE Computer Engineering,Gondia,2022,208,180,120,60,65.39,74.0,92.2,103
COL1770,BE Computer Engineering,Gondia,2023,193,170,103,67,65.83,75.8,89.6,138
COL1770,BE Computer Engineering,Gondia,2024,260,200,138,62,68.58,82.2,99.0,112
COL1771,BSc Computer Science,Satara,2021,523,160,136,24,70.66,91.7,100.0,139
COL1771,BSc Computer Science,Satara,2022,554,160,139,21,71.8,98.0,100.0,149
COL1771,BSc Computer Science,Satara,2023,608,180,149,31,70.04,98.0,100.0,136
COL1771,BSc Computer Science,Satara,2024,539,160,136,24,69.25,92.8,100.0,159
COL1772,BCom,Chandrapur,2021,455,130,115,15,68.66,86.5,100.0,123
COL1772,BCom,Chandrapur,2022,511,140,123,17,70.79,87.9,100.0,116
COL1772,BCom,Chandrapur,2023,466,130,116,14,70.14,80.9,96.9,117
COL1772,BCom,Chandrapur,2024,498,130,117,13,72.27,87.7,100.0,103
COL1773,B.Sc Agriculture,Mumbai City,2021,134,50,40,10,70.78,85.0,100.0,42
COL1773,B.Sc Agriculture,Mumbai City,2022,138,50,42,8,71.27,90.5,100.0,41
COL1773,B.Sc Agriculture,Mumbai City,2023,136,50,41,9,68.14,91.9,100.0,42
COL1773,B.Sc Agriculture,Mumbai City,2024,148,50,42,8,70.57,87.0,100.0,42
COL1774,BSc,Buldhana,2021,520,140,127,13,70.25,85.2,100.0,133
COL1774,BSc,Buldhana,2022,580,150,133,17,69.39,79.6,98.9,125
COL1774,BSc,Buldhana,2023,539,140,125,15,67.11,82.8,95.3,123
COL1774,BSc,Buldhana,2024,553,140,123,17,67.29,86.2,100.0,130
COL1775,BSc,Kolhapur,2021,281,280,163,117,41.4,61.5,71.8,194
COL1775,BSc,Kolhapur,2022,388,290,194,96,39.55,65.5,79.0,177
COL1775,BSc,Kolhapur,2023,328,260,177,83,39.36,61.1,69.0,185
COL1775,BSc,Kolhapur,2024,360,290,185,105,39.08,59.9,75.1,156
COL1776,BA LLB,Jalna,2021,186,80,61,19,77.33,83.7,100.0,60
COL1776,BA LLB,Jalna,2022,194,80,60,20,74.07,87.8,100.0,75
COL1776,BA LLB,Jalna,2023,251,90,75,15,75.89,80.9,100.0,69
COL1776,BA LLB,Jalna,2024,237,90,69,21,75.19,85.0,95.4,54
COL1777,BA,Chhatrapati Sambhajinagar,2021,147,110,69,41,41.42,59.5,74.2,75
COL1777,BA,Chhatrapati Sambhajinagar,2022,153,110,75,35,43.12,58.1,70.0,76
COL1777,BA,Chhatrapati Sambhajinagar,2023,174,120,76,44,45.2,55.0,69.9,78
COL1777,BA,Chhatrapati Sambhajinagar,2024,168,120,78,42,44.3,54.3,70.5,81
COL1778,BA,Solapur,2021,170,110,74,36,45.23,66.1,77.0,72
COL1778,BA,Solapur,2022,175,110,72,38,47.47,61.4,71.8,72
COL1778,BA,Solapur,2023,189,100,72,28,46.94,71.1,79.4,90
COL1778,BA,Solapur,2024,222,120,90,30,47.36,69.1,84.7,77
COL1779,BE Mechanical Engineering,Ahmednagar,2021,102,60,40,20,77.4,76.3,87.6,43
COL1779,BE Mechanical Engineering,Ahmednagar,2022,110,60,43,17,79.83,78.3,96.9,45
COL1779,BE Mechanical Engineering,Ahmednagar,2023,120,60,45,15,76.46,74.2,89.1,42
COL1779,BE Mechanical Engineering,Ahmednagar,2024,114,60,42,18,80.94,76.5,95.5,46
COL1780,B.Sc Agriculture,Amravati,2021,104,50,35,15,64.47,79.1,97.2,35
COL1780,B.Sc Agriculture,Amravati,2022,101,50,35,15,63.91,80.4,92.7,37
COL1780,B.Sc Agriculture,Amravati,2023,117,50,37,13,63.74,87.9,100.0,41
COL1780,B.Sc Agriculture,Amravati,2024,126,50,41,9,65.33,90.1,100.0,46
COL1781,BE Computer Engineering,Mumbai Suburban,2021,387,110,99,11,99.09,89.3,100.0,100
COL1781,BE Computer Engineering,Mumbai Suburban,2022,385,110,100,10,99.95,89.4,100.0,110
COL1781,BE Computer Engineering,Mumbai Suburban,2023,434,120,110,10,99.95,94.6,100.0,104
COL1781,BE Computer Engineering,Mumbai Suburban,2024,433,120,104,16,98.08,93.1,100.0,114
COL1782,BSc,Washim,2021,716,410,272,138,48.05,68.0,81.8,293
COL1782,BSc,Washim,2022,788,430,293,137,51.58,71.7,82.3,266
COL1782,BSc,Washim,2023,745,390,266,124,51.14,72.2,87.1,304
COL1782,BSc,Washim,2024,871,390,304,86,52.63,79.9,94.9,309
COL1783,BSc,Satara,2021,1122,410,328,82,60.62,92.3,100.0,331
COL1783,BSc,Satara,2022,1200,400,331,69,61.42,85.1,96.0,312
COL1783,BSc,Satara,2023,1158,400,312,88,61.2,87.5,100.0,297
COL1783,BSc,Satara,2024,1114,370,297,73,63.03,89.0,100.0,363
COL1784,BCom,Nagpur,2021,356,160,121,39,54.93,67.6,79.9,127
COL1784,BCom,Nagpur,2022,354,160,127,33,54.03,77.0,85.5,119
COL1784,BCom,Nagpur,2023,369,150,119,31,54.32,69.8,81.7,116
COL1784,BCom,Nagpur,2024,361,160,116,44,53.28,72.8,90.2,129
COL1785,BE Electrical Engineering,Mumbai City,2021,206,90,69,21,83.78,87.3,100.0,69
COL1785,BE Electrical Engineering,Mumbai City,2022,205,90,69,21,83.42,87.8,100.0,61
COL1785,BE Electrical Engineering,Mumbai City,2023,193,80,61,19,84.95,87.0,98.2,78
COL1785,BE Electrical Engineering,Mumbai City,2024,240,100,78,22,84.2,88.0,100.0,62
COL1786,BE Mechanical Engineering,Palghar,2021,672,200,180,20,96.3,96.0,100.0,164
COL1786,BE Mechanical Engineering,Palghar,2022,651,200,164,36,98.35,97.7,100.0,181
COL1786,BE Mechanical Engineering,Palghar,2023,698,200,181,19,99.5,98.0,100.0,172
COL1786,BE Mechanical Engineering,Palghar,2024,713,200,172,28,99.43,98.0,100.0,216
COL1787,BE Computer Engineering,Pune,2021,340,200,137,63,79.85,79.0,99.0,133
COL1787,BE Computer Engineering,Pune,2022,351,190,133,57,79.54,80.5,95.6,162
COL1787,BE Computer Engineering,Pune,2023,450,220,162,58,78.79,76.8,92.2,149
COL1787,BE Computer Engineering,Pune,2024,428,210,149,61,80.47,73.1,83.0,183
COL1788,BE Civil Engineering,Pune,2021,288,80,69,11,99.95,98.0,100.0,73
COL1788,BE Civil Engineering,Pune,2022,311,80,73,7,99.95,97.2,100.0,72
COL1788,BE Civil Engineering,Pune,2023,315,80,72,8,98.12,98.0,100.0,72
COL1788,BE Civil Engineering,Pune,2024,328,80,72,8,99.95,98.0,100.0,74
COL1789,D.Ed,Amravati,2021,116,40,32,8,74.77,85.3,100.0,35
COL1789,D.Ed,Amravati,2022,123,40,35,5,76.91,82.9,93.4,33
COL1789,D.Ed,Amravati,2023,123,40,33,7,74.29,87.2,100.0,36
COL1789,D.Ed,Amravati,2024,137,40,36,4,74.97,80.7,97.9,44
COL1790,BSc Computer Science,Gadchiroli,2021,607,150,140,10,74.49,91.0,100.0,143
COL1790,BSc Computer Science,Gadchiroli,2022,602,150,143,7,71.59,88.9,100.0,148
COL1790,BSc Computer Science,Gadchiroli,2023,672,160,148,12,74.14,95.2,100.0,121
COL1790,BSc Computer Science,Gadchiroli,2024,544,130,121,9,73.15,93.7,100.0,177
COL1791,Diploma in Computer Engineering,Kolhapur,2021,190,50,46,4,75.52,90.0,100.0,45
COL1791,Diploma in Computer Engineering,Kolhapur,2022,202,50,45,5,76.58,89.2,100.0,44
COL1791,Diploma in Computer Engineering,Kolhapur,2023,196,50,44,6,77.7,93.7,100.0,46
COL1791,Diploma in Computer Engineering,Kolhapur,2024,201,50,46,4,78.29,87.6,100.0,47
COL1792,BCom,Palghar,2021,356,320,207,113,41.16,57.9,64.9,206
COL1792,BCom,Palghar,2022,384,320,206,114,43.8,61.8,69.1,182
COL1792,BCom,Palghar,2023,356,300,182,118,42.99,59.4,74.8,199
COL1792,BCom,Palghar,2024,383,300,199,101,45.06,60.7,74.2,214
COL1793,B.Pharm,Raigad,2021,59,50,29,21,55.5,65.7,73.9,34
COL1793,B.Pharm,Raigad,2022,69,50,34,16,60.01,72.5,86.7,32
COL1793,B.Pharm,Raigad,2023,64,50,32,18,60.15,77.0,94.5,32
COL1793,B.Pharm,Raigad,2024,72,50,32,18,57.24,76.6,93.6,42
COL1794,Diploma in Computer Engineering,Kolhapur,2021,155,50,43,7,75.46,90.6,100.0,40
COL1794,Diploma in Computer Engineering,Kolhapur,2022,155,50,40,10,73.49,89.4,100.0,52
COL1794,Diploma in Computer Engineering,Kolhapur,2023,204,60,52,8,75.77,88.1,99.4,44
COL1794,Diploma in Computer Engineering,Kolhapur,2024,177,50,44,6,78.13,87.0,99.2,53
COL1795,BSc,Satara,2021,874,410,293,117,55.43,80.8,95.0,329
COL1795,BSc,Satara,2022,1064,430,329,101,58.1,81.8,100.0,343
COL1795,BSc,Satara,2023,1059,430,343,87,58.89,80.5,99.5,394
COL1795,BSc,Satara,2024,1316,480,394,86,58.34,83.4,93.8,333
COL1796,D.Ed,Parbhani,2021,67,40,26,14,60.96,71.1,82.3,29
COL1796,D.Ed,Parbhani,2022,74,40,29,11,58.22,76.7,92.8,27
COL1796,D.Ed,Parbhani,2023,67,40,27,13,58.74,67.3,80.9,37
COL1796,D.Ed,Parbhani,2024,98,50,37,13,59.6,72.9,81.7,29
COL1797,BSc Mathematics,Washim,2021,304,100,82,18,70.29,98.0,100.0,89
COL1797,BSc Mathematics,Washim,2022,350,100,89,11,69.96,93.7,100.0,90
COL1797,BSc Mathematics,Washim,2023,348,100,90,10,72.11,93.3,100.0,79
COL1797,BSc Mathematics,Washim,2024,319,90,79,11,69.96,91.6,100.0,81
COL1798,B.Arch,Nashik,2021,99,30,26,4,87.64,92.9,100.0,26
COL1798,B.Arch,Nashik,2022,97,30,26,4,89.82,92.3,100.0,27
COL1798,B.Arch,Nashik,2023,100,30,27,3,89.21,96.6,100.0,27
COL1798,B.Arch,Nashik,2024,104,30,27,3,91.38,98.0,100.0,26
COL1799,BE Computer Engineering,Akola,2021,284,80,69,11,99.95,98.0,100.0,75
COL1799,BE Computer Engineering,Akola,2022,328,80,75,5,99.95,97.5,100.0,80
COL1799,BE Computer Engineering,Akola,2023,354,90,80,10,98.35,97.3,100.0,77
COL1799,BE Computer Engineering,Akola,2024,344,80,77,3,98.91,98.0,100.0,85
COL1800,BCom,Nagpur,2021,255,210,133,77,37.69,55.2,62.2,143
COL1800,BCom,Nagpur,2022,276,220,143,77,39.59,51.6,63.8,144
COL1800,BCom,Nagpur,2023,253,220,144,76,41.8,50.8,66.7,144
COL1800,BCom,Nagpur,2024,265,230,144,86,37.62,54.6,63.4,153
COL1801,BCom,Chhatrapati Sambhajinagar,2021,663,210,174,36,67.23,98.0,100.0,173
COL1801,BCom,Chhatrapati Sambhajinagar,2022,657,210,173,37,67.16,98.0,100.0,199
COL1801,BCom,Chhatrapati Sambhajinagar,2023,766,230,199,31,68.85,90.7,100.0,173
COL1801,BCom,Chhatrapati Sambhajinagar,2024,703,190,173,17,68.72,95.5,100.0,184
COL1802,BCom,Akola,2021,1601,410,380,30,70.46,86.1,100.0,372
COL1802,BCom,Akola,2022,1615,410,372,38,66.47,79.9,96.2,385
COL1802,BCom,Akola,2023,1659,430,385,45,68.93,82.8,99.9,409
COL1802,BCom,Akola,2024,1861,440,409,31,69.41,84.0,100.0,436
COL1803,D.Pharm,Hingoli,2021,111,50,37,13,68.59,85.3,100.0,37
COL1803,D.Pharm,Hingoli,2022,104,50,37,13,70.82,87.5,98.3,39
COL1803,D.Pharm,Hingoli,2023,120,50,39,11,70.45,78.9,91.3,29
COL1803,D.Pharm,Hingoli,2024,90,40,29,11,71.1,78.6,89.3,39
COL1804,BSc Mathematics,Nagpur,2021,251,100,80,20,61.54,83.7,95.4,85
COL1804,BSc Mathematics,Nagpur,2022,270,110,85,25,64.77,84.7,100.0,77
COL1804,BSc Mathematics,Nagpur,2023,254,100,77,23,64.32,90.1,100.0,76
COL1804,BSc Mathematics,Nagpur,2024,259,90,76,14,63.98,85.7,96.2,81
COL1805,BE Mechanical Engineering,Pune,2021,168,60,49,11,92.79,87.7,98.4,49
COL1805,BE Mechanical Engineering,Pune,2022,180,60,49,11,93.95,94.4,100.0,49
COL1805,BE Mechanical Engineering,Pune,2023,179,60,49,11,90.76,95.3,100.0,51
COL1805,BE Mechanical Engineering,Pune,2024,186,60,51,9,90.74,92.7,100.0,63
COL1806,BA LLB,Thane,2021,99,50,36,14,70.56,73.7,82.6,36
COL1806,BA LLB,Thane,2022,95,50,36,14,66.5,78.9,97.6,35
COL1806,BA LLB,Thane,2023,100,50,35,15,67.13,80.1,93.7,38
COL1806,BA LLB,Thane,2024,114,50,38,12,71.36,75.6,95.9,40
COL1807,BE Computer Engineering,Pune,2021,385,180,140,40,84.82,86.9,97.7,139
COL1807,BE Computer Engineering,Pune,2022,422,190,139,51,84.19,92.5,100.0,135
COL1807,BE Computer Engineering,Pune,2023,418,180,135,45,81.16,84.0,98.5,129
COL1807,BE Computer Engineering,Pune,2024,394,170,129,41,81.53,87.9,100.0,131
COL1808,D.Ed,Chhatrapati Sambhajinagar,2021,238,80,65,15,74.05,76.0,92.1,69
COL1808,D.Ed,Chhatrapati Sambhajinagar,2022,258,80,69,11,74.05,82.0,100.0,70
COL1808,D.Ed,Chhatrapati Sambhajinagar,2023,263,80,70,10,75.58,81.9,99.5,65
COL1808,D.Ed,Chhatrapati Sambhajinagar,2024,249,80,65,15,74.96,83.0,100.0,62
COL1809,D.Ed,Thane,2021,275,80,71,9,78.41,89.3,100.0,66
COL1809,D.Ed,Thane,2022,259,80,66,14,77.86,90.3,100.0,60
COL1809,D.Ed,Thane,2023,240,70,60,10,82.77,85.0,96.8,82
COL1809,D.Ed,Thane,2024,340,90,82,8,80.77,94.4,100.0,67
COL1810,BE Electronics & Telecommunication,Nandurbar,2021,189,80,62,18,85.24,92.3,100.0,65
COL1810,BE Electronics & Telecommunication,Nandurbar,2022,204,80,65,15,86.11,86.5,96.8,62
COL1810,BE Electronics & Telecommunication,Nandurbar,2023,195,80,62,18,86.4,84.7,100.0,56
COL1810,BE Electronics & Telecommunication,Nandurbar,2024,194,70,56,14,87.18,87.9,100.0,69
COL1811,BSc Computer Science,Palghar,2021,368,150,116,34,60.05,89.7,100.0,119
COL1811,BSc Computer Science,Palghar,2022,371,150,119,31,61.03,81.2,94.7,121
COL1811,BSc Computer Science,Palghar,2023,402,150,121,29,64.36,79.6,91.7,110
COL1811,BSc Computer Science,Palghar,2024,365,140,110,30,60.14,82.6,92.2,143
COL1812,B.Ed,Amravati,2021,79,40,29,11,65.67,68.4,81.1,32
COL1812,B.Ed,Amravati,2022,97,40,32,8,62.59,76.0,87.9,30
COL1812,B.Ed,Amravati,2023,86,40,30,10,64.3,72.2,92.6,29
COL1812,B.Ed,Amravati,2024,87,40,29,11,67.43,74.9,89.5,33
COL1813,MBA,Nanded,2021,169,50,43,7,91.96,91.8,100.0,43
COL1813,MBA,Nanded,2022,173,50,43,7,90.02,92.3,100.0,45
COL1813,MBA,Nanded,2023,179,50,45,5,92.84,87.0,100.0,45
COL1813,MBA,Nanded,2024,193,50,45,5,92.66,90.4,100.0,55
COL1814,BSc Computer Science,Mumbai Suburban,2021,328,150,116,34,59.91,81.2,95.7,119
COL1814,BSc Computer Science,Mumbai Suburban,2022,359,150,119,31,56.88,83.1,97.3,114
COL1814,BSc Computer Science,Mumbai Suburban,2023,340,160,114,46,59.65,81.2,97.7,111
COL1814,BSc Computer Science,Mumbai Suburban,2024,340,140,111,29,58.71,82.4,100.0,98
COL1815,BCom,Amravati,2021,1078,550,379,171,55.05,81.8,94.1,421
COL1815,BCom,Amravati,2022,1213,580,421,159,52.48,75.4,90.1,385
COL1815,BCom,Amravati,2023,1131,520,385,135,56.07,72.6,85.3,408
COL1815,BCom,Amravati,2024,1261,500,408,92,55.17,73.4,82.8,445
COL1816,BE Mechanical Engineering,Yavatmal,2021,166,100,70,30,73.11,69.1,83.2,64
COL1816,BE Mechanical Engineering,Yavatmal,2022,160,100,64,36,73.94,72.3,84.7,72
COL1816,BE Mechanical Engineering,Yavatmal,2023,174,100,72,28,73.04,76.7,85.1,81
COL1816,BE Mechanical Engineering,Yavatmal,2024,188,110,81,29,76.92,74.9,86.9,63
COL1817,BA LLB,Buldhana,2021,173,50,44,6,90.0,87.0,100.0,42
COL1817,BA LLB,Buldhana,2022,172,50,42,8,87.23,79.0,90.7,47
COL1817,BA LLB,Buldhana,2023,195,50,47,3,88.05,89.6,100.0,38
COL1817,BA LLB,Buldhana,2024,156,40,38,2,86.9,92.6,100.0,48
COL1818,BA Economics,Hingoli,2021,834,200,187,13,62.55,97.2,100.0,189
COL1818,BA Economics,Hingoli,2022,806,210,189,21,64.18,96.6,100.0,212
COL1818,BA Economics,Hingoli,2023,966,220,212,8,62.76,98.0,100.0,199
COL1818,BA Economics,Hingoli,2024,939,220,199,21,63.01,98.0,100.0,194
COL1819,BCom,Nandurbar,2021,786,280,222,58,62.99,90.1,100.0,231
COL1819,BCom,Nandurbar,2022,835,290,231,59,62.66,86.1,99.1,248
COL1819,BCom,Nandurbar,2023,897,290,248,42,63.26,87.2,100.0,227
COL1819,BCom,Nandurbar,2024,804,270,227,43,60.73,81.7,92.1,241
COL1820,MBA,Kolhapur,2021,233,50,49,1,92.49,94.5,100.0,49
COL1820,MBA,Kolhapur,2022,239,50,49,1,90.52,89.0,100.0,49
COL1820,MBA,Kolhapur,2023,243,50,49,1,91.02,92.7,100.0,50
COL1820,MBA,Kolhapur,2024,261,50,50,0,88.52,94.7,100.0,50
COL1821,BE Mechanical Engineering,Jalgaon,2021,211,60,53,7,97.23,98.0,100.0,52
COL1821,BE Mechanical Engineering,Jalgaon,2022,203,60,52,8,96.87,92.3,100.0,52
COL1821,BE Mechanical Engineering,Jalgaon,2023,204,60,52,8,97.98,95.2,100.0,53
COL1821,BE Mechanical Engineering,Jalgaon,2024,223,60,53,7,99.95,98.0,100.0,44
COL1822,BCom,Palghar,2021,634,260,206,54,56.78,84.8,100.0,200
COL1822,BCom,Palghar,2022,616,250,200,50,56.57,80.8,92.3,222
COL1822,BCom,Palghar,2023,696,280,222,58,58.55,82.7,93.3,238
COL1822,BCom,Palghar,2024,787,280,238,42,59.15,87.2,100.0,211
COL1823,MBA,Ratnagiri,2021,172,80,58,22,72.6,72.7,87.5,59
COL1823,MBA,Ratnagiri,2022,171,80,59,21,72.6,73.3,89.2,58
COL1823,MBA,Ratnagiri,2023,168,80,58,22,71.84,68.2,87.4,53
COL1823,MBA,Ratnagiri,2024,169,70,53,17,75.11,71.5,87.6,67
COL1824,B.Sc Nursing,Pune,2021,124,50,39,11,65.36,77.8,97.7,39
COL1824,B.Sc Nursing,Pune,2022,129,50,39,11,66.01,74.2,88.4,38
COL1824,B.Sc Nursing,Pune,2023,129,50,38,12,65.58,85.2,96.4,50
COL1824,B.Sc Nursing,Pune,2024,171,60,50,10,64.37,85.0,100.0,39
COL1825,B.Pharm,Sindhudurg,2021,155,80,56,24,70.26,84.4,99.9,57
COL1825,B.Pharm,Sindhudurg,2022,166,80,57,23,69.87,81.7,94.9,73
COL1825,B.Pharm,Sindhudurg,2023,228,90,73,17,69.94,81.8,96.7,65
COL1825,B.Pharm,Sindhudurg,2024,204,80,65,15,68.4,83.2,100.0,60
COL1826,BA LLB,Parbhani,2021,128,100,61,39,57.68,61.8,77.4,69
COL1826,BA LLB,Parbhani,2022,144,100,69,31,59.19,61.9,72.3,75
COL1826,BA LLB,Parbhani,2023,158,110,75,35,58.11,50.2,67.0,58
COL1826,BA LLB,Parbhani,2024,136,90,58,32,61.19,57.8,71.0,70
COL1827,BSc,Nagpur,2021,417,280,181,99,44.58,62.0,77.3,186
COL1827,BSc,Nagpur,2022,450,280,186,94,46.18,55.5,69.8,181
COL1827,BSc,Nagpur,2023,407,260,181,79,47.91,64.6,78.5,193
COL1827,BSc,Nagpur,2024,455,270,193,77,48.1,66.1,84.1,178
COL1828,BSc Computer Science,Pune,2021,187,100,74,26,52.95,71.4,81.7,74
COL1828,BSc Computer Science,Pune,2022,186,100,74,26,52.49,82.5,100.0,67
COL1828,BSc Computer Science,Pune,2023,171,100,67,33,50.37,75.8,91.9,70
COL1828,BSc Computer Science,Pune,2024,186,100,70,30,54.18,82.9,92.4,71
COL1829,MBA,Mumbai Suburban,2021,130,50,41,9,76.2,86.3,100.0,41
COL1829,MBA,Mumbai Suburban,2022,135,50,41,9,78.77,85.1,95.4,39
COL1829,MBA,Mumbai Suburban,2023,134,50,39,11,77.04,84.0,93.6,42
COL1829,MBA,Mumbai Suburban,2024,150,50,42,8,81.02,86.1,100.0,51
COL1830,B.Ed,Bhandara,2021,143,40,36,4,77.5,94.0,100.0,36
COL1830,B.Ed,Bhandara,2022,138,40,36,4,80.56,93.5,100.0,36
COL1830,B.Ed,Bhandara,2023,139,40,36,4,81.11,93.1,100.0,43
COL1830,B.Ed,Bhandara,2024,175,50,43,7,80.86,94.8,100.0,28
COL1831,BSc,Akola,2021,824,200,179,21,68.13,85.7,100.0,186
COL1831,BSc,Akola,2022,854,200,186,14,69.3,92.4,100.0,189
COL1831,BSc,Akola,2023,904,190,189,1,70.2,91.7,100.0,202
COL1831,BSc,Akola,2024,973,210,202,8,69.19,95.2,100.0,229
COL1832,BA,Palghar,2021,987,280,250,30,65.17,87.3,98.2,253
COL1832,BA,Palghar,2022,954,300,253,47,65.4,91.3,100.0,241
COL1832,BA,Palghar,2023,985,260,241,19,68.37,88.6,100.0,250
COL1832,BA,Palghar,2024,1031,270,250,20,70.09,93.4,100.0,270
COL1833,BSc Computer Science,Mumbai City,2021,203,100,74,26,58.45,91.1,100.0,70
COL1833,BSc Computer Science,Mumbai City,2022,209,100,70,30,57.94,86.2,100.0,82
COL1833,BSc Computer Science,Mumbai City,2023,249,110,82,28,55.74,86.3,99.6,72
COL1833,BSc Computer Science,Mumbai City,2024,223,100,72,28,58.51,88.1,100.0,91
COL1834,BCom,Wardha,2021,258,100,82,18,59.42,79.0,90.8,79
COL1834,BCom,Wardha,2022,251,100,79,21,61.79,79.6,93.6,85
COL1834,BCom,Wardha,2023,279,110,85,25,60.78,72.8,90.7,69
COL1834,BCom,Wardha,2024,235,90,69,21,61.61,80.9,95.0,93
COL1835,BSc,Jalgaon,2021,136,140,87,53,36.44,56.8,65.0,90
COL1835,BSc,Jalgaon,2022,140,150,90,60,35.55,51.7,66.1,72
COL1835,BSc,Jalgaon,2023,109,130,72,58,33.51,63.7,76.5,74
COL1835,BSc,Jalgaon,2024,126,130,74,56,35.3,59.4,74.0,106
COL1836,BCom,Mumbai City,2021,422,160,126,34,59.39,80.8,90.6,136
COL1836,BCom,Mumbai City,2022,460,170,136,34,60.61,71.0,88.2,132
COL1836,BCom,Mumbai City,2023,425,160,132,28,59.69,75.6,90.5,147
COL1836,BCom,Mumbai City,2024,513,190,147,43,57.53,67.8,81.6,147
COL1837,LLB,Thane,2021,52,50,29,21,52.89,53.3,63.6,30
COL1837,LLB,Thane,2022,57,50,30,20,52.69,56.8,72.3,34
COL1837,LLB,Thane,2023,59,50,34,16,51.46,61.9,80.6,37
COL1837,LLB,Thane,2024,74,60,37,23,53.66,60.7,75.9,32
COL1838,MBA,Gondia,2021,138,50,39,11,83.11,76.0,85.2,42
COL1838,MBA,Gondia,2022,149,50,42,8,82.47,81.5,94.8,42
COL1838,MBA,Gondia,2023,153,50,42,8,83.73,81.6,92.9,45
COL1838,MBA,Gondia,2024,175,50,45,5,86.03,83.1,94.8,36
COL1839,BSc Computer Science,Chhatrapati Sambhajinagar,2021,139,80,55,25,52.43,78.4,95.9,58
COL1839,BSc Computer Science,Chhatrapati Sambhajinagar,2022,155,80,58,22,53.66,79.5,88.8,57
COL1839,BSc Computer Science,Chhatrapati Sambhajinagar,2023,149,80,57,23,55.2,78.3,94.5,64
COL1839,BSc Computer Science,Chhatrapati Sambhajinagar,2024,167,90,64,26,55.26,80.9,100.0,77
COL1840,BE Electrical Engineering,Pune,2021,173,90,67,23,76.45,69.7,87.8,67
COL1840,BE Electrical Engineering,Pune,2022,180,90,67,23,78.17,73.6,82.7,69
COL1840,BE Electrical Engineering,Pune,2023,179,100,69,31,77.18,73.1,92.0,70
COL1840,BE Electrical Engineering,Pune,2024,190,90,70,20,77.81,71.0,89.6,73
COL1841,BE Electrical Engineering,Satara,2021,188,80,62,18,85.14,79.0,98.2,57
COL1841,BE Electrical Engineering,Satara,2022,169,80,57,23,84.27,88.5,100.0,71
COL1841,BE Electrical Engineering,Satara,2023,218,90,71,19,82.7,75.1,94.8,60
COL1841,BE Electrical Engineering,Satara,2024,178,80,60,20,82.26,78.9,89.3,75
COL1842,BE Mechanical Engineering,Dhule,2021,251,70,62,8,99.0,96.2,100.0,61
COL1842,BE Mechanical Engineering,Dhule,2022,264,70,61,9,99.95,94.8,100.0,76
COL1842,BE Mechanical Engineering,Dhule,2023,334,80,76,4,99.95,95.4,100.0,68
COL1842,BE Mechanical Engineering,Dhule,2024,296,70,68,2,99.55,98.0,100.0,56
COL1843,BE Electrical Engineering,Jalgaon,2021,297,150,110,40,80.47,75.3,91.5,102
COL1843,BE Electrical Engineering,Jalgaon,2022,282,150,102,48,76.56,77.4,92.6,114
COL1843,BE Electrical Engineering,Jalgaon,2023,305,160,114,46,76.2,75.3,83.6,98
COL1843,BE Electrical Engineering,Jalgaon,2024,279,140,98,42,78.19,83.7,100.0,126
COL1844,BCom,Amravati,2021,535,200,159,41,60.21,77.5,98.1,163
COL1844,BCom,Amravati,2022,527,200,163,37,56.53,72.6,90.8,149
COL1844,BCom,Amravati,2023,518,190,149,41,57.7,76.2,87.9,149
COL1844,BCom,Amravati,2024,522,190,149,41,61.79,78.6,90.4,172
COL1845,BE Mechanical Engineering,Gadchiroli,2021,217,120,80,40,78.12,77.2,86.3,90
COL1845,BE Mechanical Engineering,Gadchiroli,2022,224,120,90,30,79.06,80.0,99.2,83
COL1845,BE Mechanical Engineering,Gadchiroli,2023,221,120,83,37,79.84,81.5,95.8,94
COL1845,BE Mechanical Engineering,Gadchiroli,2024,257,130,94,36,80.23,76.8,94.0,82
COL1846,LLB,Satara,2021,190,50,44,6,86.88,94.6,100.0,43
COL1846,LLB,Satara,2022,186,50,43,7,88.29,98.0,100.0,48
COL1846,LLB,Satara,2023,215,50,48,2,87.63,94.5,100.0,38
COL1846,LLB,Satara,2024,172,40,38,2,89.23,91.5,100.0,56
COL1847,BA,Nagpur,2021,500,190,156,34,57.3,79.1,93.2,157
COL1847,BA,Nagpur,2022,539,190,157,33,61.57,80.3,100.0,143
COL1847,BA,Nagpur,2023,505,180,143,37,61.8,75.3,86.2,160
COL1847,BA,Nagpur,2024,562,190,160,30,59.97,85.4,98.6,162
COL1848,BA,Raigad,2021,367,110,97,13,64.86,98.0,100.0,91
COL1848,BA,Raigad,2022,370,110,91,19,68.21,97.7,100.0,104
COL1848,BA,Raigad,2023,428,120,104,16,68.88,96.3,100.0,113
COL1848,BA,Raigad,2024,447,130,113,17,67.71,94.0,100.0,89
COL1849,MBBS,Ahmednagar,2021,543,170,144,26,98.67,89.6,100.0,144
COL1849,MBBS,Ahmednagar,2022,553,170,144,26,98.48,97.9,100.0,151
COL1849,MBBS,Ahmednagar,2023,579,170,151,19,99.95,97.6,100.0,163
COL1849,MBBS,Ahmednagar,2024,615,180,163,17,99.81,98.0,100.0,144
COL1850,BE Computer Engineering,Thane,2021,271,100,78,22,93.36,89.1,100.0,87
COL1850,BE Computer Engineering,Thane,2022,319,100,87,13,96.53,87.5,98.7,81
COL1850,BE Computer Engineering,Thane,2023,290,100,81,19,95.83,85.6,95.4,88
COL1850,BE Computer Engineering,Thane,2024,345,100,88,12,95.99,91.7,100.0,105
COL1851,MBBS,Mumbai City,2021,174,170,102,68,91.78,63.1,76.7,112
COL1851,MBBS,Mumbai City,2022,220,180,112,68,93.84,68.6,85.3,114
COL1851,MBBS,Mumbai City,2023,212,190,114,76,93.75,63.9,71.6,110
COL1851,MBBS,Mumbai City,2024,226,180,110,70,95.98,69.7,80.3,109
COL1852,BA,Kolhapur,2021,1007,370,287,83,64.32,77.8,94.9,319
COL1852,BA,Kolhapur,2022,1140,380,319,61,63.96,76.0,90.0,328
COL1852,BA,Kolhapur,2023,1210,380,328,52,64.1,85.2,100.0,287
COL1852,BA,Kolhapur,2024,1099,340,287,53,65.94,75.9,96.1,354
COL1853,B.Sc Nursing,Latur,2021,138,50,41,9,65.18,76.8,92.8,39
COL1853,B.Sc Nursing,Latur,2022,131,50,39,11,64.33,81.1,92.7,40
COL1853,B.Sc Nursing,Latur,2023,134,50,40,10,68.88,83.6,96.1,46
COL1853,B.Sc Nursing,Latur,2024,160,60,46,14,65.86,84.5,100.0,42
COL1854,BA,Nashik,2021,325,140,103,37,56.73,78.1,94.8,104
COL1854,BA,Nashik,2022,332,130,104,26,60.39,76.0,93.5,121
COL1854,BA,Nashik,2023,405,150,121,29,57.1,75.4,89.2,123
COL1854,BA,Nashik,2024,422,160,123,37,59.4,76.1,85.6,135
COL1855,BBA,Ratnagiri,2021,136,80,56,24,65.88,68.7,77.5,59
COL1855,BBA,Ratnagiri,2022,154,80,59,21,67.04,67.3,80.1,61
COL1855,BBA,Ratnagiri,2023,160,80,61,19,66.43,65.0,79.2,58
COL1855,BBA,Ratnagiri,2024,159,80,58,22,64.3,74.1,92.1,50
COL1856,BA,Pune,2021,434,130,113,17,65.2,83.6,95.8,110
COL1856,BA,Pune,2022,432,130,110,20,65.74,84.7,96.7,123
COL1856,BA,Pune,2023,480,140,123,17,65.26,91.6,100.0,121
COL1856,BA,Pune,2024,487,130,121,9,66.1,85.7,99.7,137
COL1857,BA English,Thane,2021,237,100,74,26,54.72,79.6,97.6,75
COL1857,BA English,Thane,2022,240,100,75,25,51.27,81.7,100.0,69
COL1857,BA English,Thane,2023,228,90,69,21,52.66,80.2,97.2,80
COL1857,BA English,Thane,2024,261,100,80,20,51.85,82.6,96.6,73
COL1858,LLB,Pune,2021,381,100,90,10,89.9,90.0,100.0,93
COL1858,LLB,Pune,2022,405,100,93,7,89.73,98.0,100.0,93
COL1858,LLB,Pune,2023,404,100,93,7,90.02,98.0,100.0,88
COL1858,LLB,Pune,2024,390,90,88,2,88.47,95.2,100.0,106
COL1859,BE Computer Engineering,Jalgaon,2021,581,190,157,33,99.86,92.3,100.0,175
COL1859,BE Computer Engineering,Jalgaon,2022,670,200,175,25,96.16,98.0,100.0,175
COL1859,BE Computer Engineering,Jalgaon,2023,673,200,175,25,98.29,94.7,100.0,161
COL1859,BE Computer Engineering,Jalgaon,2024,634,190,161,29,99.23,98.0,100.0,211
COL1860,BCom,Pune,2021,455,210,154,56,51.68,69.0,85.2,168
COL1860,BCom,Pune,2022,490,210,168,42,56.32,68.3,78.2,167
COL1860,BCom,Pune,2023,506,210,167,43,53.78,77.4,91.3,177
COL1860,BCom,Pune,2024,563,220,177,43,56.27,73.4,86.8,166
COL1861,BSc Computer Science,Parbhani,2021,189,100,72,28,54.59,73.0,81.8,69
COL1861,BSc Computer Science,Parbhani,2022,175,100,69,31,53.19,76.7,90.0,72
COL1861,BSc Computer Science,Parbhani,2023,201,100,72,28,55.56,78.4,87.0,67
COL1861,BSc Computer Science,Parbhani,2024,177,90,67,23,52.34,68.0,81.4,70
COL1862,BCom,Mumbai Suburban,2021,1654,550,470,80,64.14,84.1,100.0,440
COL1862,BCom,Mumbai Suburban,2022,1575,550,440,110,62.52,90.3,100.0,515
COL1862,BCom,Mumbai Suburban,2023,1929,600,515,85,61.88,79.9,93.8,488
COL1862,BCom,Mumbai Suburban,2024,1834,550,488,62,65.28,90.5,100.0,453
COL1863,BA LLB,Pune,2021,281,80,72,8,85.54,82.1,100.0,71
COL1863,BA LLB,Pune,2022,280,80,71,9,89.51,78.7,96.8,76
COL1863,BA LLB,Pune,2023,307,90,76,14,87.26,74.8,87.9,79
COL1863,BA LLB,Pune,2024,322,90,79,11,86.92,85.9,100.0,64
COL1864,LLB,Pune,2021,114,50,38,12,69.01,79.3,95.5,36
COL1864,LLB,Pune,2022,104,50,36,14,72.74,74.8,91.0,39
COL1864,LLB,Pune,2023,119,50,39,11,69.81,79.8,97.0,36
COL1864,LLB,Pune,2024,108,50,36,14,69.4,84.1,100.0,48
COL1865,BSc,Washim,2021,1450,500,414,86,60.51,87.3,100.0,425
COL1865,BSc,Washim,2022,1563,490,425,65,61.28,84.3,100.0,437
COL1865,BSc,Washim,2023,1634,540,437,103,63.9,80.4,100.0,408
COL1865,BSc,Washim,2024,1514,490,408,82,64.81,90.4,100.0,406
COL1866,BSc,Akola,2021,598,270,203,67,55.27,67.7,87.0,205
COL1866,BSc,Akola,2022,629,260,205,55,52.65,69.7,85.4,205
COL1866,BSc,Akola,2023,593,280,205,75,53.91,71.1,84.8,217
COL1866,BSc,Akola,2024,688,270,217,53,54.3,69.2,86.6,242
COL1867,LLB,Pune,2021,83,50,33,17,67.09,66.3,75.2,36
COL1867,LLB,Pune,2022,93,50,36,14,68.23,59.8,68.4,37
COL1867,LLB,Pune,2023,94,50,37,13,68.14,64.6,74.5,36
COL1867,LLB,Pune,2024,100,50,36,14,68.95,62.6,77.8,43
COL1868,BA English,Dhule,2021,360,110,97,13,57.78,93.1,100.0,94
COL1868,BA English,Dhule,2022,363,110,94,16,61.75,87.8,100.0,90
COL1868,BA English,Dhule,2023,350,100,90,10,59.94,87.1,99.0,107
COL1868,BA English,Dhule,2024,427,120,107,13,61.64,85.9,100.0,113
COL1869,BA English,Dharashiv,2021,330,100,86,14,62.19,94.7,100.0,91
COL1869,BA English,Dharashiv,2022,349,110,91,19,58.61,93.8,100.0,83
COL1869,BA English,Dharashiv,2023,330,100,83,17,60.3,91.9,100.0,92
COL1869,BA English,Dharashiv,2024,362,100,92,8,62.93,92.9,100.0,113
COL1870,LLB,Sangli,2021,295,100,80,20,86.4,89.5,100.0,89
COL1870,LLB,Sangli,2022,325,100,89,11,85.19,84.4,100.0,82
COL1870,LLB,Sangli,2023,322,100,82,18,83.16,86.4,97.1,78
COL1870,LLB,Sangli,2024,307,90,78,12,86.42,89.5,100.0,97
COL1871,GNM,Mumbai Suburban,2021,245,80,66,14,72.36,97.0,100.0,70
COL1871,GNM,Mumbai Suburban,2022,281,80,70,10,74.65,92.4,100.0,74
COL1871,GNM,Mumbai Suburban,2023,286,80,74,6,75.07,95.2,100.0,83
COL1871,GNM,Mumbai Suburban,2024,331,90,83,7,75.54,97.7,100.0,80
COL1872,BBA,Sangli,2021,183,80,64,16,73.57,72.9,85.2,57
COL1872,BBA,Sangli,2022,170,80,57,23,71.28,76.4,89.0,65
COL1872,BBA,Sangli,2023,209,80,65,15,72.12,72.1,86.7,64
COL1872,BBA,Sangli,2024,200,80,64,16,72.58,79.8,95.7,79
COL1873,BCom,Raigad,2021,325,200,141,59,45.94,63.6,75.9,136
COL1873,BCom,Raigad,2022,337,200,136,64,48.29,66.5,84.9,138
COL1873,BCom,Raigad,2023,315,190,138,52,44.86,69.5,89.6,144
COL1873,BCom,Raigad,2024,335,200,144,56,46.29,69.6,87.7,128
COL1874,BBA,Satara,2021,246,80,64,16,85.87,97.5,100.0,68
COL1874,BBA,Satara,2022,263,80,68,12,89.66,92.2,100.0,66
COL1874,BBA,Satara,2023,258,80,66,14,87.89,89.3,100.0,74
COL1874,BBA,Satara,2024,295,80,74,6,86.38,98.0,100.0,72
COL1875,B.Ed,Latur,2021,115,40,33,7,77.33,81.3,95.5,32
COL1875,B.Ed,Latur,2022,119,40,32,8,77.02,85.8,100.0,35
COL1875,B.Ed,Latur,2023,131,40,35,5,76.34,86.1,100.0,35
COL1875,B.Ed,Latur,2024,138,40,35,5,77.8,87.8,100.0,34
COL1876,BA,Pune,2021,1169,410,330,80,62.75,76.9,93.3,349
COL1876,BA,Pune,2022,1309,410,349,61,65.18,85.2,95.2,312
COL1876,BA,Pune,2023,1201,390,312,78,65.57,75.6,94.8,346
COL1876,BA,Pune,2024,1334,390,346,44,65.8,77.1,93.7,395
COL1877,BCom,Parbhani,2021,509,150,133,17,68.4,97.4,100.0,123
COL1877,BCom,Parbhani,2022,480,150,123,27,67.72,90.1,100.0,126
COL1877,BCom,Parbhani,2023,512,140,126,14,68.91,94.3,100.0,142
COL1877,BCom,Parbhani,2024,561,160,142,18,70.91,88.6,100.0,114
COL1878,BE Computer Engineering,Nagpur,2021,117,50,36,14,87.46,81.9,96.6,38
COL1878,BE Computer Engineering,Nagpur,2022,127,50,38,12,87.98,84.4,100.0,37
COL1878,BE Computer Engineering,Nagpur,2023,123,50,37,13,89.03,87.4,100.0,39
COL1878,BE Computer Engineering,Nagpur,2024,134,50,39,11,89.77,92.8,100.0,47
COL1879,B.Ed,Sindhudurg,2021,47,40,26,14,52.44,67.9,77.7,25
COL1879,B.Ed,Sindhudurg,2022,49,40,25,15,52.1,65.7,81.2,24
COL1879,B.Ed,Sindhudurg,2023,43,40,24,16,48.33,64.0,81.4,30
COL1879,B.Ed,Sindhudurg,2024,61,50,30,20,50.69,65.9,83.9,26
COL1880,MBA,Chhatrapati Sambhajinagar,2021,165,50,42,8,92.04,83.7,96.8,46
COL1880,MBA,Chhatrapati Sambhajinagar,2022,185,50,46,4,88.36,86.0,100.0,43
COL1880,MBA,Chhatrapati Sambhajinagar,2023,173,50,43,7,90.24,84.9,98.9,43
COL1880,MBA,Chhatrapati Sambhajinagar,2024,179,50,43,7,90.49,93.2,100.0,54
COL1881,B.Pharm,Chandrapur,2021,82,50,33,17,65.3,68.7,78.5,35
COL1881,B.Pharm,Chandrapur,2022,90,50,35,15,60.8,67.7,81.6,34
COL1881,B.Pharm,Chandrapur,2023,87,50,34,16,63.96,71.1,87.8,34
COL1881,B.Pharm,Chandrapur,2024,85,50,34,16,63.15,78.3,90.7,38
COL1882,BA,Chhatrapati Sambhajinagar,2021,1580,410,367,43,67.22,91.3,100.0,397
COL1882,BA,Chhatrapati Sambhajinagar,2022,1720,420,397,23,70.39,90.2,100.0,333
COL1882,BA,Chhatrapati Sambhajinagar,2023,1400,380,333,47,69.0,95.1,100.0,359
COL1882,BA,Chhatrapati Sambhajinagar,2024,1541,390,359,31,67.79,94.6,100.0,468
COL1883,BA,Palghar,2021,176,210,121,89,36.2,58.8,77.1,129
COL1883,BA,Palghar,2022,207,220,129,91,34.7,63.1,79.9,130
COL1883,BA,Palghar,2023,184,220,130,90,36.92,61.2,79.5,155
COL1883,BA,Palghar,2024,246,240,155,85,36.19,59.3,74.3,116
COL1884,BSc,Wardha,2021,260,140,97,43,51.95,72.6,82.1,108
COL1884,BSc,Wardha,2022,301,140,108,32,52.38,65.0,78.8,116
COL1884,BSc,Wardha,2023,330,150,116,34,53.05,71.4,91.6,103
COL1884,BSc,Wardha,2024,291,130,103,27,53.57,73.7,82.3,121
COL1885,B.Tech Agricultural Engineering,Nandurbar,2021,137,50,39,11,74.39,92.7,100.0,43
COL1885,B.Tech Agricultural Engineering,Nandurbar,2022,162,50,43,7,74.42,88.4,100.0,42
COL1885,B.Tech Agricultural Engineering,Nandurbar,2023,159,50,42,8,72.82,89.1,100.0,42
COL1885,B.Tech Agricultural Engineering,Nandurbar,2024,158,50,42,8,74.82,97.1,100.0,45
COL1886,BSc Physics,Mumbai Suburban,2021,169,100,71,29,50.95,79.4,88.7,66
COL1886,BSc Physics,Mumbai Suburban,2022,172,100,66,34,53.18,75.5,88.0,69
COL1886,BSc Physics,Mumbai Suburban,2023,177,100,69,31,53.9,68.6,86.9,69
COL1886,BSc Physics,Mumbai Suburban,2024,184,100,69,31,55.32,80.9,99.6,79
COL1887,BSc,Palghar,2021,1026,400,318,82,58.78,87.7,100.0,317
COL1887,BSc,Palghar,2022,988,420,317,103,60.02,88.6,100.0,339
COL1887,BSc,Palghar,2023,1110,410,339,71,55.86,86.6,98.0,361
COL1887,BSc,Palghar,2024,1167,440,361,79,57.34,80.5,97.5,365
COL1888,BSc,Mumbai City,2021,1506,550,441,109,59.24,85.3,96.9,486
COL1888,BSc,Mumbai City,2022,1725,560,486,74,62.08,80.6,94.9,431
COL1888,BSc,Mumbai City,2023,1545,520,431,89,62.01,83.2,100.0,421
COL1888,BSc,Mumbai City,2024,1489,510,421,89,63.26,78.0,93.7,432
COL1889,B.Pharm,Pune,2021,106,50,38,12,69.65,78.4,92.1,38
COL1889,B.Pharm,Pune,2022,109,50,38,12,71.21,87.6,99.2,44
COL1889,B.Pharm,Pune,2023,132,60,44,16,72.22,79.4,95.7,39
COL1889,B.Pharm,Pune,2024,118,50,39,11,68.28,81.2,94.2,38
COL1890,B.Pharm,Mumbai City,2021,72,50,32,18,62.0,73.1,82.8,31
COL1890,B.Pharm,Mumbai City,2022,68,50,31,19,59.41,77.2,93.0,33
COL1890,B.Pharm,Mumbai City,2023,79,50,33,17,59.7,77.6,95.7,35
COL1890,B.Pharm,Mumbai City,2024,76,50,35,15,62.18,70.3,87.7,35
COL1891,BE Electrical Engineering,Raigad,2021,108,50,38,12,83.51,86.1,100.0,38
COL1891,BE Electrical Engineering,Raigad,2022,108,50,38,12,85.14,85.9,100.0,37
COL1891,BE Electrical Engineering,Raigad,2023,116,50,37,13,84.22,87.1,96.7,45
COL1891,BE Electrical Engineering,Raigad,2024,131,60,45,15,82.42,88.4,100.0,38
COL1892,BE Civil Engineering,Pune,2021,653,210,175,35,99.95,95.5,100.0,192
COL1892,BE Civil Engineering,Pune,2022,765,220,192,28,98.09,96.1,100.0,172
COL1892,BE Civil Engineering,Pune,2023,709,200,172,28,99.95,93.1,100.0,176
COL1892,BE Civil Engineering,Pune,2024,708,200,176,24,99.95,93.2,100.0,228
COL1893,GNM,Jalgaon,2021,186,80,58,22,65.58,77.2,91.8,65
COL1893,GNM,Jalgaon,2022,215,80,65,15,68.87,83.1,99.4,56
COL1893,GNM,Jalgaon,2023,193,70,56,14,67.22,76.7,96.8,63
COL1893,GNM,Jalgaon,2024,214,80,63,17,64.81,78.7,94.4,76
COL1894,MBA,Mumbai Suburban,2021,313,80,74,6,89.54,96.1,100.0,70
COL1894,MBA,Mumbai Suburban,2022,309,80,70,10,89.24,91.0,100.0,72
COL1894,MBA,Mumbai Suburban,2023,303,80,72,8,89.88,98.0,100.0,78
COL1894,MBA,Mumbai Suburban,2024,356,80,78,2,92.83,89.9,100.0,87
COL1895,BCom,Mumbai Suburban,2021,621,210,167,43,65.37,82.7,100.0,175
COL1895,BCom,Mumbai Suburban,2022,639,200,175,25,62.3,85.5,97.5,180
COL1895,BCom,Mumbai Suburban,2023,677,220,180,40,64.07,88.7,100.0,197
COL1895,BCom,Mumbai Suburban,2024,729,220,197,23,65.49,87.0,100.0,212
COL1896,BE Computer Engineering,Ratnagiri,2021,150,60,45,15,90.04,89.5,100.0,45
COL1896,BE Computer Engineering,Ratnagiri,2022,153,60,45,15,87.84,92.2,100.0,49
COL1896,BE Computer Engineering,Ratnagiri,2023,162,60,49,11,87.18,90.7,100.0,58
COL1896,BE Computer Engineering,Ratnagiri,2024,196,70,58,12,87.94,88.1,100.0,47
COL1897,BA,Parbhani,2021,235,130,87,43,49.77,76.2,87.4,97
COL1897,BA,Parbhani,2022,262,130,97,33,51.55,71.0,85.6,92
COL1897,BA,Parbhani,2023,254,120,92,28,50.73,68.4,80.7,90
COL1897,BA,Parbhani,2024,239,130,90,40,50.98,70.4,79.4,117
COL1898,LLB,Sindhudurg,2021,110,50,38,12,69.66,80.0,89.1,37
COL1898,LLB,Sindhudurg,2022,103,50,37,13,71.79,79.9,91.8,38
COL1898,LLB,Sindhudurg,2023,111,50,38,12,70.49,76.6,87.9,39
COL1898,LLB,Sindhudurg,2024,120,50,39,11,72.21,83.7,97.6,38
COL1899,BCom,Mumbai City,2021,220,100,76,24,54.39,73.6,88.5,74
COL1899,BCom,Mumbai City,2022,223,100,74,26,54.32,72.0,89.4,71
COL1899,BCom,Mumbai City,2023,213,100,71,29,56.44,81.1,91.7,79
COL1899,BCom,Mumbai City,2024,241,110,79,31,56.81,71.6,88.2,78
COL1900,BSc,Nagpur,2021,298,250,166,84,38.05,53.7,63.1,150
COL1900,BSc,Nagpur,2022,298,250,150,100,40.8,52.7,66.6,147
COL1900,BSc,Nagpur,2023,287,240,147,93,42.44,51.9,69.4,152
COL1900,BSc,Nagpur,2024,298,250,152,98,40.24,57.1,75.1,152
COL1901,BCom,Sindhudurg,2021,261,110,80,30,58.02,78.7,91.9,85
COL1901,BCom,Sindhudurg,2022,280,110,85,25,58.86,77.3,97.7,97
COL1901,BCom,Sindhudurg,2023,337,120,97,23,61.0,80.2,94.2,103
COL1901,BCom,Sindhudurg,2024,349,130,103,27,60.93,75.4,93.3,105
COL1902,BSc,Nagpur,2021,1593,510,439,71,64.21,86.5,100.0,426
COL1902,BSc,Nagpur,2022,1504,520,426,94,62.94,88.1,100.0,414
COL1902,BSc,Nagpur,2023,1519,480,414,66,63.22,82.7,100.0,404
COL1902,BSc,Nagpur,2024,1496,490,404,86,64.78,86.8,100.0,439
COL1903,BE Mechanical Engineering,Raigad,2021,535,200,159,41,87.31,82.8,100.0,166
COL1903,BE Mechanical Engineering,Raigad,2022,525,200,166,34,88.26,84.7,100.0,168
COL1903,BE Mechanical Engineering,Raigad,2023,565,220,168,52,88.16,88.8,100.0,139
COL1903,BE Mechanical Engineering,Raigad,2024,459,180,139,41,91.34,92.3,100.0,164
COL1904,BE Computer Engineering,Raigad,2021,162,110,75,35,74.9,76.1,90.6,77
COL1904,BE Computer Engineering,Raigad,2022,179,110,77,33,72.99,69.1,86.0,78
COL1904,BE Computer Engineering,Raigad,2023,182,120,78,42,75.22,73.6,90.3,73
COL1904,BE Computer Engineering,Raigad,2024,171,110,73,37,75.12,73.6,93.8,66
COL1905,Diploma in Electrical Engineering,Pune,2021,301,80,73,7,77.12,91.6,100.0,72
COL1905,Diploma in Electrical Engineering,Pune,2022,294,80,72,8,76.68,91.7,100.0,74
COL1905,Diploma in Electrical Engineering,Pune,2023,318,80,74,6,79.73,91.6,100.0,71
COL1905,Diploma in Electrical Engineering,Pune,2024,317,80,71,9,77.85,93.5,100.0,72
COL1906,Diploma in Computer Engineering,Yavatmal,2021,95,50,35,15,58.15,70.7,89.2,34
COL1906,Diploma in Computer Engineering,Yavatmal,2022,95,50,34,16,57.45,74.3,86.6,39
COL1906,Diploma in Computer Engineering,Yavatmal,2023,113,50,39,11,58.67,76.1,94.1,38
COL1906,Diploma in Computer Engineering,Yavatmal,2024,101,50,38,12,60.97,73.1,88.6,36
COL1907,BE Computer Engineering,Nagpur,2021,215,70,57,13,98.75,98.0,100.0,58
COL1907,BE Computer Engineering,Nagpur,2022,232,70,58,12,98.08,97.8,100.0,64
COL1907,BE Computer Engineering,Nagpur,2023,269,70,64,6,99.95,92.2,100.0,53
COL1907,BE Computer Engineering,Nagpur,2024,214,60,53,7,99.09,92.7,100.0,72
COL1908,BCom,Pune,2021,1192,410,332,78,63.13,98.0,100.0,381
COL1908,BCom,Pune,2022,1389,430,381,49,67.14,98.0,100.0,394
COL1908,BCom,Pune,2023,1581,440,394,46,63.63,92.2,100.0,388
COL1908,BCom,Pune,2024,1517,460,388,72,66.47,90.2,100.0,431
COL1909,BCom,Chandrapur,2021,939,310,262,48,61.6,91.0,100.0,264
COL1909,BCom,Chandrapur,2022,970,320,264,56,63.71,85.5,100.0,231
COL1909,BCom,Chandrapur,2023,862,290,231,59,61.45,81.2,94.5,267
COL1909,BCom,Chandrapur,2024,1038,320,267,53,66.27,87.1,100.0,238
COL1910,BA,Jalgaon,2021,380,120,99,21,66.79,82.7,100.0,104
COL1910,BA,Jalgaon,2022,412,120,104,16,68.84,89.3,100.0,97
COL1910,BA,Jalgaon,2023,378,110,97,13,65.92,86.0,100.0,107
COL1910,BA,Jalgaon,2024,440,120,107,13,66.45,87.5,100.0,116
COL1911,MBA,Beed,2021,198,80,65,15,78.16,75.5,94.2,65
COL1911,MBA,Beed,2022,202,80,65,15,77.51,80.0,96.9,60
COL1911,MBA,Beed,2023,199,80,60,20,75.64,84.6,96.1,62
COL1911,MBA,Beed,2024,211,80,62,18,76.31,80.3,95.2,75
COL1912,BCom,Nagpur,2021,947,310,259,51,63.68,74.8,91.4,248
COL1912,BCom,Nagpur,2022,933,310,248,62,67.96,83.6,95.0,238
COL1912,BCom,Nagpur,2023,849,290,238,52,63.67,85.3,100.0,307
COL1912,BCom,Nagpur,2024,1177,360,307,53,66.77,85.2,99.9,325
COL1913,BSc,Pune,2021,445,140,116,24,68.44,88.5,100.0,120
COL1913,BSc,Pune,2022,470,140,120,20,68.47,86.0,95.7,128
COL1913,BSc,Pune,2023,525,140,128,12,66.53,81.0,91.7,117
COL1913,BSc,Pune,2024,492,130,117,13,68.35,89.8,100.0,136
COL1914,B.Ed,Pune,2021,178,80,61,19,62.89,68.0,87.3,61
COL1914,B.Ed,Pune,2022,170,80,61,19,66.83,77.5,96.3,68
COL1914,B.Ed,Pune,2023,200,90,68,22,63.84,73.2,87.3,54
COL1914,B.Ed,Pune,2024,164,70,54,16,67.22,73.1,82.9,79
COL1915,Diploma in Computer Engineering,Dhule,2021,290,80,69,11,78.8,85.1,97.8,71
COL1915,Diploma in Computer Engineering,Dhule,2022,300,80,71,9,80.58,88.2,100.0,75
COL1915,Diploma in Computer Engineering,Dhule,2023,329,80,75,5,76.68,85.4,98.5,72
COL1915,Diploma in Computer Engineering,Dhule,2024,326,80,72,8,81.14,87.2,98.8,99
COL1916,BE Computer Engineering,Nanded,2021,307,90,79,11,98.96,90.4,100.0,78
COL1916,BE Computer Engineering,Nanded,2022,318,90,78,12,99.89,92.4,100.0,78
COL1916,BE Computer Engineering,Nanded,2023,308,90,78,12,98.34,94.3,100.0,90
COL1916,BE Computer Engineering,Nanded,2024,369,100,90,10,99.56,91.8,100.0,101
COL1917,BA,Mumbai City,2021,1373,460,388,72,64.1,80.9,93.1,404
COL1917,BA,Mumbai City,2022,1494,470,404,66,64.62,86.6,100.0,449
COL1917,BA,Mumbai City,2023,1692,510,449,61,61.7,94.5,100.0,444
COL1917,BA,Mumbai City,2024,1613,500,444,56,62.75,90.5,100.0,443
COL1918,B.Sc Nursing,Raigad,2021,73,50,31,19,56.34,64.6,73.5,33
COL1918,B.Sc Nursing,Raigad,2022,72,50,33,17,53.72,58.0,72.1,36
COL1918,B.Sc Nursing,Raigad,2023,83,50,36,14,56.73,58.5,77.6,36
COL1918,B.Sc Nursing,Raigad,2024,83,50,36,14,56.92,60.4,79.7,26
COL1919,BA,Mumbai City,2021,1196,550,389,161,56.33,78.6,93.5,426
COL1919,BA,Mumbai City,2022,1228,560,426,134,55.15,74.9,91.6,369
COL1919,BA,Mumbai City,2023,1177,510,369,141,53.55,74.3,89.5,484
COL1919,BA,Mumbai City,2024,1482,640,484,156,53.15,71.6,92.0,382
COL1920,Diploma in Mechanical Engineering,Kolhapur,2021,187,80,61,19,65.29,85.9,100.0,64
COL1920,Diploma in Mechanical Engineering,Kolhapur,2022,218,80,64,16,65.51,76.2,86.1,62
COL1920,Diploma in Mechanical Engineering,Kolhapur,2023,214,80,62,18,69.72,79.4,93.3,77
COL1920,Diploma in Mechanical Engineering,Kolhapur,2024,264,90,77,13,67.0,81.8,100.0,70
COL1921,BA,Nashik,2021,297,370,221,149,34.98,53.5,64.9,216
COL1921,BA,Nashik,2022,332,360,216,144,36.37,53.9,69.4,218
COL1921,BA,Nashik,2023,321,340,218,122,33.82,58.8,74.8,234
COL1921,BA,Nashik,2024,360,380,234,146,33.96,56.9,67.9,251
COL1922,BE Computer Engineering,Mumbai City,2021,122,60,43,17,82.74,84.5,100.0,46
COL1922,BE Computer Engineering,Mumbai City,2022,140,60,46,14,82.53,79.9,98.6,44
COL1922,BE Computer Engineering,Mumbai City,2023,134,60,44,16,85.47,78.2,95.6,45
COL1922,BE Computer Engineering,Mumbai City,2024,133,60,45,15,82.2,80.2,98.4,53
COL1923,Diploma in Civil Engineering,Hingoli,2021,80,50,32,18,54.74,69.1,84.0,35
COL1923,Diploma in Civil Engineering,Hingoli,2022,89,50,35,15,54.66,64.9,73.4,37
COL1923,Diploma in Civil Engineering,Hingoli,2023,95,50,37,13,53.24,69.7,89.0,37
COL1923,Diploma in Civil Engineering,Hingoli,2024,96,50,37,13,55.47,74.4,89.0,35
COL1924,B.Pharm,Mumbai Suburban,2021,151,80,54,26,69.77,77.1,87.8,57
COL1924,B.Pharm,Mumbai Suburban,2022,158,80,57,23,67.42,82.0,92.5,60
COL1924,B.Pharm,Mumbai Suburban,2023,173,80,60,20,69.36,78.8,89.2,63
COL1924,B.Pharm,Mumbai Suburban,2024,190,80,63,17,69.05,83.7,99.4,61
COL1925,BCom,Nashik,2021,278,100,79,21,64.98,82.2,97.2,88
COL1925,BCom,Nashik,2022,330,110,88,22,66.18,84.1,93.3,87
COL1925,BCom,Nashik,2023,316,100,87,13,63.48,84.9,100.0,103
COL1925,BCom,Nashik,2024,399,120,103,17,65.67,78.6,92.2,91
COL1926,B.Ed,Gondia,2021,54,40,25,15,54.21,51.9,61.7,24
COL1926,B.Ed,Gondia,2022,50,40,24,16,54.09,50.2,62.2,25
COL1926,B.Ed,Gondia,2023,55,40,25,15,55.59,53.1,64.0,29
COL1926,B.Ed,Gondia,2024,64,40,29,11,56.06,55.9,67.5,36
COL1927,D.Pharm,Nandurbar,2021,156,50,40,10,82.95,96.3,100.0,44
COL1927,D.Pharm,Nandurbar,2022,167,50,44,6,82.44,96.8,100.0,44
COL1927,D.Pharm,Nandurbar,2023,173,50,44,6,84.74,88.8,100.0,42
COL1927,D.Pharm,Nandurbar,2024,167,50,42,8,85.24,91.7,100.0,46
COL1928,B.Pharm,Sindhudurg,2021,109,50,38,12,68.62,81.0,97.5,36
COL1928,B.Pharm,Sindhudurg,2022,108,50,36,14,69.15,81.2,91.9,36
COL1928,B.Pharm,Sindhudurg,2023,114,50,36,14,71.92,80.8,90.0,37
COL1928,B.Pharm,Sindhudurg,2024,111,50,37,13,71.81,78.2,93.8,49
COL1929,BCom,Palghar,2021,254,150,107,43,52.1,67.1,86.4,104
COL1929,BCom,Palghar,2022,259,150,104,46,51.95,69.0,83.5,113
COL1929,BCom,Palghar,2023,289,150,113,37,50.76,71.9,84.5,95
COL1929,BCom,Palghar,2024,233,140,95,45,51.86,73.6,87.5,115
COL1930,BA,Ratnagiri,2021,945,510,366,144,52.86,72.1,89.0,362
COL1930,BA,Ratnagiri,2022,1050,520,362,158,50.53,74.1,83.8,399
COL1930,BA,Ratnagiri,2023,1172,520,399,121,50.23,71.0,90.6,408
COL1930,BA,Ratnagiri,2024,1182,530,408,122,54.96,68.0,82.0,349
COL1931,Diploma in Civil Engineering,Gadchiroli,2021,425,100,94,6,76.31,96.6,100.0,91
COL1931,Diploma in Civil Engineering,Gadchiroli,2022,417,100,91,9,76.14,98.0,100.0,103
COL1931,Diploma in Civil Engineering,Gadchiroli,2023,490,110,103,7,79.95,96.5,100.0,107
COL1931,Diploma in Civil Engineering,Gadchiroli,2024,488,110,107,3,77.12,95.3,100.0,100
COL1932,BE Electronics & Telecommunication,Mumbai Suburban,2021,193,100,70,30,81.48,79.7,93.1,79
COL1932,BE Electronics & Telecommunication,Mumbai Suburban,2022,221,110,79,31,80.06,73.1,87.7,74
COL1932,BE Electronics & Telecommunication,Mumbai Suburban,2023,208,100,74,26,78.83,79.5,92.2,71
COL1932,BE Electronics & Telecommunication,Mumbai Suburban,2024,206,100,71,29,82.82,73.0,81.5,69
COL1933,BSc Computer Science,Jalna,2021,210,110,82,28,55.48,72.8,86.9,80
COL1933,BSc Computer Science,Jalna,2022,204,110,80,30,52.77,77.8,91.8,78
COL1933,BSc Computer Science,Jalna,2023,205,110,78,32,56.08,77.0,87.1,74
COL1933,BSc Computer Science,Jalna,2024,200,100,74,26,54.48,76.1,89.5,85
COL1934,BA LLB,Chhatrapati Sambhajinagar,2021,64,50,33,17,57.02,53.6,70.1,30
COL1934,BA LLB,Chhatrapati Sambhajinagar,2022,59,50,30,20,57.8,60.5,77.6,32
COL1934,BA LLB,Chhatrapati Sambhajinagar,2023,69,50,32,18,59.39,53.2,65.3,42
COL1934,BA LLB,Chhatrapati Sambhajinagar,2024,90,60,42,18,56.44,55.5,63.1,39
COL1935,BCom,Beed,2021,225,160,106,54,42.95,58.0,70.8,111
COL1935,BCom,Beed,2022,240,160,111,49,42.87,70.4,81.3,105
COL1935,BCom,Beed,2023,229,160,105,55,45.96,69.0,87.6,101
COL1935,BCom,Beed,2024,226,160,101,59,46.62,72.1,80.9,96
COL1936,BA Economics,Dharashiv,2021,646,200,176,24,60.42,98.0,100.0,163
COL1936,BA Economics,Dharashiv,2022,642,190,163,27,61.86,88.6,100.0,183
COL1936,BA Economics,Dharashiv,2023,730,200,183,17,60.57,94.5,100.0,195
COL1936,BA Economics,Dharashiv,2024,787,220,195,25,59.3,97.4,100.0,185
COL1937,BSc Computer Science,Chhatrapati Sambhajinagar,2021,163,80,56,24,59.57,84.0,94.0,64
COL1937,BSc Computer Science,Chhatrapati Sambhajinagar,2022,196,80,64,16,58.25,83.4,97.0,58
COL1937,BSc Computer Science,Chhatrapati Sambhajinagar,2023,175,80,58,22,61.01,79.8,96.8,52
COL1937,BSc Computer Science,Chhatrapati Sambhajinagar,2024,162,70,52,18,58.46,85.2,98.9,67
COL1938,BA,Yavatmal,2021,272,200,133,67,41.5,59.4,73.6,136
COL1938,BA,Yavatmal,2022,282,200,136,64,42.98,58.1,70.1,151
COL1938,BA,Yavatmal,2023,327,220,151,69,43.43,53.1,66.3,131
COL1938,BA,Yavatmal,2024,263,210,131,79,41.43,58.5,75.2,129
COL1939,BSc,Sangli,2021,326,120,93,27,60.73,86.1,100.0,103
COL1939,BSc,Sangli,2022,371,120,103,17,64.82,83.9,98.1,93
COL1939,BSc,Sangli,2023,347,110,93,17,60.79,89.4,100.0,109
COL1939,BSc,Sangli,2024,409,130,109,21,64.9,91.2,100.0,113
COL1940,BE Mechanical Engineering,Satara,2021,296,120,88,32,86.63,87.0,100.0,97
COL1940,BE Mechanical Engineering,Satara,2022,309,120,97,23,89.28,88.2,100.0,102
COL1940,BE Mechanical Engineering,Satara,2023,351,130,102,28,87.06,92.4,100.0,93
COL1940,BE Mechanical Engineering,Satara,2024,318,110,93,17,87.9,90.3,100.0,105
COL1941,BE Mechanical Engineering,Mumbai Suburban,2021,199,120,85,35,77.56,74.8,85.1,80
COL1941,BE Mechanical Engineering,Mumbai Suburban,2022,205,120,80,40,76.46,71.8,84.8,78
COL1941,BE Mechanical Engineering,Mumbai Suburban,2023,205,110,78,32,74.68,71.9,91.0,98
COL1941,BE Mechanical Engineering,Mumbai Suburban,2024,243,130,98,32,73.78,76.6,86.3,84
COL1942,BA English,Yavatmal,2021,241,100,79,21,55.06,74.8,84.3,80
COL1942,BA English,Yavatmal,2022,259,100,80,20,51.26,86.6,96.9,85
COL1942,BA English,Yavatmal,2023,284,110,85,25,54.85,79.0,98.1,89
COL1942,BA English,Yavatmal,2024,311,110,89,21,54.33,82.2,100.0,70
COL1943,Diploma in Civil Engineering,Pune,2021,158,80,56,24,61.95,68.1,84.2,61
COL1943,Diploma in Civil Engineering,Pune,2022,179,80,61,19,60.37,73.5,86.9,66
COL1943,Diploma in Civil Engineering,Pune,2023,206,90,66,24,61.59,68.2,85.1,74
COL1943,Diploma in Civil Engineering,Pune,2024,215,90,74,16,62.69,70.0,80.8,59
COL1944,BSc,Pune,2021,85,100,62,38,33.67,55.4,65.0,60
COL1944,BSc,Pune,2022,96,110,60,50,36.54,56.3,71.2,64
COL1944,BSc,Pune,2023,96,100,64,36,34.95,57.8,64.6,59
COL1944,BSc,Pune,2024,98,100,59,41,33.29,53.9,63.2,65
COL1945,MBBS,Satara,2021,329,170,124,46,96.55,78.1,91.5,130
COL1945,MBBS,Satara,2022,320,180,130,50,94.81,68.8,80.1,123
COL1945,MBBS,Satara,2023,311,180,123,57,97.01,74.9,94.8,132
COL1945,MBBS,Satara,2024,358,190,132,58,97.65,69.2,81.2,153
COL1946,BE Computer Engineering,Nagpur,2021,289,100,80,20,93.6,94.1,100.0,86
COL1946,BE Computer Engineering,Nagpur,2022,317,100,86,14,95.1,93.7,100.0,95
COL1946,BE Computer Engineering,Nagpur,2023,357,110,95,15,97.57,90.2,100.0,76
COL1946,BE Computer Engineering,Nagpur,2024,294,90,76,14,95.45,93.8,100.0,74
COL1947,B.Ed,Nanded,2021,252,80,66,14,78.32,91.3,100.0,70
COL1947,B.Ed,Nanded,2022,269,80,70,10,82.47,90.6,100.0,63
COL1947,B.Ed,Nanded,2023,258,70,63,7,80.22,90.4,100.0,66
COL1947,B.Ed,Nanded,2024,268,70,66,4,81.47,89.6,100.0,64
COL1948,BE Computer Engineering,Mumbai City,2021,146,60,45,15,87.1,91.0,100.0,47
COL1948,BE Computer Engineering,Mumbai City,2022,150,60,47,13,86.78,84.1,100.0,49
COL1948,BE Computer Engineering,Mumbai City,2023,166,60,49,11,86.9,85.0,98.4,48
COL1948,BE Computer Engineering,Mumbai City,2024,164,60,48,12,86.11,90.2,100.0,57
COL1949,MBA,Mumbai City,2021,329,100,88,12,89.79,97.4,100.0,90
COL1949,MBA,Mumbai City,2022,352,100,90,10,86.89,93.1,100.0,97
COL1949,MBA,Mumbai City,2023,390,110,97,13,87.25,96.3,100.0,102
COL1949,MBA,Mumbai City,2024,408,120,102,18,90.56,98.0,100.0,109
COL1950,BE Computer Engineering,Nagpur,2021,148,60,44,16,86.55,80.5,97.6,46
COL1950,BE Computer Engineering,Nagpur,2022,152,60,46,14,89.69,79.4,89.3,49
COL1950,BE Computer Engineering,Nagpur,2023,158,60,49,11,87.21,84.0,94.2,59
COL1950,BE Computer Engineering,Nagpur,2024,204,70,59,11,86.86,87.0,100.0,60
COL1951,Diploma in Computer Engineering,Mumbai City,2021,367,100,88,12,80.08,97.4,100.0,93
COL1951,Diploma in Computer Engineering,Mumbai City,2022,392,100,93,7,79.53,98.0,100.0,93
COL1951,Diploma in Computer Engineering,Mumbai City,2023,394,100,93,7,77.46,98.0,100.0,84
COL1951,Diploma in Computer Engineering,Mumbai City,2024,369,90,84,6,80.76,97.9,100.0,104
COL1952,BE Mechanical Engineering,Buldhana,2021,588,200,169,31,91.69,93.0,100.0,151
COL1952,BE Mechanical Engineering,Buldhana,2022,559,190,151,39,91.73,95.3,100.0,165
COL1952,BE Mechanical Engineering,Buldhana,2023,592,200,165,35,95.73,96.6,100.0,167
COL1952,BE Mechanical Engineering,Buldhana,2024,634,190,167,23,91.5,98.0,100.0,195
COL1953,D.Ed,Pune,2021,205,80,64,16,72.58,84.8,97.9,62
COL1953,D.Ed,Pune,2022,211,80,62,18,74.64,87.3,100.0,62
COL1953,D.Ed,Pune,2023,221,80,62,18,72.98,84.3,97.0,74
COL1953,D.Ed,Pune,2024,273,90,74,16,73.08,75.0,86.5,67
COL1954,BE Civil Engineering,Thane,2021,201,90,66,24,88.57,84.4,93.9,67
COL1954,BE Civil Engineering,Thane,2022,214,90,67,23,88.43,89.1,100.0,79
COL1954,BE Civil Engineering,Thane,2023,262,100,79,21,86.46,87.9,100.0,71
COL1954,BE Civil Engineering,Thane,2024,234,90,71,19,89.66,81.4,91.0,61
COL1955,BA LLB,Satara,2021,170,100,70,30,62.35,65.8,74.1,70
COL1955,BA LLB,Satara,2022,176,100,70,30,62.24,61.2,79.7,71
COL1955,BA LLB,Satara,2023,172,100,71,29,62.13,59.6,71.0,75
COL1955,BA LLB,Satara,2024,178,100,75,25,60.87,65.0,80.0,92
COL1956,MBBS,Pune,2021,827,210,188,22,98.78,91.2,100.0,206
COL1956,MBBS,Pune,2022,884,220,206,14,99.95,91.1,100.0,214
COL1956,MBBS,Pune,2023,965,230,214,16,98.58,98.0,100.0,211
COL1956,MBBS,Pune,2024,972,230,211,19,99.95,87.9,100.0,248
COL1957,B.Ed,Pune,2021,80,40,27,13,64.54,73.1,92.0,29
COL1957,B.Ed,Pune,2022,86,40,29,11,66.05,70.7,88.2,30
COL1957,B.Ed,Pune,2023,85,40,30,10,65.55,74.7,85.4,31
COL1957,B.Ed,Pune,2024,92,40,31,9,64.75,65.2,80.2,30
COL1958,BE Computer Engineering,Buldhana,2021,131,60,45,15,84.92,78.6,90.5,45
COL1958,BE Computer Engineering,Buldhana,2022,135,60,45,15,83.94,79.1,88.7,43
COL1958,BE Computer Engineering,Buldhana,2023,129,60,43,17,81.03,70.8,84.1,48
COL1958,BE Computer Engineering,Buldhana,2024,143,60,48,12,82.94,77.8,93.4,54
COL1959,BSc Physics,Amravati,2021,407,120,101,19,74.39,97.0,100.0,108
COL1959,BSc Physics,Amravati,2022,455,120,108,12,72.47,98.0,100.0,101
COL1959,BSc Physics,Amravati,2023,434,110,101,9,71.91,97.1,100.0,115
COL1959,BSc Physics,Amravati,2024,521,120,115,5,73.94,98.0,100.0,138
COL1960,BSc,Nagpur,2021,435,210,158,52,52.43,70.3,80.6,165
COL1960,BSc,Nagpur,2022,454,210,165,45,55.32,74.0,86.0,146
COL1960,BSc,Nagpur,2023,422,200,146,54,54.79,83.4,95.3,155
COL1960,BSc,Nagpur,2024,478,200,155,45,52.63,80.7,96.9,170
COL1961,BA LLB,Satara,2021,132,80,56,24,62.23,61.4,78.2,55
COL1961,BA LLB,Satara,2022,125,80,55,25,59.79,67.3,84.7,53
COL1961,BA LLB,Satara,2023,132,80,53,27,60.41,66.3,77.7,65
COL1961,BA LLB,Satara,2024,153,90,65,25,63.46,66.8,78.9,56
COL1962,Diploma in Civil Engineering,Dharashiv,2021,92,50,35,15,58.46,68.6,79.2,36
COL1962,Diploma in Civil Engineering,Dharashiv,2022,89,50,36,14,57.19,62.3,80.0,37
COL1962,Diploma in Civil Engineering,Dharashiv,2023,93,50,37,13,56.57,61.6,70.3,43
COL1962,Diploma in Civil Engineering,Dharashiv,2024,118,60,43,17,55.87,65.1,79.4,35
COL1963,BSc,Mumbai Suburban,2021,637,200,170,30,67.68,98.0,100.0,188
COL1963,BSc,Mumbai Suburban,2022,732,210,188,22,67.61,95.8,100.0,172
COL1963,BSc,Mumbai Suburban,2023,701,200,172,28,65.14,97.1,100.0,161
COL1963,BSc,Mumbai Suburban,2024,656,180,161,19,66.89,93.9,100.0,196
COL1964,B.Sc Agriculture,Kolhapur,2021,120,50,40,10,66.81,85.6,97.4,40
COL1964,B.Sc Agriculture,Kolhapur,2022,131,50,40,10,69.05,87.4,100.0,40
COL1964,B.Sc Agriculture,Kolhapur,2023,132,50,40,10,65.7,91.4,100.0,40
COL1964,B.Sc Agriculture,Kolhapur,2024,130,50,40,10,66.57,92.5,100.0,48
COL1965,Diploma in Civil Engineering,Mumbai City,2021,145,50,42,8,74.29,77.2,89.7,41
COL1965,Diploma in Civil Engineering,Mumbai City,2022,154,50,41,9,72.22,82.5,93.4,44
COL1965,Diploma in Civil Engineering,Mumbai City,2023,157,50,44,6,73.85,84.6,100.0,53
COL1965,Diploma in Civil Engineering,Mumbai City,2024,202,60,53,7,71.7,83.2,100.0,43
COL1966,BE Civil Engineering,Mumbai City,2021,141,110,75,35,69.6,69.2,86.8,74
COL1966,BE Civil Engineering,Mumbai City,2022,141,110,74,36,66.44,66.4,83.5,60
COL1966,BE Civil Engineering,Mumbai City,2023,125,100,60,40,68.75,64.9,81.0,70
COL1966,BE Civil Engineering,Mumbai City,2024,142,110,70,40,71.12,71.7,90.9,85
COL1967,BA,Beed,2021,713,410,287,123,51.22,72.3,91.3,291
COL1967,BA,Beed,2022,755,410,291,119,48.74,66.2,83.8,304
COL1967,BA,Beed,2023,785,430,304,126,50.81,71.8,90.9,365
COL1967,BA,Beed,2024,962,480,365,115,52.08,69.4,78.6,305
COL1968,BE Mechanical Engineering,Buldhana,2021,254,130,96,34,78.58,79.2,91.9,99
COL1968,BE Mechanical Engineering,Buldhana,2022,272,130,99,31,80.29,82.7,98.3,102
COL1968,BE Mechanical Engineering,Buldhana,2023,291,140,102,38,81.81,76.5,95.1,118
COL1968,BE Mechanical Engineering,Buldhana,2024,345,150,118,32,81.51,85.7,95.2,92
COL1969,BA,Akola,2021,1364,410,348,62,66.76,89.7,100.0,361
COL1969,BA,Akola,2022,1453,410,361,49,68.56,93.0,100.0,357
COL1969,BA,Akola,2023,1504,400,357,43,67.53,92.3,100.0,399
COL1969,BA,Akola,2024,1659,440,399,41,68.28,97.3,100.0,382
COL1970,BA LLB,Wardha,2021,196,50,44,6,86.43,92.9,100.0,49
COL1970,BA LLB,Wardha,2022,219,50,49,1,87.26,90.3,100.0,53
COL1970,BA LLB,Wardha,2023,242,60,53,7,86.15,98.0,100.0,47
COL1970,BA LLB,Wardha,2024,212,50,47,3,86.92,92.5,100.0,46
COL1971,BE Mechanical Engineering,Thane,2021,363,190,133,57,80.76,80.5,95.6,141
COL1971,BE Mechanical Engineering,Thane,2022,383,180,141,39,83.25,79.7,89.2,140
COL1971,BE Mechanical Engineering,Thane,2023,400,190,140,50,82.67,85.5,100.0,158
COL1971,BE Mechanical Engineering,Thane,2024,445,200,158,42,80.33,81.2,100.0,170
COL1972,Diploma in Electrical Engineering,Dhule,2021,230,80,63,17,74.44,77.3,96.1,66
COL1972,Diploma in Electrical Engineering,Dhule,2022,231,80,66,14,70.76,78.7,89.1,63
COL1972,Diploma in Electrical Engineering,Dhule,2023,232,70,63,7,71.97,89.9,100.0,82
COL1972,Diploma in Electrical Engineering,Dhule,2024,317,90,82,8,72.66,81.5,93.8,81
COL1973,BE Electrical Engineering,Palghar,2021,163,50,43,7,99.95,91.6,100.0,43
COL1973,BE Electrical Engineering,Palghar,2022,164,50,43,7,95.69,93.7,100.0,45
COL1973,BE Electrical Engineering,Palghar,2023,179,50,45,5,97.3,95.2,100.0,51
COL1973,BE Electrical Engineering,Palghar,2024,208,60,51,9,96.78,93.8,100.0,45
COL1974,BE Electronics & Telecommunication,Mumbai City,2021,168,60,48,12,91.83,90.0,100.0,49
COL1974,BE Electronics & Telecommunication,Mumbai City,2022,182,60,49,11,95.8,91.7,100.0,48
COL1974,BE Electronics & Telecommunication,Mumbai City,2023,182,60,48,12,93.92,86.0,97.4,50
COL1974,BE Electronics & Telecommunication,Mumbai City,2024,190,60,50,10,96.82,89.6,100.0,62
COL1975,BCom,Ahmednagar,2021,1224,410,334,76,64.46,89.1,100.0,365
COL1975,BCom,Ahmednagar,2022,1449,410,365,45,64.8,95.3,100.0,387
COL1975,BCom,Ahmednagar,2023,1478,440,387,53,67.6,92.2,100.0,348
COL1975,BCom,Ahmednagar,2024,1388,390,348,42,69.07,85.7,100.0,410
COL1976,BE Mechanical Engineering,Mumbai City,2021,75,50,34,16,74.56,65.1,83.7,35
COL1976,BE Mechanical Engineering,Mumbai City,2022,81,50,35,15,75.27,64.2,80.9,36
COL1976,BE Mechanical Engineering,Mumbai City,2023,88,50,36,14,73.7,73.1,87.9,34
COL1976,BE Mechanical Engineering,Mumbai City,2024,78,50,34,16,71.66,76.2,89.8,35
COL1977,BSc,Nashik,2021,547,250,188,62,54.97,74.8,87.1,188
COL1977,BSc,Nashik,2022,539,250,188,62,54.42,73.7,82.7,200
COL1977,BSc,Nashik,2023,613,270,200,70,53.51,67.2,79.4,236
COL1977,BSc,Nashik,2024,740,290,236,54,57.08,69.5,84.3,191
COL1978,BSc,Thane,2021,1500,380,344,36,67.36,94.6,100.0,357
COL1978,BSc,Thane,2022,1514,380,357,23,68.63,98.0,100.0,340
COL1978,BSc,Thane,2023,1470,360,340,20,68.72,91.9,100.0,389
COL1978,BSc,Thane,2024,1749,400,389,11,70.66,98.0,100.0,347
COL1979,BA English,Pune,2021,407,100,95,5,62.76,90.8,100.0,93
COL1979,BA English,Pune,2022,409,100,93,7,62.91,96.0,100.0,94
COL1979,BA English,Pune,2023,428,100,94,6,64.11,94.0,100.0,107
COL1979,BA English,Pune,2024,484,120,107,13,65.18,97.2,100.0,108
COL1980,Diploma in Civil Engineering,Thane,2021,234,80,65,15,74.33,80.4,90.4,68
COL1980,Diploma in Civil Engineering,Thane,2022,240,80,68,12,71.74,82.0,95.1,75
COL1980,Diploma in Civil Engineering,Thane,2023,283,90,75,15,74.21,81.2,100.0,68
COL1980,Diploma in Civil Engineering,Thane,2024,253,80,68,12,72.87,84.1,100.0,88
COL1981,BCom,Amravati,2021,1220,310,287,23,67.92,94.1,100.0,286
COL1981,BCom,Amravati,2022,1187,310,286,24,69.43,92.3,100.0,290
COL1981,BCom,Amravati,2023,1254,300,290,10,66.75,88.9,100.0,249
COL1981,BCom,Amravati,2024,1076,280,249,31,70.73,90.7,100.0,248
COL1982,BE Electronics & Telecommunication,Beed,2021,414,160,128,32,88.32,81.9,97.9,128
COL1982,BE Electronics & Telecommunication,Beed,2022,428,170,128,42,88.65,80.1,94.3,128
COL1982,BE Electronics & Telecommunication,Beed,2023,422,160,128,32,87.03,80.4,91.4,127
COL1982,BE Electronics & Telecommunication,Beed,2024,443,160,127,33,89.11,87.3,100.0,145
COL1983,BCom,Bhandara,2021,1938,550,474,76,68.15,94.0,100.0,530
COL1983,BCom,Bhandara,2022,2260,560,530,30,68.28,88.1,100.0,526
COL1983,BCom,Bhandara,2023,2368,560,526,34,67.8,92.9,100.0,554
COL1983,BCom,Bhandara,2024,2515,610,554,56,69.9,98.0,100.0,528
COL1984,MBBS,Solapur,2021,385,140,115,25,98.36,92.4,100.0,115
COL1984,MBBS,Solapur,2022,403,150,115,35,99.28,98.0,100.0,113
COL1984,MBBS,Solapur,2023,414,130,113,17,99.95,88.8,100.0,122
COL1984,MBBS,Solapur,2024,458,150,122,28,99.29,91.4,100.0,116
COL1985,BSc Mathematics,Nashik,2021,317,150,111,39,59.56,78.3,93.6,111
COL1985,BSc Mathematics,Nashik,2022,322,140,111,29,57.24,82.0,97.7,121
COL1985,BSc Mathematics,Nashik,2023,349,160,121,39,60.28,74.7,87.5,109
COL1985,BSc Mathematics,Nashik,2024,328,150,109,41,56.56,76.4,85.5,127
COL1986,BSc,Buldhana,2021,343,160,119,41,51.61,72.7,84.1,112
COL1986,BSc,Buldhana,2022,324,150,112,38,52.0,78.0,90.6,116
COL1986,BSc,Buldhana,2023,341,160,116,44,53.71,73.6,85.3,131
COL1986,BSc,Buldhana,2024,382,170,131,39,56.94,70.2,80.5,113
COL1987,B.Ed,Satara,2021,100,40,31,9,71.41,80.3,91.0,33
COL1987,B.Ed,Satara,2022,106,40,33,7,68.55,82.8,100.0,34
COL1987,B.Ed,Satara,2023,109,40,34,6,68.9,75.8,89.8,31
COL1987,B.Ed,Satara,2024,105,40,31,9,70.73,84.2,98.6,43
COL1988,BE Mechanical Engineering,Thane,2021,92,80,49,31,65.49,62.4,81.4,53
COL1988,BE Mechanical Engineering,Thane,2022,112,80,53,27,70.17,65.0,78.2,62
COL1988,BE Mechanical Engineering,Thane,2023,125,90,62,28,70.53,62.0,78.0,62
COL1988,BE Mechanical Engineering,Thane,2024,122,90,62,28,67.54,62.6,79.1,52
COL1989,B.Sc Nursing,Thane,2021,220,80,65,15,69.86,83.7,99.4,66
COL1989,B.Sc Nursing,Thane,2022,233,80,66,14,68.1,85.0,100.0,66
COL1989,B.Sc Nursing,Thane,2023,226,80,66,14,66.64,91.5,100.0,76
COL1989,B.Sc Nursing,Thane,2024,273,90,76,14,68.04,93.6,100.0,66
COL1990,BA History,Sindhudurg,2021,672,200,179,21,59.94,87.2,100.0,164
COL1990,BA History,Sindhudurg,2022,613,200,164,36,59.69,89.7,100.0,166
COL1990,BA History,Sindhudurg,2023,647,190,166,24,60.19,89.5,100.0,177
COL1990,BA History,Sindhudurg,2024,725,190,177,13,62.31,86.2,100.0,188
COL1991,BE Mechanical Engineering,Thane,2021,305,170,116,54,77.35,73.1,81.9,119
COL1991,BE Mechanical Engineering,Thane,2022,320,170,119,51,80.67,77.6,93.9,147
COL1991,BE Mechanical Engineering,Thane,2023,377,190,147,43,77.19,71.3,87.3,144
COL1991,BE Mechanical Engineering,Thane,2024,415,190,144,46,79.67,79.8,90.5,140
COL1992,B.Ed,Jalgaon,2021,104,40,31,9,68.99,69.5,85.2,30
COL1992,B.Ed,Jalgaon,2022,99,40,30,10,70.28,76.0,88.6,32
COL1992,B.Ed,Jalgaon,2023,105,40,32,8,70.27,78.2,94.0,39
COL1992,B.Ed,Jalgaon,2024,130,50,39,11,68.56,75.6,88.0,32
COL1993,BCom,Jalgaon,2021,1135,410,313,97,64.33,90.1,100.0,335
COL1993,BCom,Jalgaon,2022,1205,430,335,95,62.86,91.3,100.0,325
COL1993,BCom,Jalgaon,2023,1175,410,325,85,62.7,85.7,100.0,342
COL1993,BCom,Jalgaon,2024,1239,410,342,68,64.83,88.8,100.0,403
COL1994,B.Arch,Nashik,2021,116,30,27,3,92.95,94.2,100.0,27
COL1994,B.Arch,Nashik,2022,116,30,27,3,91.58,91.9,100.0,28
COL1994,B.Arch,Nashik,2023,120,30,28,2,91.13,98.0,100.0,28
COL1994,B.Arch,Nashik,2024,129,30,28,2,91.34,98.0,100.0,29
COL1995,BCom,Pune,2021,389,160,125,35,58.47,82.5,98.9,119
COL1995,BCom,Pune,2022,369,160,119,41,60.67,82.7,100.0,128
COL1995,BCom,Pune,2023,413,160,128,32,62.39,88.2,100.0,137
COL1995,BCom,Pune,2024,473,160,137,23,58.96,87.6,100.0,146
COL1996,BCom,Mumbai City,2021,893,410,307,103,54.36,68.8,80.7,309
COL1996,BCom,Mumbai City,2022,897,400,309,91,55.16,66.1,74.7,357
COL1996,BCom,Mumbai City,2023,1127,440,357,83,54.49,74.8,90.4,313
COL1996,BCom,Mumbai City,2024,964,390,313,77,54.99,75.1,90.5,311
COL1997,BA,Mumbai Suburban,2021,301,100,81,19,68.91,92.1,100.0,82
COL1997,BA,Mumbai Suburban,2022,321,100,82,18,68.13,94.8,100.0,91
COL1997,BA,Mumbai Suburban,2023,371,110,91,19,65.61,94.0,100.0,82
COL1997,BA,Mumbai Suburban,2024,339,90,82,8,68.78,91.3,100.0,113
COL1998,LLB,Chandrapur,2021,309,100,87,13,81.99,86.7,99.7,87
COL1998,LLB,Chandrapur,2022,320,100,87,13,83.1,93.9,100.0,87
COL1998,LLB,Chandrapur,2023,326,100,87,13,80.7,85.7,96.7,82
COL1998,LLB,Chandrapur,2024,300,100,82,18,85.06,90.4,100.0,84
COL1999,B.Arch,Palghar,2021,94,50,36,14,75.86,75.0,87.4,34
COL1999,B.Arch,Palghar,2022,94,50,34,16,73.07,70.8,90.5,38
COL1999,B.Arch,Palghar,2023,102,50,38,12,76.74,67.8,84.0,38
COL1999,B.Arch,Palghar,2024,104,50,38,12,73.39,68.1,81.6,48
COL2000,BSc Mathematics,Gondia,2021,98,80,51,29,46.2,61.2,75.9,55
COL2000,BSc Mathematics,Gondia,2022,111,80,55,25,47.53,58.6,73.3,55
COL2000,BSc Mathematics,Gondia,2023,114,90,55,35,46.67,68.6,81.5,47
COL2000,BSc Mathematics,Gondia,2024,103,70,47,23,45.18,59.4,73.8,58
