complaint_id,college_id,category,priority,status,days_to_resolve,reported_date,resolved_date
CMP00001,COL0078,Transport,Low,Resolved,10,2021-07-14,2021-07-24
CMP00002,COL1892,Library,Medium,Resolved,10,2025-01-20,2025-01-30
CMP00003,COL1173,Internet,High,Resolved,1,2022-12-25,2022-12-26
CMP00004,COL1252,Infrastructure,High,Resolved,24,2023-08-12,2023-09-05
CMP00005,COL0500,Scholarship,Low,Resolved,35,2022-07-26,2022-08-30
CMP00006,COL0126,Scholarship,Medium,Resolved,7,2021-03-10,2021-03-17
CMP00007,COL0770,Library,High,Resolved,3,2022-08-09,2022-08-12
CMP00008,COL0730,Infrastructure,Low,Pending,,2024-01-09,
CMP00009,COL0017,Scholarship,Medium,Resolved,38,2021-12-15,2022-01-22
CMP00010,COL0615,Library,High,Resolved,4,2022-08-30,2022-09-03
CMP00011,COL1332,Scholarship,Medium,Resolved,35,2023-11-14,2023-12-19
CMP00012,COL0529,Faculty,High,Pending,,2024-04-16,
CMP00013,COL1742,Hostel,Medium,Resolved,8,2021-11-24,2021-12-02
CMP00014,COL1977,Transport,Low,Resolved,5,2026-06-07,2026-06-12
CMP00015,COL1273,Faculty,Medium,Resolved,27,2025-09-03,2025-09-30
CMP00016,COL1796,Scholarship,Low,Resolved,15,2021-10-28,2021-11-12
CMP00017,COL1003,Infrastructure,Low,Resolved,56,2024-10-18,2024-12-13
CMP00018,COL1415,Exam,Medium,Resolved,2,2022-08-27,2022-08-29
CMP00019,COL1476,Hostel,Medium,Resolved,4,2024-11-04,2024-11-08
CMP00020,COL0374,Scholarship,Medium,Resolved,52,2021-12-29,2022-02-19
CMP00021,COL1223,Library,High,Resolved,6,2023-06-26,2023-07-02
CMP00022,COL0930,Faculty,High,Resolved,5,2023-02-08,2023-02-13
CMP00023,COL1930,Exam,Medium,Resolved,15,2024-09-16,2024-10-01
CMP00024,COL1510,Infrastructure,Medium,Resolved,33,2023-10-25,2023-11-27
CMP00025,COL0230,Hostel,Low,Resolved,10,2021-12-13,2021-12-23
CMP00026,COL1575,Transport,Medium,Resolved,11,2025-12-07,2025-12-18
CMP00027,COL1729,Infrastructure,Low,Resolved,29,2023-03-03,2023-04-01
CMP00028,COL0760,Internet,Low,Resolved,3,2023-04-20,2023-04-23
CMP00029,COL1080,Exam,Medium,Resolved,6,2022-04-02,2022-04-08
CMP00030,COL0933,Internet,Low,In Progress,,2025-12-09,
CMP00031,COL1219,Library,High,Resolved,5,2022-06-12,2022-06-17
CMP00032,COL1576,Transport,Low,Escalated,,2021-04-27,
CMP00033,COL0618,Scholarship,High,Resolved,12,2024-08-24,2024-09-05
CMP00034,COL0460,Library,Low,Resolved,13,2025-11-15,2025-11-28
CMP00035,COL1907,Faculty,Medium,Resolved,24,2025-10-24,2025-11-17
CMP00036,COL1133,Internet,Low,Resolved,9,2022-05-06,2022-05-15
CMP00037,COL0524,Transport,Medium,Resolved,4,2021-06-22,2021-06-26
CMP00038,COL0692,Transport,Low,Resolved,2,2023-02-17,2023-02-19
CMP00039,COL0304,Library,Medium,Resolved,10,2023-04-21,2023-05-01
CMP00040,COL1311,Library,High,Resolved,5,2026-04-09,2026-04-14
CMP00041,COL1876,Exam,High,Resolved,8,2025-04-23,2025-05-01
CMP00042,COL0256,Scholarship,Low,Resolved,42,2024-01-26,2024-03-08
CMP00043,COL1162,Internet,Low,Resolved,8,2022-08-13,2022-08-21
CMP00044,COL1703,Library,Medium,Resolved,5,2022-06-19,2022-06-24
CMP00045,COL0336,Transport,Medium,Resolved,1,2025-02-04,2025-02-05
CMP00046,COL1321,Infrastructure,Low,Resolved,56,2023-08-05,2023-09-30
CMP00047,COL1975,Faculty,High,Resolved,11,2026-07-06,2026-07-17
CMP00048,COL1740,Infrastructure,Medium,Resolved,25,2025-10-11,2025-11-05
CMP00049,COL1110,Faculty,High,Resolved,18,2024-12-26,2025-01-13
CMP00050,COL1976,Exam,Medium,In Progress,,2026-06-06,
CMP00051,COL1168,Internet,Low,Resolved,3,2024-12-04,2024-12-07
CMP00052,COL1564,Scholarship,High,Resolved,36,2025-07-15,2025-08-20
CMP00053,COL1309,Transport,Low,Resolved,6,2022-11-28,2022-12-04
CMP00054,COL0198,Transport,High,Resolved,2,2024-07-06,2024-07-08
CMP00055,COL0826,Faculty,Medium,Resolved,25,2021-07-19,2021-08-13
CMP00056,COL1881,Hostel,Low,Resolved,15,2025-03-07,2025-03-22
CMP00057,COL1009,Internet,Medium,Resolved,3,2022-08-11,2022-08-14
CMP00058,COL1862,Library,High,Resolved,4,2024-12-01,2024-12-05
CMP00059,COL0701,Hostel,Low,Resolved,21,2024-07-07,2024-07-28
CMP00060,COL0307,Library,High,Resolved,4,2025-03-15,2025-03-19
CMP00061,COL0363,Transport,Low,Resolved,3,2026-04-24,2026-04-27
CMP00062,COL0015,Faculty,Low,Resolved,11,2024-10-31,2024-11-11
CMP00063,COL1680,Internet,Medium,Escalated,,2024-01-03,
CMP00064,COL0896,Exam,Medium,Resolved,5,2024-09-23,2024-09-28
CMP00065,COL0033,Library,High,Resolved,6,2021-05-08,2021-05-14
CMP00066,COL0465,Exam,Medium,Resolved,5,2021-02-23,2021-02-28
CMP00067,COL0765,Internet,Medium,Resolved,4,2025-05-22,2025-05-26
CMP00068,COL1812,Library,Medium,Resolved,2,2024-06-03,2024-06-05
CMP00069,COL0487,Exam,High,Resolved,2,2024-03-01,2024-03-03
CMP00070,COL0597,Library,Low,Resolved,4,2025-12-13,2025-12-17
CMP00071,COL1642,Exam,High,Resolved,9,2023-06-21,2023-06-30
CMP00072,COL1547,Faculty,High,Resolved,11,2024-01-09,2024-01-20
CMP00073,COL1692,Library,Medium,Resolved,2,2022-08-08,2022-08-10
CMP00074,COL1512,Exam,Medium,Resolved,3,2022-07-16,2022-07-19
CMP00075,COL0768,Hostel,Low,Resolved,10,2026-03-31,2026-04-10
CMP00076,COL0260,Hostel,Medium,Resolved,20,2025-03-20,2025-04-09
CMP00077,COL1384,Exam,High,Resolved,9,2024-03-01,2024-03-10
CMP00078,COL0430,Infrastructure,Medium,Resolved,6,2025-09-30,2025-10-06
CMP00079,COL1783,Library,High,Resolved,5,2024-11-06,2024-11-11
CMP00080,COL0611,Infrastructure,Medium,Resolved,19,2026-01-10,2026-01-29
CMP00081,COL1389,Faculty,High,Resolved,8,2023-05-31,2023-06-08
CMP00082,COL0125,Library,High,Resolved,1,2024-12-03,2024-12-04
CMP00083,COL1674,Exam,High,Resolved,9,2025-10-10,2025-10-19
CMP00084,COL0751,Library,Low,Escalated,,2023-10-08,
CMP00085,COL0245,Internet,Medium,Resolved,2,2024-06-06,2024-06-08
CMP00086,COL0300,Library,Low,In Progress,,2021-12-07,
CMP00087,COL1278,Faculty,Medium,In Progress,,2025-12-17,
CMP00088,COL0240,Faculty,Medium,Escalated,,2025-10-26,
CMP00089,COL0686,Faculty,Medium,Resolved,27,2026-01-24,2026-02-20
CMP00090,COL0263,Transport,High,Resolved,4,2022-05-02,2022-05-06
CMP00091,COL0386,Infrastructure,Low,In Progress,,2023-09-14,
CMP00092,COL0864,Library,Low,Resolved,9,2025-07-01,2025-07-10
CMP00093,COL0201,Library,High,Resolved,1,2021-04-21,2021-04-22
CMP00094,COL0951,Exam,Medium,Pending,,2023-11-04,
CMP00095,COL1046,Internet,Medium,Resolved,1,2023-06-19,2023-06-20
CMP00096,COL0349,Scholarship,High,Resolved,31,2024-11-02,2024-12-03
CMP00097,COL0342,Scholarship,Low,Pending,,2026-07-03,
CMP00098,COL0779,Exam,High,Resolved,8,2023-02-12,2023-02-20
CMP00099,COL1372,Exam,Medium,Resolved,11,2023-07-22,2023-08-02
CMP00100,COL1490,Faculty,Medium,Pending,,2022-08-07,
CMP00101,COL1658,Library,Low,Resolved,10,2025-06-15,2025-06-25
CMP00102,COL0751,Exam,High,Resolved,4,2022-05-12,2022-05-16
CMP00103,COL1940,Scholarship,High,Resolved,21,2026-02-06,2026-02-27
CMP00104,COL0379,Transport,High,Pending,,2026-02-06,
CMP00105,COL1676,Scholarship,High,Resolved,9,2021-10-02,2021-10-11
CMP00106,COL0766,Scholarship,Medium,Resolved,16,2024-02-27,2024-03-14
CMP00107,COL0330,Library,Low,Resolved,11,2023-02-20,2023-03-03
CMP00108,COL1100,Faculty,High,Resolved,12,2025-06-05,2025-06-17
CMP00109,COL0764,Transport,High,Resolved,3,2024-03-09,2024-03-12
CMP00110,COL1764,Infrastructure,High,Resolved,24,2024-01-30,2024-02-23
CMP00111,COL0948,Hostel,Low,Resolved,26,2022-02-21,2022-03-19
CMP00112,COL0851,Infrastructure,Medium,Resolved,42,2021-03-10,2021-04-21
CMP00113,COL0706,Internet,Medium,Resolved,5,2026-07-20,2026-07-25
CMP00114,COL0865,Infrastructure,Medium,Resolved,13,2022-01-04,2022-01-17
CMP00115,COL0940,Library,High,In Progress,,2024-01-31,
CMP00116,COL0863,Infrastructure,Medium,Pending,,2023-11-25,
CMP00117,COL1465,Internet,Low,In Progress,,2024-06-18,
CMP00118,COL0492,Scholarship,Medium,Resolved,57,2026-03-01,2026-04-27
CMP00119,COL1891,Internet,Low,Resolved,3,2025-12-12,2025-12-15
CMP00120,COL0214,Faculty,Medium,Resolved,15,2022-08-27,2022-09-11
CMP00121,COL1578,Hostel,Medium,Resolved,15,2025-03-06,2025-03-21
CMP00122,COL1220,Internet,Medium,Resolved,2,2023-01-14,2023-01-16
CMP00123,COL1754,Exam,High,Pending,,2024-07-24,
CMP00124,COL1254,Library,Medium,Resolved,10,2025-05-12,2025-05-22
CMP00125,COL0894,Infrastructure,Medium,Resolved,43,2023-11-23,2024-01-05
CMP00126,COL1037,Internet,Medium,Resolved,3,2025-06-01,2025-06-04
CMP00127,COL1614,Library,Low,Resolved,2,2025-09-19,2025-09-21
CMP00128,COL1897,Faculty,Medium,Pending,,2023-02-10,
CMP00129,COL0895,Infrastructure,Low,Escalated,,2026-02-06,
CMP00130,COL1286,Infrastructure,Medium,Resolved,41,2023-11-21,2024-01-01
CMP00131,COL1689,Library,Low,Resolved,13,2024-11-25,2024-12-08
CMP00132,COL1356,Exam,High,In Progress,,2023-12-15,
CMP00133,COL1759,Library,Medium,In Progress,,2025-03-28,
CMP00134,COL0161,Exam,High,Resolved,6,2026-05-30,2026-06-05
CMP00135,COL0483,Library,Medium,Resolved,6,2025-10-11,2025-10-17
CMP00136,COL1407,Hostel,High,Resolved,10,2022-11-01,2022-11-11
CMP00137,COL0076,Internet,Medium,Resolved,4,2024-09-21,2024-09-25
CMP00138,COL1574,Internet,Medium,Resolved,4,2024-09-18,2024-09-22
CMP00139,COL1381,Scholarship,High,Resolved,7,2024-11-05,2024-11-12
CMP00140,COL0281,Exam,Medium,Resolved,2,2026-04-25,2026-04-27
CMP00141,COL0020,Internet,High,Resolved,2,2024-01-22,2024-01-24
CMP00142,COL0452,Faculty,Low,Resolved,39,2022-10-08,2022-11-16
CMP00143,COL0092,Library,High,Resolved,5,2022-10-26,2022-10-31
CMP00144,COL0468,Infrastructure,Medium,Resolved,39,2024-10-13,2024-11-21
CMP00145,COL1526,Exam,Medium,Resolved,8,2025-02-02,2025-02-10
CMP00146,COL1271,Faculty,Low,Resolved,19,2023-07-07,2023-07-26
CMP00147,COL1576,Exam,Medium,Pending,,2024-06-29,
CMP00148,COL0199,Scholarship,Low,Resolved,73,2022-09-16,2022-11-28
CMP00149,COL0424,Scholarship,High,Resolved,12,2021-10-12,2021-10-24
CMP00150,COL0745,Scholarship,Medium,Resolved,9,2023-04-07,2023-04-16
CMP00151,COL0451,Library,Medium,Resolved,6,2023-10-29,2023-11-04
CMP00152,COL1996,Exam,Low,Resolved,15,2021-09-04,2021-09-19
CMP00153,COL0621,Transport,Medium,Resolved,8,2025-06-25,2025-07-03
CMP00154,COL0235,Faculty,Medium,Resolved,11,2022-11-29,2022-12-10
CMP00155,COL1347,Library,Low,Resolved,8,2021-05-10,2021-05-18
CMP00156,COL1616,Exam,Low,Resolved,2,2023-03-04,2023-03-06
CMP00157,COL1863,Faculty,Medium,Resolved,18,2022-05-19,2022-06-06
CMP00158,COL1405,Infrastructure,Medium,Resolved,45,2022-11-15,2022-12-30
CMP00159,COL1762,Infrastructure,High,Resolved,26,2023-11-06,2023-12-02
CMP00160,COL1356,Faculty,Low,Resolved,25,2024-09-17,2024-10-12
CMP00161,COL1662,Internet,Medium,Resolved,3,2025-05-16,2025-05-19
CMP00162,COL0343,Library,Medium,Resolved,5,2025-12-13,2025-12-18
CMP00163,COL0887,Infrastructure,Low,Resolved,47,2021-03-20,2021-05-06
CMP00164,COL1697,Library,Low,Resolved,10,2021-07-13,2021-07-23
CMP00165,COL0642,Infrastructure,Medium,Resolved,41,2024-01-19,2024-02-29
CMP00166,COL1082,Infrastructure,Low,Resolved,14,2025-02-26,2025-03-12
CMP00167,COL0505,Exam,High,Resolved,6,2023-01-06,2023-01-12
CMP00168,COL1218,Faculty,High,Escalated,,2021-03-12,
CMP00169,COL0856,Library,Low,Resolved,11,2025-07-15,2025-07-26
CMP00170,COL1230,Exam,Medium,Resolved,15,2021-04-09,2021-04-24
CMP00171,COL1267,Faculty,Medium,Resolved,10,2023-06-09,2023-06-19
CMP00172,COL0757,Scholarship,High,Resolved,14,2026-06-21,2026-07-05
CMP00173,COL1288,Faculty,High,Resolved,8,2021-04-03,2021-04-11
CMP00174,COL0975,Internet,Medium,Resolved,3,2025-11-03,2025-11-06
CMP00175,COL1819,Hostel,High,Resolved,10,2025-06-05,2025-06-15
CMP00176,COL1168,Exam,Medium,Resolved,11,2022-07-08,2022-07-19
CMP00177,COL0293,Exam,Medium,Resolved,13,2022-11-25,2022-12-08
CMP00178,COL1777,Faculty,Low,Resolved,17,2024-10-21,2024-11-07
CMP00179,COL1433,Faculty,High,Resolved,16,2024-11-30,2024-12-16
CMP00180,COL0561,Infrastructure,Low,Resolved,27,2021-05-17,2021-06-13
CMP00181,COL1491,Scholarship,High,Resolved,14,2024-07-01,2024-07-15
CMP00182,COL0373,Hostel,Low,Pending,,2024-01-27,
CMP00183,COL1643,Library,Medium,Resolved,10,2026-02-03,2026-02-13
CMP00184,COL0914,Faculty,Low,Resolved,39,2025-07-05,2025-08-13
CMP00185,COL1699,Exam,High,Resolved,4,2025-11-02,2025-11-06
CMP00186,COL1460,Transport,Medium,Resolved,5,2021-03-06,2021-03-11
CMP00187,COL1851,Transport,Low,Resolved,13,2021-08-27,2021-09-09
CMP00188,COL0425,Library,Low,Resolved,7,2021-04-06,2021-04-13
CMP00189,COL1337,Exam,Medium,Resolved,1,2025-09-30,2025-10-01
CMP00190,COL0846,Hostel,Low,Resolved,18,2023-10-13,2023-10-31
CMP00191,COL0279,Hostel,Medium,Resolved,6,2026-05-07,2026-05-13
CMP00192,COL1006,Transport,High,Resolved,2,2024-01-29,2024-01-31
CMP00193,COL1892,Infrastructure,Low,Resolved,38,2021-07-06,2021-08-13
CMP00194,COL1712,Scholarship,Medium,Resolved,60,2026-04-29,2026-06-28
CMP00195,COL0979,Infrastructure,High,Resolved,21,2022-02-25,2022-03-18
CMP00196,COL0751,Exam,High,Resolved,1,2026-06-05,2026-06-06
CMP00197,COL0954,Infrastructure,Medium,Resolved,40,2023-08-26,2023-10-05
CMP00198,COL1147,Internet,Low,Resolved,7,2022-07-01,2022-07-08
CMP00199,COL1717,Infrastructure,Low,Resolved,20,2023-02-19,2023-03-11
CMP00200,COL0551,Faculty,High,Resolved,7,2023-09-25,2023-10-02
CMP00201,COL0696,Faculty,High,Resolved,11,2024-02-03,2024-02-14
CMP00202,COL1974,Infrastructure,High,Resolved,25,2021-07-06,2021-07-31
CMP00203,COL1063,Faculty,Medium,In Progress,,2023-01-28,
CMP00204,COL1867,Scholarship,High,Resolved,12,2023-03-31,2023-04-12
CMP00205,COL1281,Infrastructure,Low,Resolved,33,2024-03-16,2024-04-18
CMP00206,COL0817,Library,Low,Resolved,8,2022-11-02,2022-11-10
CMP00207,COL0962,Transport,Low,Resolved,13,2022-03-30,2022-04-12
CMP00208,COL0458,Faculty,Medium,Resolved,15,2024-07-24,2024-08-08
CMP00209,COL1887,Transport,Medium,Escalated,,2022-02-04,
CMP00210,COL1477,Exam,High,Escalated,,2024-12-03,
CMP00211,COL0325,Library,Medium,Resolved,1,2025-08-01,2025-08-02
CMP00212,COL1887,Internet,High,Resolved,4,2021-10-07,2021-10-11
CMP00213,COL0619,Infrastructure,High,Resolved,12,2023-08-01,2023-08-13
CMP00214,COL0064,Transport,Medium,Resolved,3,2023-12-03,2023-12-06
CMP00215,COL0340,Library,Medium,Resolved,7,2025-10-27,2025-11-03
CMP00216,COL0846,Faculty,Medium,Resolved,14,2023-11-30,2023-12-14
CMP00217,COL1484,Exam,Medium,Resolved,6,2024-08-10,2024-08-16
CMP00218,COL1286,Library,Low,Resolved,9,2021-11-12,2021-11-21
CMP00219,COL0497,Exam,High,Resolved,8,2023-01-25,2023-02-02
CMP00220,COL1862,Scholarship,High,Resolved,31,2026-06-16,2026-07-17
CMP00221,COL1669,Exam,High,Resolved,4,2023-09-15,2023-09-19
CMP00222,COL1027,Faculty,Medium,Resolved,18,2022-01-15,2022-02-02
CMP00223,COL0352,Scholarship,Medium,Resolved,7,2024-10-10,2024-10-17
CMP00224,COL0122,Exam,Medium,Resolved,14,2023-11-21,2023-12-05
CMP00225,COL1366,Internet,Low,Pending,,2021-07-11,
CMP00226,COL0796,Scholarship,Low,Resolved,32,2025-09-22,2025-10-24
CMP00227,COL0500,Infrastructure,Medium,Resolved,7,2022-06-04,2022-06-11
CMP00228,COL0371,Scholarship,High,Resolved,23,2023-09-04,2023-09-27
CMP00229,COL1083,Faculty,Low,Resolved,11,2024-10-26,2024-11-06
CMP00230,COL1851,Transport,High,Resolved,5,2023-09-11,2023-09-16
CMP00231,COL1625,Transport,Low,Escalated,,2025-11-09,
CMP00232,COL1322,Faculty,Medium,Resolved,4,2025-09-12,2025-09-16
CMP00233,COL0686,Hostel,Medium,Resolved,6,2026-03-01,2026-03-07
CMP00234,COL1754,Transport,Low,Resolved,8,2021-03-05,2021-03-13
CMP00235,COL0540,Library,High,Resolved,6,2021-10-25,2021-10-31
CMP00236,COL1425,Library,Low,Resolved,5,2025-01-11,2025-01-16
CMP00237,COL1221,Transport,Low,Resolved,16,2025-08-02,2025-08-18
CMP00238,COL0894,Transport,High,Resolved,5,2021-03-10,2021-03-15
CMP00239,COL1305,Exam,High,Resolved,9,2025-01-13,2025-01-22
CMP00240,COL0720,Hostel,Medium,Resolved,5,2026-06-18,2026-06-23
CMP00241,COL1856,Exam,Medium,Pending,,2025-08-28,
CMP00242,COL0805,Library,Medium,Escalated,,2022-09-11,
CMP00243,COL1564,Infrastructure,Medium,Pending,,2026-07-08,
CMP00244,COL0105,Exam,High,Resolved,2,2022-04-25,2022-04-27
CMP00245,COL1587,Infrastructure,Medium,Resolved,10,2021-12-09,2021-12-19
CMP00246,COL0324,Scholarship,High,Resolved,33,2021-07-27,2021-08-29
CMP00247,COL1439,Library,High,Resolved,5,2021-04-01,2021-04-06
CMP00248,COL1880,Internet,Medium,In Progress,,2026-02-09,
CMP00249,COL1680,Faculty,Medium,Resolved,16,2022-03-26,2022-04-11
CMP00250,COL0895,Transport,High,Resolved,1,2024-05-11,2024-05-12
CMP00251,COL1669,Transport,Medium,Resolved,7,2024-01-11,2024-01-18
CMP00252,COL0260,Hostel,Low,Resolved,8,2022-09-11,2022-09-19
CMP00253,COL0499,Library,High,Resolved,5,2023-12-17,2023-12-22
CMP00254,COL0181,Transport,Low,Resolved,18,2023-07-26,2023-08-13
CMP00255,COL0418,Exam,Low,Resolved,16,2023-11-06,2023-11-22
CMP00256,COL1842,Internet,Medium,Resolved,5,2025-10-01,2025-10-06
CMP00257,COL1366,Infrastructure,Low,Resolved,41,2025-10-02,2025-11-12
CMP00258,COL0355,Internet,High,Resolved,1,2023-11-01,2023-11-02
CMP00259,COL0592,Library,Low,In Progress,,2022-08-10,
CMP00260,COL1927,Hostel,Medium,In Progress,,2026-03-02,
CMP00261,COL0831,Faculty,Low,Resolved,8,2021-10-30,2021-11-07
CMP00262,COL1933,Transport,High,Resolved,5,2023-09-01,2023-09-06
CMP00263,COL0660,Faculty,Medium,Resolved,3,2024-07-29,2024-08-01
CMP00264,COL1293,Exam,Medium,Resolved,7,2021-02-19,2021-02-26
CMP00265,COL1158,Faculty,Medium,Escalated,,2023-12-09,
CMP00266,COL0239,Faculty,Medium,Resolved,16,2023-08-27,2023-09-12
CMP00267,COL0203,Internet,High,Resolved,2,2022-03-04,2022-03-06
CMP00268,COL1364,Library,Low,Resolved,7,2025-09-27,2025-10-04
CMP00269,COL1175,Faculty,Medium,Resolved,11,2021-09-08,2021-09-19
CMP00270,COL1668,Faculty,Medium,Resolved,21,2023-08-12,2023-09-02
CMP00271,COL0633,Transport,Medium,Resolved,7,2025-04-03,2025-04-10
CMP00272,COL1005,Faculty,Medium,Resolved,13,2021-11-24,2021-12-07
CMP00273,COL1806,Infrastructure,Medium,Escalated,,2026-06-24,
CMP00274,COL1306,Transport,Medium,Resolved,9,2021-11-18,2021-11-27
CMP00275,COL0525,Scholarship,Medium,Resolved,9,2024-01-20,2024-01-29
CMP00276,COL1954,Hostel,Low,Resolved,24,2021-08-07,2021-08-31
CMP00277,COL0808,Exam,Low,Resolved,10,2026-05-31,2026-06-10
CMP00278,COL0028,Internet,High,Resolved,2,2022-09-28,2022-09-30
CMP00279,COL1267,Transport,Medium,Resolved,9,2021-10-08,2021-10-17
CMP00280,COL0651,Scholarship,Medium,Resolved,52,2022-03-05,2022-04-26
CMP00281,COL0077,Scholarship,High,Resolved,27,2025-09-01,2025-09-28
CMP00282,COL0331,Transport,High,Resolved,2,2022-08-06,2022-08-08
CMP00283,COL0445,Infrastructure,Medium,Resolved,39,2023-07-10,2023-08-18
CMP00284,COL1727,Faculty,High,Resolved,18,2023-06-06,2023-06-24
CMP00285,COL1952,Hostel,Medium,Resolved,19,2025-08-27,2025-09-15
CMP00286,COL0157,Faculty,High,Pending,,2021-11-26,
CMP00287,COL1287,Exam,Medium,Resolved,6,2025-06-15,2025-06-21
CMP00288,COL0489,Faculty,Low,Resolved,10,2023-12-30,2024-01-09
CMP00289,COL0001,Library,High,Resolved,5,2023-01-23,2023-01-28
CMP00290,COL0498,Scholarship,Medium,Resolved,8,2023-03-06,2023-03-14
CMP00291,COL0633,Infrastructure,Low,Resolved,48,2021-03-31,2021-05-18
CMP00292,COL1431,Hostel,Medium,Resolved,13,2024-07-18,2024-07-31
CMP00293,COL0168,Scholarship,Medium,Resolved,26,2021-02-04,2021-03-02
CMP00294,COL0756,Transport,Low,Resolved,10,2025-12-29,2026-01-08
CMP00295,COL1199,Faculty,Medium,Resolved,18,2023-06-26,2023-07-14
CMP00296,COL0468,Library,Low,Resolved,2,2022-04-06,2022-04-08
CMP00297,COL1301,Library,High,Resolved,5,2022-09-06,2022-09-11
CMP00298,COL0097,Library,Low,Resolved,4,2021-02-27,2021-03-03
CMP00299,COL0455,Exam,Medium,Resolved,8,2025-01-13,2025-01-21
CMP00300,COL0423,Library,Low,Resolved,12,2022-08-06,2022-08-18
CMP00301,COL0600,Exam,High,Resolved,4,2024-01-17,2024-01-21
CMP00302,COL1481,Library,Low,Resolved,10,2021-06-14,2021-06-24
CMP00303,COL0081,Scholarship,High,Resolved,33,2025-05-03,2025-06-05
CMP00304,COL1783,Exam,High,In Progress,,2026-07-25,
CMP00305,COL0005,Exam,Low,Resolved,6,2026-02-01,2026-02-07
CMP00306,COL1337,Scholarship,Medium,Resolved,50,2025-03-27,2025-05-16
CMP00307,COL0464,Exam,High,Resolved,8,2024-01-23,2024-01-31
CMP00308,COL0176,Infrastructure,Medium,Pending,,2026-06-24,
CMP00309,COL1221,Infrastructure,Medium,Resolved,37,2025-04-25,2025-06-01
CMP00310,COL1559,Faculty,High,Resolved,10,2022-01-01,2022-01-11
CMP00311,COL1496,Exam,Low,Resolved,14,2025-09-19,2025-10-03
CMP00312,COL0508,Transport,Medium,Resolved,8,2024-09-02,2024-09-10
CMP00313,COL0172,Internet,Medium,Resolved,4,2021-06-03,2021-06-07
CMP00314,COL1775,Transport,High,Resolved,8,2024-04-19,2024-04-27
CMP00315,COL0837,Scholarship,High,Escalated,,2022-01-12,
CMP00316,COL0588,Internet,Medium,In Progress,,2022-07-04,
CMP00317,COL0039,Library,Low,Resolved,7,2024-08-13,2024-08-20
CMP00318,COL0605,Scholarship,Medium,Resolved,57,2024-01-25,2024-03-22
CMP00319,COL1199,Exam,High,Resolved,6,2022-10-10,2022-10-16
CMP00320,COL0581,Exam,Medium,Resolved,15,2022-08-11,2022-08-26
CMP00321,COL1884,Transport,Medium,Resolved,8,2021-09-26,2021-10-04
CMP00322,COL0739,Faculty,Medium,Resolved,11,2026-06-01,2026-06-12
CMP00323,COL1653,Library,Low,Resolved,9,2021-11-07,2021-11-16
CMP00324,COL1676,Faculty,High,Resolved,15,2023-01-06,2023-01-21
CMP00325,COL1141,Faculty,Medium,Resolved,16,2025-07-01,2025-07-17
CMP00326,COL1906,Internet,Medium,Resolved,6,2022-03-19,2022-03-25
CMP00327,COL0959,Transport,High,Resolved,8,2024-01-07,2024-01-15
CMP00328,COL1539,Scholarship,Low,Resolved,40,2024-01-06,2024-02-15
CMP00329,COL0441,Infrastructure,Medium,Resolved,25,2021-10-01,2021-10-26
CMP00330,COL1842,Library,High,Resolved,4,2024-06-21,2024-06-25
CMP00331,COL1404,Internet,Medium,Resolved,6,2026-01-12,2026-01-18
CMP00332,COL0932,Library,Low,Resolved,9,2022-12-21,2022-12-30
CMP00333,COL1723,Transport,Medium,Resolved,3,2021-07-30,2021-08-02
CMP00334,COL0408,Faculty,Medium,Escalated,,2021-10-24,
CMP00335,COL1816,Library,Medium,In Progress,,2024-08-03,
CMP00336,COL1345,Library,Medium,In Progress,,2024-11-02,
CMP00337,COL0373,Scholarship,Medium,In Progress,,2025-03-24,
CMP00338,COL1798,Hostel,Medium,Resolved,4,2021-12-21,2021-12-25
CMP00339,COL1805,Library,Medium,Resolved,5,2021-07-22,2021-07-27
CMP00340,COL1997,Infrastructure,High,Resolved,11,2024-04-16,2024-04-27
CMP00341,COL0400,Exam,Medium,Resolved,5,2026-02-09,2026-02-14
CMP00342,COL1226,Transport,Medium,Resolved,7,2026-04-06,2026-04-13
CMP00343,COL1576,Transport,Medium,Resolved,13,2024-06-15,2024-06-28
CMP00344,COL1180,Infrastructure,Medium,Resolved,25,2022-04-02,2022-04-27
CMP00345,COL0414,Internet,Medium,Resolved,2,2024-12-19,2024-12-21
CMP00346,COL1716,Internet,Low,Resolved,2,2023-10-25,2023-10-27
CMP00347,COL1075,Internet,High,Resolved,3,2023-01-26,2023-01-29
CMP00348,COL0351,Transport,Low,Resolved,8,2022-10-21,2022-10-29
CMP00349,COL1807,Transport,Medium,Resolved,8,2025-12-08,2025-12-16
CMP00350,COL0556,Transport,Low,Resolved,9,2024-06-30,2024-07-09
CMP00351,COL0945,Library,Low,In Progress,,2022-03-19,
CMP00352,COL1513,Infrastructure,Low,Resolved,15,2023-02-14,2023-03-01
CMP00353,COL1581,Hostel,Medium,In Progress,,2021-10-20,
CMP00354,COL1550,Internet,Low,Resolved,3,2024-04-03,2024-04-06
CMP00355,COL0463,Faculty,High,Resolved,9,2022-08-30,2022-09-08
CMP00356,COL1174,Transport,High,Resolved,1,2025-08-27,2025-08-28
CMP00357,COL0847,Scholarship,Low,In Progress,,2024-03-05,
CMP00358,COL1321,Scholarship,Low,Resolved,59,2025-03-23,2025-05-21
CMP00359,COL0963,Faculty,Medium,Resolved,6,2023-05-10,2023-05-16
CMP00360,COL1840,Faculty,Medium,In Progress,,2022-06-02,
CMP00361,COL1484,Faculty,Medium,Resolved,25,2025-02-26,2025-03-23
CMP00362,COL1029,Scholarship,High,Resolved,21,2023-10-22,2023-11-12
CMP00363,COL0957,Internet,Medium,Resolved,1,2024-07-31,2024-08-01
CMP00364,COL1602,Transport,Low,Resolved,10,2024-06-17,2024-06-27
CMP00365,COL1143,Hostel,Medium,In Progress,,2024-10-23,
CMP00366,COL0265,Internet,Low,Resolved,3,2023-05-14,2023-05-17
CMP00367,COL0271,Faculty,Medium,Resolved,16,2022-09-06,2022-09-22
CMP00368,COL0475,Faculty,Medium,Resolved,15,2024-03-07,2024-03-22
CMP00369,COL0424,Transport,Low,Pending,,2026-06-28,
CMP00370,COL0856,Exam,Medium,Resolved,6,2022-12-06,2022-12-12
CMP00371,COL1230,Scholarship,Low,Pending,,2025-06-20,
CMP00372,COL1856,Faculty,High,Resolved,10,2023-10-22,2023-11-01
CMP00373,COL0247,Internet,High,Resolved,2,2023-02-23,2023-02-25
CMP00374,COL1089,Transport,Low,Resolved,3,2021-04-16,2021-04-19
CMP00375,COL1749,Infrastructure,High,Pending,,2025-10-18,
CMP00376,COL1791,Scholarship,Low,Resolved,55,2024-02-09,2024-04-04
CMP00377,COL0798,Scholarship,High,Pending,,2022-08-22,
CMP00378,COL0420,Transport,Low,Resolved,10,2023-05-27,2023-06-06
CMP00379,COL1310,Library,Medium,Pending,,2025-07-22,
CMP00380,COL1939,Faculty,High,Resolved,4,2024-06-15,2024-06-19
CMP00381,COL0524,Transport,Medium,In Progress,,2025-01-19,
CMP00382,COL1073,Faculty,Medium,Resolved,18,2026-02-09,2026-02-27
CMP00383,COL0431,Hostel,Medium,Resolved,19,2022-02-25,2022-03-16
CMP00384,COL0023,Library,Medium,Resolved,3,2024-08-13,2024-08-16
CMP00385,COL1390,Faculty,High,Resolved,6,2026-01-22,2026-01-28
CMP00386,COL0067,Hostel,Low,Resolved,20,2023-01-11,2023-01-31
CMP00387,COL1856,Internet,Low,Pending,,2024-06-10,
CMP00388,COL0849,Hostel,High,Pending,,2022-11-18,
CMP00389,COL0062,Faculty,Medium,In Progress,,2022-05-09,
CMP00390,COL0250,Exam,High,Resolved,1,2023-08-26,2023-08-27
CMP00391,COL1043,Scholarship,Low,In Progress,,2025-04-18,
CMP00392,COL0377,Internet,Medium,Resolved,1,2023-08-02,2023-08-03
CMP00393,COL1034,Internet,Low,Resolved,5,2024-06-02,2024-06-07
CMP00394,COL0607,Infrastructure,Medium,Pending,,2021-05-28,
CMP00395,COL0939,Infrastructure,Low,Resolved,42,2023-07-26,2023-09-06
CMP00396,COL0126,Transport,Medium,Resolved,4,2023-04-10,2023-04-14
CMP00397,COL0865,Transport,Low,Resolved,4,2022-04-29,2022-05-03
CMP00398,COL1216,Transport,Low,Pending,,2025-03-13,
CMP00399,COL0116,Internet,Low,Pending,,2024-06-05,
CMP00400,COL1664,Transport,Medium,Resolved,3,2023-09-28,2023-10-01
CMP00401,COL1523,Internet,Medium,Resolved,6,2023-04-02,2023-04-08
CMP00402,COL1269,Exam,Medium,Resolved,11,2021-09-22,2021-10-03
CMP00403,COL0695,Infrastructure,Low,Resolved,8,2026-04-27,2026-05-05
CMP00404,COL0503,Internet,Low,Resolved,6,2021-07-24,2021-07-30
CMP00405,COL1739,Faculty,Medium,Resolved,22,2025-12-20,2026-01-11
CMP00406,COL0651,Infrastructure,Medium,Resolved,39,2022-02-01,2022-03-12
CMP00407,COL1160,Library,High,Resolved,2,2021-09-13,2021-09-15
CMP00408,COL0855,Faculty,Low,Resolved,7,2021-02-25,2021-03-04
CMP00409,COL1300,Internet,Medium,Resolved,3,2022-01-14,2022-01-17
CMP00410,COL1637,Scholarship,Medium,Resolved,25,2025-08-20,2025-09-14
CMP00411,COL1202,Scholarship,High,Resolved,9,2024-10-31,2024-11-09
CMP00412,COL1549,Exam,High,In Progress,,2021-06-04,
CMP00413,COL1618,Faculty,Medium,Resolved,10,2024-10-18,2024-10-28
CMP00414,COL0992,Faculty,Medium,Resolved,21,2024-07-31,2024-08-21
CMP00415,COL0076,Faculty,Medium,Resolved,8,2024-08-16,2024-08-24
CMP00416,COL0704,Transport,Medium,Resolved,8,2025-08-25,2025-09-02
CMP00417,COL0647,Library,Low,Resolved,13,2025-09-22,2025-10-05
CMP00418,COL1215,Internet,Medium,Resolved,6,2023-04-22,2023-04-28
CMP00419,COL0192,Transport,Low,Resolved,5,2024-07-14,2024-07-19
CMP00420,COL0488,Internet,Low,Resolved,2,2024-03-18,2024-03-20
CMP00421,COL1819,Library,Medium,Resolved,10,2026-05-04,2026-05-14
CMP00422,COL0393,Infrastructure,High,Resolved,13,2023-11-27,2023-12-10
CMP00423,COL0010,Infrastructure,High,Resolved,11,2023-04-20,2023-05-01
CMP00424,COL0914,Faculty,High,Resolved,14,2021-08-14,2021-08-28
CMP00425,COL0387,Library,Low,Escalated,,2021-10-29,
CMP00426,COL1157,Scholarship,Medium,In Progress,,2022-11-30,
CMP00427,COL0567,Transport,Medium,Resolved,12,2024-11-16,2024-11-28
CMP00428,COL0961,Hostel,High,Resolved,5,2024-09-12,2024-09-17
CMP00429,COL0115,Transport,Medium,Pending,,2021-10-15,
CMP00430,COL1183,Faculty,Low,Resolved,25,2023-11-05,2023-11-30
CMP00431,COL0879,Infrastructure,High,Resolved,13,2025-05-10,2025-05-23
CMP00432,COL1909,Library,High,Resolved,6,2023-07-21,2023-07-27
CMP00433,COL1727,Internet,Low,Resolved,8,2023-12-25,2024-01-02
CMP00434,COL1805,Faculty,Medium,Resolved,8,2022-07-03,2022-07-11
CMP00435,COL0890,Scholarship,Medium,Resolved,26,2022-05-21,2022-06-16
CMP00436,COL0059,Transport,High,Resolved,2,2021-09-26,2021-09-28
CMP00437,COL1699,Internet,High,Resolved,2,2021-07-05,2021-07-07
CMP00438,COL0465,Scholarship,Medium,Resolved,26,2023-08-20,2023-09-15
CMP00439,COL1460,Exam,Medium,Resolved,12,2022-06-17,2022-06-29
CMP00440,COL1805,Library,Medium,Resolved,9,2021-04-10,2021-04-19
CMP00441,COL1578,Internet,Low,Resolved,6,2023-07-01,2023-07-07
CMP00442,COL0892,Scholarship,High,Resolved,29,2021-11-14,2021-12-13
CMP00443,COL1076,Infrastructure,High,Resolved,27,2024-03-08,2024-04-04
CMP00444,COL0213,Internet,Medium,Resolved,1,2023-09-30,2023-10-01
CMP00445,COL0895,Exam,Medium,Resolved,2,2024-11-13,2024-11-15
CMP00446,COL0267,Hostel,Medium,Resolved,3,2022-02-24,2022-02-27
CMP00447,COL1243,Hostel,Low,Resolved,12,2021-06-15,2021-06-27
CMP00448,COL1413,Library,Low,Pending,,2021-02-06,
CMP00449,COL0035,Internet,High,Resolved,2,2023-08-12,2023-08-14
CMP00450,COL0797,Library,Medium,In Progress,,2024-02-04,
CMP00451,COL0139,Library,Low,Resolved,10,2021-04-10,2021-04-20
CMP00452,COL1171,Scholarship,Medium,Resolved,21,2026-06-01,2026-06-22
CMP00453,COL1413,Exam,Medium,In Progress,,2025-08-09,
CMP00454,COL0617,Internet,Low,Resolved,4,2024-08-30,2024-09-03
CMP00455,COL0534,Library,Medium,Resolved,5,2023-10-02,2023-10-07
CMP00456,COL1742,Library,Low,Resolved,11,2025-03-07,2025-03-18
CMP00457,COL0707,Scholarship,Medium,Resolved,30,2024-12-17,2025-01-16
CMP00458,COL0489,Scholarship,High,In Progress,,2024-06-04,
CMP00459,COL0707,Infrastructure,Medium,Pending,,2025-03-08,
CMP00460,COL1779,Internet,Medium,Resolved,6,2023-08-10,2023-08-16
CMP00461,COL0941,Internet,High,Resolved,1,2022-08-17,2022-08-18
CMP00462,COL0764,Internet,Low,Resolved,5,2022-12-04,2022-12-09
CMP00463,COL1464,Exam,Low,Resolved,20,2022-11-26,2022-12-16
CMP00464,COL1169,Transport,Medium,Escalated,,2023-01-13,
CMP00465,COL0181,Internet,Medium,Resolved,4,2025-08-19,2025-08-23
CMP00466,COL0149,Infrastructure,Medium,Resolved,30,2024-04-11,2024-05-11
CMP00467,COL1054,Hostel,Medium,Escalated,,2022-07-18,
CMP00468,COL0344,Transport,Medium,Resolved,6,2024-11-13,2024-11-19
CMP00469,COL0110,Scholarship,Medium,Resolved,44,2025-03-16,2025-04-29
CMP00470,COL1767,Hostel,High,Resolved,12,2026-05-16,2026-05-28
CMP00471,COL0457,Exam,Medium,Resolved,15,2022-06-14,2022-06-29
CMP00472,COL0107,Exam,High,Resolved,5,2025-01-24,2025-01-29
CMP00473,COL1404,Library,High,Pending,,2024-10-24,
CMP00474,COL0818,Faculty,Medium,Resolved,18,2021-03-31,2021-04-18
CMP00475,COL1399,Hostel,Low,Resolved,21,2025-03-02,2025-03-23
CMP00476,COL0214,Internet,Medium,Resolved,2,2023-04-27,2023-04-29
CMP00477,COL0971,Library,Low,Resolved,13,2021-04-21,2021-05-04
CMP00478,COL1819,Internet,High,Resolved,2,2022-09-12,2022-09-14
CMP00479,COL0650,Exam,High,Pending,,2024-12-14,
CMP00480,COL0970,Exam,High,Resolved,4,2023-08-25,2023-08-29
CMP00481,COL1347,Internet,Low,Resolved,3,2023-08-05,2023-08-08
CMP00482,COL0256,Scholarship,Medium,Resolved,20,2021-06-20,2021-07-10
CMP00483,COL1669,Library,Low,Resolved,4,2024-05-17,2024-05-21
CMP00484,COL1313,Library,Low,Escalated,,2022-08-04,
CMP00485,COL0013,Hostel,Medium,Resolved,4,2025-03-10,2025-03-14
CMP00486,COL0555,Exam,Medium,Resolved,2,2022-02-27,2022-03-01
CMP00487,COL1291,Scholarship,High,Resolved,22,2025-03-07,2025-03-29
CMP00488,COL1910,Scholarship,Medium,Resolved,12,2022-06-21,2022-07-03
CMP00489,COL1892,Internet,Low,Resolved,4,2026-03-07,2026-03-11
CMP00490,COL0077,Internet,Medium,Resolved,6,2024-09-15,2024-09-21
CMP00491,COL1733,Infrastructure,Medium,Resolved,5,2022-05-20,2022-05-25
CMP00492,COL0920,Transport,Medium,Resolved,4,2021-10-17,2021-10-21
CMP00493,COL0856,Infrastructure,High,Resolved,10,2023-08-04,2023-08-14
CMP00494,COL1133,Faculty,High,Resolved,15,2025-03-29,2025-04-13
CMP00495,COL0479,Transport,High,Resolved,3,2022-09-05,2022-09-08
CMP00496,COL0044,Faculty,Low,Escalated,,2023-02-16,
CMP00497,COL1181,Scholarship,High,Resolved,23,2024-01-30,2024-02-22
CMP00498,COL0428,Library,Low,Resolved,10,2026-01-23,2026-02-02
CMP00499,COL0509,Exam,Medium,Resolved,4,2022-04-06,2022-04-10
CMP00500,COL1073,Faculty,Medium,Resolved,23,2024-03-10,2024-04-02
CMP00501,COL0447,Scholarship,Medium,Resolved,30,2022-11-06,2022-12-06
CMP00502,COL1693,Library,Low,Pending,,2024-10-12,
CMP00503,COL1800,Internet,High,Resolved,1,2021-06-27,2021-06-28
CMP00504,COL0540,Hostel,Medium,Resolved,17,2024-05-01,2024-05-18
CMP00505,COL1284,Transport,Medium,In Progress,,2024-09-12,
CMP00506,COL1164,Exam,High,Resolved,5,2024-09-22,2024-09-27
CMP00507,COL0915,Internet,Medium,Resolved,2,2023-07-08,2023-07-10
CMP00508,COL0072,Exam,High,Escalated,,2025-04-10,
CMP00509,COL1924,Infrastructure,High,Resolved,7,2023-10-25,2023-11-01
CMP00510,COL0200,Infrastructure,Medium,Resolved,39,2022-08-07,2022-09-15
CMP00511,COL1456,Faculty,Medium,Resolved,6,2022-09-16,2022-09-22
CMP00512,COL1967,Library,High,Resolved,2,2024-04-15,2024-04-17
CMP00513,COL0611,Library,High,Resolved,4,2025-10-17,2025-10-21
CMP00514,COL0427,Internet,High,Resolved,1,2022-06-28,2022-06-29
CMP00515,COL0150,Transport,Low,Resolved,4,2024-04-03,2024-04-07
CMP00516,COL1996,Scholarship,High,Resolved,16,2025-12-11,2025-12-27
CMP00517,COL1223,Internet,Low,Resolved,6,2022-12-25,2022-12-31
CMP00518,COL0979,Hostel,Low,Resolved,26,2021-02-01,2021-02-27
CMP00519,COL1604,Faculty,Medium,Resolved,7,2024-09-02,2024-09-09
CMP00520,COL1683,Library,Low,Resolved,2,2023-07-31,2023-08-02
CMP00521,COL0695,Exam,Medium,Resolved,13,2025-05-31,2025-06-13
CMP00522,COL0717,Faculty,Low,Resolved,12,2025-01-15,2025-01-27
CMP00523,COL0020,Library,Low,Resolved,6,2021-09-20,2021-09-26
CMP00524,COL1612,Transport,High,Resolved,2,2024-08-13,2024-08-15
CMP00525,COL1943,Hostel,High,Resolved,3,2023-11-17,2023-11-20
CMP00526,COL1146,Infrastructure,Low,Resolved,17,2026-04-28,2026-05-15
CMP00527,COL0968,Scholarship,High,Resolved,13,2026-05-25,2026-06-07
CMP00528,COL1842,Faculty,Low,Resolved,20,2024-03-02,2024-03-22
CMP00529,COL0212,Exam,Medium,Resolved,15,2021-09-06,2021-09-21
CMP00530,COL1545,Library,Medium,Resolved,5,2022-12-13,2022-12-18
CMP00531,COL0671,Infrastructure,Medium,Resolved,43,2025-02-21,2025-04-05
CMP00532,COL0260,Faculty,High,Resolved,17,2025-09-29,2025-10-16
CMP00533,COL0260,Internet,Medium,Resolved,1,2025-12-08,2025-12-09
CMP00534,COL0604,Infrastructure,Medium,Resolved,39,2021-07-23,2021-08-31
CMP00535,COL1397,Library,Medium,Resolved,1,2021-12-17,2021-12-18
CMP00536,COL0098,Infrastructure,Medium,Escalated,,2023-09-16,
CMP00537,COL1649,Internet,Medium,Resolved,1,2024-09-23,2024-09-24
CMP00538,COL1321,Infrastructure,Medium,In Progress,,2021-08-02,
CMP00539,COL0213,Scholarship,Low,Resolved,49,2025-04-25,2025-06-13
CMP00540,COL1405,Scholarship,High,Resolved,23,2022-02-24,2022-03-19
CMP00541,COL0861,Internet,High,Resolved,1,2021-09-15,2021-09-16
CMP00542,COL1646,Transport,Low,Resolved,11,2025-11-22,2025-12-03
CMP00543,COL1575,Hostel,High,Resolved,12,2022-12-13,2022-12-25
CMP00544,COL1917,Transport,Medium,Resolved,7,2026-01-31,2026-02-07
CMP00545,COL1598,Infrastructure,Medium,Resolved,18,2023-09-10,2023-09-28
CMP00546,COL0704,Library,Low,Resolved,5,2025-10-25,2025-10-30
CMP00547,COL1746,Scholarship,Medium,Resolved,22,2025-08-01,2025-08-23
CMP00548,COL1318,Library,Medium,Resolved,6,2023-02-24,2023-03-02
CMP00549,COL1489,Internet,Low,Resolved,2,2023-04-21,2023-04-23
CMP00550,COL0702,Infrastructure,Medium,Resolved,22,2026-03-20,2026-04-11
CMP00551,COL1861,Library,High,Resolved,6,2025-07-13,2025-07-19
CMP00552,COL0992,Exam,High,Resolved,1,2024-03-18,2024-03-19
CMP00553,COL1732,Exam,High,Resolved,2,2022-05-20,2022-05-22
CMP00554,COL1153,Infrastructure,Low,Pending,,2022-11-13,
CMP00555,COL0457,Exam,High,Resolved,9,2025-12-27,2026-01-05
CMP00556,COL0721,Exam,Medium,Resolved,1,2021-05-04,2021-05-05
CMP00557,COL1704,Faculty,Low,Resolved,36,2024-02-02,2024-03-09
CMP00558,COL1080,Exam,High,Resolved,8,2023-06-28,2023-07-06
CMP00559,COL1974,Internet,Low,In Progress,,2026-07-26,
CMP00560,COL1079,Scholarship,High,Resolved,9,2021-04-20,2021-04-29
CMP00561,COL1324,Exam,Medium,Escalated,,2021-05-17,
CMP00562,COL0365,Library,High,Resolved,2,2024-10-15,2024-10-17
CMP00563,COL0488,Faculty,Low,Resolved,23,2025-05-07,2025-05-30
CMP00564,COL0891,Internet,High,Resolved,3,2022-02-13,2022-02-16
CMP00565,COL0393,Faculty,High,Resolved,13,2025-09-09,2025-09-22
CMP00566,COL0700,Exam,Medium,Resolved,9,2024-10-25,2024-11-03
CMP00567,COL1607,Library,Low,Resolved,9,2022-11-05,2022-11-14
CMP00568,COL0789,Exam,High,Resolved,8,2021-11-12,2021-11-20
CMP00569,COL0918,Scholarship,High,Resolved,12,2023-12-10,2023-12-22
CMP00570,COL0346,Scholarship,High,Escalated,,2023-07-23,
CMP00571,COL0142,Scholarship,High,Resolved,18,2025-09-13,2025-10-01
CMP00572,COL0324,Faculty,Low,Resolved,31,2025-07-27,2025-08-27
CMP00573,COL0438,Exam,Low,Resolved,12,2023-06-06,2023-06-18
CMP00574,COL1640,Exam,High,Resolved,2,2023-02-25,2023-02-27
CMP00575,COL0813,Library,Medium,Resolved,5,2021-04-25,2021-04-30
CMP00576,COL1461,Library,Medium,In Progress,,2025-06-02,
CMP00577,COL1466,Internet,Medium,Escalated,,2021-12-14,
CMP00578,COL1083,Transport,Medium,Resolved,1,2021-05-07,2021-05-08
CMP00579,COL0303,Internet,Medium,Resolved,2,2021-12-18,2021-12-20
CMP00580,COL1204,Scholarship,High,Resolved,13,2025-03-09,2025-03-22
CMP00581,COL0748,Infrastructure,Medium,Resolved,38,2024-03-01,2024-04-08
CMP00582,COL0288,Hostel,High,In Progress,,2023-09-02,
CMP00583,COL0120,Transport,Low,Pending,,2026-07-19,
CMP00584,COL1442,Infrastructure,Low,Resolved,55,2024-05-03,2024-06-27
CMP00585,COL0560,Faculty,High,Resolved,14,2021-03-25,2021-04-08
CMP00586,COL1919,Infrastructure,Low,Resolved,22,2021-02-07,2021-03-01
CMP00587,COL0563,Infrastructure,Medium,Resolved,31,2026-02-13,2026-03-16
CMP00588,COL0249,Hostel,Medium,Escalated,,2021-05-09,
CMP00589,COL1000,Library,Low,Resolved,3,2025-11-30,2025-12-03
CMP00590,COL0092,Hostel,High,Resolved,6,2021-10-23,2021-10-29
CMP00591,COL0931,Internet,Low,Resolved,5,2021-02-04,2021-02-09
CMP00592,COL1524,Exam,Medium,Escalated,,2023-02-13,
CMP00593,COL1759,Transport,High,Resolved,4,2024-11-28,2024-12-02
CMP00594,COL0525,Scholarship,Medium,Resolved,10,2021-08-22,2021-09-01
CMP00595,COL0499,Transport,Medium,Resolved,12,2024-02-19,2024-03-02
CMP00596,COL1377,Faculty,High,Pending,,2023-07-07,
CMP00597,COL1996,Exam,Low,Resolved,18,2022-08-01,2022-08-19
CMP00598,COL0709,Transport,Medium,Resolved,12,2025-07-11,2025-07-23
CMP00599,COL1625,Infrastructure,Medium,Pending,,2023-01-01,
CMP00600,COL1854,Infrastructure,High,Resolved,14,2022-03-31,2022-04-14
CMP00601,COL0495,Internet,Low,Pending,,2022-08-01,
CMP00602,COL0752,Transport,Low,Resolved,13,2023-03-23,2023-04-05
CMP00603,COL1985,Faculty,Low,Resolved,18,2022-05-27,2022-06-14
CMP00604,COL0087,Library,Low,Pending,,2023-10-14,
CMP00605,COL1919,Faculty,Medium,In Progress,,2025-06-20,
CMP00606,COL0457,Scholarship,Medium,Resolved,37,2022-08-29,2022-10-05
CMP00607,COL1331,Infrastructure,Low,Escalated,,2023-06-12,
CMP00608,COL0574,Transport,Medium,Escalated,,2024-03-13,
CMP00609,COL1856,Internet,Low,Resolved,5,2025-10-18,2025-10-23
CMP00610,COL0535,Internet,Low,Resolved,6,2023-09-10,2023-09-16
CMP00611,COL1130,Library,Medium,Resolved,5,2021-04-14,2021-04-19
CMP00612,COL0142,Faculty,Medium,Resolved,22,2022-06-08,2022-06-30
CMP00613,COL0007,Transport,Low,Resolved,17,2024-08-28,2024-09-14
CMP00614,COL1640,Transport,Low,In Progress,,2021-02-27,
CMP00615,COL1095,Scholarship,Medium,Resolved,39,2022-12-14,2023-01-22
CMP00616,COL0137,Library,Low,In Progress,,2022-07-09,
CMP00617,COL0628,Internet,Low,Resolved,3,2023-04-03,2023-04-06
CMP00618,COL1666,Exam,High,Resolved,5,2026-05-21,2026-05-26
CMP00619,COL0225,Hostel,High,Resolved,12,2025-05-13,2025-05-25
CMP00620,COL0015,Hostel,High,Resolved,9,2025-05-26,2025-06-04
CMP00621,COL1125,Transport,Medium,Resolved,7,2022-03-05,2022-03-12
CMP00622,COL1491,Internet,Low,Resolved,3,2023-07-26,2023-07-29
CMP00623,COL0153,Transport,Medium,Resolved,14,2022-03-29,2022-04-12
CMP00624,COL1660,Internet,Low,Resolved,5,2025-05-23,2025-05-28
CMP00625,COL0423,Infrastructure,High,Escalated,,2022-09-09,
CMP00626,COL0929,Hostel,Medium,Resolved,2,2021-02-01,2021-02-03
CMP00627,COL0938,Internet,Medium,Resolved,6,2026-02-09,2026-02-15
CMP00628,COL1240,Scholarship,Medium,Resolved,11,2023-11-29,2023-12-10
CMP00629,COL0693,Library,Medium,Resolved,5,2021-09-24,2021-09-29
CMP00630,COL1866,Infrastructure,Low,Resolved,34,2024-09-24,2024-10-28
CMP00631,COL1273,Hostel,High,Resolved,7,2023-09-28,2023-10-05
CMP00632,COL1105,Hostel,Medium,Resolved,19,2023-06-02,2023-06-21
CMP00633,COL1384,Library,Medium,Resolved,3,2021-01-05,2021-01-08
CMP00634,COL1482,Hostel,High,Resolved,10,2021-07-02,2021-07-12
CMP00635,COL0467,Internet,Low,Resolved,9,2024-11-04,2024-11-13
CMP00636,COL0808,Scholarship,High,Resolved,33,2025-10-09,2025-11-11
CMP00637,COL0523,Internet,Medium,Resolved,2,2026-06-03,2026-06-05
CMP00638,COL0672,Exam,Medium,Resolved,14,2023-09-06,2023-09-20
CMP00639,COL0849,Hostel,Medium,Resolved,16,2025-07-16,2025-08-01
CMP00640,COL1048,Library,High,Resolved,3,2021-08-01,2021-08-04
CMP00641,COL0796,Scholarship,Low,In Progress,,2023-07-30,
CMP00642,COL1206,Exam,High,Resolved,7,2023-10-06,2023-10-13
CMP00643,COL1738,Library,Medium,Resolved,1,2022-02-27,2022-02-28
CMP00644,COL1873,Faculty,Low,Resolved,21,2026-02-17,2026-03-10
CMP00645,COL1028,Exam,High,Resolved,8,2025-05-06,2025-05-14
CMP00646,COL0039,Exam,High,Pending,,2022-06-01,
CMP00647,COL1951,Infrastructure,Low,Resolved,23,2021-07-01,2021-07-24
CMP00648,COL1641,Transport,Low,Escalated,,2024-08-05,
CMP00649,COL1009,Faculty,Medium,Resolved,28,2026-04-30,2026-05-28
CMP00650,COL0167,Infrastructure,Medium,Resolved,34,2022-01-23,2022-02-26
CMP00651,COL0005,Exam,Medium,Resolved,7,2026-02-20,2026-02-27
CMP00652,COL1005,Internet,Medium,Resolved,7,2022-08-08,2022-08-15
CMP00653,COL1687,Library,Medium,Resolved,7,2025-08-31,2025-09-07
CMP00654,COL0561,Infrastructure,Medium,Resolved,30,2025-06-14,2025-07-14
CMP00655,COL1016,Exam,Medium,Escalated,,2021-01-31,
CMP00656,COL0882,Library,Medium,Resolved,3,2024-06-11,2024-06-14
CMP00657,COL1266,Infrastructure,Medium,In Progress,,2025-04-02,
CMP00658,COL1886,Exam,Medium,Resolved,2,2021-03-23,2021-03-25
CMP00659,COL1718,Library,Low,Resolved,6,2024-03-30,2024-04-05
CMP00660,COL1224,Scholarship,High,Resolved,30,2022-02-11,2022-03-13
CMP00661,COL0807,Exam,High,Resolved,8,2026-03-12,2026-03-20
CMP00662,COL1165,Hostel,Medium,Pending,,2025-05-20,
CMP00663,COL1221,Transport,Medium,Resolved,11,2021-08-21,2021-09-01
CMP00664,COL0721,Transport,Low,Resolved,2,2024-04-21,2024-04-23
CMP00665,COL1354,Library,Low,Resolved,13,2025-12-22,2026-01-04
CMP00666,COL1692,Infrastructure,High,Resolved,8,2026-06-01,2026-06-09
CMP00667,COL0507,Internet,Medium,Resolved,3,2025-03-28,2025-03-31
CMP00668,COL0209,Exam,High,Resolved,6,2021-01-15,2021-01-21
CMP00669,COL1923,Exam,High,Resolved,8,2025-01-21,2025-01-29
CMP00670,COL0184,Scholarship,High,Resolved,33,2025-12-30,2026-02-01
CMP00671,COL0632,Faculty,High,Resolved,3,2021-04-12,2021-04-15
CMP00672,COL1518,Transport,Medium,Pending,,2023-10-09,
CMP00673,COL1193,Transport,Medium,Pending,,2021-11-20,
CMP00674,COL1419,Hostel,High,Resolved,5,2022-01-29,2022-02-03
CMP00675,COL1351,Scholarship,Medium,Resolved,45,2025-07-08,2025-08-22
CMP00676,COL1404,Exam,High,Resolved,4,2022-09-07,2022-09-11
CMP00677,COL0520,Faculty,Medium,In Progress,,2024-12-30,
CMP00678,COL1681,Internet,Low,Resolved,6,2022-12-22,2022-12-28
CMP00679,COL1173,Transport,Medium,Resolved,5,2023-08-21,2023-08-26
CMP00680,COL0772,Faculty,Medium,Escalated,,2025-08-28,
CMP00681,COL1522,Infrastructure,High,Resolved,22,2024-03-18,2024-04-09
CMP00682,COL0146,Library,Medium,Resolved,2,2022-01-20,2022-01-22
CMP00683,COL0058,Hostel,Medium,Resolved,11,2021-01-10,2021-01-21
CMP00684,COL0140,Internet,Medium,In Progress,,2024-12-22,
CMP00685,COL1617,Hostel,Medium,Resolved,16,2025-04-01,2025-04-17
CMP00686,COL0068,Internet,Medium,Resolved,1,2024-08-08,2024-08-09
CMP00687,COL1001,Transport,Low,Escalated,,2023-12-13,
CMP00688,COL1054,Exam,Medium,Resolved,14,2023-04-09,2023-04-23
CMP00689,COL0183,Transport,Low,Resolved,17,2025-12-31,2026-01-17
CMP00690,COL0387,Exam,High,Resolved,2,2024-08-29,2024-08-31
CMP00691,COL0139,Infrastructure,Medium,Resolved,37,2024-08-03,2024-09-09
CMP00692,COL0489,Infrastructure,Medium,Resolved,7,2023-09-23,2023-09-30
CMP00693,COL0979,Transport,Low,Resolved,6,2021-03-28,2021-04-03
CMP00694,COL0879,Infrastructure,Medium,Resolved,12,2024-06-04,2024-06-16
CMP00695,COL0869,Transport,Medium,Resolved,13,2022-11-19,2022-12-02
CMP00696,COL1002,Faculty,Medium,Resolved,7,2022-01-10,2022-01-17
CMP00697,COL1484,Exam,Medium,Pending,,2025-01-09,
CMP00698,COL0864,Hostel,Medium,Resolved,14,2026-01-29,2026-02-12
CMP00699,COL1366,Internet,Low,Resolved,3,2022-09-12,2022-09-15
CMP00700,COL1250,Exam,Low,Resolved,10,2021-07-22,2021-08-01
CMP00701,COL0233,Transport,Medium,Resolved,13,2024-12-18,2024-12-31
CMP00702,COL0083,Faculty,Medium,Resolved,15,2023-10-11,2023-10-26
CMP00703,COL0005,Internet,High,Resolved,4,2022-01-10,2022-01-14
CMP00704,COL1890,Infrastructure,Medium,Resolved,23,2022-02-04,2022-02-27
CMP00705,COL1869,Internet,High,Pending,,2024-07-22,
CMP00706,COL0871,Scholarship,High,Resolved,11,2025-11-29,2025-12-10
CMP00707,COL1997,Transport,Medium,Resolved,14,2021-04-21,2021-05-05
CMP00708,COL0784,Scholarship,High,Resolved,19,2021-10-28,2021-11-16
CMP00709,COL0593,Transport,Medium,Resolved,9,2025-02-16,2025-02-25
CMP00710,COL1854,Faculty,Low,Resolved,7,2025-09-19,2025-09-26
CMP00711,COL1902,Infrastructure,High,In Progress,,2023-09-25,
CMP00712,COL0274,Transport,High,Pending,,2022-09-08,
CMP00713,COL1803,Transport,Low,Resolved,5,2022-10-09,2022-10-14
CMP00714,COL0036,Library,Low,Resolved,6,2021-08-08,2021-08-14
CMP00715,COL1650,Scholarship,Medium,Resolved,56,2023-12-21,2024-02-15
CMP00716,COL0877,Transport,Medium,In Progress,,2023-07-26,
CMP00717,COL0226,Scholarship,Low,Resolved,21,2026-05-12,2026-06-02
CMP00718,COL0810,Scholarship,High,Resolved,31,2022-01-07,2022-02-07
CMP00719,COL1857,Internet,Medium,Pending,,2022-10-24,
CMP00720,COL0474,Internet,Low,In Progress,,2025-08-28,
CMP00721,COL1122,Faculty,High,Resolved,16,2026-01-22,2026-02-07
CMP00722,COL1837,Faculty,Low,Escalated,,2021-12-03,
CMP00723,COL1359,Transport,Medium,Resolved,9,2022-08-20,2022-08-29
CMP00724,COL1206,Exam,Medium,Escalated,,2024-07-25,
CMP00725,COL1744,Library,High,Resolved,2,2022-01-24,2022-01-26
CMP00726,COL1452,Infrastructure,Medium,Resolved,41,2022-11-12,2022-12-23
CMP00727,COL0457,Faculty,Medium,Resolved,17,2021-04-13,2021-04-30
CMP00728,COL1438,Scholarship,High,Resolved,15,2024-01-05,2024-01-20
CMP00729,COL1949,Library,Low,Resolved,12,2022-10-05,2022-10-17
CMP00730,COL1651,Exam,High,Resolved,9,2024-11-13,2024-11-22
CMP00731,COL1356,Infrastructure,High,Resolved,13,2023-06-01,2023-06-14
CMP00732,COL0245,Exam,Medium,Resolved,12,2021-11-30,2021-12-12
CMP00733,COL0780,Faculty,Medium,Resolved,26,2022-12-02,2022-12-28
CMP00734,COL0840,Infrastructure,Medium,Pending,,2023-07-20,
CMP00735,COL1733,Library,Medium,Resolved,3,2023-08-11,2023-08-14
CMP00736,COL0370,Hostel,Medium,Resolved,10,2025-02-20,2025-03-02
CMP00737,COL0404,Hostel,High,Resolved,11,2024-06-06,2024-06-17
CMP00738,COL0050,Internet,Medium,Resolved,3,2024-04-13,2024-04-16
CMP00739,COL1087,Exam,Low,Resolved,9,2024-10-11,2024-10-20
CMP00740,COL0387,Internet,High,Resolved,1,2023-07-25,2023-07-26
CMP00741,COL0784,Exam,High,Resolved,7,2022-05-12,2022-05-19
CMP00742,COL0403,Infrastructure,High,Resolved,10,2025-11-11,2025-11-21
CMP00743,COL1364,Faculty,Medium,Resolved,4,2024-10-17,2024-10-21
CMP00744,COL0984,Exam,High,Resolved,5,2025-05-06,2025-05-11
CMP00745,COL0147,Scholarship,Medium,Resolved,58,2026-02-08,2026-04-07
CMP00746,COL1651,Infrastructure,Low,Resolved,19,2025-04-13,2025-05-02
CMP00747,COL1290,Infrastructure,High,Resolved,13,2021-12-21,2022-01-03
CMP00748,COL1952,Exam,High,Resolved,1,2021-04-03,2021-04-04
CMP00749,COL1119,Faculty,Low,Resolved,21,2026-05-11,2026-06-01
CMP00750,COL1753,Infrastructure,Medium,Resolved,37,2025-12-08,2026-01-14
CMP00751,COL0177,Transport,Medium,Resolved,10,2023-09-21,2023-10-01
CMP00752,COL0344,Internet,Low,In Progress,,2023-06-26,
CMP00753,COL0311,Transport,Low,Resolved,15,2022-04-09,2022-04-24
CMP00754,COL0847,Internet,High,Resolved,1,2023-11-16,2023-11-17
CMP00755,COL0195,Faculty,Low,Resolved,38,2024-05-16,2024-06-23
CMP00756,COL0170,Infrastructure,Low,Resolved,28,2024-01-28,2024-02-25
CMP00757,COL1540,Hostel,Medium,Resolved,12,2021-06-29,2021-07-11
CMP00758,COL1353,Infrastructure,Medium,Resolved,15,2023-08-03,2023-08-18
CMP00759,COL0063,Scholarship,Medium,Resolved,33,2023-06-29,2023-08-01
CMP00760,COL1150,Infrastructure,Medium,Resolved,5,2024-12-02,2024-12-07
CMP00761,COL1827,Scholarship,Medium,Resolved,20,2026-06-26,2026-07-16
CMP00762,COL1069,Hostel,Low,Resolved,24,2025-01-07,2025-01-31
CMP00763,COL0712,Internet,Medium,Resolved,7,2023-07-02,2023-07-09
CMP00764,COL0813,Hostel,Medium,Resolved,18,2025-09-12,2025-09-30
CMP00765,COL1095,Infrastructure,Medium,Resolved,12,2026-06-12,2026-06-24
CMP00766,COL1408,Hostel,Medium,Resolved,20,2025-06-09,2025-06-29
CMP00767,COL1187,Infrastructure,Medium,Resolved,43,2021-10-02,2021-11-14
CMP00768,COL0393,Faculty,High,Resolved,17,2024-11-14,2024-12-01
CMP00769,COL2000,Transport,High,Resolved,1,2025-04-22,2025-04-23
CMP00770,COL1375,Library,High,Resolved,5,2025-02-10,2025-02-15
CMP00771,COL0880,Transport,Medium,Resolved,10,2024-12-24,2025-01-03
CMP00772,COL1311,Exam,High,Pending,,2024-03-26,
CMP00773,COL1290,Library,Medium,Resolved,6,2026-04-06,2026-04-12
CMP00774,COL1068,Faculty,Medium,Resolved,26,2026-05-08,2026-06-03
CMP00775,COL1431,Internet,High,In Progress,,2021-10-31,
CMP00776,COL0455,Transport,Low,In Progress,,2024-06-29,
CMP00777,COL1778,Scholarship,Medium,Resolved,10,2024-05-23,2024-06-02
CMP00778,COL0424,Transport,Medium,Pending,,2022-07-18,
CMP00779,COL0522,Internet,Low,Resolved,4,2022-12-14,2022-12-18
CMP00780,COL1270,Faculty,High,Escalated,,2026-06-30,
CMP00781,COL0692,Transport,Medium,Resolved,9,2022-02-07,2022-02-16
CMP00782,COL1935,Internet,High,In Progress,,2023-02-16,
CMP00783,COL0840,Exam,High,Resolved,7,2021-08-29,2021-09-05
CMP00784,COL0235,Infrastructure,Medium,Resolved,31,2026-03-24,2026-04-24
CMP00785,COL1483,Infrastructure,Medium,Resolved,29,2021-06-25,2021-07-24
CMP00786,COL0845,Faculty,Low,Resolved,10,2021-02-26,2021-03-08
CMP00787,COL1764,Library,Low,Resolved,6,2022-10-21,2022-10-27
CMP00788,COL0061,Library,Low,Resolved,13,2025-03-18,2025-03-31
CMP00789,COL0684,Internet,Medium,Resolved,3,2023-07-29,2023-08-01
CMP00790,COL1282,Scholarship,Medium,Resolved,46,2021-09-08,2021-10-24
CMP00791,COL0478,Scholarship,High,In Progress,,2021-06-08,
CMP00792,COL1671,Hostel,High,Resolved,6,2021-02-19,2021-02-25
CMP00793,COL0629,Internet,Medium,Pending,,2026-06-01,
CMP00794,COL0186,Internet,Medium,In Progress,,2025-02-27,
CMP00795,COL0523,Internet,Low,In Progress,,2022-10-26,
CMP00796,COL0309,Scholarship,High,Resolved,35,2024-10-01,2024-11-05
CMP00797,COL0292,Exam,High,Resolved,5,2026-04-15,2026-04-20
CMP00798,COL1872,Transport,Medium,Resolved,13,2022-01-28,2022-02-10
CMP00799,COL0070,Exam,High,Resolved,9,2022-11-28,2022-12-07
CMP00800,COL1575,Faculty,Medium,Resolved,18,2022-03-26,2022-04-13
CMP00801,COL0202,Scholarship,High,Resolved,16,2022-04-19,2022-05-05
CMP00802,COL1223,Infrastructure,Medium,Resolved,24,2022-11-11,2022-12-05
CMP00803,COL1860,Transport,Low,Resolved,17,2024-06-06,2024-06-23
CMP00804,COL1078,Internet,Low,Resolved,2,2023-07-06,2023-07-08
CMP00805,COL1773,Exam,High,Resolved,3,2022-04-26,2022-04-29
CMP00806,COL1220,Exam,High,Resolved,4,2026-02-28,2026-03-04
CMP00807,COL0896,Infrastructure,Medium,In Progress,,2021-06-23,
CMP00808,COL0548,Scholarship,High,In Progress,,2025-07-19,
CMP00809,COL1969,Infrastructure,Low,Resolved,37,2025-07-02,2025-08-08
CMP00810,COL0979,Exam,Medium,Resolved,9,2022-06-14,2022-06-23
CMP00811,COL0038,Library,High,Resolved,4,2024-03-12,2024-03-16
CMP00812,COL0449,Scholarship,High,Pending,,2026-07-08,
CMP00813,COL0788,Library,Low,Resolved,3,2025-03-24,2025-03-27
CMP00814,COL0310,Infrastructure,Low,Resolved,12,2021-02-07,2021-02-19
CMP00815,COL0087,Exam,Low,Resolved,10,2025-07-05,2025-07-15
CMP00816,COL0390,Transport,Medium,Resolved,13,2022-10-27,2022-11-09
CMP00817,COL1585,Exam,Medium,Resolved,12,2022-10-08,2022-10-20
CMP00818,COL0217,Faculty,Low,Resolved,12,2025-05-19,2025-05-31
CMP00819,COL0498,Internet,Low,Resolved,3,2026-04-06,2026-04-09
CMP00820,COL0307,Transport,Medium,In Progress,,2026-03-24,
CMP00821,COL0418,Library,Medium,In Progress,,2021-12-07,
CMP00822,COL1311,Library,High,Pending,,2026-06-04,
CMP00823,COL1457,Transport,Medium,Resolved,5,2021-11-27,2021-12-02
CMP00824,COL1644,Infrastructure,Low,In Progress,,2023-04-28,
CMP00825,COL1491,Hostel,High,Pending,,2026-07-11,
CMP00826,COL1302,Exam,High,In Progress,,2024-09-18,
CMP00827,COL0151,Library,Medium,Resolved,1,2025-07-31,2025-08-01
CMP00828,COL1656,Hostel,High,Resolved,6,2025-09-24,2025-09-30
CMP00829,COL1216,Internet,Medium,Pending,,2025-11-13,
CMP00830,COL1089,Infrastructure,Medium,Resolved,36,2021-01-18,2021-02-23
CMP00831,COL1782,Internet,Medium,Resolved,6,2025-07-26,2025-08-01
CMP00832,COL0131,Scholarship,Medium,Resolved,48,2022-02-07,2022-03-27
CMP00833,COL1869,Library,Low,Resolved,13,2022-12-04,2022-12-17
CMP00834,COL1471,Scholarship,High,Resolved,15,2026-01-03,2026-01-18
CMP00835,COL1268,Exam,Medium,Pending,,2026-07-25,
CMP00836,COL1984,Infrastructure,Low,Resolved,47,2024-05-06,2024-06-22
CMP00837,COL0415,Internet,Low,Resolved,6,2026-06-02,2026-06-08
CMP00838,COL1483,Infrastructure,Medium,Resolved,45,2022-02-21,2022-04-07
CMP00839,COL0260,Infrastructure,Medium,Resolved,5,2023-02-20,2023-02-25
CMP00840,COL1907,Faculty,High,In Progress,,2024-01-13,
CMP00841,COL1208,Library,Medium,Resolved,1,2024-09-16,2024-09-17
CMP00842,COL1884,Infrastructure,Low,Resolved,50,2023-06-30,2023-08-19
CMP00843,COL0467,Hostel,Medium,Resolved,11,2021-08-20,2021-08-31
CMP00844,COL1613,Scholarship,High,Resolved,29,2021-09-04,2021-10-03
CMP00845,COL1773,Infrastructure,Medium,Resolved,31,2024-01-13,2024-02-13
CMP00846,COL0812,Library,High,Resolved,3,2024-05-01,2024-05-04
CMP00847,COL1334,Hostel,High,Resolved,4,2023-11-05,2023-11-09
CMP00848,COL0231,Internet,Low,Resolved,5,2022-06-19,2022-06-24
CMP00849,COL1834,Library,Low,Resolved,4,2022-07-23,2022-07-27
CMP00850,COL1081,Faculty,Medium,Escalated,,2021-02-24,
CMP00851,COL1937,Faculty,Medium,Resolved,3,2022-05-20,2022-05-23
CMP00852,COL1878,Library,Medium,In Progress,,2024-10-25,
CMP00853,COL1388,Internet,Low,Resolved,6,2022-04-02,2022-04-08
CMP00854,COL1092,Exam,High,Resolved,9,2024-06-24,2024-07-03
CMP00855,COL1523,Infrastructure,High,Resolved,21,2021-06-20,2021-07-11
CMP00856,COL1968,Internet,Medium,Resolved,5,2025-08-19,2025-08-24
CMP00857,COL1540,Hostel,High,Resolved,12,2025-10-03,2025-10-15
CMP00858,COL0565,Faculty,High,Pending,,2026-01-25,
CMP00859,COL0455,Transport,Medium,Resolved,11,2024-11-20,2024-12-01
CMP00860,COL0139,Faculty,Medium,Resolved,22,2021-05-15,2021-06-06
CMP00861,COL0624,Exam,High,Resolved,6,2026-01-09,2026-01-15
CMP00862,COL0823,Library,Medium,Pending,,2024-04-05,
CMP00863,COL0639,Exam,Medium,Resolved,11,2021-06-09,2021-06-20
CMP00864,COL1302,Infrastructure,High,Resolved,22,2025-06-18,2025-07-10
CMP00865,COL1965,Internet,Medium,Resolved,1,2024-04-29,2024-04-30
CMP00866,COL0036,Faculty,High,Resolved,17,2025-03-16,2025-04-02
CMP00867,COL1301,Infrastructure,Medium,Escalated,,2022-01-04,
CMP00868,COL0350,Infrastructure,Low,Resolved,55,2025-03-27,2025-05-21
CMP00869,COL1091,Library,Low,In Progress,,2023-03-04,
CMP00870,COL0262,Library,Low,Escalated,,2024-04-27,
CMP00871,COL0232,Scholarship,Low,Resolved,24,2021-05-16,2021-06-09
CMP00872,COL1422,Library,Low,Pending,,2026-04-21,
CMP00873,COL0182,Infrastructure,Medium,In Progress,,2024-12-23,
CMP00874,COL0562,Faculty,Low,Resolved,28,2022-09-21,2022-10-19
CMP00875,COL1968,Internet,High,Resolved,2,2025-07-14,2025-07-16
CMP00876,COL0394,Transport,Low,Resolved,18,2024-12-13,2024-12-31
CMP00877,COL0067,Hostel,Medium,Resolved,19,2021-06-04,2021-06-23
CMP00878,COL1145,Library,Medium,Resolved,2,2021-07-28,2021-07-30
CMP00879,COL0677,Transport,High,Resolved,2,2025-04-30,2025-05-02
CMP00880,COL0304,Exam,Medium,Resolved,6,2024-11-30,2024-12-06
CMP00881,COL1227,Scholarship,Medium,Escalated,,2023-10-12,
CMP00882,COL0882,Faculty,Low,Escalated,,2025-06-13,
CMP00883,COL0843,Transport,Medium,Resolved,12,2022-07-16,2022-07-28
CMP00884,COL0175,Library,High,Resolved,5,2025-07-05,2025-07-10
CMP00885,COL0545,Scholarship,High,Resolved,32,2021-01-24,2021-02-25
CMP00886,COL1691,Transport,Low,Escalated,,2024-02-17,
CMP00887,COL1311,Faculty,High,Resolved,14,2022-12-30,2023-01-13
CMP00888,COL0111,Internet,Medium,Resolved,6,2021-02-18,2021-02-24
CMP00889,COL0764,Faculty,Medium,Resolved,29,2026-05-13,2026-06-11
CMP00890,COL0210,Scholarship,High,In Progress,,2026-03-09,
CMP00891,COL1506,Infrastructure,Low,Resolved,57,2023-07-21,2023-09-16
CMP00892,COL1774,Exam,Medium,Resolved,2,2022-07-11,2022-07-13
CMP00893,COL0508,Infrastructure,Low,Resolved,22,2022-07-12,2022-08-03
CMP00894,COL0057,Internet,Medium,In Progress,,2024-10-20,
CMP00895,COL0887,Infrastructure,Medium,Resolved,6,2025-11-05,2025-11-11
CMP00896,COL1856,Internet,Medium,Resolved,4,2024-06-05,2024-06-09
CMP00897,COL1071,Library,Low,Resolved,13,2025-05-25,2025-06-07
CMP00898,COL0614,Infrastructure,High,Resolved,13,2025-02-10,2025-02-23
CMP00899,COL1187,Hostel,High,Resolved,5,2023-01-09,2023-01-14
CMP00900,COL1058,Internet,Medium,Resolved,5,2024-09-28,2024-10-03
CMP00901,COL0473,Scholarship,High,Resolved,18,2022-12-16,2023-01-03
CMP00902,COL1325,Scholarship,High,Resolved,29,2023-01-22,2023-02-20
CMP00903,COL0121,Scholarship,High,Resolved,30,2026-02-04,2026-03-06
CMP00904,COL0356,Faculty,Medium,Resolved,18,2021-12-15,2022-01-02
CMP00905,COL1209,Infrastructure,Low,Resolved,13,2021-11-02,2021-11-15
CMP00906,COL0259,Internet,Medium,Resolved,4,2021-11-24,2021-11-28
CMP00907,COL0951,Hostel,Medium,Resolved,5,2026-05-17,2026-05-22
CMP00908,COL0919,Scholarship,Medium,Resolved,9,2022-06-11,2022-06-20
CMP00909,COL1224,Faculty,Medium,In Progress,,2021-12-30,
CMP00910,COL0487,Faculty,High,Resolved,5,2025-04-01,2025-04-06
CMP00911,COL0983,Faculty,Medium,Resolved,15,2022-09-10,2022-09-25
CMP00912,COL0572,Library,Low,Resolved,7,2021-04-05,2021-04-12
CMP00913,COL1948,Infrastructure,High,In Progress,,2022-07-21,
CMP00914,COL1473,Scholarship,Medium,Resolved,54,2023-03-10,2023-05-03
CMP00915,COL0124,Transport,Low,Resolved,6,2022-05-11,2022-05-17
CMP00916,COL0130,Infrastructure,Medium,In Progress,,2023-09-24,
CMP00917,COL1435,Faculty,Medium,Resolved,29,2022-09-30,2022-10-29
CMP00918,COL0487,Internet,Low,Resolved,7,2024-01-27,2024-02-03
CMP00919,COL0270,Scholarship,High,Resolved,16,2026-04-03,2026-04-19
CMP00920,COL1724,Scholarship,Medium,Resolved,30,2022-05-31,2022-06-30
CMP00921,COL1011,Transport,High,Resolved,4,2023-01-19,2023-01-23
CMP00922,COL1115,Library,High,Pending,,2022-10-17,
CMP00923,COL0088,Exam,Low,Resolved,16,2025-07-10,2025-07-26
CMP00924,COL1270,Faculty,High,In Progress,,2024-05-05,
CMP00925,COL1974,Faculty,Medium,Resolved,27,2022-04-09,2022-05-06
CMP00926,COL0577,Infrastructure,Medium,Resolved,18,2023-06-19,2023-07-07
CMP00927,COL0144,Hostel,Medium,Resolved,2,2022-02-02,2022-02-04
CMP00928,COL1154,Hostel,High,Resolved,2,2021-07-24,2021-07-26
CMP00929,COL0951,Infrastructure,Medium,Resolved,22,2023-06-07,2023-06-29
CMP00930,COL0624,Internet,Low,Resolved,2,2021-01-30,2021-02-01
CMP00931,COL1294,Faculty,Medium,Resolved,12,2024-06-18,2024-06-30
CMP00932,COL0120,Scholarship,Medium,Resolved,25,2021-09-29,2021-10-24
CMP00933,COL0367,Infrastructure,Medium,Resolved,11,2025-04-23,2025-05-04
CMP00934,COL0264,Scholarship,Medium,Resolved,25,2025-07-05,2025-07-30
CMP00935,COL0375,Library,Low,Escalated,,2022-02-25,
CMP00936,COL1782,Infrastructure,Low,Resolved,8,2025-09-01,2025-09-09
CMP00937,COL0465,Infrastructure,Medium,Resolved,34,2021-07-29,2021-09-01
CMP00938,COL0764,Infrastructure,Medium,Resolved,20,2023-11-06,2023-11-26
CMP00939,COL0487,Infrastructure,Medium,In Progress,,2022-10-05,
CMP00940,COL0624,Faculty,High,Resolved,14,2024-04-30,2024-05-14
CMP00941,COL1955,Internet,Medium,Resolved,1,2025-09-29,2025-09-30
CMP00942,COL0937,Transport,Medium,Resolved,1,2025-12-26,2025-12-27
CMP00943,COL1241,Scholarship,Low,Resolved,42,2021-03-26,2021-05-07
CMP00944,COL0652,Infrastructure,Medium,Pending,,2025-04-10,
CMP00945,COL0544,Faculty,High,Resolved,6,2023-02-13,2023-02-19
CMP00946,COL1440,Scholarship,High,Resolved,25,2024-09-10,2024-10-05
CMP00947,COL1302,Hostel,High,Resolved,10,2025-02-22,2025-03-04
CMP00948,COL0965,Internet,Medium,Resolved,7,2024-12-06,2024-12-13
CMP00949,COL0004,Internet,Low,In Progress,,2021-12-27,
CMP00950,COL1305,Exam,High,Resolved,3,2023-04-07,2023-04-10
CMP00951,COL0154,Internet,Medium,Resolved,2,2022-07-08,2022-07-10
CMP00952,COL1529,Transport,High,Resolved,2,2025-03-05,2025-03-07
CMP00953,COL0592,Hostel,Low,Resolved,4,2021-01-04,2021-01-08
CMP00954,COL0804,Infrastructure,Low,Resolved,45,2022-11-28,2023-01-12
CMP00955,COL0577,Exam,High,Resolved,9,2023-12-15,2023-12-24
CMP00956,COL1910,Scholarship,High,Resolved,14,2024-10-04,2024-10-18
CMP00957,COL1781,Faculty,Medium,Resolved,4,2024-08-03,2024-08-07
CMP00958,COL0311,Scholarship,High,Pending,,2021-05-22,
CMP00959,COL0508,Internet,Medium,Resolved,4,2024-01-27,2024-01-31
CMP00960,COL1487,Hostel,High,Resolved,2,2021-02-07,2021-02-09
CMP00961,COL1451,Transport,Medium,Resolved,4,2024-02-19,2024-02-23
CMP00962,COL1514,Infrastructure,Medium,Resolved,38,2025-10-25,2025-12-02
CMP00963,COL0631,Internet,Medium,Resolved,7,2025-08-11,2025-08-18
CMP00964,COL0013,Infrastructure,Medium,Escalated,,2023-09-19,
CMP00965,COL1595,Exam,High,Escalated,,2021-04-09,
CMP00966,COL0100,Transport,Low,Resolved,4,2024-09-14,2024-09-18
CMP00967,COL0255,Infrastructure,High,Resolved,18,2025-08-15,2025-09-02
CMP00968,COL0600,Library,High,Resolved,6,2024-01-04,2024-01-10
CMP00969,COL1232,Hostel,Low,Resolved,21,2021-08-15,2021-09-05
CMP00970,COL0471,Faculty,Medium,Escalated,,2026-04-16,
CMP00971,COL1771,Transport,Medium,Resolved,10,2023-01-16,2023-01-26
CMP00972,COL0530,Faculty,High,Resolved,3,2026-07-02,2026-07-05
CMP00973,COL1758,Internet,Medium,Resolved,3,2022-12-14,2022-12-17
CMP00974,COL1895,Infrastructure,Medium,Resolved,30,2023-01-02,2023-02-01
CMP00975,COL1013,Internet,High,Resolved,2,2025-01-14,2025-01-16
CMP00976,COL1863,Transport,Low,Resolved,6,2021-12-29,2022-01-04
CMP00977,COL0734,Faculty,Low,Resolved,34,2025-08-18,2025-09-21
CMP00978,COL1318,Infrastructure,Low,In Progress,,2021-08-23,
CMP00979,COL0328,Internet,High,Pending,,2024-06-23,
CMP00980,COL0799,Hostel,Low,Resolved,5,2025-06-20,2025-06-25
CMP00981,COL1504,Transport,Low,Resolved,8,2025-06-17,2025-06-25
CMP00982,COL1325,Infrastructure,High,Resolved,8,2023-03-30,2023-04-07
CMP00983,COL1578,Hostel,Low,Resolved,6,2022-06-21,2022-06-27
CMP00984,COL0857,Exam,High,Resolved,4,2022-03-23,2022-03-27
CMP00985,COL0434,Infrastructure,Medium,Pending,,2022-08-16,
CMP00986,COL0121,Faculty,Low,Resolved,27,2024-01-30,2024-02-26
CMP00987,COL1242,Hostel,Low,Resolved,26,2024-10-13,2024-11-08
CMP00988,COL0480,Infrastructure,High,Resolved,13,2025-09-01,2025-09-14
CMP00989,COL0271,Transport,Low,Resolved,3,2024-05-22,2024-05-25
CMP00990,COL1359,Faculty,Medium,Resolved,29,2022-06-15,2022-07-14
CMP00991,COL0879,Infrastructure,Low,Resolved,24,2023-09-05,2023-09-29
CMP00992,COL1568,Library,Medium,Escalated,,2023-04-30,
CMP00993,COL1097,Transport,Low,Resolved,15,2025-12-10,2025-12-25
CMP00994,COL0835,Faculty,Low,Resolved,17,2025-03-12,2025-03-29
CMP00995,COL0870,Faculty,Medium,Resolved,20,2024-02-03,2024-02-23
CMP00996,COL0658,Scholarship,Low,Resolved,61,2022-04-30,2022-06-30
CMP00997,COL0328,Faculty,Low,Resolved,34,2024-12-12,2025-01-15
CMP00998,COL1673,Faculty,Low,Resolved,39,2021-10-11,2021-11-19
CMP00999,COL1045,Internet,Low,Resolved,9,2023-01-16,2023-01-25
CMP01000,COL1480,Exam,High,Resolved,4,2026-07-16,2026-07-20
CMP01001,COL1971,Infrastructure,High,Resolved,13,2022-10-13,2022-10-26
CMP01002,COL1544,Infrastructure,Low,Resolved,49,2023-02-15,2023-04-05
CMP01003,COL1155,Infrastructure,Medium,In Progress,,2021-12-31,
CMP01004,COL0035,Internet,Medium,Resolved,5,2024-04-13,2024-04-18
CMP01005,COL1233,Hostel,Medium,Resolved,5,2026-06-11,2026-06-16
CMP01006,COL1882,Hostel,Medium,Resolved,4,2021-01-05,2021-01-09
CMP01007,COL0882,Infrastructure,High,Resolved,5,2023-10-07,2023-10-12
CMP01008,COL0968,Scholarship,Medium,Resolved,57,2025-03-16,2025-05-12
CMP01009,COL0135,Faculty,High,Escalated,,2022-12-11,
CMP01010,COL0085,Infrastructure,Medium,Resolved,17,2022-05-25,2022-06-11
CMP01011,COL1903,Scholarship,Medium,Resolved,39,2021-12-13,2022-01-21
CMP01012,COL1463,Library,Low,Resolved,4,2023-02-11,2023-02-15
CMP01013,COL1198,Hostel,Medium,Resolved,15,2024-08-04,2024-08-19
CMP01014,COL0050,Scholarship,High,Resolved,13,2025-01-01,2025-01-14
CMP01015,COL0974,Scholarship,High,Resolved,7,2026-01-15,2026-01-22
CMP01016,COL0633,Transport,Medium,Resolved,12,2021-08-14,2021-08-26
CMP01017,COL0205,Infrastructure,Low,Resolved,22,2024-03-03,2024-03-25
CMP01018,COL1116,Exam,High,Resolved,1,2023-03-26,2023-03-27
CMP01019,COL0128,Scholarship,High,Resolved,27,2023-01-06,2023-02-02
CMP01020,COL0908,Infrastructure,High,Resolved,18,2023-12-19,2024-01-06
CMP01021,COL0260,Exam,High,Resolved,1,2025-04-19,2025-04-20
CMP01022,COL0782,Transport,Medium,In Progress,,2026-01-14,
CMP01023,COL0867,Infrastructure,High,Escalated,,2023-12-08,
CMP01024,COL0252,Exam,Low,Resolved,14,2024-09-05,2024-09-19
CMP01025,COL1731,Hostel,Medium,Resolved,18,2022-06-01,2022-06-19
CMP01026,COL0084,Transport,High,Resolved,8,2023-02-20,2023-02-28
CMP01027,COL0384,Infrastructure,Medium,Resolved,18,2022-02-02,2022-02-20
CMP01028,COL0173,Internet,Medium,Resolved,1,2026-06-25,2026-06-26
CMP01029,COL1971,Faculty,Low,Escalated,,2023-12-20,
CMP01030,COL1628,Faculty,Medium,Resolved,25,2021-04-20,2021-05-15
CMP01031,COL1474,Scholarship,Medium,Resolved,8,2022-03-28,2022-04-05
CMP01032,COL0599,Exam,Low,Resolved,19,2026-01-11,2026-01-30
CMP01033,COL0844,Exam,Medium,Resolved,7,2022-04-12,2022-04-19
CMP01034,COL1852,Infrastructure,High,In Progress,,2026-07-22,
CMP01035,COL0705,Transport,Low,In Progress,,2024-10-30,
CMP01036,COL0989,Scholarship,High,Escalated,,2021-10-24,
CMP01037,COL1169,Library,High,Escalated,,2024-09-29,
CMP01038,COL0596,Hostel,Low,Pending,,2025-08-06,
CMP01039,COL1127,Faculty,Low,Resolved,18,2023-03-26,2023-04-13
CMP01040,COL0270,Infrastructure,High,Resolved,22,2021-03-21,2021-04-12
CMP01041,COL0098,Internet,Low,Resolved,5,2023-03-22,2023-03-27
CMP01042,COL0150,Internet,Low,Resolved,8,2023-11-04,2023-11-12
CMP01043,COL0940,Transport,Low,Resolved,15,2025-05-06,2025-05-21
CMP01044,COL0003,Infrastructure,Low,Pending,,2023-10-25,
CMP01045,COL0372,Infrastructure,Medium,Escalated,,2021-10-01,
CMP01046,COL1205,Internet,High,Resolved,4,2022-06-03,2022-06-07
CMP01047,COL0834,Library,Low,Resolved,7,2023-12-02,2023-12-09
CMP01048,COL1291,Hostel,Low,Resolved,23,2024-08-02,2024-08-25
CMP01049,COL1107,Exam,High,Resolved,1,2025-11-29,2025-11-30
CMP01050,COL0818,Library,Low,Resolved,4,2022-05-13,2022-05-17
CMP01051,COL1423,Transport,Medium,Pending,,2024-11-24,
CMP01052,COL1930,Library,Medium,Resolved,4,2022-05-02,2022-05-06
CMP01053,COL0263,Faculty,Low,Resolved,36,2023-10-11,2023-11-16
CMP01054,COL0554,Transport,Low,Pending,,2022-07-07,
CMP01055,COL0498,Transport,Medium,Resolved,14,2021-07-18,2021-08-01
CMP01056,COL1082,Internet,Low,Resolved,3,2021-07-05,2021-07-08
CMP01057,COL0828,Transport,Low,Escalated,,2025-10-26,
CMP01058,COL1199,Scholarship,High,Resolved,28,2025-12-25,2026-01-22
CMP01059,COL1049,Scholarship,Medium,Resolved,10,2024-03-20,2024-03-30
CMP01060,COL1759,Exam,Medium,Resolved,9,2024-08-22,2024-08-31
CMP01061,COL1764,Library,High,Resolved,2,2022-10-19,2022-10-21
CMP01062,COL0882,Library,Low,Pending,,2021-04-29,
CMP01063,COL0098,Internet,Medium,In Progress,,2025-07-15,
CMP01064,COL1874,Faculty,Medium,Resolved,13,2023-12-02,2023-12-15
CMP01065,COL0533,Infrastructure,High,Resolved,8,2024-10-18,2024-10-26
CMP01066,COL1482,Infrastructure,Low,Resolved,26,2022-08-19,2022-09-14
CMP01067,COL1725,Transport,Low,Resolved,18,2021-01-02,2021-01-20
CMP01068,COL1188,Faculty,Low,Resolved,19,2021-12-05,2021-12-24
CMP01069,COL0757,Transport,Low,Resolved,9,2021-11-10,2021-11-19
CMP01070,COL0390,Internet,Medium,Resolved,5,2021-03-27,2021-04-01
CMP01071,COL0814,Scholarship,Low,Resolved,22,2023-05-13,2023-06-04
CMP01072,COL0962,Hostel,Medium,In Progress,,2024-11-02,
CMP01073,COL1990,Scholarship,Low,Resolved,17,2021-06-24,2021-07-11
CMP01074,COL0440,Internet,Medium,In Progress,,2025-02-08,
CMP01075,COL1056,Internet,Low,Resolved,6,2022-07-30,2022-08-05
CMP01076,COL0266,Scholarship,High,Resolved,12,2025-05-04,2025-05-16
CMP01077,COL0855,Faculty,Low,Escalated,,2024-02-05,
CMP01078,COL0811,Internet,Medium,Resolved,1,2022-05-22,2022-05-23
CMP01079,COL1749,Internet,Medium,Resolved,5,2024-07-19,2024-07-24
CMP01080,COL0614,Infrastructure,High,Resolved,6,2024-02-11,2024-02-17
CMP01081,COL1016,Infrastructure,High,Resolved,27,2023-10-02,2023-10-29
CMP01082,COL0587,Hostel,Medium,Resolved,5,2026-05-13,2026-05-18
CMP01083,COL0449,Library,Low,Resolved,10,2025-09-20,2025-09-30
CMP01084,COL0789,Faculty,Medium,Resolved,13,2024-08-31,2024-09-13
CMP01085,COL0685,Transport,Low,Resolved,3,2024-02-05,2024-02-08
CMP01086,COL1132,Hostel,High,Resolved,11,2024-04-06,2024-04-17
CMP01087,COL1279,Infrastructure,Medium,Resolved,42,2021-09-21,2021-11-02
CMP01088,COL1320,Infrastructure,High,Resolved,26,2024-12-13,2025-01-08
CMP01089,COL0946,Exam,Medium,Resolved,2,2022-07-31,2022-08-02
CMP01090,COL0555,Exam,Medium,Resolved,7,2026-06-27,2026-07-04
CMP01091,COL0130,Faculty,Medium,Resolved,14,2023-03-23,2023-04-06
CMP01092,COL1200,Infrastructure,High,In Progress,,2022-10-29,
CMP01093,COL1286,Hostel,Medium,Resolved,6,2022-11-24,2022-11-30
CMP01094,COL1983,Infrastructure,High,Resolved,17,2024-12-26,2025-01-12
CMP01095,COL0009,Internet,Medium,Resolved,2,2025-01-24,2025-01-26
CMP01096,COL1166,Hostel,Medium,Resolved,17,2021-03-20,2021-04-06
CMP01097,COL0208,Internet,Low,Resolved,3,2024-07-17,2024-07-20
CMP01098,COL0858,Infrastructure,Low,Resolved,10,2022-10-31,2022-11-10
CMP01099,COL0013,Hostel,Medium,Resolved,11,2021-12-22,2022-01-02
CMP01100,COL1733,Transport,Low,Resolved,4,2021-08-19,2021-08-23
CMP01101,COL0489,Exam,Medium,Resolved,4,2025-08-12,2025-08-16
CMP01102,COL0747,Infrastructure,High,Resolved,25,2022-09-07,2022-10-02
CMP01103,COL1040,Internet,Medium,Resolved,3,2021-06-24,2021-06-27
CMP01104,COL1108,Internet,High,Resolved,1,2022-09-25,2022-09-26
CMP01105,COL0211,Exam,High,Resolved,4,2024-10-26,2024-10-30
CMP01106,COL0997,Library,Low,In Progress,,2023-10-02,
CMP01107,COL0378,Infrastructure,Low,Resolved,56,2025-06-01,2025-07-27
CMP01108,COL1260,Transport,Low,Resolved,3,2024-09-22,2024-09-25
CMP01109,COL0798,Library,Medium,Resolved,1,2021-04-08,2021-04-09
CMP01110,COL0081,Library,Low,Resolved,13,2025-05-20,2025-06-02
CMP01111,COL0413,Infrastructure,Medium,In Progress,,2025-12-30,
CMP01112,COL0744,Exam,Medium,Resolved,7,2021-12-19,2021-12-26
CMP01113,COL0177,Scholarship,High,Resolved,30,2024-12-10,2025-01-09
CMP01114,COL0178,Faculty,Low,Resolved,7,2022-08-26,2022-09-02
CMP01115,COL1183,Hostel,Medium,Resolved,8,2021-04-23,2021-05-01
CMP01116,COL1721,Exam,Low,Resolved,7,2022-07-02,2022-07-09
CMP01117,COL1364,Exam,Medium,Pending,,2021-04-07,
CMP01118,COL0587,Faculty,Low,Pending,,2023-12-25,
CMP01119,COL1409,Infrastructure,Medium,Resolved,7,2024-08-23,2024-08-30
CMP01120,COL1819,Faculty,High,Resolved,14,2022-11-22,2022-12-06
CMP01121,COL0345,Infrastructure,Medium,Resolved,17,2025-10-05,2025-10-22
CMP01122,COL0306,Internet,Medium,Resolved,1,2022-02-13,2022-02-14
CMP01123,COL1860,Library,Low,Resolved,5,2021-05-14,2021-05-19
CMP01124,COL1074,Scholarship,High,In Progress,,2021-02-01,
CMP01125,COL0691,Internet,Medium,In Progress,,2024-10-14,
CMP01126,COL1653,Exam,High,Resolved,5,2023-04-02,2023-04-07
CMP01127,COL1345,Faculty,Low,Resolved,35,2026-06-11,2026-07-16
CMP01128,COL1036,Scholarship,Medium,Resolved,18,2021-10-29,2021-11-16
CMP01129,COL0724,Infrastructure,Low,Resolved,29,2022-09-13,2022-10-12
CMP01130,COL1840,Faculty,Low,Resolved,15,2023-10-08,2023-10-23
CMP01131,COL0470,Transport,Low,Resolved,2,2021-08-31,2021-09-02
CMP01132,COL0795,Infrastructure,Medium,Resolved,11,2024-03-01,2024-03-12
CMP01133,COL1000,Internet,Medium,Resolved,5,2026-01-29,2026-02-03
CMP01134,COL1621,Transport,Medium,Resolved,12,2021-09-08,2021-09-20
CMP01135,COL0080,Hostel,High,In Progress,,2024-04-28,
CMP01136,COL1617,Infrastructure,Medium,Resolved,5,2021-10-26,2021-10-31
CMP01137,COL1041,Internet,High,Resolved,4,2025-12-10,2025-12-14
CMP01138,COL1765,Faculty,Medium,Escalated,,2024-08-19,
CMP01139,COL0772,Faculty,Medium,Resolved,28,2022-03-10,2022-04-07
CMP01140,COL1246,Faculty,High,Resolved,15,2023-04-16,2023-05-01
CMP01141,COL0222,Faculty,High,Resolved,13,2021-08-02,2021-08-15
CMP01142,COL1710,Exam,Low,Resolved,16,2023-03-21,2023-04-06
CMP01143,COL1211,Internet,Medium,Resolved,2,2023-09-25,2023-09-27
CMP01144,COL0690,Internet,Medium,Resolved,5,2022-04-24,2022-04-29
CMP01145,COL1946,Scholarship,Medium,Resolved,20,2023-11-27,2023-12-17
CMP01146,COL1277,Transport,High,Resolved,6,2023-03-03,2023-03-09
CMP01147,COL1760,Library,Medium,Resolved,8,2025-11-28,2025-12-06
CMP01148,COL1455,Transport,Low,Resolved,18,2023-05-30,2023-06-17
CMP01149,COL1841,Internet,Medium,In Progress,,2023-08-15,
CMP01150,COL1493,Transport,Low,Resolved,12,2022-11-16,2022-11-28
CMP01151,COL1107,Faculty,Low,Resolved,16,2022-06-12,2022-06-28
CMP01152,COL1839,Exam,Medium,Resolved,5,2023-10-21,2023-10-26
CMP01153,COL1736,Transport,High,Resolved,7,2021-02-08,2021-02-15
CMP01154,COL0357,Hostel,Medium,Resolved,10,2023-07-04,2023-07-14
CMP01155,COL0557,Hostel,Medium,Resolved,14,2024-03-07,2024-03-21
CMP01156,COL1900,Library,High,Resolved,5,2026-03-15,2026-03-20
CMP01157,COL0587,Transport,Low,Resolved,6,2025-12-22,2025-12-28
CMP01158,COL0091,Faculty,Medium,Resolved,25,2021-11-11,2021-12-06
CMP01159,COL1883,Scholarship,High,Escalated,,2025-02-04,
CMP01160,COL0773,Hostel,High,Resolved,2,2026-01-18,2026-01-20
CMP01161,COL1922,Exam,Medium,Resolved,5,2022-08-23,2022-08-28
CMP01162,COL0033,Faculty,Low,Resolved,28,2023-01-26,2023-02-23
CMP01163,COL0653,Faculty,Low,Resolved,38,2025-05-19,2025-06-26
CMP01164,COL1402,Library,Low,In Progress,,2023-08-25,
CMP01165,COL1545,Transport,High,Resolved,8,2024-03-08,2024-03-16
CMP01166,COL1623,Transport,Low,Resolved,18,2023-07-17,2023-08-04
CMP01167,COL1474,Faculty,Medium,Resolved,14,2026-02-17,2026-03-03
CMP01168,COL1539,Scholarship,Medium,Resolved,12,2025-09-13,2025-09-25
CMP01169,COL1054,Library,Medium,Resolved,1,2023-01-10,2023-01-11
CMP01170,COL0841,Infrastructure,Medium,Resolved,24,2022-12-13,2023-01-06
CMP01171,COL1011,Scholarship,Low,Resolved,44,2024-10-15,2024-11-28
CMP01172,COL0165,Hostel,High,Pending,,2024-02-25,
CMP01173,COL0155,Transport,Medium,Pending,,2021-02-05,
CMP01174,COL1358,Scholarship,Medium,In Progress,,2026-03-26,
CMP01175,COL1850,Internet,Medium,Resolved,3,2021-04-02,2021-04-05
CMP01176,COL0704,Library,Medium,Resolved,8,2025-06-11,2025-06-19
CMP01177,COL1892,Library,Low,Resolved,9,2021-05-05,2021-05-14
CMP01178,COL0873,Infrastructure,Medium,Resolved,11,2024-03-30,2024-04-10
CMP01179,COL0338,Library,Medium,Resolved,9,2025-07-21,2025-07-30
CMP01180,COL0671,Library,High,Resolved,5,2022-09-28,2022-10-03
CMP01181,COL1711,Transport,Low,Resolved,13,2024-01-12,2024-01-25
CMP01182,COL1622,Exam,Medium,Resolved,1,2021-05-09,2021-05-10
CMP01183,COL1787,Hostel,Medium,Resolved,20,2024-06-15,2024-07-05
CMP01184,COL0664,Internet,High,Resolved,1,2022-05-03,2022-05-04
CMP01185,COL1617,Internet,Medium,Resolved,7,2021-02-14,2021-02-21
CMP01186,COL0784,Infrastructure,Low,Escalated,,2026-07-03,
CMP01187,COL0625,Internet,High,In Progress,,2023-11-11,
CMP01188,COL1955,Internet,High,Resolved,3,2022-06-30,2022-07-03
CMP01189,COL0393,Infrastructure,High,Resolved,13,2021-03-30,2021-04-12
CMP01190,COL0119,Library,Low,Resolved,2,2026-06-10,2026-06-12
CMP01191,COL1900,Exam,High,Escalated,,2024-12-14,
CMP01192,COL1695,Exam,Medium,Resolved,9,2025-11-07,2025-11-16
CMP01193,COL1894,Internet,Medium,Resolved,7,2024-01-19,2024-01-26
CMP01194,COL0729,Hostel,High,Resolved,7,2024-02-09,2024-02-16
CMP01195,COL1456,Internet,Medium,Resolved,7,2022-03-25,2022-04-01
CMP01196,COL0227,Infrastructure,High,In Progress,,2023-07-07,
CMP01197,COL1913,Infrastructure,Low,Resolved,9,2025-02-28,2025-03-09
CMP01198,COL1728,Infrastructure,Low,Resolved,18,2023-01-29,2023-02-16
CMP01199,COL0588,Exam,Medium,Resolved,10,2022-11-20,2022-11-30
CMP01200,COL1703,Infrastructure,Medium,In Progress,,2023-08-26,
CMP01201,COL1643,Hostel,Low,Resolved,17,2024-06-21,2024-07-08
CMP01202,COL0587,Scholarship,High,Resolved,32,2023-04-29,2023-05-31
CMP01203,COL1547,Infrastructure,High,In Progress,,2025-08-02,
CMP01204,COL0593,Exam,Medium,Resolved,9,2022-05-01,2022-05-10
CMP01205,COL0302,Faculty,Medium,Pending,,2025-07-06,
CMP01206,COL0389,Library,Low,Resolved,8,2024-05-03,2024-05-11
CMP01207,COL0984,Exam,High,Resolved,9,2026-04-21,2026-04-30
CMP01208,COL0287,Faculty,Medium,In Progress,,2023-10-12,
CMP01209,COL0235,Library,Low,Resolved,8,2021-11-19,2021-11-27
CMP01210,COL0652,Internet,Medium,Resolved,6,2025-07-01,2025-07-07
CMP01211,COL0579,Hostel,Low,Resolved,9,2022-04-11,2022-04-20
CMP01212,COL1832,Exam,High,In Progress,,2021-06-13,
CMP01213,COL1167,Faculty,Medium,Resolved,19,2025-02-15,2025-03-06
CMP01214,COL0675,Exam,Medium,Resolved,1,2025-10-31,2025-11-01
CMP01215,COL1490,Scholarship,Low,Resolved,43,2025-08-06,2025-09-18
CMP01216,COL1931,Internet,Low,Resolved,3,2025-02-03,2025-02-06
CMP01217,COL0073,Scholarship,High,Resolved,27,2021-07-27,2021-08-23
CMP01218,COL1467,Exam,Medium,Resolved,13,2026-03-04,2026-03-17
CMP01219,COL0534,Hostel,Low,In Progress,,2022-12-14,
CMP01220,COL0615,Scholarship,Medium,Resolved,37,2023-06-16,2023-07-23
CMP01221,COL1095,Scholarship,Low,Resolved,29,2026-01-30,2026-02-28
CMP01222,COL0553,Library,Low,Resolved,13,2026-07-08,2026-07-21
CMP01223,COL1187,Infrastructure,Medium,Resolved,21,2023-05-01,2023-05-22
CMP01224,COL1341,Infrastructure,Medium,Resolved,22,2023-10-18,2023-11-09
CMP01225,COL0248,Faculty,Medium,Resolved,6,2025-01-03,2025-01-09
CMP01226,COL0525,Faculty,Medium,Resolved,6,2021-07-24,2021-07-30
CMP01227,COL0187,Transport,High,Resolved,4,2023-04-08,2023-04-12
CMP01228,COL1566,Scholarship,High,Pending,,2025-04-10,
CMP01229,COL0391,Library,Low,Resolved,7,2021-07-23,2021-07-30
CMP01230,COL1899,Scholarship,Medium,Pending,,2026-07-03,
CMP01231,COL1428,Internet,Low,Resolved,5,2022-09-08,2022-09-13
CMP01232,COL1778,Hostel,Medium,In Progress,,2023-05-10,
CMP01233,COL1102,Infrastructure,Medium,Pending,,2023-04-04,
CMP01234,COL0416,Exam,High,Resolved,9,2022-03-11,2022-03-20
CMP01235,COL0506,Library,Low,Resolved,12,2021-01-14,2021-01-26
CMP01236,COL0826,Scholarship,High,In Progress,,2023-06-22,
CMP01237,COL0664,Library,Medium,Resolved,5,2021-06-10,2021-06-15
CMP01238,COL0971,Scholarship,High,Resolved,30,2023-04-15,2023-05-15
CMP01239,COL1505,Exam,High,Resolved,2,2026-01-20,2026-01-22
CMP01240,COL1349,Transport,Low,Pending,,2023-01-02,
CMP01241,COL0740,Exam,High,Resolved,7,2026-01-04,2026-01-11
CMP01242,COL1668,Infrastructure,Low,Resolved,58,2024-02-03,2024-04-01
CMP01243,COL0206,Library,Low,Resolved,8,2022-10-12,2022-10-20
CMP01244,COL1782,Library,Low,Resolved,3,2024-09-09,2024-09-12
CMP01245,COL0642,Hostel,Low,Resolved,20,2024-10-16,2024-11-05
CMP01246,COL1133,Internet,Medium,Resolved,4,2024-04-14,2024-04-18
CMP01247,COL0330,Hostel,Medium,Resolved,2,2023-03-25,2023-03-27
CMP01248,COL1741,Faculty,Medium,Resolved,13,2021-11-16,2021-11-29
CMP01249,COL0463,Faculty,Low,In Progress,,2026-03-22,
CMP01250,COL0906,Scholarship,Medium,Resolved,43,2021-05-01,2021-06-13
CMP01251,COL0749,Infrastructure,Low,Resolved,50,2025-04-23,2025-06-12
CMP01252,COL1418,Faculty,High,Resolved,14,2023-12-13,2023-12-27
CMP01253,COL1045,Exam,High,Resolved,9,2022-08-03,2022-08-12
CMP01254,COL1242,Internet,Low,Resolved,3,2023-12-28,2023-12-31
CMP01255,COL0285,Transport,High,Resolved,2,2026-01-30,2026-02-01
CMP01256,COL1425,Library,Medium,Resolved,8,2023-05-07,2023-05-15
CMP01257,COL1861,Faculty,High,Resolved,4,2021-06-13,2021-06-17
CMP01258,COL1748,Faculty,Low,In Progress,,2022-05-10,
CMP01259,COL1665,Internet,Low,Resolved,5,2024-05-24,2024-05-29
CMP01260,COL1964,Internet,Low,Resolved,9,2021-07-28,2021-08-06
CMP01261,COL1081,Library,Low,Resolved,7,2022-11-29,2022-12-06
CMP01262,COL1311,Internet,Low,Resolved,3,2024-07-31,2024-08-03
CMP01263,COL1439,Exam,Medium,Resolved,14,2023-02-13,2023-02-27
CMP01264,COL0229,Infrastructure,Medium,Resolved,16,2024-08-27,2024-09-12
CMP01265,COL0801,Exam,High,Resolved,1,2021-12-08,2021-12-09
CMP01266,COL0406,Hostel,High,Resolved,7,2025-10-13,2025-10-20
CMP01267,COL0677,Library,Low,Resolved,9,2021-09-16,2021-09-25
CMP01268,COL0006,Internet,Medium,Resolved,6,2021-03-26,2021-04-01
CMP01269,COL0894,Library,Medium,Resolved,9,2023-09-06,2023-09-15
CMP01270,COL0811,Exam,High,Resolved,7,2026-06-12,2026-06-19
CMP01271,COL1228,Transport,Low,Resolved,6,2026-05-11,2026-05-17
CMP01272,COL0804,Exam,Low,Resolved,8,2021-10-31,2021-11-08
CMP01273,COL1815,Infrastructure,Low,Resolved,42,2025-08-21,2025-10-02
CMP01274,COL0059,Faculty,Medium,Resolved,21,2024-04-01,2024-04-22
CMP01275,COL0181,Faculty,High,Resolved,16,2021-07-02,2021-07-18
CMP01276,COL0423,Internet,High,Resolved,3,2024-12-27,2024-12-30
CMP01277,COL0236,Exam,High,Resolved,9,2022-07-10,2022-07-19
CMP01278,COL1973,Exam,Medium,Resolved,2,2026-01-16,2026-01-18
CMP01279,COL0922,Infrastructure,Medium,Resolved,10,2022-03-06,2022-03-16
CMP01280,COL1076,Infrastructure,Medium,Resolved,9,2021-06-13,2021-06-22
CMP01281,COL0204,Hostel,Low,Resolved,21,2024-07-02,2024-07-23
CMP01282,COL1037,Library,Low,Resolved,6,2023-11-02,2023-11-08
CMP01283,COL1766,Internet,Low,Resolved,2,2024-07-11,2024-07-13
CMP01284,COL1622,Faculty,Medium,Resolved,23,2023-03-17,2023-04-09
CMP01285,COL1502,Transport,Medium,Resolved,6,2026-01-07,2026-01-13
CMP01286,COL0962,Infrastructure,Medium,Resolved,38,2025-11-01,2025-12-09
CMP01287,COL0659,Transport,Low,Resolved,2,2023-04-18,2023-04-20
CMP01288,COL1593,Internet,Medium,Resolved,5,2025-01-16,2025-01-21
CMP01289,COL0022,Transport,Medium,Resolved,4,2026-02-16,2026-02-20
CMP01290,COL1308,Library,High,Resolved,4,2022-02-17,2022-02-21
CMP01291,COL0278,Infrastructure,Medium,Resolved,43,2025-09-15,2025-10-28
CMP01292,COL0081,Infrastructure,Low,Pending,,2025-08-04,
CMP01293,COL1103,Exam,High,Resolved,1,2021-11-13,2021-11-14
CMP01294,COL0437,Hostel,High,Pending,,2023-09-10,
CMP01295,COL1297,Library,Low,Resolved,10,2022-09-17,2022-09-27
CMP01296,COL1512,Transport,High,Resolved,1,2023-11-24,2023-11-25
CMP01297,COL0761,Hostel,High,Resolved,11,2023-06-30,2023-07-11
CMP01298,COL1336,Scholarship,Medium,Pending,,2023-01-15,
CMP01299,COL0850,Internet,High,Resolved,3,2021-02-16,2021-02-19
CMP01300,COL0329,Hostel,Low,Resolved,4,2024-06-29,2024-07-03
CMP01301,COL1908,Infrastructure,Low,Resolved,43,2021-09-25,2021-11-07
CMP01302,COL0148,Transport,Low,In Progress,,2024-10-08,
CMP01303,COL0765,Library,High,In Progress,,2022-01-08,
CMP01304,COL0662,Faculty,Medium,Pending,,2024-06-30,
CMP01305,COL0257,Infrastructure,Low,Resolved,57,2022-02-18,2022-04-16
CMP01306,COL1406,Library,Low,Resolved,12,2021-12-28,2022-01-09
CMP01307,COL1305,Hostel,Medium,Resolved,7,2021-12-09,2021-12-16
CMP01308,COL0637,Transport,Low,Resolved,2,2025-12-24,2025-12-26
CMP01309,COL1427,Transport,Low,Resolved,7,2023-02-22,2023-03-01
CMP01310,COL0396,Faculty,High,Escalated,,2024-09-18,
CMP01311,COL1210,Faculty,Low,Resolved,26,2025-11-26,2025-12-22
CMP01312,COL1378,Faculty,Medium,Resolved,25,2025-10-10,2025-11-04
CMP01313,COL1437,Infrastructure,Medium,Resolved,12,2023-08-12,2023-08-24
CMP01314,COL0923,Library,Medium,Resolved,5,2024-09-08,2024-09-13
CMP01315,COL1660,Hostel,Low,Resolved,4,2025-04-30,2025-05-04
CMP01316,COL0046,Exam,Medium,Resolved,8,2025-12-06,2025-12-14
CMP01317,COL1608,Internet,High,Resolved,4,2024-05-05,2024-05-09
CMP01318,COL0638,Transport,Low,Resolved,9,2024-02-14,2024-02-23
CMP01319,COL1095,Faculty,Medium,Resolved,23,2023-02-21,2023-03-16
CMP01320,COL0082,Transport,High,Resolved,1,2022-08-23,2022-08-24
CMP01321,COL0328,Library,Low,Resolved,5,2024-08-13,2024-08-18
CMP01322,COL1073,Internet,High,In Progress,,2025-07-05,
CMP01323,COL1512,Scholarship,Medium,In Progress,,2024-11-11,
CMP01324,COL1005,Internet,Medium,Resolved,3,2025-03-07,2025-03-10
CMP01325,COL1991,Transport,High,Resolved,1,2022-09-03,2022-09-04
CMP01326,COL1163,Faculty,Medium,Pending,,2022-01-20,
CMP01327,COL0933,Faculty,High,Pending,,2025-10-05,
CMP01328,COL0489,Scholarship,High,Resolved,25,2021-04-06,2021-05-01
CMP01329,COL0486,Internet,Low,Resolved,3,2024-09-25,2024-09-28
CMP01330,COL1674,Infrastructure,High,Resolved,5,2021-03-14,2021-03-19
CMP01331,COL0608,Internet,Low,Resolved,3,2021-04-21,2021-04-24
CMP01332,COL0691,Scholarship,Medium,Resolved,44,2021-09-07,2021-10-21
CMP01333,COL1095,Internet,Medium,Resolved,7,2022-05-28,2022-06-04
CMP01334,COL1404,Library,Medium,Pending,,2021-10-07,
CMP01335,COL0843,Faculty,High,Escalated,,2024-03-13,
CMP01336,COL1262,Transport,Medium,Resolved,4,2021-04-19,2021-04-23
CMP01337,COL0921,Transport,Medium,Resolved,8,2024-05-28,2024-06-05
CMP01338,COL1025,Internet,Medium,Resolved,5,2023-03-26,2023-03-31
CMP01339,COL0281,Internet,Low,Escalated,,2024-01-13,
CMP01340,COL1532,Transport,Medium,Resolved,13,2024-04-07,2024-04-20
CMP01341,COL1541,Library,Low,Resolved,3,2022-05-13,2022-05-16
CMP01342,COL1190,Exam,Low,Resolved,11,2024-12-09,2024-12-20
CMP01343,COL1396,Faculty,Medium,Resolved,20,2024-04-03,2024-04-23
CMP01344,COL1163,Transport,Medium,Resolved,6,2023-03-25,2023-03-31
CMP01345,COL1749,Exam,Medium,Resolved,8,2023-07-12,2023-07-20
CMP01346,COL0207,Transport,Medium,Resolved,14,2025-10-20,2025-11-03
CMP01347,COL1737,Infrastructure,Low,In Progress,,2023-01-31,
CMP01348,COL1485,Infrastructure,Medium,Resolved,5,2024-06-09,2024-06-14
CMP01349,COL1233,Faculty,Low,Escalated,,2023-12-07,
CMP01350,COL1996,Hostel,Medium,Resolved,13,2022-11-15,2022-11-28
CMP01351,COL0960,Infrastructure,Low,Resolved,53,2025-01-21,2025-03-15
CMP01352,COL0176,Transport,High,Resolved,4,2025-12-28,2026-01-01
CMP01353,COL0498,Scholarship,High,Resolved,30,2022-06-25,2022-07-25
CMP01354,COL1766,Hostel,High,Resolved,4,2024-08-03,2024-08-07
CMP01355,COL0328,Scholarship,High,Resolved,8,2026-07-03,2026-07-11
CMP01356,COL0165,Library,Low,Pending,,2022-03-02,
CMP01357,COL1968,Scholarship,Low,Resolved,73,2021-06-21,2021-09-02
CMP01358,COL1693,Infrastructure,High,Resolved,21,2021-04-02,2021-04-23
CMP01359,COL0441,Faculty,Medium,Resolved,3,2022-02-19,2022-02-22
CMP01360,COL1594,Infrastructure,Medium,Resolved,15,2023-09-01,2023-09-16
CMP01361,COL0426,Exam,High,Resolved,7,2025-08-02,2025-08-09
CMP01362,COL0570,Infrastructure,Medium,Resolved,22,2021-10-23,2021-11-14
CMP01363,COL0294,Transport,Medium,Resolved,7,2023-05-22,2023-05-29
CMP01364,COL1264,Faculty,Low,Resolved,17,2026-02-20,2026-03-09
CMP01365,COL1250,Faculty,Medium,Resolved,27,2025-09-24,2025-10-21
CMP01366,COL0924,Transport,Low,In Progress,,2026-01-14,
CMP01367,COL0691,Internet,High,Resolved,1,2025-03-03,2025-03-04
CMP01368,COL1785,Scholarship,Medium,Resolved,37,2026-03-02,2026-04-08
CMP01369,COL1065,Internet,High,In Progress,,2024-06-26,
CMP01370,COL0867,Exam,Low,Resolved,16,2025-08-31,2025-09-16
CMP01371,COL1453,Faculty,Low,Resolved,24,2026-06-01,2026-06-25
CMP01372,COL0026,Scholarship,Medium,Resolved,22,2021-11-11,2021-12-03
CMP01373,COL0414,Infrastructure,High,Resolved,8,2021-10-30,2021-11-07
CMP01374,COL1020,Library,High,Pending,,2025-01-13,
CMP01375,COL0732,Transport,Low,Resolved,16,2026-05-12,2026-05-28
CMP01376,COL0523,Hostel,High,Resolved,2,2023-09-24,2023-09-26
CMP01377,COL1034,Internet,Medium,Resolved,6,2022-05-06,2022-05-12
CMP01378,COL0512,Internet,Low,Resolved,8,2021-02-11,2021-02-19
CMP01379,COL1038,Internet,Medium,Resolved,2,2022-01-09,2022-01-11
CMP01380,COL0302,Faculty,High,Resolved,14,2025-02-25,2025-03-11
CMP01381,COL0193,Exam,High,Resolved,2,2022-01-14,2022-01-16
CMP01382,COL0176,Internet,High,Resolved,3,2021-07-12,2021-07-15
CMP01383,COL1170,Transport,Low,Resolved,13,2025-09-27,2025-10-10
CMP01384,COL1847,Transport,Medium,Resolved,4,2025-05-08,2025-05-12
CMP01385,COL0168,Hostel,High,Resolved,10,2021-05-20,2021-05-30
CMP01386,COL1507,Faculty,High,Resolved,4,2025-10-11,2025-10-15
CMP01387,COL0583,Exam,Medium,Resolved,11,2025-07-24,2025-08-04
CMP01388,COL0138,Faculty,High,Resolved,5,2024-10-11,2024-10-16
CMP01389,COL0504,Scholarship,High,Resolved,12,2024-03-05,2024-03-17
CMP01390,COL0062,Faculty,Medium,Resolved,11,2025-07-13,2025-07-24
CMP01391,COL0431,Scholarship,Medium,Resolved,46,2023-11-29,2024-01-14
CMP01392,COL0714,Infrastructure,Low,Resolved,43,2022-10-08,2022-11-20
CMP01393,COL0584,Transport,Medium,Escalated,,2026-01-06,
CMP01394,COL1188,Faculty,Medium,Pending,,2025-03-17,
CMP01395,COL1958,Transport,Medium,Resolved,11,2023-07-21,2023-08-01
CMP01396,COL1704,Internet,Medium,Resolved,1,2022-08-30,2022-08-31
CMP01397,COL1394,Scholarship,Medium,Resolved,57,2022-11-16,2023-01-12
CMP01398,COL1211,Library,Low,Resolved,5,2025-11-07,2025-11-12
CMP01399,COL0822,Faculty,Medium,Resolved,26,2022-05-07,2022-06-02
CMP01400,COL1456,Scholarship,Medium,Resolved,15,2021-07-29,2021-08-13
CMP01401,COL0764,Infrastructure,Low,Resolved,23,2026-02-19,2026-03-14
CMP01402,COL0386,Exam,Medium,Resolved,5,2021-12-06,2021-12-11
CMP01403,COL1765,Transport,High,Resolved,7,2021-02-14,2021-02-21
CMP01404,COL1265,Scholarship,Low,Resolved,38,2021-09-14,2021-10-22
CMP01405,COL0933,Exam,Medium,Resolved,15,2023-06-01,2023-06-16
CMP01406,COL1908,Exam,Medium,Resolved,3,2021-05-02,2021-05-05
CMP01407,COL1892,Infrastructure,High,In Progress,,2021-04-13,
CMP01408,COL1138,Scholarship,Medium,Resolved,25,2021-12-23,2022-01-17
CMP01409,COL0013,Infrastructure,Medium,Pending,,2022-07-06,
CMP01410,COL1123,Internet,Low,Resolved,8,2024-06-10,2024-06-18
CMP01411,COL0887,Infrastructure,Medium,Resolved,25,2022-03-07,2022-04-01
CMP01412,COL0685,Scholarship,High,In Progress,,2024-12-13,
CMP01413,COL1239,Faculty,High,Resolved,9,2025-11-21,2025-11-30
CMP01414,COL1578,Infrastructure,Low,Resolved,13,2021-03-19,2021-04-01
CMP01415,COL0594,Scholarship,Medium,Resolved,36,2026-04-15,2026-05-21
CMP01416,COL0813,Internet,Medium,Pending,,2026-02-15,
CMP01417,COL1063,Scholarship,High,Resolved,10,2025-06-08,2025-06-18
CMP01418,COL1526,Transport,Low,Resolved,13,2022-11-07,2022-11-20
CMP01419,COL0901,Scholarship,Low,Resolved,33,2023-03-12,2023-04-14
CMP01420,COL1450,Faculty,Low,Resolved,6,2024-03-25,2024-03-31
CMP01421,COL0825,Library,High,Pending,,2026-07-26,
CMP01422,COL1518,Hostel,Low,Resolved,5,2023-02-09,2023-02-14
CMP01423,COL1224,Exam,High,Resolved,5,2024-10-19,2024-10-24
CMP01424,COL1134,Library,Medium,Resolved,6,2024-10-05,2024-10-11
CMP01425,COL0100,Library,High,Resolved,1,2025-05-09,2025-05-10
CMP01426,COL1484,Faculty,Low,Resolved,15,2025-08-19,2025-09-03
CMP01427,COL0870,Exam,Low,Resolved,9,2024-01-30,2024-02-08
CMP01428,COL0782,Faculty,High,Resolved,10,2025-09-12,2025-09-22
CMP01429,COL0509,Faculty,Low,Resolved,30,2022-02-09,2022-03-11
CMP01430,COL0627,Transport,Low,Resolved,12,2023-11-16,2023-11-28
CMP01431,COL0242,Exam,High,Resolved,7,2025-07-10,2025-07-17
CMP01432,COL0464,Exam,High,Resolved,5,2026-03-08,2026-03-13
CMP01433,COL1422,Exam,High,Escalated,,2021-02-12,
CMP01434,COL1803,Transport,Low,In Progress,,2025-05-01,
CMP01435,COL1767,Scholarship,High,Pending,,2021-05-28,
CMP01436,COL0512,Faculty,Low,Pending,,2025-10-22,
CMP01437,COL0374,Infrastructure,Low,Resolved,48,2023-04-24,2023-06-11
CMP01438,COL0219,Library,Low,Resolved,11,2021-02-26,2021-03-09
CMP01439,COL1571,Scholarship,High,Resolved,27,2026-01-04,2026-01-31
CMP01440,COL0780,Faculty,Medium,Resolved,18,2021-03-29,2021-04-16
CMP01441,COL0351,Faculty,High,Resolved,8,2024-04-18,2024-04-26
CMP01442,COL0230,Transport,Low,Resolved,10,2024-04-01,2024-04-11
CMP01443,COL1321,Scholarship,Low,Pending,,2023-01-12,
CMP01444,COL0106,Infrastructure,Low,Resolved,23,2024-04-03,2024-04-26
CMP01445,COL1286,Exam,High,Resolved,1,2026-02-03,2026-02-04
CMP01446,COL1807,Exam,High,Resolved,7,2025-11-23,2025-11-30
CMP01447,COL1137,Faculty,Low,Resolved,5,2024-12-10,2024-12-15
CMP01448,COL1204,Hostel,Low,Resolved,11,2025-12-20,2025-12-31
CMP01449,COL1094,Internet,Low,Resolved,2,2023-04-27,2023-04-29
CMP01450,COL1275,Scholarship,High,Resolved,14,2021-10-12,2021-10-26
CMP01451,COL1475,Transport,Low,Resolved,3,2023-07-16,2023-07-19
CMP01452,COL0626,Scholarship,Medium,Pending,,2025-05-19,
CMP01453,COL0552,Faculty,Medium,Resolved,5,2025-10-16,2025-10-21
CMP01454,COL1168,Transport,Low,Pending,,2022-06-16,
CMP01455,COL1155,Transport,High,Resolved,7,2025-04-08,2025-04-15
CMP01456,COL1349,Transport,Medium,Resolved,7,2021-12-08,2021-12-15
CMP01457,COL0578,Faculty,High,Resolved,10,2024-06-17,2024-06-27
CMP01458,COL0376,Library,Low,In Progress,,2025-09-13,
CMP01459,COL1141,Transport,Low,Resolved,17,2022-11-28,2022-12-15
CMP01460,COL0999,Infrastructure,High,Resolved,16,2023-04-25,2023-05-11
CMP01461,COL1913,Faculty,Medium,Pending,,2022-10-03,
CMP01462,COL0837,Hostel,Medium,Resolved,4,2024-05-23,2024-05-27
CMP01463,COL0619,Faculty,Medium,Resolved,29,2021-07-26,2021-08-24
CMP01464,COL0034,Faculty,Medium,Resolved,17,2023-03-30,2023-04-16
CMP01465,COL0807,Scholarship,Medium,Pending,,2022-05-29,
CMP01466,COL1068,Infrastructure,High,Resolved,25,2022-09-26,2022-10-21
CMP01467,COL1509,Hostel,Medium,Resolved,9,2022-12-13,2022-12-22
CMP01468,COL1886,Exam,Low,Resolved,11,2022-01-24,2022-02-04
CMP01469,COL0136,Infrastructure,Medium,Resolved,10,2024-10-24,2024-11-03
CMP01470,COL1595,Faculty,Medium,In Progress,,2023-04-21,
CMP01471,COL0455,Exam,High,Resolved,2,2023-12-18,2023-12-20
CMP01472,COL1912,Hostel,Medium,Resolved,19,2025-12-03,2025-12-22
CMP01473,COL1057,Scholarship,Medium,Resolved,23,2023-08-27,2023-09-19
CMP01474,COL0888,Library,Medium,Resolved,9,2023-08-27,2023-09-05
CMP01475,COL1895,Scholarship,High,Resolved,26,2025-03-06,2025-04-01
CMP01476,COL1379,Internet,Low,Resolved,9,2023-01-11,2023-01-20
CMP01477,COL0088,Library,Medium,Resolved,7,2022-10-28,2022-11-04
CMP01478,COL0393,Exam,Low,In Progress,,2021-06-06,
CMP01479,COL0226,Internet,Medium,Resolved,6,2022-03-27,2022-04-02
CMP01480,COL0034,Scholarship,Medium,Resolved,17,2024-11-05,2024-11-22
CMP01481,COL0321,Transport,Medium,Resolved,6,2026-03-26,2026-04-01
CMP01482,COL1945,Exam,High,Resolved,3,2024-11-07,2024-11-10
CMP01483,COL1332,Faculty,Medium,Resolved,14,2025-12-14,2025-12-28
CMP01484,COL0002,Scholarship,High,Resolved,34,2022-04-06,2022-05-10
CMP01485,COL1961,Internet,High,Resolved,4,2024-05-12,2024-05-16
CMP01486,COL0685,Transport,Medium,Resolved,14,2026-04-08,2026-04-22
CMP01487,COL1003,Internet,Medium,Resolved,5,2024-10-10,2024-10-15
CMP01488,COL1044,Scholarship,Medium,Resolved,42,2025-11-24,2026-01-05
CMP01489,COL0467,Exam,High,Resolved,5,2024-03-23,2024-03-28
CMP01490,COL1593,Scholarship,Medium,Resolved,42,2024-03-19,2024-04-30
CMP01491,COL0834,Transport,Medium,In Progress,,2024-09-05,
CMP01492,COL0937,Internet,Medium,Resolved,3,2022-12-10,2022-12-13
CMP01493,COL0905,Scholarship,Low,Resolved,37,2021-06-04,2021-07-11
CMP01494,COL0408,Faculty,Low,Resolved,28,2021-01-06,2021-02-03
CMP01495,COL0459,Internet,Medium,Resolved,1,2021-03-03,2021-03-04
CMP01496,COL1100,Library,Low,Resolved,11,2022-06-10,2022-06-21
CMP01497,COL1031,Transport,Low,In Progress,,2022-01-09,
CMP01498,COL1864,Faculty,High,Resolved,5,2021-02-11,2021-02-16
CMP01499,COL1770,Faculty,Medium,In Progress,,2021-02-26,
CMP01500,COL1446,Internet,Medium,Resolved,3,2022-03-29,2022-04-01
CMP01501,COL0148,Exam,Medium,In Progress,,2022-03-20,
CMP01502,COL0029,Internet,Low,Resolved,7,2024-01-07,2024-01-14
CMP01503,COL1093,Internet,Medium,Resolved,1,2024-01-17,2024-01-18
CMP01504,COL0110,Scholarship,Low,Resolved,25,2022-03-02,2022-03-27
CMP01505,COL1263,Internet,Medium,Resolved,6,2021-03-10,2021-03-16
CMP01506,COL0591,Scholarship,High,Resolved,28,2024-02-15,2024-03-14
CMP01507,COL0572,Exam,Low,Resolved,18,2024-08-06,2024-08-24
CMP01508,COL0088,Scholarship,High,Resolved,7,2024-05-01,2024-05-08
CMP01509,COL0558,Exam,High,Resolved,5,2021-12-21,2021-12-26
CMP01510,COL0914,Faculty,Medium,Escalated,,2021-02-05,
CMP01511,COL1763,Exam,High,Escalated,,2021-12-24,
CMP01512,COL0832,Transport,Low,Resolved,8,2025-09-14,2025-09-22
CMP01513,COL0331,Transport,High,Resolved,5,2025-04-21,2025-04-26
CMP01514,COL0286,Exam,Low,Pending,,2022-02-19,
CMP01515,COL0170,Internet,Low,Resolved,7,2022-07-19,2022-07-26
CMP01516,COL0676,Hostel,Medium,Resolved,19,2026-05-17,2026-06-05
CMP01517,COL0503,Faculty,Medium,Resolved,26,2022-07-14,2022-08-09
CMP01518,COL1820,Faculty,Low,In Progress,,2021-10-28,
CMP01519,COL0477,Transport,Low,Resolved,3,2026-06-10,2026-06-13
CMP01520,COL1713,Internet,Medium,Resolved,2,2021-08-19,2021-08-21
CMP01521,COL0001,Internet,Medium,Resolved,2,2023-01-27,2023-01-29
CMP01522,COL1469,Internet,Medium,Resolved,4,2021-01-03,2021-01-07
CMP01523,COL0433,Library,Low,Resolved,13,2022-08-07,2022-08-20
CMP01524,COL1299,Library,Medium,Resolved,4,2025-12-21,2025-12-25
CMP01525,COL0436,Transport,Medium,Resolved,3,2022-11-16,2022-11-19
CMP01526,COL0742,Faculty,Medium,Resolved,13,2024-08-01,2024-08-14
CMP01527,COL0648,Exam,Medium,Resolved,14,2025-01-25,2025-02-08
CMP01528,COL0696,Faculty,Low,Resolved,6,2025-11-30,2025-12-06
CMP01529,COL1575,Exam,Low,Resolved,11,2025-09-28,2025-10-09
CMP01530,COL1204,Internet,Medium,Resolved,4,2026-04-11,2026-04-15
CMP01531,COL1267,Faculty,Medium,Resolved,20,2021-11-06,2021-11-26
CMP01532,COL0390,Internet,Medium,Resolved,2,2021-03-12,2021-03-14
CMP01533,COL0077,Hostel,Medium,Resolved,6,2024-03-29,2024-04-04
CMP01534,COL1076,Infrastructure,Medium,Resolved,18,2022-07-08,2022-07-26
CMP01535,COL0818,Scholarship,Medium,Resolved,56,2022-12-29,2023-02-23
CMP01536,COL0808,Transport,Medium,Resolved,10,2022-11-28,2022-12-08
CMP01537,COL0163,Transport,High,Resolved,2,2024-05-24,2024-05-26
CMP01538,COL0777,Library,Low,In Progress,,2021-09-19,
CMP01539,COL1308,Faculty,High,Escalated,,2026-06-13,
CMP01540,COL1865,Internet,Medium,Resolved,5,2023-11-25,2023-11-30
CMP01541,COL1083,Transport,Low,Resolved,5,2026-05-17,2026-05-22
CMP01542,COL0806,Faculty,High,In Progress,,2023-01-18,
CMP01543,COL0237,Infrastructure,High,Resolved,24,2021-06-07,2021-07-01
CMP01544,COL1648,Transport,Low,Resolved,15,2021-03-21,2021-04-05
CMP01545,COL1165,Internet,Low,Resolved,7,2021-05-14,2021-05-21
CMP01546,COL1586,Scholarship,High,Pending,,2024-06-11,
CMP01547,COL0198,Library,Medium,Resolved,3,2021-06-10,2021-06-13
CMP01548,COL0097,Library,Low,Resolved,11,2021-02-12,2021-02-23
CMP01549,COL0776,Infrastructure,Medium,Resolved,14,2022-04-10,2022-04-24
CMP01550,COL1873,Scholarship,High,Resolved,9,2025-09-25,2025-10-04
CMP01551,COL0927,Exam,Medium,Resolved,12,2022-03-09,2022-03-21
CMP01552,COL0100,Faculty,Low,Resolved,21,2023-02-28,2023-03-21
CMP01553,COL1517,Infrastructure,Medium,Resolved,11,2023-01-03,2023-01-14
CMP01554,COL0695,Hostel,Medium,In Progress,,2024-10-11,
CMP01555,COL0329,Faculty,Low,Resolved,31,2024-12-21,2025-01-21
CMP01556,COL0650,Infrastructure,Low,Resolved,51,2022-07-10,2022-08-30
CMP01557,COL0163,Transport,Low,In Progress,,2026-07-19,
CMP01558,COL0882,Infrastructure,Medium,Resolved,20,2024-03-06,2024-03-26
CMP01559,COL0419,Scholarship,Medium,Resolved,39,2023-12-16,2024-01-24
CMP01560,COL0626,Exam,Medium,Resolved,2,2021-08-12,2021-08-14
CMP01561,COL0179,Infrastructure,Medium,Resolved,7,2025-03-21,2025-03-28
CMP01562,COL1498,Faculty,Medium,Resolved,22,2026-03-29,2026-04-20
CMP01563,COL1851,Exam,Medium,Resolved,4,2023-02-12,2023-02-16
CMP01564,COL1160,Library,Low,Resolved,12,2022-01-08,2022-01-20
CMP01565,COL1862,Exam,High,Resolved,6,2022-03-03,2022-03-09
CMP01566,COL0353,Exam,High,Resolved,6,2022-05-07,2022-05-13
CMP01567,COL0166,Faculty,High,Resolved,6,2024-10-01,2024-10-07
CMP01568,COL1515,Transport,Low,Resolved,8,2021-05-16,2021-05-24
CMP01569,COL0652,Internet,Medium,Resolved,4,2022-06-20,2022-06-24
CMP01570,COL0779,Infrastructure,High,In Progress,,2024-08-13,
CMP01571,COL1972,Exam,Medium,Resolved,5,2024-11-01,2024-11-06
CMP01572,COL0814,Library,Medium,Resolved,4,2026-06-19,2026-06-23
CMP01573,COL1363,Transport,Low,Resolved,4,2022-02-07,2022-02-11
CMP01574,COL1933,Library,Low,Resolved,7,2026-05-09,2026-05-16
CMP01575,COL0047,Faculty,Low,Resolved,22,2021-08-22,2021-09-13
CMP01576,COL0978,Internet,Low,In Progress,,2025-11-04,
CMP01577,COL0080,Library,Low,Resolved,6,2026-07-04,2026-07-10
CMP01578,COL0764,Transport,Medium,Resolved,7,2024-08-29,2024-09-05
CMP01579,COL1815,Library,Low,Resolved,3,2024-08-08,2024-08-11
CMP01580,COL1856,Exam,Low,Resolved,18,2024-08-03,2024-08-21
CMP01581,COL0670,Library,High,Resolved,3,2025-08-16,2025-08-19
CMP01582,COL1508,Exam,Low,Resolved,17,2023-01-31,2023-02-17
CMP01583,COL0240,Scholarship,Medium,Resolved,10,2024-07-22,2024-08-01
CMP01584,COL0425,Infrastructure,Low,Escalated,,2025-05-16,
CMP01585,COL0839,Exam,Medium,Resolved,8,2023-04-22,2023-04-30
CMP01586,COL1161,Scholarship,Medium,In Progress,,2026-03-17,
CMP01587,COL0173,Infrastructure,Medium,Resolved,41,2022-07-07,2022-08-17
CMP01588,COL1239,Scholarship,Medium,Resolved,20,2022-06-11,2022-07-01
CMP01589,COL0412,Internet,Medium,Resolved,4,2024-02-01,2024-02-05
CMP01590,COL1484,Transport,Medium,Resolved,10,2022-10-29,2022-11-08
CMP01591,COL0470,Infrastructure,High,Resolved,20,2024-09-11,2024-10-01
CMP01592,COL1452,Exam,High,Resolved,3,2023-12-26,2023-12-29
CMP01593,COL0062,Exam,High,Resolved,4,2025-04-18,2025-04-22
CMP01594,COL0351,Infrastructure,High,Resolved,5,2025-01-28,2025-02-02
CMP01595,COL0374,Faculty,Medium,Resolved,19,2021-03-16,2021-04-04
CMP01596,COL1043,Faculty,Medium,Resolved,21,2024-08-13,2024-09-03
CMP01597,COL0322,Faculty,Low,Resolved,16,2023-08-31,2023-09-16
CMP01598,COL1215,Hostel,Low,Resolved,13,2023-07-24,2023-08-06
CMP01599,COL0741,Scholarship,High,Resolved,32,2022-07-14,2022-08-15
CMP01600,COL0050,Scholarship,Medium,Resolved,33,2024-09-23,2024-10-26
CMP01601,COL1017,Library,Low,Pending,,2022-08-12,
CMP01602,COL0682,Transport,Medium,Resolved,5,2023-11-12,2023-11-17
CMP01603,COL0045,Scholarship,High,Resolved,11,2021-05-22,2021-06-02
CMP01604,COL1963,Exam,Medium,Resolved,15,2025-04-11,2025-04-26
CMP01605,COL1415,Library,Medium,Resolved,1,2022-06-30,2022-07-01
CMP01606,COL1141,Library,Medium,Resolved,3,2025-01-24,2025-01-27
CMP01607,COL0691,Faculty,Medium,Resolved,24,2023-01-19,2023-02-12
CMP01608,COL0530,Exam,High,Resolved,7,2024-04-03,2024-04-10
CMP01609,COL1788,Infrastructure,Low,Resolved,43,2025-12-08,2026-01-20
CMP01610,COL1690,Exam,Medium,Resolved,15,2021-09-06,2021-09-21
CMP01611,COL1026,Faculty,Medium,Resolved,4,2021-11-02,2021-11-06
CMP01612,COL1448,Library,Medium,Resolved,9,2022-05-18,2022-05-27
CMP01613,COL0917,Scholarship,Medium,In Progress,,2023-12-27,
CMP01614,COL0230,Scholarship,High,Resolved,8,2023-05-30,2023-06-07
CMP01615,COL0235,Faculty,Low,Resolved,24,2021-10-12,2021-11-05
CMP01616,COL1368,Faculty,High,Resolved,10,2021-02-08,2021-02-18
CMP01617,COL0834,Transport,Low,Resolved,2,2022-05-04,2022-05-06
CMP01618,COL0341,Faculty,Medium,Resolved,16,2025-04-16,2025-05-02
CMP01619,COL1363,Scholarship,Medium,Resolved,54,2025-02-17,2025-04-12
CMP01620,COL1408,Hostel,Low,Resolved,7,2025-12-04,2025-12-11
CMP01621,COL1827,Internet,Medium,Pending,,2024-11-01,
CMP01622,COL0851,Hostel,Medium,Resolved,19,2023-05-08,2023-05-27
CMP01623,COL1978,Exam,High,Resolved,6,2021-02-05,2021-02-11
CMP01624,COL1072,Infrastructure,Low,Resolved,38,2026-03-13,2026-04-20
CMP01625,COL1549,Transport,Low,Resolved,7,2025-04-03,2025-04-10
CMP01626,COL0871,Exam,Medium,In Progress,,2021-10-07,
CMP01627,COL1378,Faculty,Medium,Resolved,6,2025-06-22,2025-06-28
CMP01628,COL0818,Transport,Low,Resolved,6,2026-02-09,2026-02-15
CMP01629,COL0850,Hostel,High,Resolved,12,2024-10-06,2024-10-18
CMP01630,COL1537,Internet,High,Resolved,1,2025-04-28,2025-04-29
CMP01631,COL1366,Scholarship,Medium,Resolved,51,2025-06-08,2025-07-29
CMP01632,COL1094,Hostel,High,Resolved,4,2021-02-11,2021-02-15
CMP01633,COL1787,Internet,Low,Resolved,5,2025-10-05,2025-10-10
CMP01634,COL1197,Library,Low,Resolved,9,2022-09-18,2022-09-27
CMP01635,COL0643,Exam,Medium,Resolved,14,2021-03-10,2021-03-24
CMP01636,COL1398,Infrastructure,Low,Resolved,57,2023-11-24,2024-01-20
CMP01637,COL1999,Library,High,Resolved,5,2022-10-13,2022-10-18
CMP01638,COL1204,Infrastructure,Medium,Resolved,25,2023-05-15,2023-06-09
CMP01639,COL0253,Exam,Medium,Resolved,13,2021-03-26,2021-04-08
CMP01640,COL1917,Infrastructure,Low,Resolved,9,2025-04-03,2025-04-12
CMP01641,COL0772,Library,Low,Resolved,9,2023-06-15,2023-06-24
CMP01642,COL1027,Exam,Medium,Resolved,14,2023-04-16,2023-04-30
CMP01643,COL1966,Exam,High,Resolved,1,2022-08-08,2022-08-09
CMP01644,COL1720,Exam,High,Resolved,4,2021-11-09,2021-11-13
CMP01645,COL0217,Hostel,High,Resolved,3,2024-05-14,2024-05-17
CMP01646,COL0936,Library,Low,Resolved,3,2025-08-20,2025-08-23
CMP01647,COL1993,Internet,Medium,In Progress,,2023-10-02,
CMP01648,COL1996,Internet,Medium,Resolved,4,2026-06-25,2026-06-29
CMP01649,COL0356,Scholarship,Medium,Resolved,38,2025-05-08,2025-06-15
CMP01650,COL1907,Internet,Low,Resolved,4,2023-08-27,2023-08-31
CMP01651,COL1708,Infrastructure,Medium,Resolved,5,2022-08-22,2022-08-27
CMP01652,COL0445,Exam,Medium,Resolved,10,2021-05-04,2021-05-14
CMP01653,COL1578,Scholarship,High,Resolved,11,2022-05-26,2022-06-06
CMP01654,COL0032,Hostel,Low,Resolved,11,2021-09-21,2021-10-02
CMP01655,COL0071,Library,Medium,Resolved,5,2022-02-06,2022-02-11
CMP01656,COL1597,Library,Low,Resolved,13,2024-11-27,2024-12-10
CMP01657,COL0864,Scholarship,Medium,Escalated,,2022-10-02,
CMP01658,COL1932,Scholarship,High,In Progress,,2021-08-14,
CMP01659,COL0009,Exam,Medium,Resolved,3,2024-05-19,2024-05-22
CMP01660,COL0260,Scholarship,Medium,Resolved,32,2023-04-24,2023-05-26
CMP01661,COL0808,Transport,Low,Resolved,15,2024-01-11,2024-01-26
CMP01662,COL1400,Scholarship,Medium,Resolved,15,2022-04-11,2022-04-26
CMP01663,COL1994,Exam,Medium,Pending,,2025-03-01,
CMP01664,COL0498,Internet,High,Resolved,2,2021-11-25,2021-11-27
CMP01665,COL0752,Transport,Medium,Resolved,6,2024-05-04,2024-05-10
CMP01666,COL0097,Internet,Low,Resolved,3,2022-10-09,2022-10-12
CMP01667,COL1525,Faculty,Medium,Resolved,26,2025-12-01,2025-12-27
CMP01668,COL0173,Internet,Medium,Resolved,2,2023-05-16,2023-05-18
CMP01669,COL1825,Transport,Low,Resolved,9,2022-10-15,2022-10-24
CMP01670,COL0176,Hostel,Medium,Resolved,20,2024-12-10,2024-12-30
CMP01671,COL1315,Hostel,Medium,Resolved,3,2022-01-02,2022-01-05
CMP01672,COL0139,Scholarship,Medium,In Progress,,2026-05-31,
CMP01673,COL0962,Transport,High,Resolved,6,2021-01-03,2021-01-09
CMP01674,COL0640,Transport,High,Resolved,7,2023-11-06,2023-11-13
CMP01675,COL0411,Library,Medium,Pending,,2024-12-23,
CMP01676,COL1021,Hostel,High,Resolved,4,2024-01-11,2024-01-15
CMP01677,COL1128,Exam,Medium,Resolved,4,2022-02-05,2022-02-09
CMP01678,COL0305,Hostel,Medium,Resolved,5,2022-11-21,2022-11-26
CMP01679,COL1598,Scholarship,Medium,Resolved,29,2025-06-07,2025-07-06
CMP01680,COL0647,Internet,Low,Resolved,7,2024-03-28,2024-04-04
CMP01681,COL0817,Scholarship,Low,Resolved,16,2024-07-04,2024-07-20
CMP01682,COL1482,Hostel,Medium,Resolved,17,2024-09-08,2024-09-25
CMP01683,COL0582,Transport,High,Resolved,5,2026-02-15,2026-02-20
CMP01684,COL0542,Hostel,High,Pending,,2025-05-22,
CMP01685,COL1839,Scholarship,High,In Progress,,2023-10-03,
CMP01686,COL0296,Library,Medium,Resolved,1,2025-06-09,2025-06-10
CMP01687,COL1677,Library,Low,Resolved,2,2021-03-25,2021-03-27
CMP01688,COL0623,Exam,Medium,Resolved,2,2022-04-30,2022-05-02
CMP01689,COL0259,Scholarship,Low,Resolved,28,2024-06-10,2024-07-08
CMP01690,COL0154,Library,Medium,Resolved,9,2023-02-27,2023-03-08
CMP01691,COL0925,Internet,Medium,Resolved,5,2021-02-02,2021-02-07
CMP01692,COL0555,Hostel,Medium,Resolved,13,2026-05-24,2026-06-06
CMP01693,COL1944,Faculty,Low,Resolved,33,2023-12-30,2024-02-01
CMP01694,COL0219,Faculty,Low,Resolved,22,2025-04-18,2025-05-10
CMP01695,COL1757,Library,Low,Resolved,12,2023-09-15,2023-09-27
CMP01696,COL1040,Library,Medium,Resolved,9,2021-08-22,2021-08-31
CMP01697,COL1810,Infrastructure,High,Resolved,5,2023-05-23,2023-05-28
CMP01698,COL0945,Scholarship,High,Resolved,23,2026-06-24,2026-07-17
CMP01699,COL1933,Library,Low,Escalated,,2025-12-14,
CMP01700,COL0804,Library,Low,In Progress,,2026-01-20,
CMP01701,COL1884,Infrastructure,Low,Resolved,51,2023-08-19,2023-10-09
CMP01702,COL1091,Faculty,Low,Resolved,32,2024-04-07,2024-05-09
CMP01703,COL1483,Internet,Low,Resolved,9,2025-10-03,2025-10-12
CMP01704,COL0978,Library,Medium,Resolved,10,2023-12-04,2023-12-14
CMP01705,COL1380,Internet,Medium,Resolved,3,2026-03-09,2026-03-12
CMP01706,COL1425,Hostel,High,Resolved,8,2024-11-04,2024-11-12
CMP01707,COL0039,Exam,High,Resolved,5,2024-11-30,2024-12-05
CMP01708,COL1621,Infrastructure,High,Resolved,27,2022-03-29,2022-04-25
CMP01709,COL1679,Scholarship,High,Resolved,21,2024-11-21,2024-12-12
CMP01710,COL0519,Faculty,Medium,Resolved,18,2025-04-15,2025-05-03
CMP01711,COL0865,Transport,Medium,Resolved,12,2024-04-19,2024-05-01
CMP01712,COL0865,Exam,Medium,Resolved,3,2026-06-09,2026-06-12
CMP01713,COL1666,Exam,Medium,Pending,,2021-11-30,
CMP01714,COL1731,Library,Low,Pending,,2021-08-12,
CMP01715,COL0771,Internet,Medium,Resolved,5,2024-06-02,2024-06-07
CMP01716,COL0470,Transport,Medium,Resolved,3,2024-10-08,2024-10-11
CMP01717,COL0239,Internet,High,Resolved,1,2021-06-11,2021-06-12
CMP01718,COL1112,Faculty,High,Resolved,15,2025-01-29,2025-02-13
CMP01719,COL0485,Scholarship,High,Resolved,36,2022-08-10,2022-09-15
CMP01720,COL0420,Transport,Low,Pending,,2025-07-12,
CMP01721,COL0658,Internet,High,Pending,,2022-10-24,
CMP01722,COL1327,Faculty,High,Resolved,10,2026-06-12,2026-06-22
CMP01723,COL0708,Hostel,Medium,Resolved,7,2024-10-16,2024-10-23
CMP01724,COL0034,Hostel,Medium,Resolved,7,2021-02-22,2021-03-01
CMP01725,COL1703,Transport,Medium,Resolved,13,2022-05-16,2022-05-29
CMP01726,COL1304,Hostel,Medium,Resolved,13,2023-12-21,2024-01-03
CMP01727,COL0037,Faculty,Medium,Resolved,29,2023-02-02,2023-03-03
CMP01728,COL0223,Faculty,Low,Resolved,15,2022-05-27,2022-06-11
CMP01729,COL0281,Internet,Low,Escalated,,2023-06-14,
CMP01730,COL0822,Library,Low,Resolved,10,2023-12-18,2023-12-28
CMP01731,COL0950,Exam,Low,Resolved,20,2022-06-10,2022-06-30
CMP01732,COL0231,Library,Medium,Resolved,10,2022-06-20,2022-06-30
CMP01733,COL0090,Transport,High,Pending,,2024-08-20,
CMP01734,COL0012,Exam,High,Resolved,1,2022-05-12,2022-05-13
CMP01735,COL1379,Transport,Medium,Resolved,8,2023-02-01,2023-02-09
CMP01736,COL1004,Internet,Medium,Resolved,6,2024-03-07,2024-03-13
CMP01737,COL1898,Scholarship,High,Resolved,14,2022-11-18,2022-12-02
CMP01738,COL1920,Internet,Medium,Resolved,5,2025-10-04,2025-10-09
CMP01739,COL1947,Hostel,Medium,Resolved,16,2023-02-22,2023-03-10
CMP01740,COL0671,Library,Medium,Resolved,5,2021-03-07,2021-03-12
CMP01741,COL1775,Library,Low,Resolved,13,2021-01-31,2021-02-13
CMP01742,COL1115,Faculty,Medium,Resolved,20,2024-12-12,2025-01-01
CMP01743,COL0234,Scholarship,Low,Resolved,11,2021-06-09,2021-06-20
CMP01744,COL1384,Scholarship,Low,Resolved,9,2022-11-02,2022-11-11
CMP01745,COL1935,Scholarship,High,Resolved,20,2025-01-29,2025-02-18
CMP01746,COL1616,Library,High,Resolved,6,2023-03-03,2023-03-09
CMP01747,COL1990,Internet,High,Escalated,,2022-05-18,
CMP01748,COL1928,Infrastructure,Low,Resolved,35,2024-01-02,2024-02-06
CMP01749,COL1068,Scholarship,High,Resolved,9,2022-08-12,2022-08-21
CMP01750,COL1188,Hostel,High,Resolved,2,2023-01-29,2023-01-31
CMP01751,COL1314,Hostel,High,Resolved,3,2024-07-18,2024-07-21
CMP01752,COL1576,Scholarship,High,Resolved,21,2023-04-11,2023-05-02
CMP01753,COL0811,Internet,Low,Resolved,7,2022-09-18,2022-09-25
CMP01754,COL1110,Transport,Medium,Pending,,2021-01-09,
CMP01755,COL1657,Scholarship,Medium,Escalated,,2024-01-10,
CMP01756,COL1564,Scholarship,Medium,Pending,,2021-11-11,
CMP01757,COL1594,Transport,High,Resolved,5,2023-04-17,2023-04-22
CMP01758,COL0561,Scholarship,High,Resolved,10,2026-02-27,2026-03-09
CMP01759,COL0987,Infrastructure,Medium,Pending,,2023-02-27,
CMP01760,COL1890,Transport,Low,Resolved,11,2024-04-04,2024-04-15
CMP01761,COL1124,Library,Low,Pending,,2025-05-16,
CMP01762,COL1069,Infrastructure,Low,Resolved,34,2022-01-10,2022-02-13
CMP01763,COL1603,Exam,High,Resolved,1,2021-02-02,2021-02-03
CMP01764,COL0393,Infrastructure,Low,Resolved,26,2025-10-25,2025-11-20
CMP01765,COL1806,Exam,Low,Resolved,6,2024-06-29,2024-07-05
CMP01766,COL1019,Library,High,Resolved,6,2023-06-27,2023-07-03
CMP01767,COL1031,Internet,Medium,Resolved,6,2022-10-09,2022-10-15
CMP01768,COL1550,Transport,High,Resolved,6,2025-07-17,2025-07-23
CMP01769,COL1126,Scholarship,High,Resolved,15,2023-07-25,2023-08-09
CMP01770,COL1401,Internet,Low,Resolved,9,2022-06-15,2022-06-24
CMP01771,COL1544,Exam,High,Resolved,4,2022-09-07,2022-09-11
CMP01772,COL0739,Library,Medium,Resolved,6,2025-11-19,2025-11-25
CMP01773,COL0728,Faculty,Low,Resolved,24,2022-11-20,2022-12-14
CMP01774,COL1312,Infrastructure,High,Resolved,16,2021-12-09,2021-12-25
CMP01775,COL1014,Transport,Low,Resolved,11,2026-03-28,2026-04-08
CMP01776,COL1870,Scholarship,High,Resolved,26,2025-09-14,2025-10-10
CMP01777,COL1226,Faculty,Medium,Resolved,29,2025-07-17,2025-08-15
CMP01778,COL0555,Transport,Medium,Resolved,13,2022-09-19,2022-10-02
CMP01779,COL1126,Faculty,Low,Resolved,31,2022-05-28,2022-06-28
CMP01780,COL0198,Internet,High,In Progress,,2024-08-14,
CMP01781,COL1414,Exam,High,Resolved,4,2025-05-24,2025-05-28
CMP01782,COL0443,Scholarship,High,Resolved,23,2022-07-17,2022-08-09
CMP01783,COL1005,Exam,Medium,Pending,,2023-12-10,
CMP01784,COL1878,Library,Medium,In Progress,,2021-11-14,
CMP01785,COL0343,Faculty,Low,Resolved,12,2022-07-09,2022-07-21
CMP01786,COL1913,Faculty,Medium,Resolved,24,2021-05-20,2021-06-13
CMP01787,COL0320,Exam,Low,Resolved,6,2026-02-08,2026-02-14
CMP01788,COL1941,Exam,Medium,Resolved,6,2022-03-01,2022-03-07
CMP01789,COL0001,Scholarship,Medium,Resolved,32,2021-07-24,2021-08-25
CMP01790,COL1912,Library,Low,Resolved,9,2021-03-14,2021-03-23
CMP01791,COL1172,Infrastructure,Low,Pending,,2024-04-04,
CMP01792,COL0353,Infrastructure,Medium,Resolved,43,2024-10-02,2024-11-14
CMP01793,COL0535,Faculty,High,Resolved,9,2021-09-20,2021-09-29
CMP01794,COL1627,Scholarship,Medium,Resolved,14,2023-09-16,2023-09-30
CMP01795,COL0201,Faculty,Low,Pending,,2025-12-29,
CMP01796,COL1934,Exam,Medium,Escalated,,2021-10-28,
CMP01797,COL1354,Internet,Low,Resolved,8,2025-04-08,2025-04-16
CMP01798,COL0357,Scholarship,High,Resolved,28,2021-09-09,2021-10-07
CMP01799,COL1598,Scholarship,Medium,Resolved,18,2024-06-17,2024-07-05
CMP01800,COL1118,Infrastructure,High,Resolved,12,2023-05-19,2023-05-31
CMP01801,COL1287,Transport,Low,Resolved,11,2021-01-27,2021-02-07
CMP01802,COL0078,Scholarship,High,Resolved,21,2023-01-09,2023-01-30
CMP01803,COL1159,Transport,Low,Resolved,3,2026-03-28,2026-03-31
CMP01804,COL0790,Scholarship,Medium,Resolved,9,2023-03-14,2023-03-23
CMP01805,COL0684,Library,Low,Resolved,12,2022-09-26,2022-10-08
CMP01806,COL0269,Library,Low,Resolved,8,2024-12-07,2024-12-15
CMP01807,COL1283,Faculty,Low,Resolved,35,2021-10-02,2021-11-06
CMP01808,COL0457,Transport,Medium,Pending,,2023-04-18,
CMP01809,COL1781,Library,Low,Resolved,9,2021-12-09,2021-12-18
CMP01810,COL0535,Infrastructure,Low,Resolved,36,2025-03-17,2025-04-22
CMP01811,COL1035,Faculty,Medium,In Progress,,2025-08-05,
CMP01812,COL0596,Library,Low,Resolved,2,2025-11-22,2025-11-24
CMP01813,COL1391,Hostel,Low,Resolved,23,2022-03-02,2022-03-25
CMP01814,COL0371,Infrastructure,High,Resolved,9,2021-11-05,2021-11-14
CMP01815,COL1637,Internet,Low,Resolved,9,2021-03-26,2021-04-04
CMP01816,COL1504,Library,Low,Resolved,7,2021-12-18,2021-12-25
CMP01817,COL1535,Exam,Medium,Resolved,5,2023-12-12,2023-12-17
CMP01818,COL0499,Scholarship,Low,In Progress,,2022-08-26,
CMP01819,COL1970,Exam,Medium,Escalated,,2022-04-05,
CMP01820,COL0809,Infrastructure,High,Resolved,21,2021-07-14,2021-08-04
CMP01821,COL1308,Exam,High,Resolved,5,2024-05-25,2024-05-30
CMP01822,COL1734,Faculty,Medium,Resolved,16,2025-07-17,2025-08-02
CMP01823,COL1401,Library,Low,Resolved,7,2024-01-29,2024-02-05
CMP01824,COL0424,Exam,Medium,Resolved,15,2021-03-28,2021-04-12
CMP01825,COL1497,Faculty,Low,Resolved,15,2026-06-19,2026-07-04
CMP01826,COL1074,Faculty,Low,Resolved,8,2025-05-19,2025-05-27
CMP01827,COL0148,Transport,High,Resolved,6,2022-01-16,2022-01-22
CMP01828,COL0872,Internet,Medium,Resolved,4,2024-04-22,2024-04-26
CMP01829,COL1678,Infrastructure,Low,Resolved,53,2023-03-25,2023-05-17
CMP01830,COL0514,Exam,Low,Pending,,2022-09-12,
CMP01831,COL1411,Library,Low,Resolved,13,2022-05-26,2022-06-08
CMP01832,COL0724,Transport,Low,In Progress,,2025-05-31,
CMP01833,COL1038,Library,Low,Resolved,12,2022-09-17,2022-09-29
CMP01834,COL1940,Hostel,High,Resolved,11,2022-10-07,2022-10-18
CMP01835,COL0374,Exam,Medium,Resolved,5,2024-07-31,2024-08-05
CMP01836,COL1646,Hostel,High,Resolved,10,2022-11-21,2022-12-01
CMP01837,COL0629,Library,Low,In Progress,,2021-02-08,
CMP01838,COL0548,Infrastructure,Medium,Pending,,2024-08-18,
CMP01839,COL0197,Library,Medium,Resolved,9,2023-02-18,2023-02-27
CMP01840,COL0116,Faculty,High,Resolved,4,2023-07-16,2023-07-20
CMP01841,COL0991,Infrastructure,Low,Resolved,55,2025-02-09,2025-04-05
CMP01842,COL1590,Exam,Medium,Resolved,10,2021-06-07,2021-06-17
CMP01843,COL1853,Transport,Medium,Resolved,1,2023-09-07,2023-09-08
CMP01844,COL0906,Transport,Low,Resolved,18,2025-03-05,2025-03-23
CMP01845,COL0272,Exam,Low,Resolved,8,2023-06-18,2023-06-26
CMP01846,COL0764,Scholarship,High,Resolved,16,2026-01-22,2026-02-07
CMP01847,COL1610,Scholarship,Medium,Resolved,59,2022-11-13,2023-01-11
CMP01848,COL1770,Transport,Medium,Resolved,3,2021-02-28,2021-03-03
CMP01849,COL1843,Infrastructure,Medium,Resolved,42,2025-06-09,2025-07-21
CMP01850,COL0229,Faculty,Low,Resolved,26,2025-01-31,2025-02-26
CMP01851,COL0796,Library,Low,Resolved,7,2024-07-05,2024-07-12
CMP01852,COL1932,Internet,High,Resolved,2,2022-05-21,2022-05-23
CMP01853,COL0904,Infrastructure,Low,Resolved,53,2025-09-28,2025-11-20
CMP01854,COL0828,Scholarship,Medium,Resolved,24,2022-07-24,2022-08-17
CMP01855,COL0318,Transport,Low,Resolved,16,2024-12-30,2025-01-15
CMP01856,COL1404,Transport,Low,Resolved,15,2024-01-02,2024-01-17
CMP01857,COL0325,Infrastructure,High,Resolved,17,2023-03-15,2023-04-01
CMP01858,COL0856,Internet,Low,Resolved,8,2021-10-14,2021-10-22
CMP01859,COL1001,Infrastructure,Low,Escalated,,2025-02-23,
CMP01860,COL0592,Internet,Medium,Resolved,3,2021-08-02,2021-08-05
CMP01861,COL1713,Library,Low,Resolved,13,2021-01-28,2021-02-10
CMP01862,COL0497,Infrastructure,Medium,Resolved,44,2025-07-29,2025-09-11
CMP01863,COL1062,Faculty,Low,Resolved,9,2022-10-23,2022-11-01
CMP01864,COL1489,Faculty,High,Resolved,8,2023-09-21,2023-09-29
CMP01865,COL1991,Scholarship,Low,Resolved,41,2023-09-14,2023-10-25
CMP01866,COL0202,Library,Low,Resolved,4,2021-01-03,2021-01-07
CMP01867,COL0433,Scholarship,Medium,Pending,,2022-11-03,
CMP01868,COL1292,Hostel,Medium,Resolved,11,2024-08-10,2024-08-21
CMP01869,COL0544,Library,Low,Resolved,2,2021-07-25,2021-07-27
CMP01870,COL1979,Transport,Low,Resolved,4,2024-08-04,2024-08-08
CMP01871,COL1322,Infrastructure,Medium,Escalated,,2024-02-19,
CMP01872,COL0592,Faculty,High,Resolved,16,2025-12-21,2026-01-06
CMP01873,COL0299,Hostel,High,Escalated,,2022-06-17,
CMP01874,COL1854,Exam,Medium,Resolved,13,2022-06-17,2022-06-30
CMP01875,COL1447,Transport,Medium,Resolved,3,2024-01-26,2024-01-29
CMP01876,COL0747,Internet,Medium,Resolved,2,2022-06-03,2022-06-05
CMP01877,COL0183,Library,Low,Resolved,10,2022-07-03,2022-07-13
CMP01878,COL0616,Scholarship,Low,Escalated,,2023-02-18,
CMP01879,COL1895,Infrastructure,High,Resolved,6,2022-03-21,2022-03-27
CMP01880,COL1807,Scholarship,High,Resolved,33,2022-04-10,2022-05-13
CMP01881,COL0277,Faculty,Medium,Resolved,6,2021-08-08,2021-08-14
CMP01882,COL1206,Internet,Low,Resolved,2,2022-01-09,2022-01-11
CMP01883,COL0139,Infrastructure,Medium,Pending,,2023-04-25,
CMP01884,COL0314,Library,Medium,Resolved,10,2022-08-20,2022-08-30
CMP01885,COL0121,Infrastructure,Medium,Resolved,43,2023-04-11,2023-05-24
CMP01886,COL1036,Scholarship,High,In Progress,,2024-06-19,
CMP01887,COL0181,Scholarship,Medium,Resolved,50,2022-09-25,2022-11-14
CMP01888,COL1807,Hostel,High,Resolved,4,2025-12-10,2025-12-14
CMP01889,COL1779,Library,Low,Resolved,5,2021-10-27,2021-11-01
CMP01890,COL1703,Faculty,Low,Resolved,13,2021-10-17,2021-10-30
CMP01891,COL1189,Library,Low,Resolved,6,2022-10-01,2022-10-07
CMP01892,COL1085,Exam,High,Resolved,7,2022-09-02,2022-09-09
CMP01893,COL0281,Scholarship,High,Pending,,2023-01-18,
CMP01894,COL0883,Exam,High,Resolved,1,2026-02-25,2026-02-26
CMP01895,COL1347,Library,Medium,Resolved,6,2025-02-04,2025-02-10
CMP01896,COL0298,Internet,Medium,Resolved,5,2023-10-13,2023-10-18
CMP01897,COL0769,Internet,High,Pending,,2025-06-04,
CMP01898,COL1966,Faculty,Low,Resolved,13,2024-11-27,2024-12-10
CMP01899,COL0427,Scholarship,High,Resolved,15,2022-03-23,2022-04-07
CMP01900,COL0728,Scholarship,Medium,Resolved,31,2026-05-22,2026-06-22
CMP01901,COL1445,Infrastructure,Medium,Resolved,16,2023-04-28,2023-05-14
CMP01902,COL1136,Internet,High,Resolved,3,2024-12-17,2024-12-20
CMP01903,COL0692,Infrastructure,Low,Resolved,9,2025-07-23,2025-08-01
CMP01904,COL1001,Infrastructure,Low,Resolved,38,2024-11-25,2025-01-02
CMP01905,COL0920,Infrastructure,High,Resolved,14,2022-06-05,2022-06-19
CMP01906,COL1703,Transport,Low,Resolved,6,2022-05-06,2022-05-12
CMP01907,COL1237,Infrastructure,Medium,Pending,,2023-04-19,
CMP01908,COL0226,Transport,Low,Resolved,11,2021-09-22,2021-10-03
CMP01909,COL0773,Internet,Medium,Resolved,7,2023-09-18,2023-09-25
CMP01910,COL1483,Internet,Medium,Resolved,6,2024-02-14,2024-02-20
CMP01911,COL1201,Internet,Low,Resolved,6,2021-11-17,2021-11-23
CMP01912,COL0120,Infrastructure,Low,Pending,,2021-11-26,
CMP01913,COL0043,Faculty,Low,Resolved,21,2023-04-04,2023-04-25
CMP01914,COL0618,Library,High,Resolved,5,2021-08-19,2021-08-24
CMP01915,COL0520,Transport,Medium,Resolved,7,2025-01-14,2025-01-21
CMP01916,COL0823,Infrastructure,Medium,Resolved,32,2023-02-26,2023-03-30
CMP01917,COL0815,Library,Medium,Resolved,7,2022-01-26,2022-02-02
CMP01918,COL0458,Infrastructure,High,Escalated,,2022-07-01,
CMP01919,COL0214,Scholarship,High,Resolved,16,2025-09-01,2025-09-17
CMP01920,COL0916,Transport,Medium,Resolved,4,2023-10-23,2023-10-27
CMP01921,COL1677,Library,Low,Resolved,13,2025-08-05,2025-08-18
CMP01922,COL1326,Exam,Medium,Resolved,6,2026-02-13,2026-02-19
CMP01923,COL0736,Transport,Medium,Resolved,8,2022-06-10,2022-06-18
CMP01924,COL1888,Faculty,High,Resolved,17,2022-02-16,2022-03-05
CMP01925,COL0882,Faculty,Medium,Resolved,17,2023-08-31,2023-09-17
CMP01926,COL0912,Library,Medium,Pending,,2023-11-17,
CMP01927,COL0071,Infrastructure,Medium,Resolved,22,2022-12-22,2023-01-13
CMP01928,COL0749,Library,High,Resolved,2,2025-12-24,2025-12-26
CMP01929,COL0694,Faculty,High,Escalated,,2024-04-09,
CMP01930,COL0328,Exam,High,Resolved,5,2024-01-22,2024-01-27
CMP01931,COL1059,Faculty,Medium,Resolved,10,2021-05-27,2021-06-06
CMP01932,COL0972,Transport,Medium,Resolved,13,2024-05-22,2024-06-04
CMP01933,COL1392,Library,Medium,Resolved,7,2026-02-03,2026-02-10
CMP01934,COL0845,Faculty,Medium,Resolved,26,2026-05-21,2026-06-16
CMP01935,COL1694,Internet,Medium,Resolved,5,2026-01-09,2026-01-14
CMP01936,COL0948,Exam,Medium,Resolved,15,2022-11-20,2022-12-05
CMP01937,COL0924,Library,Low,Resolved,9,2021-05-05,2021-05-14
CMP01938,COL0346,Faculty,Medium,Resolved,30,2026-03-23,2026-04-22
CMP01939,COL1049,Exam,High,Resolved,2,2022-08-25,2022-08-27
CMP01940,COL0299,Scholarship,Medium,Resolved,54,2026-01-01,2026-02-24
CMP01941,COL1204,Infrastructure,Medium,Resolved,39,2022-10-20,2022-11-28
CMP01942,COL1297,Transport,Medium,Resolved,4,2026-01-17,2026-01-21
CMP01943,COL0615,Hostel,Low,Resolved,21,2024-11-19,2024-12-10
CMP01944,COL1694,Infrastructure,Low,Resolved,30,2025-04-05,2025-05-05
CMP01945,COL0465,Internet,Low,In Progress,,2024-02-22,
CMP01946,COL1348,Faculty,Medium,Escalated,,2024-10-31,
CMP01947,COL0361,Infrastructure,Medium,Resolved,12,2021-07-07,2021-07-19
CMP01948,COL1301,Transport,Low,Resolved,15,2025-08-22,2025-09-06
CMP01949,COL1225,Hostel,Medium,Resolved,19,2023-05-23,2023-06-11
CMP01950,COL1357,Infrastructure,High,Resolved,19,2026-01-30,2026-02-18
CMP01951,COL0446,Internet,Medium,Escalated,,2025-04-06,
CMP01952,COL0688,Scholarship,Low,Resolved,41,2021-02-04,2021-03-17
CMP01953,COL1222,Transport,High,Resolved,5,2025-02-19,2025-02-24
CMP01954,COL1203,Infrastructure,Medium,Resolved,32,2021-08-29,2021-09-30
CMP01955,COL0385,Infrastructure,Medium,Resolved,16,2023-01-02,2023-01-18
CMP01956,COL0810,Internet,Low,Resolved,8,2024-05-19,2024-05-27
CMP01957,COL0143,Scholarship,High,Resolved,21,2024-07-26,2024-08-16
CMP01958,COL1476,Hostel,Medium,Resolved,3,2025-08-10,2025-08-13
CMP01959,COL0447,Internet,Medium,Resolved,4,2021-01-05,2021-01-09
CMP01960,COL1699,Transport,High,Resolved,8,2024-02-19,2024-02-27
CMP01961,COL1980,Library,Low,Resolved,13,2024-11-30,2024-12-13
CMP01962,COL1605,Infrastructure,Medium,Resolved,17,2022-06-22,2022-07-09
CMP01963,COL0465,Exam,High,Pending,,2022-09-27,
CMP01964,COL0082,Library,Low,Resolved,6,2024-11-02,2024-11-08
CMP01965,COL0241,Scholarship,Medium,Resolved,12,2024-08-31,2024-09-12
CMP01966,COL1907,Faculty,Medium,Resolved,29,2023-11-09,2023-12-08
CMP01967,COL0097,Scholarship,High,Resolved,34,2025-01-16,2025-02-19
CMP01968,COL0900,Scholarship,High,Resolved,25,2024-05-13,2024-06-07
CMP01969,COL1394,Faculty,High,Resolved,7,2024-11-11,2024-11-18
CMP01970,COL0026,Transport,High,Resolved,8,2023-07-13,2023-07-21
CMP01971,COL0572,Faculty,High,Resolved,12,2021-08-03,2021-08-15
CMP01972,COL1361,Exam,Medium,Resolved,5,2023-08-20,2023-08-25
CMP01973,COL1018,Infrastructure,Medium,Resolved,11,2022-07-19,2022-07-30
CMP01974,COL0552,Scholarship,Low,Resolved,78,2021-11-08,2022-01-25
CMP01975,COL1147,Exam,Medium,Escalated,,2024-04-06,
CMP01976,COL0285,Infrastructure,Medium,In Progress,,2024-06-22,
CMP01977,COL1020,Library,Medium,In Progress,,2023-09-04,
CMP01978,COL1520,Transport,Medium,Resolved,8,2025-12-08,2025-12-16
CMP01979,COL1078,Scholarship,Medium,Resolved,19,2021-10-01,2021-10-20
CMP01980,COL0730,Internet,Medium,Resolved,7,2022-05-24,2022-05-31
CMP01981,COL1135,Faculty,High,In Progress,,2024-03-29,
CMP01982,COL1402,Library,Medium,Resolved,9,2022-07-18,2022-07-27
CMP01983,COL1173,Transport,Low,Escalated,,2024-04-24,
CMP01984,COL0769,Faculty,High,Resolved,16,2023-02-03,2023-02-19
CMP01985,COL1402,Infrastructure,High,Resolved,25,2026-01-26,2026-02-20
CMP01986,COL0802,Transport,Medium,In Progress,,2023-08-13,
CMP01987,COL1859,Exam,Medium,Resolved,5,2022-03-16,2022-03-21
CMP01988,COL1963,Hostel,Medium,In Progress,,2025-01-19,
CMP01989,COL1461,Hostel,Low,Resolved,20,2024-12-29,2025-01-18
CMP01990,COL0808,Transport,Low,In Progress,,2025-02-25,
CMP01991,COL0729,Internet,Medium,Resolved,5,2025-08-07,2025-08-12
CMP01992,COL0993,Faculty,High,Resolved,16,2021-08-21,2021-09-06
CMP01993,COL0156,Internet,High,Resolved,3,2025-11-17,2025-11-20
CMP01994,COL1306,Infrastructure,Low,Resolved,54,2021-11-29,2022-01-22
CMP01995,COL0600,Internet,Low,Resolved,4,2024-10-14,2024-10-18
CMP01996,COL1549,Library,Low,Resolved,2,2022-05-16,2022-05-18
CMP01997,COL0023,Infrastructure,Medium,Resolved,26,2021-08-05,2021-08-31
CMP01998,COL0484,Infrastructure,High,Resolved,16,2026-05-12,2026-05-28
CMP01999,COL0158,Transport,Medium,Resolved,1,2023-06-13,2023-06-14
CMP02000,COL1919,Exam,Medium,Escalated,,2025-05-24,
CMP02001,COL1652,Library,Low,Resolved,7,2022-11-28,2022-12-05
CMP02002,COL0108,Library,Medium,Pending,,2023-12-12,
CMP02003,COL0165,Internet,Low,Resolved,2,2025-11-15,2025-11-17
CMP02004,COL1364,Hostel,Medium,Resolved,11,2024-11-21,2024-12-02
CMP02005,COL1927,Faculty,Low,Resolved,37,2021-12-23,2022-01-29
CMP02006,COL1384,Internet,High,Resolved,1,2024-11-24,2024-11-25
CMP02007,COL1728,Infrastructure,High,Resolved,27,2023-02-02,2023-03-01
CMP02008,COL1103,Library,Low,Resolved,3,2022-10-24,2022-10-27
CMP02009,COL0623,Faculty,High,Resolved,14,2021-07-06,2021-07-20
CMP02010,COL0673,Faculty,Medium,Resolved,17,2022-05-18,2022-06-04
CMP02011,COL0247,Faculty,Medium,Resolved,7,2023-06-28,2023-07-05
CMP02012,COL1226,Exam,High,Resolved,5,2024-07-17,2024-07-22
CMP02013,COL0740,Scholarship,Low,Resolved,36,2021-05-20,2021-06-25
CMP02014,COL1095,Transport,High,Resolved,8,2022-11-21,2022-11-29
CMP02015,COL1888,Internet,Medium,Resolved,6,2022-04-24,2022-04-30
CMP02016,COL1896,Scholarship,High,Resolved,24,2022-01-31,2022-02-24
CMP02017,COL0208,Infrastructure,High,Resolved,20,2022-06-23,2022-07-13
CMP02018,COL1757,Library,Low,In Progress,,2022-04-26,
CMP02019,COL0148,Transport,Low,Resolved,8,2022-03-02,2022-03-10
CMP02020,COL0633,Scholarship,Low,Resolved,45,2024-04-05,2024-05-20
CMP02021,COL1817,Transport,High,Resolved,2,2026-05-11,2026-05-13
CMP02022,COL0283,Scholarship,High,Resolved,31,2023-12-04,2024-01-04
CMP02023,COL1667,Faculty,High,In Progress,,2024-10-14,
CMP02024,COL0769,Infrastructure,Medium,In Progress,,2025-02-26,
CMP02025,COL0499,Hostel,Medium,Resolved,12,2026-04-10,2026-04-22
CMP02026,COL1103,Internet,High,Resolved,3,2021-04-27,2021-04-30
CMP02027,COL1129,Exam,High,Resolved,6,2024-06-18,2024-06-24
CMP02028,COL1821,Infrastructure,High,Resolved,27,2025-01-03,2025-01-30
CMP02029,COL0189,Infrastructure,Medium,Resolved,31,2021-07-22,2021-08-22
CMP02030,COL0356,Internet,Low,Resolved,5,2026-05-02,2026-05-07
CMP02031,COL1156,Hostel,High,In Progress,,2024-11-21,
CMP02032,COL1838,Hostel,High,Resolved,4,2023-12-22,2023-12-26
CMP02033,COL1754,Scholarship,Medium,Resolved,38,2021-01-06,2021-02-13
CMP02034,COL1515,Internet,Low,Resolved,4,2025-07-24,2025-07-28
CMP02035,COL0467,Transport,High,Resolved,4,2026-04-19,2026-04-23
CMP02036,COL1967,Library,Low,Resolved,13,2026-05-13,2026-05-26
CMP02037,COL0832,Library,High,Resolved,2,2021-07-28,2021-07-30
CMP02038,COL1443,Infrastructure,High,Resolved,21,2021-06-22,2021-07-13
CMP02039,COL1068,Internet,Low,Escalated,,2025-05-15,
CMP02040,COL0866,Internet,Low,Resolved,6,2021-12-04,2021-12-10
CMP02041,COL1385,Exam,High,Resolved,8,2025-09-27,2025-10-05
CMP02042,COL1346,Internet,High,Resolved,3,2022-05-05,2022-05-08
CMP02043,COL1781,Library,Low,In Progress,,2023-07-21,
CMP02044,COL0687,Infrastructure,Medium,Resolved,28,2025-08-24,2025-09-21
CMP02045,COL0779,Internet,Medium,Resolved,6,2021-10-06,2021-10-12
CMP02046,COL1301,Scholarship,High,Resolved,25,2024-08-30,2024-09-24
CMP02047,COL1651,Exam,Medium,Resolved,4,2021-02-13,2021-02-17
CMP02048,COL1973,Scholarship,High,Resolved,23,2025-05-02,2025-05-25
CMP02049,COL1444,Internet,Low,Resolved,3,2024-04-08,2024-04-11
CMP02050,COL1656,Faculty,High,Resolved,17,2023-06-28,2023-07-15
CMP02051,COL1124,Library,Low,Resolved,11,2022-03-25,2022-04-05
CMP02052,COL1815,Library,Low,Resolved,7,2022-09-28,2022-10-05
CMP02053,COL1239,Exam,High,Resolved,3,2024-12-13,2024-12-16
CMP02054,COL1350,Infrastructure,Low,Resolved,11,2021-05-13,2021-05-24
CMP02055,COL1204,Internet,Medium,Resolved,6,2021-03-13,2021-03-19
CMP02056,COL1839,Scholarship,High,Resolved,13,2025-06-21,2025-07-04
CMP02057,COL0075,Scholarship,High,Resolved,18,2022-08-23,2022-09-10
CMP02058,COL1439,Transport,Low,Resolved,4,2024-10-08,2024-10-12
CMP02059,COL1486,Library,High,Resolved,2,2026-03-11,2026-03-13
CMP02060,COL1539,Hostel,Medium,Resolved,13,2026-04-21,2026-05-04
CMP02061,COL1761,Exam,High,Resolved,2,2024-08-10,2024-08-12
CMP02062,COL1117,Internet,High,Resolved,4,2026-07-19,2026-07-23
CMP02063,COL0535,Scholarship,High,Resolved,32,2023-03-16,2023-04-17
CMP02064,COL1204,Scholarship,Medium,Escalated,,2025-01-25,
CMP02065,COL1417,Scholarship,Medium,Resolved,16,2025-04-05,2025-04-21
CMP02066,COL0166,Faculty,Low,Resolved,12,2022-03-03,2022-03-15
CMP02067,COL1051,Faculty,High,Resolved,13,2024-09-01,2024-09-14
CMP02068,COL0911,Scholarship,Low,Resolved,43,2024-01-17,2024-02-29
CMP02069,COL1713,Hostel,Medium,Resolved,12,2021-10-21,2021-11-02
CMP02070,COL0387,Internet,Medium,Resolved,2,2024-05-01,2024-05-03
CMP02071,COL0165,Faculty,High,Resolved,6,2023-12-21,2023-12-27
CMP02072,COL0176,Infrastructure,High,Resolved,9,2022-09-16,2022-09-25
CMP02073,COL0274,Exam,High,Escalated,,2021-10-22,
CMP02074,COL1557,Transport,Medium,Resolved,11,2024-06-23,2024-07-04
CMP02075,COL0068,Faculty,High,Resolved,15,2024-12-27,2025-01-11
CMP02076,COL0525,Transport,Medium,Escalated,,2024-01-04,
CMP02077,COL0041,Exam,High,Resolved,1,2025-01-16,2025-01-17
CMP02078,COL1465,Internet,High,Resolved,4,2023-02-01,2023-02-05
CMP02079,COL0777,Transport,High,Resolved,4,2024-01-08,2024-01-12
CMP02080,COL0100,Transport,Medium,In Progress,,2025-04-24,
CMP02081,COL1570,Scholarship,High,Resolved,11,2024-10-23,2024-11-03
CMP02082,COL1943,Scholarship,Medium,Resolved,38,2021-12-06,2022-01-13
CMP02083,COL1140,Scholarship,High,Resolved,11,2024-02-04,2024-02-15
CMP02084,COL0571,Library,Medium,Resolved,3,2026-05-12,2026-05-15
CMP02085,COL1241,Transport,Low,Resolved,7,2022-11-28,2022-12-05
CMP02086,COL0357,Exam,Low,Resolved,6,2022-02-11,2022-02-17
CMP02087,COL0338,Internet,Medium,Resolved,2,2022-04-17,2022-04-19
CMP02088,COL1366,Infrastructure,Medium,Pending,,2023-08-07,
CMP02089,COL0166,Scholarship,Medium,Resolved,24,2024-01-06,2024-01-30
CMP02090,COL0348,Transport,Low,Resolved,4,2023-01-02,2023-01-06
CMP02091,COL0008,Internet,Medium,Resolved,4,2024-05-29,2024-06-02
CMP02092,COL0945,Faculty,Medium,Resolved,11,2022-12-04,2022-12-15
CMP02093,COL1135,Internet,Medium,Resolved,4,2025-09-26,2025-09-30
CMP02094,COL1771,Library,Low,Resolved,5,2021-04-19,2021-04-24
CMP02095,COL1416,Internet,Medium,Pending,,2022-11-19,
CMP02096,COL1461,Infrastructure,Low,Resolved,25,2024-04-15,2024-05-10
CMP02097,COL1113,Internet,Medium,Resolved,1,2024-02-15,2024-02-16
CMP02098,COL1262,Scholarship,High,Resolved,26,2024-09-12,2024-10-08
CMP02099,COL1005,Faculty,High,Resolved,15,2026-06-18,2026-07-03
CMP02100,COL1774,Scholarship,Medium,Resolved,39,2023-06-20,2023-07-29
CMP02101,COL1292,Scholarship,High,Resolved,24,2025-07-04,2025-07-28
CMP02102,COL1306,Exam,Medium,Pending,,2025-06-25,
CMP02103,COL1063,Faculty,Low,Resolved,15,2023-01-27,2023-02-11
CMP02104,COL0544,Transport,Low,Resolved,7,2022-09-14,2022-09-21
CMP02105,COL0382,Infrastructure,Medium,Resolved,18,2025-02-25,2025-03-15
CMP02106,COL0885,Transport,High,Resolved,3,2025-11-04,2025-11-07
CMP02107,COL1734,Library,Low,Resolved,7,2023-01-31,2023-02-07
CMP02108,COL1925,Library,Low,Resolved,11,2021-07-10,2021-07-21
CMP02109,COL0225,Hostel,Medium,Resolved,13,2022-05-27,2022-06-09
CMP02110,COL1214,Scholarship,High,Resolved,27,2024-05-14,2024-06-10
CMP02111,COL0290,Library,Medium,Pending,,2024-11-11,
CMP02112,COL1353,Internet,Medium,Resolved,5,2025-07-05,2025-07-10
CMP02113,COL1572,Faculty,Low,Resolved,10,2025-12-08,2025-12-18
CMP02114,COL1627,Faculty,Medium,In Progress,,2023-12-28,
CMP02115,COL0353,Transport,Low,Resolved,4,2022-06-04,2022-06-08
CMP02116,COL0171,Exam,Medium,Resolved,8,2021-07-30,2021-08-07
CMP02117,COL0469,Transport,Low,Resolved,17,2023-01-21,2023-02-07
CMP02118,COL1496,Exam,Medium,Resolved,10,2025-04-15,2025-04-25
CMP02119,COL0179,Exam,Low,Pending,,2021-05-12,
CMP02120,COL1037,Infrastructure,Medium,Resolved,40,2024-03-16,2024-04-25
CMP02121,COL1655,Exam,High,Resolved,7,2021-10-25,2021-11-01
CMP02122,COL1788,Internet,Medium,Resolved,4,2025-03-10,2025-03-14
CMP02123,COL1757,Transport,Medium,Resolved,5,2023-03-10,2023-03-15
CMP02124,COL1356,Hostel,High,In Progress,,2025-10-23,
CMP02125,COL0397,Transport,Low,Escalated,,2024-07-15,
CMP02126,COL0325,Hostel,High,Resolved,12,2024-09-25,2024-10-07
CMP02127,COL1072,Exam,High,Resolved,4,2022-10-19,2022-10-23
CMP02128,COL0250,Exam,Medium,Escalated,,2024-10-27,
CMP02129,COL0370,Exam,High,Escalated,,2025-03-14,
CMP02130,COL0158,Library,Low,Resolved,9,2021-08-13,2021-08-22
CMP02131,COL1387,Transport,Low,Resolved,15,2021-06-09,2021-06-24
CMP02132,COL0840,Library,Low,Resolved,5,2023-04-11,2023-04-16
CMP02133,COL0644,Library,Medium,Resolved,3,2023-06-23,2023-06-26
CMP02134,COL1379,Infrastructure,Medium,Resolved,24,2026-05-25,2026-06-18
CMP02135,COL0230,Transport,Medium,Resolved,3,2021-07-25,2021-07-28
CMP02136,COL1621,Internet,High,Resolved,2,2022-06-15,2022-06-17
CMP02137,COL0548,Internet,Medium,Resolved,2,2023-11-01,2023-11-03
CMP02138,COL1909,Infrastructure,Medium,Resolved,7,2024-06-06,2024-06-13
CMP02139,COL0910,Exam,High,Resolved,4,2023-11-06,2023-11-10
CMP02140,COL0845,Internet,High,Resolved,4,2026-03-26,2026-03-30
CMP02141,COL0739,Faculty,Medium,Resolved,5,2022-07-09,2022-07-14
CMP02142,COL0331,Infrastructure,High,Resolved,17,2025-03-30,2025-04-16
CMP02143,COL1289,Infrastructure,Medium,Resolved,30,2025-07-21,2025-08-20
CMP02144,COL1160,Infrastructure,Medium,Resolved,22,2021-10-03,2021-10-25
CMP02145,COL0101,Infrastructure,Medium,Resolved,15,2021-06-24,2021-07-09
CMP02146,COL1157,Exam,Medium,Escalated,,2021-11-05,
CMP02147,COL1570,Scholarship,Low,Resolved,56,2023-12-09,2024-02-03
CMP02148,COL1983,Transport,Medium,In Progress,,2022-08-10,
CMP02149,COL0528,Internet,Medium,Resolved,1,2021-07-25,2021-07-26
CMP02150,COL0780,Hostel,High,Resolved,3,2022-05-19,2022-05-22
CMP02151,COL0476,Internet,Medium,Pending,,2023-07-13,
CMP02152,COL0364,Transport,High,Resolved,3,2023-06-10,2023-06-13
CMP02153,COL0426,Scholarship,High,Pending,,2022-11-09,
CMP02154,COL0535,Transport,Medium,Escalated,,2024-03-25,
CMP02155,COL1440,Library,Low,Escalated,,2024-01-12,
CMP02156,COL1023,Scholarship,High,Resolved,10,2025-12-08,2025-12-18
CMP02157,COL0887,Scholarship,High,Resolved,34,2023-01-29,2023-03-04
CMP02158,COL1846,Internet,High,Resolved,1,2024-05-29,2024-05-30
CMP02159,COL1307,Exam,High,Resolved,8,2022-12-10,2022-12-18
CMP02160,COL0635,Internet,Low,Resolved,8,2023-04-27,2023-05-05
CMP02161,COL1682,Internet,High,Resolved,3,2021-07-03,2021-07-06
CMP02162,COL0398,Transport,Medium,Resolved,1,2023-12-07,2023-12-08
CMP02163,COL1937,Faculty,Low,Resolved,14,2024-01-12,2024-01-26
CMP02164,COL0133,Library,Low,In Progress,,2026-04-16,
CMP02165,COL0652,Faculty,Low,Resolved,33,2024-04-05,2024-05-08
CMP02166,COL1324,Library,Low,Resolved,7,2024-08-05,2024-08-12
CMP02167,COL1815,Library,Medium,Resolved,5,2024-08-19,2024-08-24
CMP02168,COL1019,Internet,Medium,In Progress,,2022-12-10,
CMP02169,COL1959,Faculty,High,Resolved,5,2022-08-27,2022-09-01
CMP02170,COL0824,Library,Low,Resolved,3,2026-04-17,2026-04-20
CMP02171,COL1862,Infrastructure,Medium,In Progress,,2022-02-27,
CMP02172,COL0268,Library,Low,Resolved,4,2025-07-07,2025-07-11
CMP02173,COL0538,Library,Medium,Resolved,2,2022-02-17,2022-02-19
CMP02174,COL1388,Infrastructure,Medium,Resolved,15,2025-09-01,2025-09-16
CMP02175,COL0512,Transport,Low,Resolved,16,2021-07-24,2021-08-09
CMP02176,COL1065,Faculty,Medium,Resolved,17,2022-01-04,2022-01-21
CMP02177,COL0782,Scholarship,Medium,Resolved,17,2022-06-09,2022-06-26
CMP02178,COL0417,Hostel,High,Resolved,5,2023-11-20,2023-11-25
CMP02179,COL0766,Library,Medium,Pending,,2025-01-04,
CMP02180,COL0455,Internet,Medium,Resolved,1,2023-10-27,2023-10-28
CMP02181,COL0188,Exam,Medium,Resolved,6,2021-11-03,2021-11-09
CMP02182,COL1941,Scholarship,Medium,Resolved,34,2023-06-28,2023-08-01
CMP02183,COL1285,Internet,High,In Progress,,2025-08-27,
CMP02184,COL1840,Faculty,Medium,Resolved,14,2021-08-11,2021-08-25
CMP02185,COL1826,Exam,High,Resolved,1,2021-01-13,2021-01-14
CMP02186,COL0549,Hostel,Medium,Resolved,14,2023-03-14,2023-03-28
CMP02187,COL1358,Exam,High,Resolved,2,2023-02-09,2023-02-11
CMP02188,COL0643,Transport,Medium,Resolved,9,2024-11-19,2024-11-28
CMP02189,COL0113,Internet,Medium,Resolved,6,2024-04-25,2024-05-01
CMP02190,COL1075,Infrastructure,High,Resolved,9,2021-07-27,2021-08-05
CMP02191,COL1133,Internet,Low,Resolved,2,2024-12-08,2024-12-10
CMP02192,COL1322,Internet,Medium,In Progress,,2021-06-13,
CMP02193,COL1991,Exam,Low,Pending,,2021-04-16,
CMP02194,COL0827,Transport,Low,Resolved,3,2021-07-27,2021-07-30
CMP02195,COL1395,Transport,High,Resolved,3,2026-01-25,2026-01-28
CMP02196,COL1129,Exam,High,Escalated,,2025-12-29,
CMP02197,COL1191,Library,Low,Resolved,8,2024-11-11,2024-11-19
CMP02198,COL1324,Exam,High,Resolved,6,2022-06-16,2022-06-22
CMP02199,COL0789,Faculty,Medium,In Progress,,2022-10-08,
CMP02200,COL0103,Faculty,High,Resolved,17,2024-01-08,2024-01-25
CMP02201,COL0121,Infrastructure,High,Escalated,,2022-12-04,
CMP02202,COL0029,Library,Low,Resolved,4,2025-04-24,2025-04-28
CMP02203,COL0917,Internet,Medium,Resolved,3,2023-09-22,2023-09-25
CMP02204,COL0480,Exam,Medium,Resolved,11,2023-11-28,2023-12-09
CMP02205,COL0387,Hostel,Low,Resolved,12,2021-07-07,2021-07-19
CMP02206,COL0781,Internet,Low,Resolved,6,2021-04-13,2021-04-19
CMP02207,COL1179,Internet,Medium,Resolved,2,2023-11-11,2023-11-13
CMP02208,COL1424,Internet,Low,Resolved,6,2026-02-09,2026-02-15
CMP02209,COL1799,Faculty,Medium,Resolved,18,2025-10-15,2025-11-02
CMP02210,COL1929,Faculty,Medium,Resolved,18,2023-08-27,2023-09-14
CMP02211,COL0860,Infrastructure,Medium,Resolved,11,2024-06-13,2024-06-24
CMP02212,COL1545,Internet,Low,Resolved,8,2023-07-14,2023-07-22
CMP02213,COL0275,Internet,Medium,In Progress,,2026-03-31,
CMP02214,COL1351,Faculty,Medium,Resolved,8,2024-12-09,2024-12-17
CMP02215,COL0838,Library,Low,Resolved,12,2025-09-05,2025-09-17
CMP02216,COL1383,Transport,Low,Resolved,18,2021-03-21,2021-04-08
CMP02217,COL0088,Transport,Low,Resolved,16,2024-07-02,2024-07-18
CMP02218,COL1674,Exam,Low,Resolved,10,2021-10-22,2021-11-01
CMP02219,COL1819,Hostel,High,Pending,,2024-05-10,
CMP02220,COL0674,Scholarship,Medium,In Progress,,2025-09-04,
CMP02221,COL0561,Infrastructure,High,Resolved,10,2021-11-04,2021-11-14
CMP02222,COL1815,Scholarship,Medium,Escalated,,2023-11-13,
CMP02223,COL1323,Scholarship,High,Resolved,24,2024-08-14,2024-09-07
CMP02224,COL0348,Internet,Medium,Resolved,6,2024-08-08,2024-08-14
CMP02225,COL1967,Library,Medium,Resolved,1,2025-04-05,2025-04-06
CMP02226,COL0934,Exam,High,Resolved,4,2023-07-30,2023-08-03
CMP02227,COL1529,Exam,Low,Pending,,2025-09-04,
CMP02228,COL0557,Scholarship,High,Resolved,14,2022-08-15,2022-08-29
CMP02229,COL0809,Infrastructure,Low,Resolved,55,2024-10-18,2024-12-12
CMP02230,COL0799,Faculty,Medium,Resolved,9,2022-04-12,2022-04-21
CMP02231,COL0569,Hostel,High,Resolved,8,2024-02-13,2024-02-21
CMP02232,COL0796,Internet,Medium,Resolved,4,2025-11-20,2025-11-24
CMP02233,COL1647,Exam,High,Resolved,4,2024-10-13,2024-10-17
CMP02234,COL1960,Faculty,High,Resolved,11,2023-07-27,2023-08-07
CMP02235,COL1094,Hostel,Low,Resolved,4,2023-02-25,2023-03-01
CMP02236,COL1231,Transport,High,In Progress,,2024-11-11,
CMP02237,COL0344,Hostel,High,Resolved,10,2021-06-18,2021-06-28
CMP02238,COL1813,Internet,Medium,Resolved,6,2024-05-08,2024-05-14
CMP02239,COL1513,Faculty,High,Resolved,3,2023-02-24,2023-02-27
CMP02240,COL0333,Infrastructure,High,Resolved,13,2021-06-24,2021-07-07
CMP02241,COL1922,Exam,Medium,Resolved,11,2026-05-06,2026-05-17
CMP02242,COL1534,Library,Medium,Pending,,2025-04-29,
CMP02243,COL1016,Faculty,High,Resolved,7,2025-04-09,2025-04-16
CMP02244,COL0345,Library,Low,Resolved,9,2023-02-05,2023-02-14
CMP02245,COL1936,Internet,Medium,Resolved,6,2025-07-16,2025-07-22
CMP02246,COL1091,Library,Medium,Resolved,3,2022-02-10,2022-02-13
CMP02247,COL0643,Scholarship,High,In Progress,,2025-02-14,
CMP02248,COL0348,Exam,High,Resolved,4,2024-07-29,2024-08-02
CMP02249,COL1592,Library,Medium,Resolved,1,2022-10-03,2022-10-04
CMP02250,COL1502,Scholarship,High,Resolved,7,2025-01-29,2025-02-05
CMP02251,COL0609,Exam,High,Resolved,8,2021-08-15,2021-08-23
CMP02252,COL1100,Library,Low,Resolved,2,2022-03-09,2022-03-11
CMP02253,COL0438,Infrastructure,Medium,Resolved,8,2022-12-05,2022-12-13
CMP02254,COL1904,Exam,Low,Resolved,12,2024-11-18,2024-11-30
CMP02255,COL0735,Faculty,Low,Resolved,15,2023-03-07,2023-03-22
CMP02256,COL0093,Faculty,Medium,Resolved,5,2022-06-09,2022-06-14
CMP02257,COL1810,Hostel,Low,Resolved,25,2025-09-04,2025-09-29
CMP02258,COL0742,Transport,Medium,Resolved,11,2025-11-15,2025-11-26
CMP02259,COL1921,Library,Low,Resolved,10,2023-12-02,2023-12-12
CMP02260,COL0685,Exam,Low,Resolved,19,2025-06-11,2025-06-30
CMP02261,COL0282,Transport,Low,Escalated,,2024-04-06,
CMP02262,COL0214,Exam,Low,Resolved,15,2021-06-28,2021-07-13
CMP02263,COL1590,Transport,Medium,Resolved,10,2021-10-24,2021-11-03
CMP02264,COL1852,Exam,High,Pending,,2022-01-08,
CMP02265,COL1302,Library,High,Resolved,6,2021-10-03,2021-10-09
CMP02266,COL0240,Library,Medium,Resolved,3,2022-07-04,2022-07-07
CMP02267,COL1421,Infrastructure,Medium,Resolved,20,2023-07-11,2023-07-31
CMP02268,COL1197,Infrastructure,High,Pending,,2021-10-17,
CMP02269,COL0909,Infrastructure,Medium,Resolved,42,2023-03-05,2023-04-16
CMP02270,COL1951,Hostel,High,Resolved,6,2022-11-14,2022-11-20
CMP02271,COL0594,Faculty,Low,Resolved,22,2024-12-13,2025-01-04
CMP02272,COL0947,Infrastructure,Low,Resolved,31,2021-07-10,2021-08-10
CMP02273,COL0409,Exam,High,Resolved,4,2023-06-04,2023-06-08
CMP02274,COL0143,Transport,Medium,Resolved,4,2025-02-01,2025-02-05
CMP02275,COL0871,Hostel,Medium,Resolved,17,2022-01-26,2022-02-12
CMP02276,COL0392,Scholarship,High,Resolved,25,2021-05-13,2021-06-07
CMP02277,COL1481,Scholarship,Medium,Resolved,44,2026-04-08,2026-05-22
CMP02278,COL1635,Transport,Medium,Pending,,2024-05-09,
CMP02279,COL0997,Library,Medium,Resolved,4,2025-03-29,2025-04-02
CMP02280,COL1615,Scholarship,Medium,Resolved,58,2026-03-27,2026-05-24
CMP02281,COL0096,Infrastructure,High,Resolved,12,2022-08-31,2022-09-12
CMP02282,COL0232,Library,Low,Resolved,11,2022-05-20,2022-05-31
CMP02283,COL0198,Infrastructure,Medium,Resolved,34,2023-08-26,2023-09-29
CMP02284,COL1730,Library,Medium,Resolved,9,2024-08-13,2024-08-22
CMP02285,COL0845,Transport,Medium,Resolved,12,2025-07-18,2025-07-30
CMP02286,COL1552,Scholarship,High,Resolved,20,2025-06-21,2025-07-11
CMP02287,COL1737,Scholarship,Medium,Resolved,13,2021-01-14,2021-01-27
CMP02288,COL1140,Hostel,High,Resolved,6,2021-09-02,2021-09-08
CMP02289,COL0456,Scholarship,Medium,Escalated,,2024-08-07,
CMP02290,COL0414,Infrastructure,Low,Resolved,40,2021-04-16,2021-05-26
CMP02291,COL0432,Scholarship,High,Resolved,15,2022-07-11,2022-07-26
CMP02292,COL1588,Exam,High,Resolved,1,2025-11-09,2025-11-10
CMP02293,COL1162,Transport,Medium,In Progress,,2023-11-08,
CMP02294,COL1852,Hostel,Low,Resolved,13,2021-08-23,2021-09-05
CMP02295,COL1403,Faculty,Medium,Resolved,10,2026-01-19,2026-01-29
CMP02296,COL1343,Hostel,Medium,Resolved,8,2023-10-21,2023-10-29
CMP02297,COL0141,Hostel,Low,Resolved,22,2021-05-17,2021-06-08
CMP02298,COL0203,Faculty,Low,Resolved,26,2025-02-15,2025-03-13
CMP02299,COL1224,Scholarship,High,In Progress,,2025-03-10,
CMP02300,COL0113,Internet,High,Resolved,4,2026-01-12,2026-01-16
CMP02301,COL1974,Hostel,Medium,In Progress,,2022-10-23,
CMP02302,COL0411,Faculty,Low,In Progress,,2026-06-09,
CMP02303,COL1802,Library,Medium,Resolved,10,2023-08-10,2023-08-20
CMP02304,COL1251,Transport,High,Resolved,8,2025-05-11,2025-05-19
CMP02305,COL1413,Hostel,High,Resolved,4,2023-12-12,2023-12-16
CMP02306,COL1190,Scholarship,Low,Pending,,2024-10-19,
CMP02307,COL0155,Exam,Low,Resolved,12,2021-01-11,2021-01-23
CMP02308,COL0221,Faculty,Medium,Resolved,6,2023-03-24,2023-03-30
CMP02309,COL1759,Library,Low,Resolved,2,2023-01-23,2023-01-25
CMP02310,COL0764,Faculty,Medium,Resolved,28,2025-06-22,2025-07-20
CMP02311,COL1162,Hostel,Low,Resolved,16,2024-07-13,2024-07-29
CMP02312,COL0537,Library,Medium,Resolved,8,2023-03-01,2023-03-09
CMP02313,COL0999,Internet,Low,Resolved,2,2025-06-23,2025-06-25
CMP02314,COL0429,Scholarship,Medium,Resolved,19,2024-11-15,2024-12-04
CMP02315,COL0747,Transport,Medium,Resolved,2,2023-12-06,2023-12-08
CMP02316,COL0134,Transport,Medium,Resolved,11,2022-09-04,2022-09-15
CMP02317,COL1347,Library,Medium,Resolved,9,2022-12-21,2022-12-30
CMP02318,COL1789,Infrastructure,Medium,Resolved,43,2025-09-04,2025-10-17
CMP02319,COL1311,Internet,High,Resolved,4,2023-12-31,2024-01-04
CMP02320,COL0833,Exam,High,In Progress,,2023-10-10,
CMP02321,COL1792,Transport,High,Resolved,8,2024-03-13,2024-03-21
CMP02322,COL1357,Faculty,Low,Resolved,9,2022-02-15,2022-02-24
CMP02323,COL1130,Internet,Low,Resolved,6,2025-08-15,2025-08-21
CMP02324,COL0112,Library,Medium,Resolved,1,2025-02-21,2025-02-22
CMP02325,COL1406,Hostel,Medium,In Progress,,2025-12-09,
CMP02326,COL0209,Hostel,High,Resolved,2,2025-12-13,2025-12-15
CMP02327,COL0035,Scholarship,Low,Resolved,77,2023-03-01,2023-05-17
CMP02328,COL0641,Scholarship,Medium,Resolved,7,2025-03-02,2025-03-09
CMP02329,COL1643,Scholarship,High,Resolved,21,2026-06-07,2026-06-28
CMP02330,COL1280,Internet,Low,Escalated,,2024-11-26,
CMP02331,COL0395,Transport,Medium,Resolved,8,2025-06-23,2025-07-01
CMP02332,COL1674,Transport,High,Resolved,2,2023-06-23,2023-06-25
CMP02333,COL0044,Internet,Low,Resolved,3,2023-06-14,2023-06-17
CMP02334,COL0142,Library,Low,Pending,,2025-07-02,
CMP02335,COL0109,Transport,Medium,Resolved,3,2022-08-06,2022-08-09
CMP02336,COL0706,Library,Medium,Resolved,6,2026-01-07,2026-01-13
CMP02337,COL1098,Hostel,Low,Resolved,25,2025-04-13,2025-05-08
CMP02338,COL0210,Hostel,Medium,Resolved,19,2022-01-01,2022-01-20
CMP02339,COL0497,Library,Low,Resolved,9,2023-01-19,2023-01-28
CMP02340,COL0606,Exam,Low,Resolved,4,2023-10-31,2023-11-04
CMP02341,COL1259,Faculty,Low,Resolved,34,2023-12-14,2024-01-17
CMP02342,COL0470,Library,Low,In Progress,,2023-12-10,
CMP02343,COL1286,Internet,Medium,Resolved,3,2026-02-23,2026-02-26
CMP02344,COL1244,Infrastructure,Medium,Resolved,30,2022-11-30,2022-12-30
CMP02345,COL1496,Internet,Medium,Resolved,2,2026-02-22,2026-02-24
CMP02346,COL1847,Infrastructure,Medium,Resolved,5,2022-12-13,2022-12-18
CMP02347,COL1413,Scholarship,Medium,Pending,,2023-01-18,
CMP02348,COL1334,Hostel,High,Resolved,4,2022-02-23,2022-02-27
CMP02349,COL0390,Internet,High,Resolved,3,2024-10-12,2024-10-15
CMP02350,COL1387,Exam,High,Resolved,3,2021-04-26,2021-04-29
CMP02351,COL0588,Transport,Low,Pending,,2024-08-23,
CMP02352,COL0595,Transport,High,Escalated,,2022-10-21,
CMP02353,COL1933,Internet,Medium,Resolved,3,2026-07-22,2026-07-25
CMP02354,COL1321,Faculty,High,Resolved,10,2026-04-24,2026-05-04
CMP02355,COL1672,Exam,Medium,Escalated,,2021-09-25,
CMP02356,COL1992,Infrastructure,Low,Resolved,56,2024-10-16,2024-12-11
CMP02357,COL0624,Transport,Medium,Resolved,14,2021-01-16,2021-01-30
CMP02358,COL0196,Scholarship,Medium,Resolved,53,2024-04-02,2024-05-25
CMP02359,COL1826,Exam,High,In Progress,,2021-10-10,
CMP02360,COL0727,Transport,Medium,Pending,,2026-05-23,
CMP02361,COL1301,Transport,Low,Resolved,6,2022-08-31,2022-09-06
CMP02362,COL0497,Faculty,Medium,In Progress,,2021-09-05,
CMP02363,COL0636,Library,Low,Resolved,11,2021-03-14,2021-03-25
CMP02364,COL0430,Faculty,Low,In Progress,,2023-06-08,
CMP02365,COL0583,Infrastructure,Low,Resolved,44,2024-12-27,2025-02-09
CMP02366,COL1744,Scholarship,High,Escalated,,2021-10-25,
CMP02367,COL1478,Infrastructure,Medium,Resolved,28,2026-04-22,2026-05-20
CMP02368,COL0423,Infrastructure,High,Resolved,5,2025-05-15,2025-05-20
CMP02369,COL1019,Faculty,Medium,Escalated,,2021-02-05,
CMP02370,COL0215,Faculty,Medium,Resolved,25,2024-10-31,2024-11-25
CMP02371,COL1759,Library,Low,Resolved,13,2024-11-30,2024-12-13
CMP02372,COL0115,Scholarship,Low,Resolved,65,2024-04-11,2024-06-15
CMP02373,COL1976,Library,High,Resolved,3,2021-04-17,2021-04-20
CMP02374,COL0332,Internet,Low,Resolved,3,2021-06-17,2021-06-20
CMP02375,COL0998,Internet,High,Resolved,2,2026-05-21,2026-05-23
CMP02376,COL1795,Faculty,Medium,Escalated,,2023-05-31,
CMP02377,COL0655,Infrastructure,Low,Resolved,49,2024-11-23,2025-01-11
CMP02378,COL1532,Exam,Medium,Escalated,,2024-10-30,
CMP02379,COL0326,Hostel,High,In Progress,,2022-02-07,
CMP02380,COL1632,Internet,Low,Resolved,4,2024-12-27,2024-12-31
CMP02381,COL0913,Transport,Medium,Resolved,5,2024-12-18,2024-12-23
CMP02382,COL0855,Transport,Low,Resolved,4,2026-05-17,2026-05-21
CMP02383,COL0002,Transport,Low,Resolved,18,2026-04-22,2026-05-10
CMP02384,COL0777,Exam,High,Resolved,2,2022-09-30,2022-10-02
CMP02385,COL1213,Internet,Low,Resolved,9,2021-09-12,2021-09-21
CMP02386,COL1660,Infrastructure,Medium,Resolved,20,2024-10-03,2024-10-23
CMP02387,COL0270,Library,Low,Resolved,2,2026-07-22,2026-07-24
CMP02388,COL0720,Scholarship,High,Resolved,10,2023-12-01,2023-12-11
CMP02389,COL1527,Faculty,Low,Resolved,31,2026-05-14,2026-06-14
CMP02390,COL0467,Scholarship,High,Resolved,14,2022-05-22,2022-06-05
CMP02391,COL1556,Library,Low,Resolved,2,2026-07-16,2026-07-18
CMP02392,COL1486,Faculty,Low,Resolved,14,2024-11-28,2024-12-12
CMP02393,COL1122,Transport,High,Resolved,3,2025-02-21,2025-02-24
CMP02394,COL0976,Faculty,Medium,Pending,,2026-05-01,
CMP02395,COL0491,Faculty,Low,Resolved,21,2022-10-15,2022-11-05
CMP02396,COL1698,Faculty,Medium,In Progress,,2021-11-05,
CMP02397,COL1971,Internet,Medium,Resolved,3,2024-12-19,2024-12-22
CMP02398,COL1227,Library,Low,Resolved,8,2025-06-17,2025-06-25
CMP02399,COL1095,Scholarship,Medium,Resolved,35,2023-02-01,2023-03-08
CMP02400,COL0679,Scholarship,High,Resolved,19,2025-01-06,2025-01-25
CMP02401,COL1932,Infrastructure,High,Resolved,25,2021-02-15,2021-03-12
CMP02402,COL0057,Library,Medium,Resolved,1,2021-12-31,2022-01-01
CMP02403,COL1145,Infrastructure,Low,Resolved,12,2023-06-07,2023-06-19
CMP02404,COL1671,Hostel,Medium,Resolved,14,2025-02-28,2025-03-14
CMP02405,COL0753,Faculty,Low,Resolved,21,2025-12-31,2026-01-21
CMP02406,COL1657,Hostel,High,Resolved,8,2023-09-14,2023-09-22
CMP02407,COL1521,Library,Medium,Resolved,10,2024-05-06,2024-05-16
CMP02408,COL0470,Faculty,Medium,Resolved,7,2023-03-23,2023-03-30
CMP02409,COL1627,Scholarship,Medium,Pending,,2025-10-21,
CMP02410,COL1619,Library,Medium,Resolved,7,2024-02-16,2024-02-23
CMP02411,COL1480,Faculty,Low,Resolved,38,2023-11-04,2023-12-12
CMP02412,COL0940,Exam,High,Resolved,4,2022-08-24,2022-08-28
CMP02413,COL0816,Exam,Medium,Resolved,10,2023-08-14,2023-08-24
CMP02414,COL0740,Exam,Medium,Resolved,5,2024-10-18,2024-10-23
CMP02415,COL0214,Faculty,Medium,Pending,,2024-07-10,
CMP02416,COL1290,Faculty,High,In Progress,,2026-07-25,
CMP02417,COL0125,Internet,Medium,Resolved,4,2025-01-26,2025-01-30
CMP02418,COL1995,Scholarship,Low,Resolved,61,2021-12-15,2022-02-14
CMP02419,COL0001,Exam,Low,Resolved,12,2023-06-03,2023-06-15
CMP02420,COL1633,Library,High,Resolved,5,2024-11-05,2024-11-10
CMP02421,COL0354,Transport,Medium,Resolved,4,2022-04-26,2022-04-30
CMP02422,COL1447,Exam,High,Escalated,,2021-03-25,
CMP02423,COL0127,Infrastructure,Low,Pending,,2022-12-15,
CMP02424,COL0420,Infrastructure,Low,Resolved,27,2024-03-31,2024-04-27
CMP02425,COL1841,Exam,High,Resolved,3,2023-10-09,2023-10-12
CMP02426,COL0160,Infrastructure,Low,Resolved,27,2021-04-13,2021-05-10
CMP02427,COL1764,Scholarship,Low,Pending,,2026-04-18,
CMP02428,COL0453,Exam,Medium,Resolved,13,2024-02-17,2024-03-01
CMP02429,COL0104,Faculty,Medium,Resolved,4,2024-10-01,2024-10-05
CMP02430,COL0951,Hostel,High,Resolved,10,2022-07-12,2022-07-22
CMP02431,COL1017,Transport,Low,Resolved,18,2023-10-16,2023-11-03
CMP02432,COL1866,Exam,Medium,Resolved,3,2021-09-16,2021-09-19
CMP02433,COL0129,Internet,Low,In Progress,,2022-03-04,
CMP02434,COL0889,Library,Low,Pending,,2022-02-16,
CMP02435,COL1045,Exam,Medium,Resolved,6,2023-06-07,2023-06-13
CMP02436,COL1803,Scholarship,Medium,Resolved,38,2022-11-15,2022-12-23
CMP02437,COL0458,Faculty,High,Resolved,14,2021-05-27,2021-06-10
CMP02438,COL1932,Infrastructure,Medium,Resolved,35,2023-03-18,2023-04-22
CMP02439,COL0046,Internet,High,Resolved,2,2025-08-12,2025-08-14
CMP02440,COL1411,Internet,Low,Resolved,7,2022-08-20,2022-08-27
CMP02441,COL0491,Internet,High,Resolved,3,2022-03-19,2022-03-22
CMP02442,COL1367,Internet,Low,Resolved,4,2024-04-29,2024-05-03
CMP02443,COL0337,Hostel,High,Resolved,9,2022-04-11,2022-04-20
CMP02444,COL1565,Library,Medium,Resolved,6,2024-12-16,2024-12-22
CMP02445,COL1604,Library,Medium,In Progress,,2021-07-11,
CMP02446,COL0260,Transport,Medium,Resolved,4,2025-02-25,2025-03-01
CMP02447,COL0047,Internet,Medium,Resolved,3,2026-03-28,2026-03-31
CMP02448,COL0194,Exam,Medium,Resolved,12,2022-02-13,2022-02-25
CMP02449,COL0866,Internet,High,Resolved,1,2026-01-08,2026-01-09
CMP02450,COL0641,Scholarship,Low,Resolved,29,2025-01-01,2025-01-30
CMP02451,COL1654,Library,Low,Resolved,10,2025-12-22,2026-01-01
CMP02452,COL1828,Internet,High,Resolved,3,2021-01-19,2021-01-22
CMP02453,COL0658,Transport,High,Resolved,2,2025-10-07,2025-10-09
CMP02454,COL0196,Scholarship,High,Escalated,,2024-08-24,
CMP02455,COL0609,Transport,Medium,Resolved,5,2025-06-01,2025-06-06
CMP02456,COL0840,Infrastructure,Low,Resolved,30,2026-01-19,2026-02-18
CMP02457,COL0096,Transport,Low,Resolved,9,2024-12-09,2024-12-18
CMP02458,COL0864,Hostel,High,Resolved,10,2024-11-13,2024-11-23
CMP02459,COL1841,Library,High,Resolved,2,2026-06-24,2026-06-26
CMP02460,COL1384,Library,High,In Progress,,2023-08-09,
CMP02461,COL0662,Faculty,Medium,Resolved,25,2023-10-12,2023-11-06
CMP02462,COL1832,Hostel,High,Resolved,9,2023-01-05,2023-01-14
CMP02463,COL0498,Faculty,Low,Resolved,22,2024-11-24,2024-12-16
CMP02464,COL1953,Internet,High,Resolved,4,2023-09-22,2023-09-26
CMP02465,COL1148,Internet,Low,Resolved,5,2022-02-20,2022-02-25
CMP02466,COL0123,Faculty,Medium,Resolved,3,2021-02-12,2021-02-15
CMP02467,COL1555,Faculty,Low,Resolved,26,2021-08-19,2021-09-14
CMP02468,COL0338,Scholarship,High,Resolved,13,2021-08-02,2021-08-15
CMP02469,COL0931,Transport,High,Escalated,,2025-06-23,
CMP02470,COL1782,Hostel,Low,Pending,,2025-04-02,
CMP02471,COL0026,Internet,High,Resolved,2,2022-08-03,2022-08-05
CMP02472,COL0585,Scholarship,Medium,Pending,,2026-04-01,
CMP02473,COL1117,Exam,Low,Pending,,2025-06-23,
CMP02474,COL1059,Infrastructure,Medium,Resolved,39,2026-01-01,2026-02-09
CMP02475,COL1297,Library,Medium,Resolved,9,2026-01-06,2026-01-15
CMP02476,COL0015,Hostel,Low,Escalated,,2021-01-04,
CMP02477,COL0986,Faculty,Low,Resolved,14,2026-07-10,2026-07-24
CMP02478,COL0780,Faculty,High,Resolved,17,2024-01-24,2024-02-10
CMP02479,COL1321,Transport,Low,Resolved,8,2025-01-09,2025-01-17
CMP02480,COL1723,Internet,Medium,In Progress,,2023-09-27,
CMP02481,COL1782,Scholarship,High,Resolved,11,2025-12-31,2026-01-11
CMP02482,COL1335,Faculty,Low,Escalated,,2022-04-16,
CMP02483,COL0992,Infrastructure,Medium,Escalated,,2021-01-14,
CMP02484,COL1296,Internet,Low,Resolved,9,2022-11-26,2022-12-05
CMP02485,COL1149,Scholarship,Low,Resolved,47,2025-07-20,2025-09-05
CMP02486,COL0506,Exam,Medium,Resolved,10,2021-08-27,2021-09-06
CMP02487,COL0042,Infrastructure,High,Resolved,15,2026-02-20,2026-03-07
CMP02488,COL0137,Faculty,Medium,Resolved,4,2025-03-25,2025-03-29
CMP02489,COL0165,Infrastructure,Low,In Progress,,2026-07-16,
CMP02490,COL1029,Hostel,Low,Resolved,21,2026-03-08,2026-03-29
CMP02491,COL0937,Hostel,High,Resolved,8,2024-12-09,2024-12-17
CMP02492,COL1768,Transport,High,Resolved,8,2022-07-30,2022-08-07
CMP02493,COL1488,Library,Low,Resolved,8,2024-03-18,2024-03-26
CMP02494,COL0066,Faculty,Medium,Resolved,28,2026-03-19,2026-04-16
CMP02495,COL1130,Exam,Medium,Resolved,3,2024-06-18,2024-06-21
CMP02496,COL1599,Faculty,Medium,Pending,,2024-09-28,
CMP02497,COL1901,Hostel,Low,Escalated,,2025-01-26,
CMP02498,COL1591,Exam,High,Resolved,2,2025-03-28,2025-03-30
CMP02499,COL1738,Exam,Medium,Resolved,5,2022-07-25,2022-07-30
CMP02500,COL1101,Infrastructure,High,Resolved,26,2021-04-30,2021-05-26
CMP02501,COL1408,Infrastructure,Low,Resolved,14,2024-05-27,2024-06-10
CMP02502,COL1544,Transport,Low,Resolved,7,2025-12-20,2025-12-27
CMP02503,COL1412,Hostel,Low,Pending,,2021-09-30,
CMP02504,COL0988,Infrastructure,Low,Resolved,48,2025-09-06,2025-10-24
CMP02505,COL1916,Library,Medium,Resolved,2,2024-09-17,2024-09-19
CMP02506,COL1685,Library,Low,Resolved,12,2025-05-01,2025-05-13
CMP02507,COL1942,Hostel,Medium,Resolved,8,2022-03-06,2022-03-14
CMP02508,COL1076,Library,Low,Resolved,12,2022-05-10,2022-05-22
CMP02509,COL1655,Transport,High,Escalated,,2022-07-25,
CMP02510,COL0373,Hostel,High,Resolved,3,2024-04-23,2024-04-26
CMP02511,COL1007,Exam,Medium,Resolved,2,2021-04-08,2021-04-10
CMP02512,COL0110,Infrastructure,Medium,Resolved,42,2021-07-01,2021-08-12
CMP02513,COL1361,Scholarship,Medium,Resolved,58,2023-10-31,2023-12-28
CMP02514,COL0738,Library,Low,Resolved,12,2023-05-08,2023-05-20
CMP02515,COL0421,Exam,Low,Escalated,,2021-04-28,
CMP02516,COL1977,Internet,Medium,Resolved,7,2026-05-07,2026-05-14
CMP02517,COL0423,Faculty,Low,Resolved,9,2021-01-08,2021-01-17
CMP02518,COL1706,Transport,High,In Progress,,2023-08-08,
CMP02519,COL0173,Faculty,Medium,In Progress,,2026-05-28,
CMP02520,COL0072,Internet,High,Resolved,4,2026-01-11,2026-01-15
CMP02521,COL0385,Internet,High,Resolved,2,2026-07-15,2026-07-17
CMP02522,COL1391,Internet,High,Resolved,2,2025-04-19,2025-04-21
CMP02523,COL1976,Internet,Low,Resolved,9,2026-03-31,2026-04-09
CMP02524,COL0253,Internet,Medium,Resolved,4,2025-12-03,2025-12-07
CMP02525,COL1042,Infrastructure,High,Resolved,7,2025-10-21,2025-10-28
CMP02526,COL1954,Exam,Medium,Resolved,4,2024-11-09,2024-11-13
CMP02527,COL0917,Infrastructure,Medium,Resolved,37,2025-04-23,2025-05-30
CMP02528,COL0867,Exam,High,In Progress,,2023-01-03,
CMP02529,COL1752,Infrastructure,Medium,Escalated,,2023-11-07,
CMP02530,COL1437,Internet,Low,Resolved,6,2024-03-17,2024-03-23
CMP02531,COL0677,Infrastructure,Medium,Resolved,13,2025-10-12,2025-10-25
CMP02532,COL0297,Transport,High,Resolved,1,2024-07-13,2024-07-14
CMP02533,COL0271,Scholarship,High,Resolved,24,2026-01-08,2026-02-01
CMP02534,COL0728,Exam,High,Resolved,2,2025-04-04,2025-04-06
CMP02535,COL0218,Library,Low,Resolved,8,2021-12-23,2021-12-31
CMP02536,COL0893,Hostel,Low,Resolved,20,2021-11-21,2021-12-11
CMP02537,COL0742,Scholarship,High,Resolved,17,2025-08-15,2025-09-01
CMP02538,COL0331,Hostel,Low,Resolved,5,2025-12-15,2025-12-20
CMP02539,COL0621,Scholarship,High,In Progress,,2021-08-01,
CMP02540,COL0994,Infrastructure,Medium,Resolved,14,2025-07-27,2025-08-10
CMP02541,COL1288,Infrastructure,High,Resolved,12,2022-08-15,2022-08-27
CMP02542,COL0328,Library,Medium,Resolved,4,2021-07-20,2021-07-24
CMP02543,COL0361,Hostel,Low,Resolved,22,2024-09-26,2024-10-18
CMP02544,COL0756,Faculty,High,Resolved,11,2021-06-16,2021-06-27
CMP02545,COL0703,Library,Medium,Resolved,5,2023-02-11,2023-02-16
CMP02546,COL0728,Library,Low,In Progress,,2024-06-17,
CMP02547,COL1367,Internet,High,Resolved,1,2025-03-12,2025-03-13
CMP02548,COL0508,Transport,Medium,Resolved,7,2022-06-08,2022-06-15
CMP02549,COL1177,Library,Low,Resolved,12,2022-01-12,2022-01-24
CMP02550,COL1362,Faculty,Medium,Resolved,10,2024-07-25,2024-08-04
CMP02551,COL0881,Faculty,Low,Resolved,23,2022-04-17,2022-05-10
CMP02552,COL1589,Internet,Medium,Resolved,4,2026-07-13,2026-07-17
CMP02553,COL1642,Faculty,Medium,In Progress,,2023-11-21,
CMP02554,COL1795,Hostel,Medium,In Progress,,2025-10-10,
CMP02555,COL0821,Exam,Medium,Resolved,11,2023-09-17,2023-09-28
CMP02556,COL1457,Faculty,Low,Resolved,31,2023-04-09,2023-05-10
CMP02557,COL1520,Hostel,Medium,Resolved,13,2024-07-25,2024-08-07
CMP02558,COL1583,Scholarship,High,Resolved,33,2022-03-11,2022-04-13
CMP02559,COL1833,Faculty,Medium,Resolved,3,2021-10-27,2021-10-30
CMP02560,COL1273,Library,Low,Resolved,12,2021-09-24,2021-10-06
CMP02561,COL1756,Transport,Medium,Resolved,5,2023-10-25,2023-10-30
CMP02562,COL0822,Faculty,High,Resolved,8,2025-07-08,2025-07-16
CMP02563,COL0110,Hostel,Low,Resolved,24,2025-03-06,2025-03-30
CMP02564,COL1830,Library,Medium,Resolved,3,2022-07-14,2022-07-17
CMP02565,COL1203,Faculty,Low,Resolved,30,2026-03-31,2026-04-30
CMP02566,COL1330,Faculty,Low,Resolved,32,2025-06-23,2025-07-25
CMP02567,COL1551,Scholarship,Low,Resolved,26,2026-04-11,2026-05-07
CMP02568,COL0990,Exam,Medium,Escalated,,2024-05-12,
CMP02569,COL1144,Scholarship,High,Resolved,17,2021-07-31,2021-08-17
CMP02570,COL1823,Transport,Low,Resolved,18,2021-05-21,2021-06-08
CMP02571,COL0792,Hostel,Medium,Resolved,13,2021-03-23,2021-04-05
CMP02572,COL1908,Infrastructure,High,Resolved,26,2023-10-14,2023-11-09
CMP02573,COL1332,Library,Medium,Resolved,4,2023-01-06,2023-01-10
CMP02574,COL0117,Internet,Medium,Resolved,3,2021-06-14,2021-06-17
CMP02575,COL1197,Transport,Low,Resolved,15,2023-07-20,2023-08-04
CMP02576,COL1338,Scholarship,High,Resolved,9,2023-12-04,2023-12-13
CMP02577,COL1340,Library,Medium,Resolved,2,2023-07-26,2023-07-28
CMP02578,COL1759,Faculty,High,Pending,,2022-06-30,
CMP02579,COL0596,Scholarship,Low,Pending,,2021-07-27,
CMP02580,COL1267,Transport,Medium,Resolved,10,2023-07-16,2023-07-26
CMP02581,COL0479,Infrastructure,Medium,Resolved,38,2024-08-17,2024-09-24
CMP02582,COL0413,Hostel,Low,Pending,,2021-01-27,
CMP02583,COL0949,Library,Low,Resolved,2,2023-02-09,2023-02-11
CMP02584,COL1819,Scholarship,Medium,Resolved,55,2022-05-19,2022-07-13
CMP02585,COL1369,Scholarship,High,Resolved,24,2025-01-25,2025-02-18
CMP02586,COL1239,Hostel,Low,Resolved,11,2022-04-22,2022-05-03
CMP02587,COL0472,Internet,Low,Resolved,3,2023-10-06,2023-10-09
CMP02588,COL0910,Exam,Low,Resolved,15,2024-10-07,2024-10-22
CMP02589,COL1843,Infrastructure,Medium,In Progress,,2024-03-20,
CMP02590,COL1094,Internet,Medium,In Progress,,2025-12-14,
CMP02591,COL1987,Infrastructure,Medium,Resolved,45,2022-05-24,2022-07-08
CMP02592,COL0781,Scholarship,Low,Resolved,15,2021-10-25,2021-11-09
CMP02593,COL1335,Infrastructure,High,Resolved,13,2021-04-25,2021-05-08
CMP02594,COL1600,Scholarship,High,In Progress,,2025-09-29,
CMP02595,COL1675,Infrastructure,Low,Resolved,7,2021-11-18,2021-11-25
CMP02596,COL1160,Infrastructure,Medium,Resolved,22,2023-11-19,2023-12-11
CMP02597,COL0777,Exam,Medium,Pending,,2024-08-19,
CMP02598,COL1797,Hostel,Medium,Pending,,2025-04-12,
CMP02599,COL1072,Internet,Low,Resolved,2,2024-12-13,2024-12-15
CMP02600,COL0419,Infrastructure,Low,Resolved,37,2021-07-24,2021-08-30
CMP02601,COL1311,Library,Medium,Resolved,8,2021-11-19,2021-11-27
CMP02602,COL1914,Faculty,Medium,Resolved,10,2024-12-24,2025-01-03
CMP02603,COL1269,Internet,Low,Resolved,3,2023-10-21,2023-10-24
CMP02604,COL0361,Exam,Medium,Resolved,7,2023-01-23,2023-01-30
CMP02605,COL0591,Infrastructure,Medium,Resolved,7,2022-09-11,2022-09-18
CMP02606,COL0094,Hostel,Low,Escalated,,2021-07-24,
CMP02607,COL0641,Library,Low,Resolved,11,2023-01-25,2023-02-05
CMP02608,COL1504,Infrastructure,High,Pending,,2025-12-28,
CMP02609,COL0832,Transport,Medium,Resolved,14,2023-09-04,2023-09-18
CMP02610,COL1063,Transport,High,Resolved,7,2024-11-08,2024-11-15
CMP02611,COL0571,Library,Medium,Resolved,7,2024-05-18,2024-05-25
CMP02612,COL1245,Scholarship,High,Resolved,26,2023-01-08,2023-02-03
CMP02613,COL1449,Library,Medium,Escalated,,2026-02-21,
CMP02614,COL1130,Library,Medium,Resolved,10,2025-02-21,2025-03-03
CMP02615,COL1939,Library,Low,Pending,,2024-06-30,
CMP02616,COL0294,Exam,Low,Resolved,18,2024-12-01,2024-12-19
CMP02617,COL0850,Hostel,Medium,Resolved,5,2021-10-30,2021-11-04
CMP02618,COL1409,Faculty,Low,Resolved,24,2026-06-30,2026-07-24
CMP02619,COL1884,Scholarship,Medium,Resolved,8,2022-02-11,2022-02-19
CMP02620,COL1890,Library,High,Resolved,5,2026-01-19,2026-01-24
CMP02621,COL1173,Infrastructure,Medium,Resolved,37,2024-06-04,2024-07-11
CMP02622,COL0167,Internet,Low,Resolved,7,2023-01-22,2023-01-29
CMP02623,COL0808,Hostel,Low,Resolved,3,2021-09-14,2021-09-17
CMP02624,COL0991,Transport,Medium,Resolved,14,2023-07-29,2023-08-12
CMP02625,COL1498,Hostel,Medium,Resolved,8,2025-10-17,2025-10-25
CMP02626,COL0525,Library,High,In Progress,,2022-04-11,
CMP02627,COL1688,Infrastructure,Medium,Pending,,2026-07-11,
CMP02628,COL1941,Faculty,Medium,Resolved,25,2023-09-07,2023-10-02
CMP02629,COL0662,Scholarship,High,Resolved,35,2023-05-20,2023-06-24
CMP02630,COL0838,Library,Low,Pending,,2021-01-28,
CMP02631,COL0663,Faculty,Low,Resolved,24,2024-03-06,2024-03-30
CMP02632,COL1444,Infrastructure,Medium,Resolved,19,2022-01-28,2022-02-16
CMP02633,COL1157,Infrastructure,Medium,Resolved,30,2026-04-16,2026-05-16
CMP02634,COL0460,Transport,Low,Resolved,8,2026-07-07,2026-07-15
CMP02635,COL0359,Scholarship,High,Resolved,19,2022-10-09,2022-10-28
CMP02636,COL0471,Hostel,Low,Resolved,9,2024-01-16,2024-01-25
CMP02637,COL0711,Exam,Medium,Escalated,,2025-07-15,
CMP02638,COL0914,Scholarship,Medium,Resolved,42,2023-08-19,2023-09-30
CMP02639,COL0084,Exam,High,Resolved,6,2022-04-20,2022-04-26
CMP02640,COL1569,Transport,Medium,Resolved,14,2026-06-27,2026-07-11
CMP02641,COL1141,Library,High,Resolved,4,2025-07-16,2025-07-20
CMP02642,COL0869,Transport,Low,Resolved,12,2023-05-04,2023-05-16
CMP02643,COL1361,Transport,Low,Pending,,2025-07-03,
CMP02644,COL1978,Transport,Low,Pending,,2025-01-20,
CMP02645,COL1821,Hostel,Medium,Resolved,8,2025-02-11,2025-02-19
CMP02646,COL0777,Scholarship,Medium,Resolved,59,2021-09-26,2021-11-24
CMP02647,COL1263,Scholarship,Medium,Resolved,49,2022-08-07,2022-09-25
CMP02648,COL0081,Transport,Low,Pending,,2022-05-04,
CMP02649,COL0216,Scholarship,Medium,In Progress,,2023-11-28,
CMP02650,COL1184,Scholarship,High,Resolved,19,2025-05-11,2025-05-30
CMP02651,COL0488,Infrastructure,Medium,Resolved,10,2024-12-12,2024-12-22
CMP02652,COL1677,Library,Low,Escalated,,2025-06-06,
CMP02653,COL0607,Transport,Low,Resolved,6,2021-06-29,2021-07-05
CMP02654,COL0796,Scholarship,Medium,Resolved,58,2024-05-12,2024-07-09
CMP02655,COL0863,Exam,Medium,Resolved,10,2023-08-28,2023-09-07
CMP02656,COL0311,Internet,Low,Resolved,7,2022-03-27,2022-04-03
CMP02657,COL1855,Exam,High,Resolved,7,2024-10-27,2024-11-03
CMP02658,COL0808,Hostel,Medium,Resolved,5,2022-04-24,2022-04-29
CMP02659,COL0747,Infrastructure,Medium,Resolved,8,2022-01-14,2022-01-22
CMP02660,COL1754,Exam,High,Resolved,8,2021-02-04,2021-02-12
CMP02661,COL0101,Exam,High,Resolved,3,2023-04-05,2023-04-08
CMP02662,COL1061,Hostel,Medium,Resolved,6,2025-03-31,2025-04-06
CMP02663,COL0666,Internet,High,Resolved,4,2025-10-08,2025-10-12
CMP02664,COL1760,Library,Low,Resolved,4,2025-06-16,2025-06-20
CMP02665,COL1671,Hostel,Low,Resolved,10,2024-01-27,2024-02-06
CMP02666,COL0313,Internet,Low,Resolved,9,2021-10-24,2021-11-02
CMP02667,COL0150,Scholarship,Medium,Resolved,42,2026-03-16,2026-04-27
CMP02668,COL1361,Library,High,In Progress,,2024-05-10,
CMP02669,COL1099,Internet,Low,Resolved,6,2024-11-07,2024-11-13
CMP02670,COL1362,Library,Low,Resolved,2,2024-07-15,2024-07-17
CMP02671,COL1236,Faculty,Medium,Resolved,16,2023-07-01,2023-07-17
CMP02672,COL0275,Internet,Low,Resolved,5,2025-04-20,2025-04-25
CMP02673,COL1764,Faculty,Low,Pending,,2025-04-07,
CMP02674,COL1198,Scholarship,High,Resolved,17,2024-08-24,2024-09-10
CMP02675,COL0928,Infrastructure,Low,Resolved,47,2022-12-11,2023-01-27
CMP02676,COL1366,Library,Medium,Resolved,4,2025-08-17,2025-08-21
CMP02677,COL1141,Infrastructure,Medium,Resolved,5,2025-06-27,2025-07-02
CMP02678,COL1167,Exam,Medium,Resolved,11,2021-03-30,2021-04-10
CMP02679,COL0959,Exam,High,In Progress,,2025-05-10,
CMP02680,COL1150,Transport,Medium,Pending,,2023-06-02,
CMP02681,COL0763,Exam,High,Resolved,8,2024-01-09,2024-01-17
CMP02682,COL1384,Infrastructure,Medium,Resolved,21,2022-10-12,2022-11-02
CMP02683,COL0573,Scholarship,Medium,Escalated,,2025-12-30,
CMP02684,COL0834,Faculty,Medium,Resolved,24,2022-02-09,2022-03-05
CMP02685,COL0231,Scholarship,Medium,Pending,,2025-08-17,
CMP02686,COL1452,Faculty,Medium,Resolved,3,2023-05-21,2023-05-24
CMP02687,COL1832,Hostel,Low,Resolved,20,2025-03-04,2025-03-24
CMP02688,COL1458,Transport,Medium,Resolved,3,2026-02-08,2026-02-11
CMP02689,COL0069,Faculty,High,Pending,,2023-12-25,
CMP02690,COL0979,Faculty,Low,Resolved,37,2025-10-06,2025-11-12
CMP02691,COL0620,Faculty,Low,Resolved,30,2025-08-30,2025-09-29
CMP02692,COL0301,Internet,Medium,Pending,,2021-07-03,
CMP02693,COL0989,Transport,High,Escalated,,2026-02-18,
CMP02694,COL1713,Scholarship,High,Resolved,23,2021-04-19,2021-05-12
CMP02695,COL1067,Scholarship,Medium,In Progress,,2023-02-28,
CMP02696,COL0666,Infrastructure,Low,Pending,,2022-01-16,
CMP02697,COL1875,Internet,Medium,Resolved,3,2022-08-12,2022-08-15
CMP02698,COL1134,Infrastructure,High,Resolved,13,2023-03-01,2023-03-14
CMP02699,COL0704,Exam,High,In Progress,,2021-10-18,
CMP02700,COL1835,Hostel,Medium,Resolved,2,2024-10-05,2024-10-07
CMP02701,COL1744,Library,Low,Resolved,7,2021-04-26,2021-05-03
CMP02702,COL1620,Library,Low,Resolved,11,2021-03-08,2021-03-19
CMP02703,COL1595,Infrastructure,Medium,Resolved,13,2024-01-21,2024-02-03
CMP02704,COL0982,Internet,Medium,In Progress,,2023-05-26,
CMP02705,COL1035,Scholarship,High,Resolved,31,2026-05-29,2026-06-29
CMP02706,COL0818,Scholarship,Medium,Resolved,44,2023-09-19,2023-11-02
CMP02707,COL1166,Faculty,Medium,Escalated,,2025-01-22,
CMP02708,COL1398,Exam,Medium,Resolved,11,2022-10-08,2022-10-19
CMP02709,COL0852,Scholarship,Medium,Pending,,2024-05-13,
CMP02710,COL0611,Library,High,In Progress,,2024-03-12,
CMP02711,COL0332,Library,Low,Resolved,8,2024-01-12,2024-01-20
CMP02712,COL0496,Internet,Medium,Resolved,5,2021-04-02,2021-04-07
CMP02713,COL0889,Internet,Medium,Resolved,7,2025-08-19,2025-08-26
CMP02714,COL0483,Scholarship,High,Resolved,33,2023-08-29,2023-10-01
CMP02715,COL0026,Library,Medium,Resolved,7,2024-02-24,2024-03-02
CMP02716,COL1685,Infrastructure,Medium,Resolved,18,2023-06-21,2023-07-09
CMP02717,COL1761,Library,Medium,Resolved,3,2024-01-07,2024-01-10
CMP02718,COL0351,Faculty,Medium,Resolved,10,2024-02-09,2024-02-19
CMP02719,COL0853,Internet,High,Resolved,2,2025-09-29,2025-10-01
CMP02720,COL1126,Library,Medium,Resolved,9,2023-06-07,2023-06-16
CMP02721,COL1066,Scholarship,Low,In Progress,,2023-07-13,
CMP02722,COL0593,Exam,Medium,Resolved,1,2025-02-03,2025-02-04
CMP02723,COL1665,Internet,High,Resolved,1,2023-02-02,2023-02-03
CMP02724,COL0555,Hostel,Medium,Resolved,4,2025-06-22,2025-06-26
CMP02725,COL1081,Library,Medium,Resolved,3,2022-09-23,2022-09-26
CMP02726,COL0277,Scholarship,Medium,Resolved,46,2025-01-28,2025-03-15
CMP02727,COL0097,Faculty,Low,Resolved,18,2021-09-18,2021-10-06
CMP02728,COL0969,Internet,Low,Pending,,2026-07-17,
CMP02729,COL1681,Faculty,Medium,Resolved,6,2023-05-18,2023-05-24
CMP02730,COL1339,Exam,High,Escalated,,2025-04-23,
CMP02731,COL1576,Exam,Medium,Resolved,1,2022-01-28,2022-01-29
CMP02732,COL1438,Exam,High,Resolved,6,2022-04-24,2022-04-30
CMP02733,COL0601,Infrastructure,High,Resolved,15,2025-08-27,2025-09-11
CMP02734,COL1154,Library,Low,Resolved,10,2022-11-04,2022-11-14
CMP02735,COL0049,Faculty,Low,Resolved,19,2022-12-21,2023-01-09
CMP02736,COL0180,Hostel,Medium,Resolved,14,2023-04-14,2023-04-28
CMP02737,COL0722,Exam,Medium,Resolved,3,2021-01-28,2021-01-31
CMP02738,COL0877,Hostel,Medium,Resolved,20,2025-01-18,2025-02-07
CMP02739,COL0353,Infrastructure,High,Resolved,22,2023-12-04,2023-12-26
CMP02740,COL1765,Scholarship,Medium,Resolved,57,2024-02-07,2024-04-04
CMP02741,COL1691,Scholarship,Medium,Resolved,15,2025-08-25,2025-09-09
CMP02742,COL0162,Library,Low,Pending,,2024-05-04,
CMP02743,COL0865,Internet,Medium,Resolved,5,2024-09-17,2024-09-22
CMP02744,COL0899,Transport,Medium,Resolved,3,2023-09-12,2023-09-15
CMP02745,COL1307,Infrastructure,Medium,Resolved,44,2025-04-15,2025-05-29
CMP02746,COL1453,Scholarship,Medium,Resolved,12,2022-09-08,2022-09-20
CMP02747,COL0182,Scholarship,High,Resolved,34,2021-10-18,2021-11-21
CMP02748,COL1794,Exam,Medium,Resolved,9,2026-06-09,2026-06-18
CMP02749,COL0795,Transport,Low,Escalated,,2023-11-15,
CMP02750,COL1103,Faculty,Medium,Resolved,15,2025-10-01,2025-10-16
CMP02751,COL0185,Internet,Low,Resolved,7,2022-04-03,2022-04-10
CMP02752,COL1944,Library,Medium,Resolved,10,2022-05-14,2022-05-24
CMP02753,COL1411,Scholarship,Medium,Resolved,16,2021-10-06,2021-10-22
CMP02754,COL1187,Internet,Low,Resolved,4,2021-11-23,2021-11-27
CMP02755,COL1584,Transport,Low,Resolved,7,2025-11-29,2025-12-06
CMP02756,COL0594,Hostel,Medium,Resolved,14,2025-07-30,2025-08-13
CMP02757,COL1809,Internet,Medium,Resolved,1,2024-03-09,2024-03-10
CMP02758,COL0754,Exam,Medium,Resolved,6,2021-10-29,2021-11-04
CMP02759,COL0745,Library,Medium,Resolved,4,2024-12-27,2024-12-31
CMP02760,COL1669,Exam,Medium,Resolved,10,2026-06-25,2026-07-05
CMP02761,COL0999,Library,Low,Resolved,9,2025-07-22,2025-07-31
CMP02762,COL0435,Infrastructure,Medium,Resolved,9,2021-07-03,2021-07-12
CMP02763,COL0307,Scholarship,High,Resolved,19,2023-11-15,2023-12-04
CMP02764,COL0111,Internet,Medium,Resolved,3,2022-10-31,2022-11-03
CMP02765,COL1655,Transport,Medium,Resolved,9,2025-02-27,2025-03-08
CMP02766,COL0686,Infrastructure,Medium,Resolved,12,2025-01-11,2025-01-23
CMP02767,COL1363,Transport,Low,Resolved,2,2023-09-12,2023-09-14
CMP02768,COL1302,Library,Low,Escalated,,2022-09-23,
CMP02769,COL1271,Scholarship,Low,Escalated,,2025-01-21,
CMP02770,COL1665,Library,Medium,Resolved,3,2022-08-24,2022-08-27
CMP02771,COL1238,Library,High,Resolved,2,2023-10-20,2023-10-22
CMP02772,COL1306,Internet,High,Resolved,3,2025-08-08,2025-08-11
CMP02773,COL1401,Faculty,Medium,Resolved,19,2026-06-12,2026-07-01
CMP02774,COL0759,Library,Low,Resolved,13,2023-11-27,2023-12-10
CMP02775,COL1572,Transport,Low,Resolved,10,2021-11-16,2021-11-26
CMP02776,COL0208,Library,Low,Resolved,7,2022-03-14,2022-03-21
CMP02777,COL0121,Hostel,Medium,Resolved,12,2025-11-05,2025-11-17
CMP02778,COL1958,Scholarship,Low,Resolved,16,2021-04-14,2021-04-30
CMP02779,COL1905,Exam,Medium,Resolved,3,2021-04-27,2021-04-30
CMP02780,COL1114,Infrastructure,Medium,Resolved,32,2023-04-28,2023-05-30
CMP02781,COL0680,Faculty,Medium,Resolved,18,2023-05-25,2023-06-12
CMP02782,COL1204,Faculty,Low,Resolved,23,2022-08-14,2022-09-06
CMP02783,COL1297,Exam,High,Resolved,6,2025-09-16,2025-09-22
CMP02784,COL0506,Faculty,Low,Resolved,38,2021-12-13,2022-01-20
CMP02785,COL0555,Scholarship,High,In Progress,,2022-08-16,
CMP02786,COL1759,Infrastructure,High,Resolved,15,2021-03-31,2021-04-15
CMP02787,COL0250,Library,Medium,Resolved,7,2022-03-31,2022-04-07
CMP02788,COL1139,Scholarship,High,Resolved,29,2023-10-26,2023-11-24
CMP02789,COL1613,Faculty,Low,In Progress,,2021-12-23,
CMP02790,COL1255,Infrastructure,High,Resolved,17,2023-12-05,2023-12-22
CMP02791,COL0667,Exam,Medium,Resolved,1,2026-01-25,2026-01-26
CMP02792,COL0078,Infrastructure,Low,Resolved,37,2026-04-24,2026-05-31
CMP02793,COL0423,Scholarship,High,Resolved,7,2026-04-17,2026-04-24
CMP02794,COL1347,Exam,High,Resolved,9,2023-10-27,2023-11-05
CMP02795,COL0299,Internet,Low,Resolved,7,2021-07-27,2021-08-03
CMP02796,COL0662,Faculty,Medium,Resolved,5,2024-06-02,2024-06-07
CMP02797,COL1516,Transport,Medium,Resolved,14,2022-03-27,2022-04-10
CMP02798,COL1452,Exam,Medium,Resolved,9,2024-07-17,2024-07-26
CMP02799,COL0998,Library,High,Resolved,4,2025-06-24,2025-06-28
CMP02800,COL1543,Scholarship,High,Resolved,36,2021-09-14,2021-10-20
CMP02801,COL0193,Internet,Medium,Resolved,3,2025-03-08,2025-03-11
CMP02802,COL0516,Hostel,Medium,Resolved,20,2023-10-24,2023-11-13
CMP02803,COL0075,Faculty,Medium,Resolved,13,2023-11-22,2023-12-05
CMP02804,COL1952,Library,Medium,Escalated,,2021-02-13,
CMP02805,COL1785,Exam,High,In Progress,,2026-05-04,
CMP02806,COL1783,Transport,High,Resolved,7,2023-09-25,2023-10-02
CMP02807,COL1523,Transport,Low,Resolved,14,2024-04-07,2024-04-21
CMP02808,COL1770,Scholarship,Medium,Resolved,38,2025-02-25,2025-04-04
CMP02809,COL0183,Internet,Medium,Pending,,2024-10-01,
CMP02810,COL1655,Transport,Low,Resolved,17,2026-03-27,2026-04-13
CMP02811,COL1582,Library,Low,Resolved,8,2021-02-01,2021-02-09
CMP02812,COL0888,Transport,High,Resolved,2,2026-02-12,2026-02-14
CMP02813,COL1862,Internet,Low,Resolved,3,2023-06-27,2023-06-30
CMP02814,COL1500,Transport,Low,Resolved,10,2023-04-04,2023-04-14
CMP02815,COL1495,Hostel,High,Resolved,6,2022-07-15,2022-07-21
CMP02816,COL0945,Internet,Low,Resolved,2,2021-01-16,2021-01-18
CMP02817,COL1859,Exam,High,Resolved,7,2024-11-12,2024-11-19
CMP02818,COL0339,Faculty,High,Resolved,7,2023-01-08,2023-01-15
CMP02819,COL0839,Transport,Medium,Resolved,11,2021-02-09,2021-02-20
CMP02820,COL0525,Faculty,Low,Resolved,23,2024-06-09,2024-07-02
CMP02821,COL1504,Library,Medium,Resolved,9,2024-06-05,2024-06-14
CMP02822,COL0325,Transport,Low,Resolved,15,2023-04-14,2023-04-29
CMP02823,COL1705,Scholarship,Medium,Resolved,58,2023-05-18,2023-07-15
CMP02824,COL1609,Library,Low,Resolved,10,2025-04-07,2025-04-17
CMP02825,COL0500,Library,Low,Resolved,11,2023-01-01,2023-01-12
CMP02826,COL0200,Hostel,High,Resolved,8,2021-06-29,2021-07-07
CMP02827,COL0066,Exam,Medium,Resolved,2,2022-12-25,2022-12-27
CMP02828,COL0169,Faculty,Medium,Resolved,7,2023-12-25,2024-01-01
CMP02829,COL0591,Scholarship,Medium,Resolved,48,2021-11-18,2022-01-05
CMP02830,COL1018,Internet,Medium,Resolved,7,2023-10-25,2023-11-01
CMP02831,COL0019,Faculty,Low,Resolved,36,2022-12-11,2023-01-16
CMP02832,COL1058,Internet,Low,Resolved,4,2021-04-01,2021-04-05
CMP02833,COL0489,Scholarship,High,Resolved,21,2022-01-22,2022-02-12
CMP02834,COL1404,Library,Medium,Resolved,4,2022-06-21,2022-06-25
CMP02835,COL0649,Scholarship,High,Resolved,13,2025-09-23,2025-10-06
CMP02836,COL0904,Hostel,Medium,Resolved,18,2022-02-08,2022-02-26
CMP02837,COL0886,Library,Low,Resolved,7,2025-05-11,2025-05-18
CMP02838,COL1170,Hostel,Medium,Pending,,2021-05-26,
CMP02839,COL1775,Library,Medium,Resolved,10,2021-01-11,2021-01-21
CMP02840,COL0343,Hostel,Medium,Resolved,13,2023-10-18,2023-10-31
CMP02841,COL0796,Transport,Medium,Resolved,5,2022-06-01,2022-06-06
CMP02842,COL1273,Exam,Medium,Resolved,8,2024-09-18,2024-09-26
CMP02843,COL0181,Library,Medium,Resolved,6,2024-06-04,2024-06-10
CMP02844,COL1198,Exam,Medium,Resolved,13,2022-05-09,2022-05-22
CMP02845,COL0014,Internet,Medium,Pending,,2025-02-02,
CMP02846,COL0180,Infrastructure,Medium,Escalated,,2026-06-13,
CMP02847,COL0164,Internet,Medium,Resolved,3,2026-04-07,2026-04-10
CMP02848,COL1302,Library,High,Resolved,5,2021-09-24,2021-09-29
CMP02849,COL1375,Infrastructure,Medium,Resolved,11,2022-03-28,2022-04-08
CMP02850,COL0099,Infrastructure,Low,Resolved,26,2024-06-19,2024-07-15
CMP02851,COL0268,Library,Low,Resolved,11,2024-04-08,2024-04-19
CMP02852,COL0985,Library,High,In Progress,,2022-11-24,
CMP02853,COL1786,Scholarship,High,Resolved,27,2022-04-07,2022-05-04
CMP02854,COL1616,Scholarship,Medium,Resolved,18,2025-02-18,2025-03-08
CMP02855,COL1233,Transport,Medium,Resolved,8,2026-05-22,2026-05-30
CMP02856,COL0814,Internet,Medium,Resolved,1,2026-07-05,2026-07-06
CMP02857,COL0784,Internet,High,Resolved,1,2022-09-10,2022-09-11
CMP02858,COL0452,Scholarship,High,Resolved,35,2022-05-29,2022-07-03
CMP02859,COL0284,Faculty,Low,Resolved,32,2022-05-01,2022-06-02
CMP02860,COL0873,Library,Low,Resolved,13,2024-03-27,2024-04-09
CMP02861,COL1852,Scholarship,Medium,Resolved,39,2024-07-05,2024-08-13
CMP02862,COL1549,Faculty,Medium,Resolved,30,2021-07-02,2021-08-01
CMP02863,COL0487,Exam,Medium,Resolved,12,2021-03-28,2021-04-09
CMP02864,COL0649,Library,Medium,Resolved,3,2026-07-16,2026-07-19
CMP02865,COL1848,Exam,Low,Resolved,4,2022-06-24,2022-06-28
CMP02866,COL0221,Hostel,High,Resolved,8,2021-02-17,2021-02-25
CMP02867,COL0818,Library,Low,Resolved,9,2021-04-06,2021-04-15
CMP02868,COL1455,Transport,High,Resolved,1,2024-09-11,2024-09-12
CMP02869,COL0603,Library,Low,Resolved,3,2021-02-02,2021-02-05
CMP02870,COL1131,Scholarship,Low,Resolved,58,2026-04-04,2026-06-01
CMP02871,COL1162,Scholarship,Low,Resolved,44,2026-01-02,2026-02-15
CMP02872,COL1427,Scholarship,Low,Resolved,41,2021-04-12,2021-05-23
CMP02873,COL1379,Internet,Low,Resolved,3,2025-09-14,2025-09-17
CMP02874,COL1154,Internet,Low,Resolved,4,2025-03-17,2025-03-21
CMP02875,COL0793,Library,Low,Resolved,13,2026-06-18,2026-07-01
CMP02876,COL1081,Transport,Medium,Resolved,4,2021-06-22,2021-06-26
CMP02877,COL0331,Exam,Medium,Resolved,5,2021-04-21,2021-04-26
CMP02878,COL0067,Internet,Low,Escalated,,2025-01-19,
CMP02879,COL1660,Scholarship,Medium,Escalated,,2025-03-22,
CMP02880,COL1773,Internet,Medium,Resolved,6,2025-02-15,2025-02-21
CMP02881,COL1714,Infrastructure,High,Resolved,22,2024-04-02,2024-04-24
CMP02882,COL1501,Infrastructure,Low,In Progress,,2026-07-05,
CMP02883,COL1081,Infrastructure,Low,Resolved,7,2025-12-04,2025-12-11
CMP02884,COL1184,Faculty,Medium,Resolved,22,2023-10-07,2023-10-29
CMP02885,COL1028,Exam,Medium,Resolved,14,2023-07-01,2023-07-15
CMP02886,COL1504,Hostel,High,Resolved,2,2025-01-22,2025-01-24
CMP02887,COL0246,Library,Low,Resolved,6,2023-08-20,2023-08-26
CMP02888,COL0965,Exam,Medium,Resolved,11,2021-01-03,2021-01-14
CMP02889,COL1311,Transport,Low,Escalated,,2022-04-05,
CMP02890,COL1371,Infrastructure,Medium,Pending,,2022-03-18,
CMP02891,COL0480,Scholarship,Medium,Resolved,8,2022-08-19,2022-08-27
CMP02892,COL0853,Transport,Low,In Progress,,2025-07-06,
CMP02893,COL1764,Library,Medium,Resolved,8,2026-04-01,2026-04-09
CMP02894,COL0994,Infrastructure,Medium,In Progress,,2024-02-18,
CMP02895,COL1888,Transport,Low,Resolved,12,2021-08-27,2021-09-08
CMP02896,COL1170,Internet,Medium,Resolved,4,2023-07-31,2023-08-04
CMP02897,COL1730,Exam,High,Resolved,6,2025-07-07,2025-07-13
CMP02898,COL0630,Internet,Medium,Resolved,4,2023-11-20,2023-11-24
CMP02899,COL0969,Infrastructure,Low,Resolved,27,2024-08-15,2024-09-11
CMP02900,COL0224,Internet,Medium,Resolved,2,2021-05-15,2021-05-17
CMP02901,COL0198,Library,Low,Resolved,13,2023-03-03,2023-03-16
CMP02902,COL0265,Faculty,High,Resolved,3,2024-03-30,2024-04-02
CMP02903,COL0714,Exam,High,Pending,,2023-07-31,
CMP02904,COL0503,Scholarship,High,Resolved,22,2021-03-12,2021-04-03
CMP02905,COL0862,Hostel,Medium,In Progress,,2024-02-20,
CMP02906,COL1317,Library,Medium,Resolved,10,2024-07-23,2024-08-02
CMP02907,COL0501,Hostel,High,Resolved,9,2026-02-08,2026-02-17
CMP02908,COL1069,Hostel,High,Resolved,7,2021-06-01,2021-06-08
CMP02909,COL0228,Scholarship,High,Resolved,16,2023-02-04,2023-02-20
CMP02910,COL0298,Internet,Low,In Progress,,2023-12-22,
CMP02911,COL1818,Infrastructure,Low,Resolved,33,2022-07-24,2022-08-26
CMP02912,COL0004,Transport,Medium,In Progress,,2023-01-09,
CMP02913,COL1370,Transport,Low,In Progress,,2026-02-11,
CMP02914,COL1101,Scholarship,Low,Resolved,21,2025-11-15,2025-12-06
CMP02915,COL0800,Internet,Low,Escalated,,2024-01-08,
CMP02916,COL1064,Faculty,Low,Resolved,22,2026-05-22,2026-06-13
CMP02917,COL0688,Infrastructure,Low,Resolved,12,2026-04-01,2026-04-13
CMP02918,COL0943,Infrastructure,Low,Escalated,,2023-04-29,
CMP02919,COL1546,Internet,High,Resolved,3,2025-09-07,2025-09-10
CMP02920,COL0323,Internet,Medium,Resolved,6,2023-10-26,2023-11-01
CMP02921,COL0216,Infrastructure,Low,Resolved,38,2025-02-26,2025-04-05
CMP02922,COL1185,Transport,High,Resolved,2,2024-01-30,2024-02-01
CMP02923,COL0874,Library,Medium,Resolved,1,2025-04-02,2025-04-03
CMP02924,COL1308,Transport,Medium,Resolved,3,2021-10-09,2021-10-12
CMP02925,COL1268,Exam,High,Resolved,8,2024-04-16,2024-04-24
CMP02926,COL1901,Scholarship,Medium,Resolved,7,2024-11-23,2024-11-30
CMP02927,COL0882,Exam,Medium,Resolved,14,2024-09-22,2024-10-06
CMP02928,COL0758,Infrastructure,High,Resolved,9,2025-08-28,2025-09-06
CMP02929,COL1624,Transport,High,Resolved,4,2022-05-29,2022-06-02
CMP02930,COL0504,Library,High,Resolved,6,2022-12-28,2023-01-03
CMP02931,COL0057,Hostel,Low,Resolved,26,2024-01-11,2024-02-06
CMP02932,COL0794,Library,Medium,Escalated,,2025-11-17,
CMP02933,COL0977,Scholarship,High,Resolved,33,2023-06-13,2023-07-16
CMP02934,COL0810,Transport,Medium,Resolved,12,2024-12-09,2024-12-21
CMP02935,COL1770,Scholarship,Medium,Resolved,27,2021-05-13,2021-06-09
CMP02936,COL0478,Transport,Medium,Pending,,2024-01-19,
CMP02937,COL1961,Scholarship,High,Resolved,13,2023-12-16,2023-12-29
CMP02938,COL1703,Transport,Medium,Escalated,,2022-03-15,
CMP02939,COL0818,Internet,Low,Resolved,4,2025-01-07,2025-01-11
CMP02940,COL1481,Infrastructure,High,Pending,,2025-05-19,
CMP02941,COL0431,Faculty,Low,Resolved,9,2023-04-16,2023-04-25
CMP02942,COL0013,Infrastructure,Medium,Resolved,25,2023-12-02,2023-12-27
CMP02943,COL0841,Exam,High,Resolved,8,2024-11-22,2024-11-30
CMP02944,COL0836,Internet,Medium,Resolved,6,2026-05-11,2026-05-17
CMP02945,COL0027,Infrastructure,Medium,Resolved,28,2021-01-08,2021-02-05
CMP02946,COL1915,Internet,Medium,Escalated,,2023-07-18,
CMP02947,COL0907,Library,Low,Resolved,6,2023-03-11,2023-03-17
CMP02948,COL1908,Internet,High,Resolved,1,2025-02-03,2025-02-04
CMP02949,COL1468,Library,Medium,Resolved,10,2021-12-20,2021-12-30
CMP02950,COL1822,Hostel,Medium,Resolved,3,2025-09-03,2025-09-06
CMP02951,COL0967,Faculty,Low,Resolved,11,2026-03-05,2026-03-16
CMP02952,COL0120,Library,High,Resolved,1,2026-01-24,2026-01-25
CMP02953,COL1578,Internet,Medium,Resolved,2,2023-11-03,2023-11-05
CMP02954,COL0887,Infrastructure,Low,Resolved,29,2021-10-09,2021-11-07
CMP02955,COL0782,Faculty,High,Resolved,3,2023-11-22,2023-11-25
CMP02956,COL1675,Faculty,Medium,Resolved,3,2025-03-24,2025-03-27
CMP02957,COL1835,Infrastructure,Low,Resolved,36,2024-07-25,2024-08-30
CMP02958,COL0902,Infrastructure,Medium,Resolved,27,2021-11-18,2021-12-15
CMP02959,COL1625,Infrastructure,High,Resolved,25,2024-06-13,2024-07-08
CMP02960,COL0796,Internet,Low,Resolved,2,2023-12-01,2023-12-03
CMP02961,COL0065,Library,Low,Resolved,3,2022-01-08,2022-01-11
CMP02962,COL1679,Internet,Low,Resolved,4,2025-08-07,2025-08-11
CMP02963,COL1130,Internet,Medium,Resolved,5,2023-01-24,2023-01-29
CMP02964,COL0164,Exam,Low,Resolved,18,2022-12-03,2022-12-21
CMP02965,COL1858,Internet,High,In Progress,,2025-11-03,
CMP02966,COL1325,Exam,High,Resolved,1,2022-04-26,2022-04-27
CMP02967,COL1461,Internet,Medium,Resolved,2,2025-01-24,2025-01-26
CMP02968,COL1298,Infrastructure,Low,Resolved,12,2023-08-12,2023-08-24
CMP02969,COL1292,Infrastructure,Low,Pending,,2024-11-10,
CMP02970,COL1782,Faculty,Medium,Resolved,13,2021-06-07,2021-06-20
CMP02971,COL0454,Transport,Low,Resolved,9,2022-01-09,2022-01-18
CMP02972,COL0552,Scholarship,High,Resolved,21,2026-05-24,2026-06-14
CMP02973,COL0809,Transport,Low,Resolved,18,2025-06-19,2025-07-07
CMP02974,COL0808,Scholarship,High,Resolved,18,2021-02-16,2021-03-06
CMP02975,COL0122,Scholarship,High,In Progress,,2022-01-24,
CMP02976,COL0261,Exam,High,Resolved,6,2021-03-05,2021-03-11
CMP02977,COL1372,Infrastructure,High,Resolved,9,2026-03-31,2026-04-09
CMP02978,COL1958,Hostel,Medium,Resolved,11,2022-08-19,2022-08-30
CMP02979,COL1260,Infrastructure,Medium,Resolved,10,2022-02-20,2022-03-02
CMP02980,COL1292,Library,Medium,Resolved,1,2023-05-01,2023-05-02
CMP02981,COL1266,Transport,Medium,Resolved,7,2025-11-18,2025-11-25
CMP02982,COL0548,Infrastructure,Low,Resolved,14,2023-05-01,2023-05-15
CMP02983,COL0667,Hostel,Low,Escalated,,2025-12-09,
CMP02984,COL0048,Infrastructure,High,Resolved,27,2022-11-24,2022-12-21
CMP02985,COL0149,Infrastructure,Medium,Pending,,2024-05-31,
CMP02986,COL1439,Infrastructure,Low,Pending,,2025-08-15,
CMP02987,COL0819,Infrastructure,Low,Resolved,20,2022-04-26,2022-05-16
CMP02988,COL1445,Transport,Medium,Resolved,10,2023-03-27,2023-04-06
CMP02989,COL1154,Library,Medium,Resolved,3,2021-10-23,2021-10-26
CMP02990,COL0577,Library,Medium,Resolved,8,2021-09-25,2021-10-03
CMP02991,COL0513,Library,Low,Resolved,12,2024-07-03,2024-07-15
CMP02992,COL0477,Infrastructure,Low,Resolved,49,2024-10-20,2024-12-08
CMP02993,COL1627,Faculty,High,Resolved,17,2024-03-30,2024-04-16
CMP02994,COL0154,Library,Low,Resolved,13,2025-05-31,2025-06-13
CMP02995,COL0719,Infrastructure,Medium,Pending,,2022-07-07,
CMP02996,COL1393,Internet,Low,Resolved,8,2021-04-16,2021-04-24
CMP02997,COL1744,Exam,Low,Resolved,2,2021-04-15,2021-04-17
CMP02998,COL1000,Scholarship,High,Resolved,19,2023-03-22,2023-04-10
CMP02999,COL1126,Infrastructure,Medium,Resolved,12,2023-03-05,2023-03-17
CMP03000,COL0981,Transport,High,Pending,,2022-04-07,
CMP03001,COL1707,Exam,High,Resolved,5,2023-01-25,2023-01-30
CMP03002,COL0775,Exam,Medium,Resolved,5,2022-11-26,2022-12-01
CMP03003,COL1223,Hostel,Low,Resolved,6,2025-11-14,2025-11-20
CMP03004,COL0787,Hostel,Medium,Resolved,13,2022-03-12,2022-03-25
CMP03005,COL0035,Library,Medium,Resolved,4,2024-06-05,2024-06-09
CMP03006,COL0613,Library,High,Resolved,4,2021-08-22,2021-08-26
CMP03007,COL0311,Infrastructure,Medium,Resolved,20,2024-06-15,2024-07-05
CMP03008,COL1509,Infrastructure,Medium,Resolved,23,2021-12-28,2022-01-20
CMP03009,COL1466,Hostel,Low,Resolved,20,2022-02-10,2022-03-02
CMP03010,COL1720,Library,Low,Pending,,2023-06-05,
CMP03011,COL1896,Library,Low,Resolved,10,2025-01-21,2025-01-31
CMP03012,COL0402,Exam,Medium,Resolved,1,2025-01-14,2025-01-15
CMP03013,COL0157,Internet,Medium,Resolved,2,2025-08-30,2025-09-01
CMP03014,COL1384,Scholarship,Medium,Resolved,39,2026-05-25,2026-07-03
CMP03015,COL1705,Exam,High,Resolved,2,2022-04-11,2022-04-13
CMP03016,COL1701,Scholarship,Low,Resolved,41,2025-12-26,2026-02-05
CMP03017,COL1795,Transport,Medium,Resolved,11,2024-08-22,2024-09-02
CMP03018,COL1416,Exam,Medium,In Progress,,2026-03-05,
CMP03019,COL1249,Exam,Medium,In Progress,,2025-11-08,
CMP03020,COL1423,Faculty,Medium,Resolved,6,2021-08-20,2021-08-26
CMP03021,COL1163,Transport,Medium,Resolved,1,2022-08-03,2022-08-04
CMP03022,COL1362,Infrastructure,Medium,Resolved,5,2025-04-16,2025-04-21
CMP03023,COL1633,Transport,High,In Progress,,2024-02-10,
CMP03024,COL1496,Exam,Medium,Resolved,14,2022-08-12,2022-08-26
CMP03025,COL0091,Faculty,Medium,Resolved,22,2022-03-15,2022-04-06
CMP03026,COL1545,Scholarship,Low,Resolved,38,2024-05-09,2024-06-16
CMP03027,COL1704,Scholarship,High,Resolved,31,2024-07-20,2024-08-20
CMP03028,COL0192,Transport,High,In Progress,,2026-01-21,
CMP03029,COL0400,Faculty,Medium,Resolved,5,2024-12-10,2024-12-15
CMP03030,COL0475,Transport,Medium,Resolved,12,2025-10-18,2025-10-30
CMP03031,COL0539,Hostel,High,Escalated,,2024-07-04,
CMP03032,COL0144,Transport,Medium,Resolved,13,2022-05-24,2022-06-06
CMP03033,COL1917,Faculty,Medium,Resolved,10,2022-05-18,2022-05-28
CMP03034,COL0762,Infrastructure,Low,Resolved,31,2022-03-16,2022-04-16
CMP03035,COL1843,Exam,High,In Progress,,2023-06-21,
CMP03036,COL0559,Faculty,Medium,Resolved,3,2021-12-16,2021-12-19
CMP03037,COL1784,Faculty,Low,Resolved,32,2025-08-01,2025-09-02
CMP03038,COL0344,Transport,Medium,Resolved,6,2026-05-29,2026-06-04
CMP03039,COL1801,Internet,Low,Resolved,7,2021-05-28,2021-06-04
CMP03040,COL0059,Internet,Medium,Resolved,3,2022-03-14,2022-03-17
CMP03041,COL0640,Transport,High,Resolved,4,2025-08-22,2025-08-26
CMP03042,COL1720,Transport,Low,Resolved,3,2022-10-24,2022-10-27
CMP03043,COL0888,Scholarship,High,Resolved,16,2022-03-30,2022-04-15
CMP03044,COL1248,Faculty,Low,Pending,,2026-06-28,
CMP03045,COL0032,Hostel,Low,Resolved,23,2026-03-25,2026-04-17
CMP03046,COL0364,Faculty,Medium,Resolved,20,2024-05-11,2024-05-31
CMP03047,COL1848,Infrastructure,Medium,Resolved,38,2022-01-15,2022-02-22
CMP03048,COL1127,Exam,High,Escalated,,2021-11-03,
CMP03049,COL0442,Infrastructure,High,Resolved,16,2023-07-18,2023-08-03
CMP03050,COL0205,Internet,High,Resolved,3,2023-11-07,2023-11-10
CMP03051,COL0887,Library,Medium,Resolved,8,2025-12-06,2025-12-14
CMP03052,COL0797,Internet,Medium,Resolved,4,2023-04-28,2023-05-02
CMP03053,COL0236,Internet,Low,Resolved,4,2021-10-11,2021-10-15
CMP03054,COL0299,Internet,Low,Resolved,6,2022-04-17,2022-04-23
CMP03055,COL0555,Transport,Medium,In Progress,,2026-03-18,
CMP03056,COL0008,Transport,High,Resolved,5,2023-12-28,2024-01-02
CMP03057,COL1025,Library,Medium,Resolved,6,2026-05-10,2026-05-16
CMP03058,COL0467,Exam,Low,In Progress,,2022-07-26,
CMP03059,COL0681,Exam,High,Resolved,2,2026-02-06,2026-02-08
CMP03060,COL1377,Hostel,High,Resolved,8,2024-01-06,2024-01-14
CMP03061,COL1950,Transport,Medium,Pending,,2022-12-08,
CMP03062,COL0159,Transport,High,Resolved,3,2023-01-30,2023-02-02
CMP03063,COL0324,Scholarship,High,In Progress,,2024-12-11,
CMP03064,COL1620,Exam,Low,Resolved,18,2022-12-05,2022-12-23
CMP03065,COL1228,Transport,Low,Resolved,16,2024-08-19,2024-09-04
CMP03066,COL0333,Transport,Low,Resolved,8,2022-03-09,2022-03-17
CMP03067,COL0649,Exam,High,Resolved,5,2024-02-07,2024-02-12
CMP03068,COL1638,Exam,Medium,Pending,,2025-03-23,
CMP03069,COL1715,Faculty,Medium,Resolved,17,2024-11-04,2024-11-21
CMP03070,COL1345,Internet,High,Pending,,2025-05-30,
CMP03071,COL1862,Internet,Medium,Resolved,5,2024-02-16,2024-02-21
CMP03072,COL1479,Infrastructure,Low,Resolved,30,2023-06-02,2023-07-02
CMP03073,COL1036,Exam,Medium,Resolved,13,2024-02-27,2024-03-11
CMP03074,COL1015,Infrastructure,High,Resolved,17,2022-08-12,2022-08-29
CMP03075,COL1977,Internet,Low,Resolved,7,2023-07-26,2023-08-02
CMP03076,COL1788,Exam,High,Resolved,2,2024-02-22,2024-02-24
CMP03077,COL1055,Infrastructure,Medium,Resolved,19,2023-12-01,2023-12-20
CMP03078,COL1533,Library,Medium,Resolved,6,2023-07-30,2023-08-05
CMP03079,COL0995,Scholarship,Low,Resolved,61,2023-05-20,2023-07-20
CMP03080,COL0440,Scholarship,High,Pending,,2024-05-17,
CMP03081,COL0868,Library,Low,Resolved,12,2021-07-05,2021-07-17
CMP03082,COL1662,Hostel,High,In Progress,,2021-03-01,
CMP03083,COL0915,Infrastructure,High,Resolved,11,2023-03-18,2023-03-29
CMP03084,COL0618,Faculty,High,Resolved,11,2025-05-08,2025-05-19
CMP03085,COL0307,Transport,Medium,Resolved,6,2026-06-15,2026-06-21
CMP03086,COL0312,Infrastructure,High,Resolved,7,2024-03-09,2024-03-16
CMP03087,COL0917,Internet,High,Resolved,3,2024-05-05,2024-05-08
CMP03088,COL1670,Infrastructure,High,Resolved,15,2021-07-17,2021-08-01
CMP03089,COL1511,Exam,Medium,Resolved,6,2025-01-27,2025-02-02
CMP03090,COL0142,Transport,Low,Resolved,7,2021-12-16,2021-12-23
CMP03091,COL1702,Transport,Low,Resolved,5,2024-07-10,2024-07-15
CMP03092,COL0075,Hostel,High,Resolved,3,2022-12-31,2023-01-03
CMP03093,COL0032,Faculty,High,Resolved,18,2025-11-06,2025-11-24
CMP03094,COL0698,Scholarship,Medium,Resolved,32,2024-01-29,2024-03-01
CMP03095,COL0117,Infrastructure,Low,In Progress,,2022-10-29,
CMP03096,COL1805,Faculty,Medium,Resolved,6,2026-02-10,2026-02-16
CMP03097,COL1546,Internet,Medium,Resolved,7,2023-02-21,2023-02-28
CMP03098,COL0709,Faculty,Medium,In Progress,,2022-03-26,
CMP03099,COL1382,Library,Medium,Resolved,6,2024-05-29,2024-06-04
CMP03100,COL1634,Faculty,High,In Progress,,2024-10-17,
CMP03101,COL0964,Infrastructure,Low,Resolved,15,2022-07-09,2022-07-24
CMP03102,COL1346,Transport,Medium,Resolved,1,2024-02-22,2024-02-23
CMP03103,COL1981,Internet,Medium,Escalated,,2022-08-13,
CMP03104,COL1754,Exam,Medium,Resolved,9,2021-10-18,2021-10-27
CMP03105,COL0773,Internet,Low,Escalated,,2025-04-15,
CMP03106,COL0739,Faculty,Medium,Resolved,23,2025-05-19,2025-06-11
CMP03107,COL0343,Infrastructure,High,In Progress,,2025-11-20,
CMP03108,COL1591,Faculty,Low,Escalated,,2025-07-01,
CMP03109,COL0620,Faculty,Low,Resolved,11,2022-01-14,2022-01-25
CMP03110,COL1032,Transport,Medium,Resolved,13,2024-01-13,2024-01-26
CMP03111,COL0769,Exam,High,Resolved,6,2024-07-04,2024-07-10
CMP03112,COL0343,Scholarship,Low,Resolved,57,2025-07-11,2025-09-06
CMP03113,COL1915,Infrastructure,Low,Resolved,12,2021-06-07,2021-06-19
CMP03114,COL0780,Exam,High,Resolved,2,2023-02-11,2023-02-13
CMP03115,COL0253,Hostel,Medium,Resolved,6,2022-10-29,2022-11-04
CMP03116,COL0357,Transport,Low,In Progress,,2023-09-07,
CMP03117,COL0300,Scholarship,High,Resolved,11,2024-05-26,2024-06-06
CMP03118,COL1304,Scholarship,High,Resolved,15,2025-08-19,2025-09-03
CMP03119,COL1201,Library,Low,Resolved,13,2023-08-18,2023-08-31
CMP03120,COL0334,Hostel,High,Resolved,4,2021-01-17,2021-01-21
CMP03121,COL1349,Internet,Medium,Resolved,7,2026-03-02,2026-03-09
CMP03122,COL0518,Infrastructure,Medium,Resolved,6,2026-03-10,2026-03-16
CMP03123,COL0283,Library,Medium,Pending,,2026-04-24,
CMP03124,COL0710,Hostel,Medium,Resolved,4,2021-04-11,2021-04-15
CMP03125,COL1763,Internet,Low,Resolved,2,2021-05-05,2021-05-07
CMP03126,COL0681,Exam,Medium,Resolved,10,2021-01-26,2021-02-05
CMP03127,COL1464,Internet,Medium,Escalated,,2023-09-07,
CMP03128,COL0850,Exam,Medium,Resolved,5,2023-07-23,2023-07-28
CMP03129,COL1804,Internet,Low,Resolved,9,2023-04-18,2023-04-27
CMP03130,COL1466,Infrastructure,Medium,Resolved,22,2024-02-03,2024-02-25
CMP03131,COL1508,Library,Medium,Resolved,8,2024-07-05,2024-07-13
CMP03132,COL1779,Faculty,Medium,Resolved,28,2021-05-27,2021-06-24
CMP03133,COL1369,Scholarship,Medium,Resolved,44,2025-12-16,2026-01-29
CMP03134,COL0462,Transport,Low,Resolved,13,2025-10-04,2025-10-17
CMP03135,COL0200,Transport,Low,Resolved,8,2021-05-13,2021-05-21
CMP03136,COL1366,Faculty,High,Resolved,12,2022-02-02,2022-02-14
CMP03137,COL0962,Scholarship,Medium,Resolved,45,2025-01-03,2025-02-17
CMP03138,COL0361,Hostel,High,Resolved,5,2023-03-09,2023-03-14
CMP03139,COL1693,Internet,Medium,Resolved,2,2026-03-19,2026-03-21
CMP03140,COL0560,Transport,Medium,Resolved,7,2023-02-04,2023-02-11
CMP03141,COL0871,Exam,Low,Resolved,9,2026-01-29,2026-02-07
CMP03142,COL1543,Scholarship,High,Resolved,28,2023-03-04,2023-04-01
CMP03143,COL1091,Faculty,High,Resolved,8,2023-01-23,2023-01-31
CMP03144,COL0377,Faculty,Medium,Resolved,6,2023-02-16,2023-02-22
CMP03145,COL1145,Infrastructure,High,Resolved,17,2023-09-09,2023-09-26
CMP03146,COL1154,Internet,High,Resolved,3,2021-02-16,2021-02-19
CMP03147,COL1946,Internet,Medium,Resolved,2,2024-01-27,2024-01-29
CMP03148,COL1415,Scholarship,High,Resolved,24,2025-06-11,2025-07-05
CMP03149,COL0393,Scholarship,High,Resolved,21,2024-01-09,2024-01-30
CMP03150,COL1212,Library,Medium,Resolved,8,2021-06-05,2021-06-13
CMP03151,COL1363,Hostel,Low,Resolved,25,2024-01-31,2024-02-25
CMP03152,COL0258,Scholarship,Medium,Resolved,38,2022-08-30,2022-10-07
CMP03153,COL1092,Transport,Low,Resolved,17,2023-12-07,2023-12-24
CMP03154,COL1484,Faculty,Medium,Resolved,16,2023-04-05,2023-04-21
CMP03155,COL0855,Transport,Medium,Resolved,2,2025-01-16,2025-01-18
CMP03156,COL0022,Infrastructure,Medium,Resolved,22,2021-07-23,2021-08-14
CMP03157,COL1427,Hostel,Medium,Resolved,15,2022-10-30,2022-11-14
CMP03158,COL0361,Scholarship,High,Resolved,29,2024-09-11,2024-10-10
CMP03159,COL1385,Infrastructure,Medium,Escalated,,2024-04-15,
CMP03160,COL1463,Internet,Low,Resolved,6,2021-07-28,2021-08-03
CMP03161,COL1077,Exam,Medium,In Progress,,2025-12-22,
CMP03162,COL0808,Faculty,Low,Resolved,32,2024-02-07,2024-03-10
CMP03163,COL0777,Library,Medium,Resolved,6,2024-11-29,2024-12-05
CMP03164,COL0239,Library,Medium,Resolved,9,2024-10-29,2024-11-07
CMP03165,COL1647,Faculty,Low,Resolved,23,2022-12-31,2023-01-23
CMP03166,COL0270,Infrastructure,Low,Resolved,38,2024-09-17,2024-10-25
CMP03167,COL1612,Scholarship,Medium,Resolved,21,2022-04-26,2022-05-17
CMP03168,COL1152,Hostel,Medium,Resolved,4,2025-05-27,2025-05-31
CMP03169,COL1119,Hostel,Medium,Resolved,15,2025-08-17,2025-09-01
CMP03170,COL0697,Library,Medium,Resolved,5,2024-10-15,2024-10-20
CMP03171,COL1496,Exam,Medium,Resolved,9,2025-01-17,2025-01-26
CMP03172,COL0165,Scholarship,Medium,Resolved,57,2023-07-21,2023-09-16
CMP03173,COL0300,Transport,Low,Escalated,,2026-05-05,
CMP03174,COL0918,Hostel,Medium,Resolved,13,2022-06-02,2022-06-15
CMP03175,COL0652,Infrastructure,Low,Resolved,14,2023-04-05,2023-04-19
CMP03176,COL1057,Infrastructure,Low,Resolved,57,2022-04-05,2022-06-01
CMP03177,COL1901,Scholarship,Low,Escalated,,2024-02-13,
CMP03178,COL0501,Infrastructure,Low,Resolved,52,2024-11-11,2025-01-02
CMP03179,COL0410,Library,Low,Resolved,4,2025-09-05,2025-09-09
CMP03180,COL1332,Faculty,Low,Resolved,25,2023-05-09,2023-06-03
CMP03181,COL1829,Internet,Medium,Resolved,7,2021-08-02,2021-08-09
CMP03182,COL1866,Scholarship,Medium,Resolved,52,2022-05-18,2022-07-09
CMP03183,COL1403,Exam,Medium,Escalated,,2023-03-06,
CMP03184,COL0208,Library,Low,Resolved,6,2022-03-05,2022-03-11
CMP03185,COL1287,Scholarship,High,Escalated,,2023-12-05,
CMP03186,COL0035,Scholarship,Medium,Resolved,26,2025-08-10,2025-09-05
CMP03187,COL0150,Scholarship,Medium,Resolved,43,2025-02-14,2025-03-29
CMP03188,COL1337,Infrastructure,Medium,Resolved,10,2022-03-18,2022-03-28
CMP03189,COL1860,Infrastructure,High,Resolved,23,2022-01-25,2022-02-17
CMP03190,COL1536,Exam,High,Resolved,7,2024-01-09,2024-01-16
CMP03191,COL0282,Hostel,High,Resolved,9,2025-10-14,2025-10-23
CMP03192,COL1883,Transport,Medium,Resolved,8,2025-04-18,2025-04-26
CMP03193,COL1734,Internet,Low,Resolved,4,2023-06-30,2023-07-04
CMP03194,COL0756,Faculty,Medium,Escalated,,2022-12-18,
CMP03195,COL0645,Transport,High,Resolved,8,2022-05-16,2022-05-24
CMP03196,COL0953,Scholarship,Medium,Resolved,42,2026-04-14,2026-05-26
CMP03197,COL0328,Transport,Medium,Resolved,11,2023-09-13,2023-09-24
CMP03198,COL0142,Hostel,Medium,Resolved,16,2024-05-03,2024-05-19
CMP03199,COL1057,Faculty,Low,Resolved,33,2025-10-06,2025-11-08
CMP03200,COL1219,Internet,Medium,Resolved,6,2021-04-02,2021-04-08
CMP03201,COL0588,Internet,High,Resolved,1,2022-04-10,2022-04-11
CMP03202,COL1119,Scholarship,Medium,In Progress,,2026-06-01,
CMP03203,COL1660,Faculty,Low,Resolved,5,2024-06-14,2024-06-19
CMP03204,COL0389,Faculty,Medium,Resolved,9,2022-01-09,2022-01-18
CMP03205,COL1169,Faculty,Medium,Resolved,11,2025-11-24,2025-12-05
CMP03206,COL0116,Hostel,Low,Resolved,16,2021-11-13,2021-11-29
CMP03207,COL1387,Internet,Medium,Resolved,5,2021-08-18,2021-08-23
CMP03208,COL0714,Exam,High,Pending,,2024-10-03,
CMP03209,COL0869,Exam,High,Resolved,1,2023-09-06,2023-09-07
CMP03210,COL0118,Infrastructure,Low,Resolved,38,2024-12-10,2025-01-17
CMP03211,COL1912,Exam,Medium,Resolved,15,2021-03-22,2021-04-06
CMP03212,COL1254,Scholarship,Medium,Resolved,45,2025-07-25,2025-09-08
CMP03213,COL1831,Library,Medium,Resolved,10,2024-10-21,2024-10-31
CMP03214,COL1929,Hostel,Low,Resolved,11,2024-02-21,2024-03-03
CMP03215,COL0948,Exam,High,Resolved,6,2025-12-04,2025-12-10
CMP03216,COL0712,Library,Medium,Resolved,8,2024-09-23,2024-10-01
CMP03217,COL0113,Exam,High,Resolved,6,2026-04-01,2026-04-07
CMP03218,COL0453,Infrastructure,High,Pending,,2025-09-23,
CMP03219,COL1500,Hostel,High,Resolved,5,2025-08-17,2025-08-22
CMP03220,COL0197,Transport,Medium,Resolved,4,2023-05-24,2023-05-28
CMP03221,COL1744,Faculty,Medium,Resolved,26,2024-01-14,2024-02-09
CMP03222,COL0230,Hostel,High,Resolved,7,2025-09-24,2025-10-01
CMP03223,COL0886,Transport,Low,Resolved,10,2023-05-11,2023-05-21
CMP03224,COL0111,Exam,High,Resolved,8,2021-05-04,2021-05-12
CMP03225,COL1658,Transport,Low,In Progress,,2022-10-30,
CMP03226,COL1042,Transport,High,Resolved,2,2025-09-12,2025-09-14
CMP03227,COL0821,Infrastructure,Medium,In Progress,,2021-05-06,
CMP03228,COL1750,Exam,Low,Resolved,15,2022-05-01,2022-05-16
CMP03229,COL1897,Faculty,Medium,Resolved,9,2025-01-21,2025-01-30
CMP03230,COL0552,Hostel,Low,Resolved,14,2021-01-06,2021-01-20
CMP03231,COL0230,Transport,Medium,Resolved,10,2022-05-19,2022-05-29
CMP03232,COL1661,Transport,Medium,Resolved,2,2024-09-29,2024-10-01
CMP03233,COL1126,Transport,Low,Resolved,6,2026-07-17,2026-07-23
CMP03234,COL1541,Internet,High,Escalated,,2024-01-04,
CMP03235,COL0032,Faculty,High,Escalated,,2022-11-22,
CMP03236,COL1253,Faculty,Medium,Resolved,17,2024-12-06,2024-12-23
CMP03237,COL0146,Internet,Medium,Resolved,1,2024-02-21,2024-02-22
CMP03238,COL0409,Faculty,Low,Resolved,31,2026-05-12,2026-06-12
CMP03239,COL0634,Scholarship,High,Resolved,20,2026-05-14,2026-06-03
CMP03240,COL1512,Internet,Medium,Resolved,1,2021-02-10,2021-02-11
CMP03241,COL0875,Infrastructure,Medium,Resolved,15,2025-01-18,2025-02-02
CMP03242,COL0079,Faculty,High,Resolved,11,2025-05-22,2025-06-02
CMP03243,COL0737,Internet,Medium,Resolved,7,2026-01-09,2026-01-16
CMP03244,COL0889,Exam,High,Resolved,7,2022-08-14,2022-08-21
CMP03245,COL1327,Library,Low,Resolved,3,2021-06-04,2021-06-07
CMP03246,COL1153,Library,Low,Resolved,2,2024-03-18,2024-03-20
CMP03247,COL0188,Library,High,Escalated,,2023-04-02,
CMP03248,COL0612,Infrastructure,Medium,Resolved,5,2023-07-26,2023-07-31
CMP03249,COL0875,Faculty,Medium,Resolved,6,2025-10-27,2025-11-02
CMP03250,COL1930,Scholarship,Medium,Resolved,37,2023-05-25,2023-07-01
CMP03251,COL1988,Transport,Low,Resolved,7,2026-05-27,2026-06-03
CMP03252,COL0856,Library,High,Resolved,5,2025-07-05,2025-07-10
CMP03253,COL0177,Transport,Medium,Resolved,12,2024-01-17,2024-01-29
CMP03254,COL1503,Hostel,Medium,Escalated,,2024-12-06,
CMP03255,COL0818,Internet,Medium,Resolved,7,2022-01-05,2022-01-12
CMP03256,COL1104,Infrastructure,High,Escalated,,2023-08-31,
CMP03257,COL0378,Exam,Medium,Resolved,11,2025-04-20,2025-05-01
CMP03258,COL1643,Library,High,Resolved,1,2025-07-15,2025-07-16
CMP03259,COL0687,Library,Low,Resolved,6,2024-10-27,2024-11-02
CMP03260,COL1534,Faculty,Low,Escalated,,2025-12-08,
CMP03261,COL1234,Hostel,Low,Resolved,21,2024-10-18,2024-11-08
CMP03262,COL1384,Library,Low,Escalated,,2025-09-05,
CMP03263,COL0650,Hostel,High,Resolved,6,2022-07-18,2022-07-24
CMP03264,COL0509,Internet,High,Resolved,1,2023-03-04,2023-03-05
CMP03265,COL0952,Infrastructure,High,Resolved,11,2023-10-16,2023-10-27
CMP03266,COL0051,Faculty,Medium,Resolved,26,2022-05-07,2022-06-02
CMP03267,COL1272,Infrastructure,High,Resolved,14,2025-07-09,2025-07-23
CMP03268,COL0428,Transport,High,Pending,,2021-07-20,
CMP03269,COL0980,Internet,Medium,Escalated,,2024-03-31,
CMP03270,COL1517,Transport,High,Resolved,1,2024-09-10,2024-09-11
CMP03271,COL1086,Internet,Low,In Progress,,2021-08-08,
CMP03272,COL1807,Library,Low,In Progress,,2024-08-18,
CMP03273,COL0631,Internet,Medium,Resolved,4,2022-03-21,2022-03-25
CMP03274,COL1284,Transport,Medium,Resolved,6,2026-04-10,2026-04-16
CMP03275,COL0267,Faculty,Medium,In Progress,,2023-01-12,
CMP03276,COL1102,Scholarship,Low,Resolved,55,2022-06-06,2022-07-31
CMP03277,COL1657,Transport,High,Resolved,5,2025-01-20,2025-01-25
CMP03278,COL0124,Transport,Low,In Progress,,2022-10-14,
CMP03279,COL0501,Transport,Low,Resolved,5,2026-03-09,2026-03-14
CMP03280,COL1209,Library,Medium,Resolved,4,2025-06-23,2025-06-27
CMP03281,COL0202,Library,Low,Resolved,5,2024-05-12,2024-05-17
CMP03282,COL0328,Infrastructure,Medium,Escalated,,2021-04-26,
CMP03283,COL1343,Scholarship,Low,Resolved,25,2025-12-04,2025-12-29
CMP03284,COL1421,Scholarship,Medium,Resolved,21,2024-06-25,2024-07-16
CMP03285,COL0908,Internet,High,Resolved,2,2022-09-10,2022-09-12
CMP03286,COL1784,Exam,Medium,Pending,,2021-05-19,
CMP03287,COL1003,Hostel,Low,Resolved,12,2021-09-16,2021-09-28
CMP03288,COL0720,Hostel,Medium,Resolved,5,2024-06-06,2024-06-11
CMP03289,COL0849,Scholarship,Medium,Resolved,43,2023-02-20,2023-04-04
CMP03290,COL1967,Exam,High,Resolved,1,2021-05-01,2021-05-02
CMP03291,COL1427,Library,Low,Resolved,3,2023-01-30,2023-02-02
CMP03292,COL0973,Scholarship,Low,Resolved,14,2024-04-30,2024-05-14
CMP03293,COL1021,Internet,High,Resolved,1,2026-03-25,2026-03-26
CMP03294,COL0270,Exam,Medium,Resolved,13,2021-06-17,2021-06-30
CMP03295,COL1454,Faculty,Medium,Resolved,8,2024-06-21,2024-06-29
CMP03296,COL0299,Transport,Low,Resolved,12,2022-04-19,2022-05-01
CMP03297,COL0534,Library,Medium,Resolved,8,2024-11-05,2024-11-13
CMP03298,COL1469,Hostel,Low,In Progress,,2025-02-22,
CMP03299,COL1316,Infrastructure,High,Resolved,10,2025-08-11,2025-08-21
CMP03300,COL0251,Library,Low,Escalated,,2024-05-08,
CMP03301,COL0019,Library,Medium,Resolved,4,2026-05-22,2026-05-26
CMP03302,COL0728,Transport,High,Resolved,7,2024-01-16,2024-01-23
CMP03303,COL0411,Exam,Medium,In Progress,,2025-04-07,
CMP03304,COL0052,Hostel,Medium,Resolved,6,2023-07-30,2023-08-05
CMP03305,COL0739,Faculty,Medium,In Progress,,2025-10-17,
CMP03306,COL0145,Exam,High,Escalated,,2024-04-18,
CMP03307,COL0834,Internet,Medium,Resolved,6,2021-12-28,2022-01-03
CMP03308,COL1178,Scholarship,Medium,Resolved,49,2024-03-31,2024-05-19
CMP03309,COL1473,Library,High,Resolved,2,2025-09-27,2025-09-29
CMP03310,COL1756,Infrastructure,Medium,Resolved,17,2022-12-08,2022-12-25
CMP03311,COL0842,Infrastructure,Low,Resolved,16,2021-04-21,2021-05-07
CMP03312,COL0700,Transport,Low,Resolved,17,2022-04-03,2022-04-20
CMP03313,COL1108,Scholarship,Medium,In Progress,,2023-08-21,
CMP03314,COL1162,Hostel,Medium,In Progress,,2021-09-20,
CMP03315,COL0243,Exam,High,Resolved,5,2021-08-29,2021-09-03
CMP03316,COL1060,Hostel,Low,Resolved,18,2024-06-19,2024-07-07
CMP03317,COL1408,Scholarship,High,Pending,,2022-04-23,
CMP03318,COL0039,Internet,Low,Resolved,6,2021-05-09,2021-05-15
CMP03319,COL0684,Transport,Low,Resolved,9,2025-11-03,2025-11-12
CMP03320,COL0038,Scholarship,Medium,Resolved,52,2025-10-04,2025-11-25
CMP03321,COL1510,Faculty,Low,Resolved,13,2026-02-15,2026-02-28
CMP03322,COL0475,Infrastructure,Low,In Progress,,2021-12-02,
CMP03323,COL1500,Scholarship,High,Escalated,,2021-11-13,
CMP03324,COL1008,Faculty,High,Resolved,4,2024-09-15,2024-09-19
CMP03325,COL1940,Hostel,Medium,Pending,,2025-12-31,
CMP03326,COL0230,Internet,Low,Resolved,2,2023-01-08,2023-01-10
CMP03327,COL0364,Scholarship,High,Escalated,,2022-05-11,
CMP03328,COL0895,Internet,Low,Resolved,4,2025-02-13,2025-02-17
CMP03329,COL0733,Library,High,Resolved,3,2024-03-15,2024-03-18
CMP03330,COL0803,Library,Low,Resolved,8,2021-10-11,2021-10-19
CMP03331,COL0207,Infrastructure,Low,Resolved,9,2021-03-24,2021-04-02
CMP03332,COL0182,Library,Low,Resolved,3,2021-09-16,2021-09-19
CMP03333,COL1125,Library,High,Escalated,,2022-04-24,
CMP03334,COL0390,Faculty,Medium,Resolved,10,2021-02-28,2021-03-10
CMP03335,COL0318,Exam,Medium,In Progress,,2026-01-24,
CMP03336,COL1883,Faculty,High,Resolved,5,2021-06-26,2021-07-01
CMP03337,COL1005,Transport,High,Escalated,,2022-07-02,
CMP03338,COL0260,Library,High,Resolved,5,2021-09-05,2021-09-10
CMP03339,COL0592,Exam,High,Resolved,2,2021-01-11,2021-01-13
CMP03340,COL1978,Transport,Medium,Resolved,1,2024-03-08,2024-03-09
CMP03341,COL1170,Library,High,In Progress,,2021-10-04,
CMP03342,COL1482,Infrastructure,Medium,Resolved,21,2025-04-07,2025-04-28
CMP03343,COL0248,Infrastructure,Medium,Resolved,14,2022-07-09,2022-07-23
CMP03344,COL1242,Library,Low,Resolved,12,2024-02-06,2024-02-18
CMP03345,COL0345,Transport,Low,Resolved,9,2024-12-21,2024-12-30
CMP03346,COL1087,Infrastructure,High,Pending,,2025-04-09,
CMP03347,COL0468,Internet,Low,Resolved,9,2021-08-25,2021-09-03
CMP03348,COL1769,Faculty,Low,Resolved,6,2025-09-27,2025-10-03
CMP03349,COL1772,Faculty,High,Resolved,4,2021-11-26,2021-11-30
CMP03350,COL1732,Exam,Medium,Resolved,6,2023-03-02,2023-03-08
CMP03351,COL0568,Transport,Medium,Resolved,7,2022-06-13,2022-06-20
CMP03352,COL1812,Exam,Medium,Escalated,,2022-11-27,
CMP03353,COL0854,Hostel,High,Resolved,7,2021-07-27,2021-08-03
CMP03354,COL1519,Exam,Medium,Resolved,2,2024-11-28,2024-11-30
CMP03355,COL1819,Internet,Medium,Resolved,7,2025-11-05,2025-11-12
CMP03356,COL0709,Library,Low,Resolved,3,2021-06-05,2021-06-08
CMP03357,COL1845,Transport,Low,Resolved,15,2023-04-16,2023-05-01
CMP03358,COL0390,Transport,Low,In Progress,,2024-06-07,
CMP03359,COL1207,Scholarship,Medium,In Progress,,2026-05-24,
CMP03360,COL1588,Exam,High,Resolved,1,2025-09-19,2025-09-20
CMP03361,COL1095,Transport,Medium,Resolved,1,2022-03-02,2022-03-03
CMP03362,COL1713,Scholarship,High,Resolved,28,2024-09-15,2024-10-13
CMP03363,COL0087,Infrastructure,Medium,Resolved,7,2023-11-13,2023-11-20
CMP03364,COL1672,Transport,Low,Resolved,15,2025-10-28,2025-11-12
CMP03365,COL0750,Exam,High,Resolved,1,2025-12-27,2025-12-28
CMP03366,COL1391,Library,Medium,Escalated,,2024-12-15,
CMP03367,COL0230,Internet,High,Resolved,2,2022-01-28,2022-01-30
CMP03368,COL1019,Faculty,Low,Pending,,2024-01-22,
CMP03369,COL0208,Scholarship,Low,Resolved,22,2021-09-29,2021-10-21
CMP03370,COL0220,Faculty,Low,Pending,,2021-08-06,
CMP03371,COL0852,Library,Medium,Resolved,10,2023-07-22,2023-08-01
CMP03372,COL1190,Library,Low,Resolved,5,2021-03-06,2021-03-11
CMP03373,COL1436,Infrastructure,Medium,Resolved,23,2024-11-14,2024-12-07
CMP03374,COL1815,Internet,Low,Resolved,3,2021-03-29,2021-04-01
CMP03375,COL0369,Transport,Medium,Resolved,6,2022-08-06,2022-08-12
CMP03376,COL1657,Transport,Low,Resolved,14,2024-10-06,2024-10-20
CMP03377,COL0077,Exam,Medium,Resolved,15,2025-05-02,2025-05-17
CMP03378,COL1908,Infrastructure,Low,In Progress,,2024-07-13,
CMP03379,COL0767,Exam,Medium,In Progress,,2022-04-28,
CMP03380,COL0814,Transport,Medium,Resolved,12,2022-05-12,2022-05-24
CMP03381,COL1873,Faculty,Medium,Resolved,6,2021-10-18,2021-10-24
CMP03382,COL0183,Internet,Medium,Resolved,5,2023-06-05,2023-06-10
CMP03383,COL1784,Exam,Medium,Resolved,2,2026-04-30,2026-05-02
CMP03384,COL0418,Exam,High,Resolved,2,2024-08-26,2024-08-28
CMP03385,COL1576,Internet,Low,Resolved,8,2026-05-04,2026-05-12
CMP03386,COL1621,Library,Low,Resolved,8,2021-11-07,2021-11-15
CMP03387,COL0378,Faculty,Medium,Resolved,8,2023-03-30,2023-04-07
CMP03388,COL0886,Library,High,Resolved,6,2022-09-27,2022-10-03
CMP03389,COL1010,Scholarship,High,Resolved,34,2023-03-24,2023-04-27
CMP03390,COL1705,Hostel,Low,Resolved,25,2024-08-08,2024-09-02
CMP03391,COL1979,Library,Low,Escalated,,2022-07-24,
CMP03392,COL1580,Scholarship,Medium,Resolved,26,2023-10-12,2023-11-07
CMP03393,COL1321,Scholarship,High,Pending,,2023-11-06,
CMP03394,COL0319,Internet,Medium,Resolved,7,2023-03-03,2023-03-10
CMP03395,COL0625,Library,Medium,Resolved,4,2021-03-05,2021-03-09
CMP03396,COL1129,Internet,Low,Resolved,5,2022-06-16,2022-06-21
CMP03397,COL1195,Exam,High,Resolved,4,2023-11-26,2023-11-30
CMP03398,COL0364,Faculty,Low,Resolved,37,2024-10-08,2024-11-14
CMP03399,COL0997,Infrastructure,High,Resolved,22,2023-04-30,2023-05-22
CMP03400,COL1382,Scholarship,High,Resolved,12,2023-11-15,2023-11-27
CMP03401,COL0444,Faculty,Medium,Resolved,12,2021-07-12,2021-07-24
CMP03402,COL0725,Exam,Medium,Resolved,2,2024-03-20,2024-03-22
CMP03403,COL0280,Transport,Medium,Resolved,11,2023-08-14,2023-08-25
CMP03404,COL0625,Faculty,High,Resolved,15,2026-06-21,2026-07-06
CMP03405,COL1124,Internet,Low,Resolved,4,2022-06-17,2022-06-21
CMP03406,COL0533,Infrastructure,Low,In Progress,,2021-11-05,
CMP03407,COL0786,Transport,Low,Resolved,16,2022-09-20,2022-10-06
CMP03408,COL0523,Transport,Medium,Escalated,,2021-01-28,
CMP03409,COL1363,Internet,High,Resolved,2,2022-10-21,2022-10-23
CMP03410,COL0689,Infrastructure,High,Resolved,21,2025-06-28,2025-07-19
CMP03411,COL1257,Infrastructure,Low,Resolved,12,2022-06-07,2022-06-19
CMP03412,COL1239,Scholarship,Low,Resolved,34,2023-04-29,2023-06-02
CMP03413,COL0652,Internet,Medium,Resolved,7,2021-12-19,2021-12-26
CMP03414,COL1128,Internet,Medium,Resolved,2,2024-11-15,2024-11-17
CMP03415,COL0486,Transport,Low,Resolved,15,2023-03-30,2023-04-14
CMP03416,COL0052,Faculty,High,Resolved,6,2024-08-19,2024-08-25
CMP03417,COL1735,Library,Low,Pending,,2023-05-31,
CMP03418,COL1289,Infrastructure,High,Pending,,2022-05-02,
CMP03419,COL0546,Internet,High,Resolved,3,2023-10-02,2023-10-05
CMP03420,COL1312,Infrastructure,High,Resolved,23,2022-09-06,2022-09-29
CMP03421,COL0582,Transport,Low,Resolved,4,2023-12-30,2024-01-03
CMP03422,COL1235,Internet,Medium,Pending,,2022-01-24,
CMP03423,COL1251,Exam,High,Resolved,1,2023-04-01,2023-04-02
CMP03424,COL0586,Hostel,High,Resolved,6,2023-05-18,2023-05-24
CMP03425,COL1299,Infrastructure,Low,Escalated,,2025-08-09,
CMP03426,COL1856,Faculty,Low,Resolved,8,2023-08-31,2023-09-08
CMP03427,COL1950,Internet,Low,Resolved,9,2022-01-22,2022-01-31
CMP03428,COL1997,Transport,Medium,Resolved,3,2022-02-03,2022-02-06
CMP03429,COL1005,Transport,High,Resolved,5,2023-10-21,2023-10-26
CMP03430,COL1367,Exam,High,Resolved,7,2024-01-03,2024-01-10
CMP03431,COL0760,Exam,Medium,Resolved,3,2026-02-09,2026-02-12
CMP03432,COL0061,Exam,High,Resolved,6,2026-04-12,2026-04-18
CMP03433,COL1862,Faculty,Low,In Progress,,2024-06-17,
CMP03434,COL1303,Transport,Low,In Progress,,2025-12-08,
CMP03435,COL0904,Library,Low,Resolved,9,2025-09-09,2025-09-18
CMP03436,COL1990,Library,Medium,Resolved,6,2022-03-27,2022-04-02
CMP03437,COL1500,Internet,Medium,Resolved,2,2024-03-05,2024-03-07
CMP03438,COL0056,Infrastructure,High,Resolved,25,2026-05-22,2026-06-16
CMP03439,COL0876,Exam,High,Resolved,7,2021-03-24,2021-03-31
CMP03440,COL0072,Internet,Medium,Resolved,4,2025-08-07,2025-08-11
CMP03441,COL0913,Infrastructure,Low,Resolved,30,2024-10-09,2024-11-08
CMP03442,COL0315,Scholarship,High,Resolved,34,2021-06-07,2021-07-11
CMP03443,COL1854,Exam,Low,Resolved,14,2021-07-02,2021-07-16
CMP03444,COL0775,Library,Medium,Escalated,,2025-02-23,
CMP03445,COL0268,Faculty,Medium,Resolved,4,2023-12-24,2023-12-28
CMP03446,COL1159,Library,Medium,Resolved,8,2022-10-15,2022-10-23
CMP03447,COL1598,Exam,Medium,Resolved,12,2024-10-30,2024-11-11
CMP03448,COL1432,Infrastructure,Low,Resolved,14,2023-06-30,2023-07-14
CMP03449,COL1552,Scholarship,High,Resolved,9,2025-07-30,2025-08-08
CMP03450,COL0524,Scholarship,High,Resolved,12,2026-04-17,2026-04-29
CMP03451,COL0158,Infrastructure,High,Resolved,19,2021-10-25,2021-11-13
CMP03452,COL0575,Infrastructure,Medium,Resolved,42,2024-03-17,2024-04-28
CMP03453,COL0746,Hostel,Low,Resolved,12,2025-08-02,2025-08-14
CMP03454,COL1654,Exam,High,Resolved,8,2023-03-22,2023-03-30
CMP03455,COL1145,Faculty,Low,In Progress,,2023-12-31,
CMP03456,COL0208,Faculty,Medium,Escalated,,2021-01-23,
CMP03457,COL1743,Exam,Medium,Resolved,7,2026-01-27,2026-02-03
CMP03458,COL1971,Infrastructure,Medium,Resolved,21,2026-01-14,2026-02-04
CMP03459,COL1286,Transport,Low,Resolved,15,2021-04-10,2021-04-25
CMP03460,COL1073,Transport,Medium,Resolved,3,2025-09-02,2025-09-05
CMP03461,COL1987,Transport,Low,Resolved,2,2023-04-06,2023-04-08
CMP03462,COL0133,Scholarship,Low,Resolved,20,2023-02-16,2023-03-08
CMP03463,COL1968,Faculty,High,Resolved,11,2026-02-15,2026-02-26
CMP03464,COL1739,Scholarship,High,Resolved,12,2024-05-30,2024-06-11
CMP03465,COL1954,Exam,Medium,Pending,,2024-07-25,
CMP03466,COL0287,Faculty,Medium,Resolved,9,2022-06-17,2022-06-26
CMP03467,COL1273,Hostel,Low,Resolved,3,2021-06-15,2021-06-18
CMP03468,COL0221,Infrastructure,Low,Resolved,22,2025-10-31,2025-11-22
CMP03469,COL1813,Transport,Medium,Resolved,12,2022-01-06,2022-01-18
CMP03470,COL0506,Scholarship,Medium,Resolved,33,2026-02-11,2026-03-16
CMP03471,COL1021,Hostel,Medium,Resolved,7,2023-02-23,2023-03-02
CMP03472,COL0450,Scholarship,High,Resolved,33,2026-05-24,2026-06-26
CMP03473,COL0610,Transport,Low,Resolved,12,2022-09-03,2022-09-15
CMP03474,COL0148,Faculty,High,Resolved,12,2023-08-05,2023-08-17
CMP03475,COL1596,Internet,Low,Resolved,2,2021-07-16,2021-07-18
CMP03476,COL0721,Infrastructure,High,Resolved,8,2022-02-16,2022-02-24
CMP03477,COL0452,Scholarship,High,Resolved,12,2021-08-31,2021-09-12
CMP03478,COL0618,Hostel,Low,In Progress,,2021-05-13,
CMP03479,COL0564,Internet,Medium,Resolved,7,2025-07-16,2025-07-23
CMP03480,COL1669,Exam,Low,In Progress,,2025-07-12,
CMP03481,COL0303,Transport,Low,Resolved,13,2022-10-09,2022-10-22
CMP03482,COL1004,Hostel,Medium,Resolved,8,2025-12-28,2026-01-05
CMP03483,COL1358,Transport,Medium,Resolved,13,2025-04-02,2025-04-15
CMP03484,COL1645,Library,Medium,Resolved,6,2026-07-10,2026-07-16
CMP03485,COL1022,Faculty,Low,Escalated,,2025-04-22,
CMP03486,COL0845,Internet,Low,Pending,,2024-05-25,
CMP03487,COL1656,Infrastructure,High,Resolved,25,2021-11-14,2021-12-09
CMP03488,COL1005,Faculty,Low,Resolved,9,2021-06-15,2021-06-24
CMP03489,COL1761,Hostel,Medium,Resolved,6,2021-08-25,2021-08-31
CMP03490,COL0437,Transport,High,Resolved,7,2023-08-01,2023-08-08
CMP03491,COL0235,Internet,Low,In Progress,,2021-09-06,
CMP03492,COL0536,Library,Low,Resolved,8,2022-07-18,2022-07-26
CMP03493,COL1884,Internet,Medium,Resolved,4,2023-08-31,2023-09-04
CMP03494,COL0333,Library,Low,In Progress,,2024-12-11,
CMP03495,COL1290,Scholarship,Medium,Resolved,46,2022-10-05,2022-11-20
CMP03496,COL1191,Exam,Medium,Resolved,4,2023-02-27,2023-03-03
CMP03497,COL0157,Infrastructure,Medium,Escalated,,2024-08-07,
CMP03498,COL0061,Transport,Low,In Progress,,2022-01-31,
CMP03499,COL0137,Exam,Medium,Escalated,,2024-03-09,
CMP03500,COL1834,Faculty,Medium,Escalated,,2024-05-21,
CMP03501,COL0827,Faculty,High,Resolved,15,2025-11-26,2025-12-11
CMP03502,COL0472,Infrastructure,Low,Resolved,55,2026-04-19,2026-06-13
CMP03503,COL0455,Internet,Medium,Resolved,3,2022-06-25,2022-06-28
CMP03504,COL1559,Exam,Low,Resolved,11,2025-05-19,2025-05-30
CMP03505,COL1018,Exam,Medium,Resolved,15,2021-02-17,2021-03-04
CMP03506,COL0385,Faculty,High,Resolved,4,2024-11-11,2024-11-15
CMP03507,COL0835,Exam,High,Resolved,3,2023-06-08,2023-06-11
CMP03508,COL0481,Transport,Low,Escalated,,2026-07-22,
CMP03509,COL0757,Infrastructure,Low,Resolved,24,2025-06-10,2025-07-04
CMP03510,COL1306,Faculty,Medium,Resolved,13,2025-08-31,2025-09-13
CMP03511,COL0620,Infrastructure,Medium,Resolved,14,2022-05-08,2022-05-22
CMP03512,COL0530,Faculty,High,Resolved,17,2024-06-05,2024-06-22
CMP03513,COL0654,Internet,Medium,Resolved,3,2022-02-09,2022-02-12
CMP03514,COL1288,Internet,High,Resolved,1,2022-07-25,2022-07-26
CMP03515,COL1076,Faculty,High,Resolved,5,2025-09-25,2025-09-30
CMP03516,COL1047,Scholarship,Medium,Resolved,50,2025-11-25,2026-01-14
CMP03517,COL0718,Faculty,Medium,Resolved,8,2023-02-10,2023-02-18
CMP03518,COL0818,Internet,Medium,Resolved,1,2023-10-13,2023-10-14
CMP03519,COL0983,Library,Medium,Resolved,5,2021-06-18,2021-06-23
CMP03520,COL1889,Transport,Medium,Resolved,13,2021-11-15,2021-11-28
CMP03521,COL1128,Transport,Medium,Escalated,,2023-06-04,
CMP03522,COL0060,Hostel,Medium,Resolved,13,2024-07-30,2024-08-12
CMP03523,COL1606,Exam,Medium,Resolved,8,2022-07-21,2022-07-29
CMP03524,COL1600,Internet,Medium,Resolved,2,2025-09-25,2025-09-27
CMP03525,COL1269,Exam,High,In Progress,,2021-02-12,
CMP03526,COL1301,Scholarship,Medium,Resolved,42,2026-03-24,2026-05-05
CMP03527,COL1908,Faculty,Low,Resolved,29,2021-05-16,2021-06-14
CMP03528,COL1108,Transport,High,Resolved,2,2022-09-21,2022-09-23
CMP03529,COL0590,Internet,Low,Resolved,2,2024-08-27,2024-08-29
CMP03530,COL0383,Faculty,Medium,Resolved,11,2021-10-08,2021-10-19
CMP03531,COL0734,Internet,Low,Resolved,6,2023-05-16,2023-05-22
CMP03532,COL1302,Exam,Medium,Resolved,13,2026-07-03,2026-07-16
CMP03533,COL1554,Faculty,High,Resolved,13,2022-12-21,2023-01-03
CMP03534,COL1558,Faculty,High,Resolved,11,2021-02-14,2021-02-25
CMP03535,COL0904,Faculty,High,In Progress,,2021-08-05,
CMP03536,COL0032,Exam,Medium,Resolved,6,2024-07-10,2024-07-16
CMP03537,COL1339,Exam,Medium,Resolved,10,2021-09-17,2021-09-27
CMP03538,COL1751,Faculty,High,Resolved,13,2021-12-29,2022-01-11
CMP03539,COL1542,Internet,High,Resolved,4,2024-01-16,2024-01-20
CMP03540,COL0919,Internet,High,Resolved,4,2026-02-13,2026-02-17
CMP03541,COL0607,Faculty,High,Resolved,7,2024-04-07,2024-04-14
CMP03542,COL1043,Hostel,Medium,Resolved,14,2022-03-06,2022-03-20
CMP03543,COL0132,Transport,Medium,Resolved,6,2024-10-31,2024-11-06
CMP03544,COL0026,Infrastructure,Low,Resolved,15,2022-02-07,2022-02-22
CMP03545,COL1573,Library,Medium,Resolved,3,2025-04-04,2025-04-07
CMP03546,COL1429,Infrastructure,Medium,Resolved,12,2024-06-27,2024-07-09
CMP03547,COL0114,Faculty,Low,Resolved,36,2025-12-07,2026-01-12
CMP03548,COL0805,Scholarship,Medium,Resolved,41,2024-04-07,2024-05-18
CMP03549,COL1579,Transport,Low,Resolved,9,2021-05-03,2021-05-12
CMP03550,COL1268,Internet,Low,Resolved,4,2021-03-02,2021-03-06
CMP03551,COL1420,Exam,High,Resolved,1,2024-01-19,2024-01-20
CMP03552,COL0757,Faculty,Medium,Resolved,4,2023-07-09,2023-07-13
CMP03553,COL1112,Hostel,Low,Pending,,2023-07-15,
CMP03554,COL1635,Library,Low,Escalated,,2026-03-02,
CMP03555,COL1470,Infrastructure,High,Resolved,17,2021-05-29,2021-06-15
CMP03556,COL0597,Transport,Low,Resolved,15,2022-10-10,2022-10-25
CMP03557,COL1659,Scholarship,Medium,Resolved,18,2023-10-07,2023-10-25
CMP03558,COL0516,Faculty,Medium,Resolved,30,2023-06-18,2023-07-18
CMP03559,COL1859,Transport,Medium,Resolved,10,2021-02-19,2021-03-01
CMP03560,COL1975,Library,High,Resolved,1,2024-05-23,2024-05-24
CMP03561,COL0550,Transport,Low,Resolved,5,2026-04-17,2026-04-22
CMP03562,COL0711,Scholarship,High,Resolved,34,2025-12-20,2026-01-23
CMP03563,COL1746,Internet,Medium,Resolved,4,2026-06-29,2026-07-03
CMP03564,COL1504,Transport,Medium,Resolved,7,2022-02-20,2022-02-27
CMP03565,COL0799,Exam,High,Resolved,7,2022-06-27,2022-07-04
CMP03566,COL1258,Infrastructure,Medium,Escalated,,2023-04-24,
CMP03567,COL0113,Hostel,High,Resolved,11,2022-08-15,2022-08-26
CMP03568,COL1854,Infrastructure,Low,Resolved,31,2026-05-14,2026-06-14
CMP03569,COL0693,Scholarship,Medium,Escalated,,2022-11-18,
CMP03570,COL0744,Infrastructure,Medium,Resolved,37,2021-11-13,2021-12-20
CMP03571,COL1256,Exam,Medium,Resolved,1,2022-11-11,2022-11-12
CMP03572,COL0419,Faculty,Medium,Escalated,,2021-10-12,
CMP03573,COL1560,Infrastructure,Low,Resolved,8,2021-01-23,2021-01-31
CMP03574,COL0956,Hostel,High,Resolved,10,2025-12-08,2025-12-18
CMP03575,COL1053,Exam,High,Pending,,2021-08-20,
CMP03576,COL0871,Infrastructure,High,Resolved,15,2024-12-24,2025-01-08
CMP03577,COL1779,Infrastructure,High,Resolved,6,2024-01-29,2024-02-04
CMP03578,COL0796,Library,Low,Resolved,12,2026-03-21,2026-04-02
CMP03579,COL1154,Internet,Low,Resolved,7,2022-02-06,2022-02-13
CMP03580,COL1976,Scholarship,Medium,Resolved,54,2022-10-12,2022-12-05
CMP03581,COL1754,Scholarship,High,Resolved,17,2024-04-22,2024-05-09
CMP03582,COL0377,Exam,Low,Resolved,5,2026-02-14,2026-02-19
CMP03583,COL0249,Exam,High,Resolved,8,2022-10-17,2022-10-25
CMP03584,COL1564,Exam,Medium,Resolved,10,2022-01-27,2022-02-06
CMP03585,COL1096,Exam,Medium,Resolved,6,2025-04-27,2025-05-03
CMP03586,COL1324,Exam,Low,Resolved,6,2023-09-07,2023-09-13
CMP03587,COL0726,Library,Low,Resolved,4,2021-12-12,2021-12-16
CMP03588,COL1966,Exam,Medium,Resolved,14,2021-04-28,2021-05-12
CMP03589,COL1325,Infrastructure,Medium,In Progress,,2024-07-06,
CMP03590,COL0651,Scholarship,Low,Escalated,,2025-12-12,
CMP03591,COL0422,Hostel,Medium,Resolved,6,2021-06-22,2021-06-28
CMP03592,COL0191,Infrastructure,Medium,Resolved,40,2023-12-21,2024-01-30
CMP03593,COL1895,Transport,Low,Pending,,2021-04-27,
CMP03594,COL0235,Scholarship,High,Resolved,22,2024-07-16,2024-08-07
CMP03595,COL0848,Faculty,Medium,Escalated,,2026-06-24,
CMP03596,COL0699,Library,Low,Resolved,3,2023-09-30,2023-10-03
CMP03597,COL0698,Faculty,Medium,Resolved,21,2025-06-15,2025-07-06
CMP03598,COL0053,Hostel,Medium,Resolved,2,2023-04-07,2023-04-09
CMP03599,COL0002,Exam,Low,Resolved,3,2021-02-01,2021-02-04
CMP03600,COL1845,Scholarship,High,Resolved,18,2025-10-15,2025-11-02
CMP03601,COL0921,Transport,Medium,Resolved,2,2024-04-09,2024-04-11
CMP03602,COL1948,Faculty,Medium,Resolved,18,2021-09-09,2021-09-27
CMP03603,COL0210,Library,High,Resolved,4,2022-10-06,2022-10-10
CMP03604,COL1948,Internet,Low,In Progress,,2023-08-25,
CMP03605,COL1106,Library,Low,Resolved,12,2024-09-12,2024-09-24
CMP03606,COL1232,Internet,Low,In Progress,,2026-03-02,
CMP03607,COL1187,Exam,High,Resolved,9,2023-05-21,2023-05-30
CMP03608,COL1526,Exam,Low,Resolved,17,2024-03-21,2024-04-07
CMP03609,COL0117,Exam,Medium,Resolved,1,2023-02-01,2023-02-02
CMP03610,COL0692,Exam,High,Resolved,8,2026-02-10,2026-02-18
CMP03611,COL1822,Faculty,Low,Resolved,10,2026-04-29,2026-05-09
CMP03612,COL0283,Exam,High,Escalated,,2022-07-10,
CMP03613,COL1076,Hostel,Medium,In Progress,,2024-12-12,
CMP03614,COL0222,Exam,High,Resolved,9,2022-05-07,2022-05-16
CMP03615,COL1261,Infrastructure,Medium,Escalated,,2023-09-04,
CMP03616,COL1067,Internet,Medium,Resolved,4,2023-09-22,2023-09-26
CMP03617,COL1327,Internet,High,Resolved,3,2021-08-14,2021-08-17
CMP03618,COL1332,Internet,Medium,Resolved,5,2024-07-24,2024-07-29
CMP03619,COL1221,Library,Low,Resolved,3,2021-11-03,2021-11-06
CMP03620,COL0889,Faculty,Medium,Resolved,29,2021-10-16,2021-11-14
CMP03621,COL0485,Faculty,Low,Pending,,2021-09-01,
CMP03622,COL0722,Faculty,Low,In Progress,,2026-06-02,
CMP03623,COL1534,Faculty,Medium,Resolved,22,2025-10-29,2025-11-20
CMP03624,COL1214,Library,Medium,Resolved,7,2023-09-05,2023-09-12
CMP03625,COL1535,Scholarship,High,Resolved,23,2025-01-22,2025-02-14
CMP03626,COL0048,Internet,Low,Resolved,9,2025-09-25,2025-10-04
CMP03627,COL0469,Scholarship,Medium,Pending,,2025-03-09,
CMP03628,COL1783,Hostel,High,Resolved,6,2024-07-04,2024-07-10
CMP03629,COL0421,Transport,High,Resolved,8,2021-08-19,2021-08-27
CMP03630,COL1631,Scholarship,High,Resolved,25,2025-01-06,2025-01-31
CMP03631,COL0405,Hostel,Low,Resolved,24,2025-01-22,2025-02-15
CMP03632,COL1641,Internet,Medium,Resolved,6,2024-07-28,2024-08-03
CMP03633,COL1685,Infrastructure,Low,Escalated,,2025-07-08,
CMP03634,COL1528,Transport,Low,Resolved,6,2024-03-06,2024-03-12
CMP03635,COL1065,Exam,High,Resolved,3,2026-07-09,2026-07-12
CMP03636,COL1074,Infrastructure,High,Resolved,21,2022-08-30,2022-09-20
CMP03637,COL0032,Transport,Medium,Resolved,14,2025-07-02,2025-07-16
CMP03638,COL0545,Infrastructure,Medium,Resolved,28,2021-12-18,2022-01-15
CMP03639,COL1563,Internet,Medium,Resolved,4,2024-12-22,2024-12-26
CMP03640,COL0253,Faculty,Medium,Resolved,30,2025-05-10,2025-06-09
CMP03641,COL1819,Library,Medium,Resolved,9,2023-02-21,2023-03-02
CMP03642,COL0035,Internet,High,Resolved,2,2026-04-03,2026-04-05
CMP03643,COL0248,Faculty,Low,Resolved,9,2023-03-22,2023-03-31
CMP03644,COL0895,Library,Low,Pending,,2024-02-25,
CMP03645,COL0598,Internet,Medium,Resolved,1,2021-08-13,2021-08-14
CMP03646,COL0981,Internet,Medium,Resolved,2,2021-10-08,2021-10-10
CMP03647,COL1562,Library,Medium,Resolved,1,2021-04-14,2021-04-15
CMP03648,COL0002,Exam,High,Pending,,2021-01-18,
CMP03649,COL0487,Faculty,Medium,Resolved,21,2026-03-19,2026-04-09
CMP03650,COL0545,Library,Low,Resolved,8,2025-10-28,2025-11-05
CMP03651,COL0194,Transport,Low,Resolved,4,2021-08-08,2021-08-12
CMP03652,COL0086,Internet,Low,Resolved,3,2025-09-22,2025-09-25
CMP03653,COL0526,Infrastructure,Low,Resolved,51,2026-05-19,2026-07-09
CMP03654,COL1800,Faculty,Medium,Resolved,17,2023-08-29,2023-09-15
CMP03655,COL1722,Internet,Medium,Resolved,7,2023-10-29,2023-11-05
CMP03656,COL1926,Internet,Low,Resolved,5,2024-10-25,2024-10-30
CMP03657,COL0760,Internet,Medium,Resolved,1,2024-05-18,2024-05-19
CMP03658,COL1790,Library,Low,Resolved,5,2023-05-08,2023-05-13
CMP03659,COL0200,Scholarship,High,Resolved,16,2022-03-04,2022-03-20
CMP03660,COL0291,Faculty,Medium,Resolved,30,2024-06-14,2024-07-14
CMP03661,COL1657,Faculty,Medium,Pending,,2025-03-17,
CMP03662,COL1620,Library,High,Resolved,2,2021-09-24,2021-09-26
CMP03663,COL1382,Internet,High,Resolved,4,2026-02-02,2026-02-06
CMP03664,COL0792,Faculty,Low,Resolved,31,2024-01-27,2024-02-27
CMP03665,COL0063,Scholarship,Medium,Resolved,18,2022-12-02,2022-12-20
CMP03666,COL0279,Faculty,High,Resolved,16,2022-04-10,2022-04-26
CMP03667,COL0621,Library,Low,Resolved,11,2026-01-07,2026-01-18
CMP03668,COL0695,Hostel,Medium,Pending,,2021-06-19,
CMP03669,COL0266,Internet,Medium,Resolved,6,2025-07-12,2025-07-18
CMP03670,COL1866,Transport,Low,Resolved,9,2024-12-19,2024-12-28
CMP03671,COL1600,Internet,Low,Resolved,5,2023-05-26,2023-05-31
CMP03672,COL0182,Faculty,Low,Resolved,18,2022-08-29,2022-09-16
CMP03673,COL1911,Faculty,High,Resolved,3,2021-04-24,2021-04-27
CMP03674,COL0532,Infrastructure,Medium,Resolved,37,2024-01-20,2024-02-26
CMP03675,COL0149,Transport,Medium,Resolved,8,2024-08-26,2024-09-03
CMP03676,COL0560,Faculty,Medium,Resolved,18,2021-03-25,2021-04-12
CMP03677,COL1097,Faculty,Medium,Resolved,19,2023-03-23,2023-04-11
CMP03678,COL1216,Library,Low,Resolved,8,2023-11-29,2023-12-07
CMP03679,COL0960,Faculty,Low,Resolved,14,2022-10-27,2022-11-10
CMP03680,COL1000,Internet,Medium,Resolved,4,2021-04-05,2021-04-09
CMP03681,COL1355,Library,High,Pending,,2025-02-24,
CMP03682,COL1202,Transport,Low,Resolved,3,2026-05-21,2026-05-24
CMP03683,COL0779,Scholarship,High,In Progress,,2026-06-30,
CMP03684,COL0898,Internet,Medium,Resolved,6,2022-08-30,2022-09-05
CMP03685,COL0971,Infrastructure,Medium,Resolved,21,2023-02-17,2023-03-10
CMP03686,COL1133,Faculty,High,Resolved,13,2024-06-12,2024-06-25
CMP03687,COL0566,Transport,Medium,Resolved,12,2023-02-27,2023-03-11
CMP03688,COL1563,Exam,High,Resolved,8,2021-12-21,2021-12-29
CMP03689,COL1015,Exam,Medium,Resolved,5,2025-02-13,2025-02-18
CMP03690,COL1068,Internet,Low,Resolved,8,2024-02-22,2024-03-01
CMP03691,COL1919,Infrastructure,High,Resolved,22,2026-05-30,2026-06-21
CMP03692,COL0040,Internet,Low,Escalated,,2022-10-06,
CMP03693,COL1453,Hostel,Medium,Resolved,12,2025-04-24,2025-05-06
CMP03694,COL0032,Scholarship,Medium,Resolved,27,2023-01-21,2023-02-17
CMP03695,COL0317,Exam,High,Resolved,6,2025-03-19,2025-03-25
CMP03696,COL1587,Transport,Medium,Resolved,7,2021-07-18,2021-07-25
CMP03697,COL0695,Hostel,Low,Escalated,,2024-07-20,
CMP03698,COL0042,Library,Low,Resolved,3,2024-01-11,2024-01-14
CMP03699,COL1883,Faculty,Medium,Resolved,15,2021-02-03,2021-02-18
CMP03700,COL1888,Exam,Medium,Resolved,7,2022-06-06,2022-06-13
CMP03701,COL1392,Exam,High,Resolved,4,2022-04-20,2022-04-24
CMP03702,COL1085,Hostel,Medium,Resolved,9,2025-12-26,2026-01-04
CMP03703,COL0388,Exam,High,Resolved,9,2024-09-02,2024-09-11
CMP03704,COL1657,Internet,High,Resolved,4,2022-06-21,2022-06-25
CMP03705,COL0858,Library,Low,Resolved,9,2024-09-17,2024-09-26
CMP03706,COL0815,Infrastructure,High,Resolved,23,2022-01-31,2022-02-23
CMP03707,COL0008,Faculty,High,Resolved,9,2025-08-06,2025-08-15
CMP03708,COL1971,Faculty,Low,Resolved,15,2021-11-16,2021-12-01
CMP03709,COL0156,Scholarship,Medium,Resolved,57,2026-02-17,2026-04-15
CMP03710,COL1390,Exam,High,Resolved,4,2021-06-03,2021-06-07
CMP03711,COL0662,Infrastructure,Medium,Resolved,6,2024-11-06,2024-11-12
CMP03712,COL1681,Exam,Medium,Pending,,2023-05-07,
CMP03713,COL0497,Transport,Medium,Resolved,3,2023-10-30,2023-11-02
CMP03714,COL1608,Infrastructure,Low,Resolved,23,2022-11-11,2022-12-04
CMP03715,COL0999,Transport,Low,Resolved,11,2024-08-19,2024-08-30
CMP03716,COL1575,Hostel,High,Resolved,7,2025-10-25,2025-11-01
CMP03717,COL0302,Transport,Medium,Pending,,2022-01-21,
CMP03718,COL1215,Transport,High,Resolved,8,2022-03-21,2022-03-29
CMP03719,COL1603,Transport,High,Resolved,4,2021-01-15,2021-01-19
CMP03720,COL0887,Infrastructure,Low,Escalated,,2022-03-18,
CMP03721,COL0884,Exam,Medium,Resolved,1,2025-12-28,2025-12-29
CMP03722,COL0468,Infrastructure,High,Resolved,14,2026-07-11,2026-07-25
CMP03723,COL1110,Faculty,Low,In Progress,,2024-11-29,
CMP03724,COL0621,Infrastructure,Medium,Resolved,32,2025-11-22,2025-12-24
CMP03725,COL1923,Transport,Low,Resolved,12,2024-10-14,2024-10-26
CMP03726,COL1438,Transport,High,Escalated,,2022-03-18,
CMP03727,COL1079,Library,Medium,Resolved,1,2023-08-13,2023-08-14
CMP03728,COL1822,Scholarship,High,Resolved,14,2024-01-23,2024-02-06
CMP03729,COL0939,Scholarship,High,Pending,,2026-07-17,
CMP03730,COL1289,Internet,Medium,Resolved,4,2026-03-23,2026-03-27
CMP03731,COL1189,Library,Low,Resolved,12,2026-01-17,2026-01-29
CMP03732,COL0232,Scholarship,High,Escalated,,2026-02-01,
CMP03733,COL1171,Internet,High,Escalated,,2022-02-12,
CMP03734,COL1229,Library,Low,Resolved,11,2024-05-26,2024-06-06
CMP03735,COL1324,Transport,Low,Resolved,8,2022-06-08,2022-06-16
CMP03736,COL0704,Internet,Low,Resolved,2,2023-10-14,2023-10-16
CMP03737,COL1731,Faculty,Low,Resolved,33,2022-03-04,2022-04-06
CMP03738,COL0245,Faculty,Medium,Pending,,2025-02-24,
CMP03739,COL1900,Infrastructure,Medium,Resolved,38,2024-05-26,2024-07-03
CMP03740,COL0025,Internet,Medium,Resolved,3,2021-04-14,2021-04-17
CMP03741,COL1233,Internet,High,Resolved,2,2024-07-03,2024-07-05
CMP03742,COL0969,Internet,Medium,Resolved,1,2023-07-18,2023-07-19
CMP03743,COL0101,Exam,Medium,Resolved,8,2023-06-27,2023-07-05
CMP03744,COL1814,Exam,Medium,Resolved,5,2025-05-28,2025-06-02
CMP03745,COL1793,Scholarship,Medium,Resolved,33,2023-03-04,2023-04-06
CMP03746,COL1541,Library,High,Resolved,3,2025-11-08,2025-11-11
CMP03747,COL0610,Library,Low,Resolved,7,2026-06-17,2026-06-24
CMP03748,COL0686,Faculty,Low,Resolved,12,2024-10-16,2024-10-28
CMP03749,COL0694,Faculty,Medium,Resolved,11,2025-10-19,2025-10-30
CMP03750,COL1313,Transport,Low,Resolved,4,2023-06-21,2023-06-25
CMP03751,COL0019,Infrastructure,Low,Resolved,24,2026-05-29,2026-06-22
CMP03752,COL1765,Transport,High,Resolved,6,2021-09-28,2021-10-04
CMP03753,COL0267,Exam,Medium,Resolved,10,2023-01-08,2023-01-18
CMP03754,COL1674,Exam,Low,Pending,,2024-01-05,
CMP03755,COL0888,Scholarship,Low,Resolved,62,2021-05-12,2021-07-13
CMP03756,COL1955,Internet,High,Resolved,4,2024-11-23,2024-11-27
CMP03757,COL1579,Faculty,Medium,Resolved,21,2022-05-29,2022-06-19
CMP03758,COL0984,Transport,Low,Resolved,18,2024-11-03,2024-11-21
CMP03759,COL1481,Internet,High,Resolved,2,2025-10-24,2025-10-26
CMP03760,COL1213,Faculty,High,Resolved,8,2025-04-17,2025-04-25
CMP03761,COL0040,Library,Low,Resolved,3,2023-03-01,2023-03-04
CMP03762,COL0077,Hostel,Medium,Resolved,13,2021-02-01,2021-02-14
CMP03763,COL0587,Faculty,High,Resolved,13,2023-06-04,2023-06-17
CMP03764,COL1897,Internet,Medium,Resolved,3,2021-01-06,2021-01-09
CMP03765,COL1496,Hostel,Medium,In Progress,,2021-06-07,
CMP03766,COL0686,Infrastructure,Low,Resolved,40,2021-11-18,2021-12-28
CMP03767,COL1362,Internet,Medium,Resolved,3,2022-12-05,2022-12-08
CMP03768,COL0830,Infrastructure,Low,Resolved,32,2022-09-01,2022-10-03
CMP03769,COL0512,Exam,High,Resolved,5,2023-04-04,2023-04-09
CMP03770,COL1368,Exam,High,Resolved,3,2021-12-19,2021-12-22
CMP03771,COL0622,Scholarship,High,Resolved,25,2021-09-25,2021-10-20
CMP03772,COL1311,Exam,High,Resolved,3,2024-05-26,2024-05-29
CMP03773,COL0403,Infrastructure,Medium,Resolved,9,2024-09-18,2024-09-27
CMP03774,COL1365,Infrastructure,Medium,Resolved,23,2022-09-14,2022-10-07
CMP03775,COL1585,Faculty,Low,Resolved,25,2024-01-30,2024-02-24
CMP03776,COL0942,Faculty,Medium,Resolved,13,2024-02-15,2024-02-28
CMP03777,COL0091,Hostel,High,Resolved,9,2023-07-01,2023-07-10
CMP03778,COL1325,Library,Low,Resolved,5,2023-10-20,2023-10-25
CMP03779,COL1684,Infrastructure,Low,Resolved,33,2021-10-06,2021-11-08
CMP03780,COL1883,Faculty,High,Resolved,7,2023-01-12,2023-01-19
CMP03781,COL0926,Infrastructure,Medium,Pending,,2023-12-08,
CMP03782,COL1073,Faculty,High,Resolved,16,2023-04-14,2023-04-30
CMP03783,COL0508,Infrastructure,High,Resolved,25,2024-02-17,2024-03-13
CMP03784,COL1100,Library,Low,Pending,,2025-08-01,
CMP03785,COL0552,Exam,High,Escalated,,2026-06-21,
CMP03786,COL1593,Scholarship,Medium,Pending,,2022-06-28,
CMP03787,COL0068,Scholarship,Medium,Resolved,36,2023-05-08,2023-06-13
CMP03788,COL0482,Internet,Low,Resolved,2,2024-08-16,2024-08-18
CMP03789,COL1625,Scholarship,Medium,Resolved,58,2023-04-30,2023-06-27
CMP03790,COL1397,Scholarship,Low,Resolved,9,2023-02-24,2023-03-05
CMP03791,COL1676,Scholarship,High,Resolved,26,2026-06-11,2026-07-07
CMP03792,COL1221,Scholarship,Low,Resolved,23,2023-08-09,2023-09-01
CMP03793,COL0117,Library,Low,Resolved,9,2023-01-04,2023-01-13
CMP03794,COL1103,Hostel,High,Resolved,11,2021-07-05,2021-07-16
CMP03795,COL0031,Exam,Medium,Resolved,6,2021-05-10,2021-05-16
CMP03796,COL1805,Internet,Medium,Resolved,2,2025-06-10,2025-06-12
CMP03797,COL1018,Infrastructure,Medium,Resolved,15,2025-07-01,2025-07-16
CMP03798,COL0678,Hostel,Low,In Progress,,2023-07-19,
CMP03799,COL1689,Library,Medium,Resolved,5,2021-11-30,2021-12-05
CMP03800,COL1849,Faculty,Low,Resolved,32,2025-04-30,2025-06-01
CMP03801,COL1121,Transport,Medium,Pending,,2025-01-10,
CMP03802,COL1441,Library,Low,Resolved,7,2021-02-19,2021-02-26
CMP03803,COL0590,Faculty,Medium,Resolved,16,2022-01-23,2022-02-08
CMP03804,COL0896,Transport,Low,Resolved,10,2022-11-20,2022-11-30
CMP03805,COL1576,Faculty,Medium,In Progress,,2022-10-19,
CMP03806,COL1857,Faculty,Medium,Resolved,27,2026-04-29,2026-05-26
CMP03807,COL0813,Faculty,Medium,In Progress,,2025-10-02,
CMP03808,COL1928,Exam,High,Resolved,4,2022-04-25,2022-04-29
CMP03809,COL0548,Library,Medium,Resolved,3,2024-11-10,2024-11-13
CMP03810,COL0722,Exam,High,Escalated,,2025-10-05,
CMP03811,COL0250,Transport,Low,Resolved,13,2024-06-24,2024-07-07
CMP03812,COL1638,Library,Low,Resolved,12,2025-10-24,2025-11-05
CMP03813,COL0399,Infrastructure,High,Resolved,10,2023-01-09,2023-01-19
CMP03814,COL0428,Transport,High,Resolved,8,2025-06-17,2025-06-25
CMP03815,COL0592,Scholarship,Medium,Resolved,59,2025-11-12,2026-01-10
CMP03816,COL1963,Internet,Medium,Resolved,5,2025-06-09,2025-06-14
CMP03817,COL0049,Internet,Low,Resolved,9,2025-08-18,2025-08-27
CMP03818,COL0750,Exam,High,Resolved,7,2022-11-02,2022-11-09
CMP03819,COL0619,Faculty,Medium,Resolved,25,2024-08-26,2024-09-20
CMP03820,COL0876,Transport,High,Resolved,6,2024-08-06,2024-08-12
CMP03821,COL0884,Internet,Low,In Progress,,2023-04-18,
CMP03822,COL1342,Library,Low,Resolved,7,2024-08-11,2024-08-18
CMP03823,COL1571,Scholarship,High,Pending,,2023-02-05,
CMP03824,COL0875,Transport,Low,Resolved,18,2021-01-15,2021-02-02
CMP03825,COL1895,Scholarship,High,Pending,,2026-05-28,
CMP03826,COL1279,Infrastructure,Medium,Resolved,27,2024-12-22,2025-01-18
CMP03827,COL0503,Internet,Low,Resolved,7,2025-04-10,2025-04-17
CMP03828,COL0386,Infrastructure,Medium,Resolved,43,2024-11-15,2024-12-28
CMP03829,COL0126,Faculty,High,Resolved,13,2023-07-25,2023-08-07
CMP03830,COL1426,Library,Medium,Resolved,4,2026-05-29,2026-06-02
CMP03831,COL1561,Transport,Low,Resolved,6,2025-10-29,2025-11-04
CMP03832,COL0762,Infrastructure,Medium,Resolved,19,2025-03-16,2025-04-04
CMP03833,COL1042,Transport,Low,Resolved,9,2022-02-22,2022-03-03
CMP03834,COL1824,Library,Low,Resolved,8,2024-01-03,2024-01-11
CMP03835,COL0281,Hostel,Medium,Resolved,18,2024-08-25,2024-09-12
CMP03836,COL0237,Library,Low,Resolved,8,2026-06-06,2026-06-14
CMP03837,COL0521,Scholarship,High,Resolved,21,2023-11-21,2023-12-12
CMP03838,COL1328,Library,Low,Resolved,12,2026-06-07,2026-06-19
CMP03839,COL1112,Scholarship,Medium,Resolved,27,2026-06-20,2026-07-17
CMP03840,COL1408,Transport,High,Resolved,8,2022-02-04,2022-02-12
CMP03841,COL0852,Infrastructure,Low,Resolved,42,2021-07-20,2021-08-31
CMP03842,COL1473,Internet,Medium,Escalated,,2022-03-22,
CMP03843,COL1339,Exam,High,Resolved,3,2024-11-24,2024-11-27
CMP03844,COL1554,Internet,Low,Resolved,9,2025-07-21,2025-07-30
CMP03845,COL0895,Library,Low,Resolved,9,2024-12-25,2025-01-03
CMP03846,COL0209,Transport,Low,Resolved,9,2026-06-28,2026-07-07
CMP03847,COL0352,Infrastructure,Medium,Escalated,,2021-12-03,
CMP03848,COL0327,Scholarship,Low,Resolved,35,2025-07-30,2025-09-03
CMP03849,COL0407,Scholarship,Low,Resolved,49,2023-09-21,2023-11-09
CMP03850,COL0280,Infrastructure,Medium,Resolved,15,2022-09-16,2022-10-01
CMP03851,COL1662,Exam,Medium,Resolved,4,2024-02-04,2024-02-08
CMP03852,COL0594,Scholarship,High,Resolved,11,2021-12-29,2022-01-09
CMP03853,COL0259,Infrastructure,High,Resolved,26,2024-11-15,2024-12-11
CMP03854,COL0281,Hostel,Medium,Resolved,15,2026-07-06,2026-07-21
CMP03855,COL1912,Transport,Medium,Resolved,5,2025-03-25,2025-03-30
CMP03856,COL1423,Exam,High,Pending,,2025-12-14,
CMP03857,COL1373,Internet,Low,Resolved,5,2022-07-27,2022-08-01
CMP03858,COL1629,Library,Low,Resolved,12,2024-07-17,2024-07-29
CMP03859,COL1809,Library,High,Resolved,2,2023-05-25,2023-05-27
CMP03860,COL1239,Transport,Low,Resolved,7,2021-05-13,2021-05-20
CMP03861,COL1316,Internet,Low,Resolved,3,2022-12-10,2022-12-13
CMP03862,COL1047,Exam,High,Resolved,2,2021-04-24,2021-04-26
CMP03863,COL1394,Faculty,Medium,Resolved,29,2023-06-09,2023-07-08
CMP03864,COL0864,Infrastructure,High,Resolved,5,2021-04-04,2021-04-09
CMP03865,COL1319,Scholarship,High,Resolved,35,2021-03-26,2021-04-30
CMP03866,COL0874,Scholarship,High,Resolved,17,2022-08-28,2022-09-14
CMP03867,COL0285,Faculty,Low,Resolved,18,2021-07-05,2021-07-23
CMP03868,COL1868,Infrastructure,High,In Progress,,2025-12-26,
CMP03869,COL1512,Scholarship,Medium,Resolved,26,2021-02-28,2021-03-26
CMP03870,COL0760,Faculty,High,Resolved,10,2026-04-09,2026-04-19
CMP03871,COL0666,Internet,Medium,Escalated,,2024-08-30,
CMP03872,COL1204,Library,High,In Progress,,2025-12-30,
CMP03873,COL1939,Faculty,Medium,Resolved,6,2023-01-24,2023-01-30
CMP03874,COL1827,Exam,Medium,Resolved,8,2021-12-18,2021-12-26
CMP03875,COL1862,Exam,Medium,Resolved,14,2021-09-15,2021-09-29
CMP03876,COL0692,Internet,High,Pending,,2024-06-23,
CMP03877,COL1277,Transport,Low,Resolved,5,2022-02-25,2022-03-02
CMP03878,COL0781,Infrastructure,High,Resolved,21,2024-07-16,2024-08-06
CMP03879,COL1854,Transport,Low,In Progress,,2026-07-22,
CMP03880,COL0561,Transport,Medium,Resolved,14,2023-06-09,2023-06-23
CMP03881,COL1803,Library,High,Resolved,4,2021-11-22,2021-11-26
CMP03882,COL0062,Transport,Low,Resolved,5,2023-08-31,2023-09-05
CMP03883,COL1151,Library,Medium,Resolved,7,2026-02-20,2026-02-27
CMP03884,COL1859,Scholarship,Low,Resolved,38,2021-02-23,2021-04-02
CMP03885,COL0685,Hostel,Low,Resolved,13,2023-10-23,2023-11-05
CMP03886,COL0498,Exam,Medium,In Progress,,2024-11-16,
CMP03887,COL1052,Library,Medium,Resolved,1,2022-09-09,2022-09-10
CMP03888,COL0650,Infrastructure,Medium,Resolved,34,2023-04-20,2023-05-24
CMP03889,COL1103,Faculty,Medium,Resolved,22,2021-10-23,2021-11-14
CMP03890,COL0830,Faculty,Medium,Resolved,26,2024-11-06,2024-12-02
CMP03891,COL1865,Library,Medium,Resolved,8,2021-02-18,2021-02-26
CMP03892,COL0390,Scholarship,High,Resolved,11,2024-04-10,2024-04-21
CMP03893,COL1249,Internet,Low,Resolved,2,2021-06-23,2021-06-25
CMP03894,COL0615,Internet,Low,Resolved,7,2023-07-29,2023-08-05
CMP03895,COL0489,Infrastructure,Medium,Resolved,45,2025-06-21,2025-08-05
CMP03896,COL0795,Infrastructure,Medium,Resolved,14,2021-02-26,2021-03-12
CMP03897,COL1418,Infrastructure,Medium,Pending,,2025-09-17,
CMP03898,COL0139,Exam,Medium,Resolved,7,2022-02-02,2022-02-09
CMP03899,COL1907,Scholarship,Medium,Resolved,8,2024-01-28,2024-02-05
CMP03900,COL1425,Internet,Medium,In Progress,,2022-03-05,
CMP03901,COL1739,Internet,Medium,Resolved,4,2021-06-10,2021-06-14
CMP03902,COL1728,Infrastructure,Low,In Progress,,2022-07-25,
CMP03903,COL0222,Scholarship,Low,In Progress,,2021-12-18,
CMP03904,COL1327,Faculty,High,Escalated,,2024-11-28,
CMP03905,COL1770,Exam,Low,Resolved,18,2025-09-26,2025-10-14
CMP03906,COL0716,Faculty,Medium,Resolved,9,2024-11-02,2024-11-11
CMP03907,COL1538,Transport,Medium,Resolved,5,2026-01-08,2026-01-13
CMP03908,COL0350,Infrastructure,High,Resolved,26,2023-07-19,2023-08-14
CMP03909,COL1138,Infrastructure,Low,Resolved,26,2024-04-21,2024-05-17
CMP03910,COL0499,Hostel,High,Pending,,2022-07-31,
CMP03911,COL1776,Transport,Low,Resolved,13,2024-07-22,2024-08-04
CMP03912,COL0221,Infrastructure,Low,Resolved,13,2021-05-27,2021-06-09
CMP03913,COL0209,Infrastructure,High,Resolved,12,2025-02-01,2025-02-13
CMP03914,COL1761,Scholarship,Medium,Resolved,32,2025-06-14,2025-07-16
CMP03915,COL0246,Library,High,Resolved,2,2025-06-22,2025-06-24
CMP03916,COL0508,Transport,High,Resolved,6,2022-07-01,2022-07-07
CMP03917,COL0390,Infrastructure,High,Resolved,10,2023-05-04,2023-05-14
CMP03918,COL0197,Infrastructure,High,Resolved,15,2024-10-22,2024-11-06
CMP03919,COL0344,Internet,Medium,Resolved,7,2021-06-05,2021-06-12
CMP03920,COL0091,Infrastructure,Medium,Resolved,9,2025-05-31,2025-06-09
CMP03921,COL0547,Transport,High,Resolved,1,2024-03-13,2024-03-14
CMP03922,COL1299,Transport,Medium,Resolved,12,2023-02-09,2023-02-21
CMP03923,COL1711,Internet,Low,In Progress,,2026-03-24,
CMP03924,COL0781,Faculty,High,Resolved,7,2026-04-22,2026-04-29
CMP03925,COL0579,Scholarship,Medium,Resolved,29,2024-03-24,2024-04-22
CMP03926,COL1250,Scholarship,High,Resolved,24,2021-03-17,2021-04-10
CMP03927,COL0552,Infrastructure,Medium,Resolved,33,2022-02-22,2022-03-27
CMP03928,COL1330,Faculty,Medium,Resolved,29,2025-03-28,2025-04-26
CMP03929,COL1069,Scholarship,Medium,Resolved,60,2024-02-16,2024-04-16
CMP03930,COL1975,Internet,Medium,Resolved,1,2023-05-02,2023-05-03
CMP03931,COL0340,Infrastructure,High,Resolved,15,2022-02-27,2022-03-14
CMP03932,COL0589,Internet,Low,Resolved,5,2021-07-22,2021-07-27
CMP03933,COL1720,Library,Medium,Resolved,1,2021-03-10,2021-03-11
CMP03934,COL0498,Hostel,Medium,Resolved,14,2025-11-15,2025-11-29
CMP03935,COL1254,Hostel,High,Resolved,9,2021-03-28,2021-04-06
CMP03936,COL1402,Internet,Medium,Resolved,2,2021-11-07,2021-11-09
CMP03937,COL0363,Faculty,High,Resolved,14,2024-05-09,2024-05-23
CMP03938,COL0962,Exam,Medium,Resolved,10,2023-10-31,2023-11-10
CMP03939,COL0660,Hostel,High,Resolved,9,2024-10-28,2024-11-06
CMP03940,COL1648,Hostel,High,Resolved,10,2023-08-04,2023-08-14
CMP03941,COL0109,Faculty,Low,Resolved,11,2023-12-04,2023-12-15
CMP03942,COL0686,Exam,High,Resolved,5,2025-11-01,2025-11-06
CMP03943,COL1275,Internet,Low,Resolved,8,2021-07-24,2021-08-01
CMP03944,COL0619,Infrastructure,Medium,Resolved,27,2021-04-29,2021-05-26
CMP03945,COL0517,Scholarship,Low,Resolved,53,2023-02-16,2023-04-10
CMP03946,COL0683,Transport,Medium,Resolved,7,2025-10-31,2025-11-07
CMP03947,COL0426,Faculty,High,Resolved,13,2023-10-14,2023-10-27
CMP03948,COL1785,Library,Medium,Resolved,2,2023-01-17,2023-01-19
CMP03949,COL0569,Library,Low,In Progress,,2021-10-12,
CMP03950,COL0030,Faculty,Medium,Resolved,9,2023-05-17,2023-05-26
CMP03951,COL1415,Infrastructure,Medium,Escalated,,2021-07-09,
CMP03952,COL0548,Internet,Medium,Resolved,1,2025-12-05,2025-12-06
CMP03953,COL1407,Infrastructure,Medium,Resolved,42,2024-05-02,2024-06-13
CMP03954,COL1434,Infrastructure,Medium,Resolved,42,2024-11-02,2024-12-14
CMP03955,COL0419,Transport,High,Resolved,6,2024-06-12,2024-06-18
CMP03956,COL1755,Faculty,Medium,Resolved,7,2026-04-17,2026-04-24
CMP03957,COL1030,Scholarship,High,In Progress,,2023-01-22,
CMP03958,COL0108,Infrastructure,Low,Resolved,21,2022-06-13,2022-07-04
CMP03959,COL0735,Internet,High,Resolved,4,2026-01-12,2026-01-16
CMP03960,COL0327,Internet,Medium,In Progress,,2024-11-06,
CMP03961,COL1376,Library,Medium,Resolved,4,2024-09-16,2024-09-20
CMP03962,COL0457,Internet,High,Resolved,2,2021-11-26,2021-11-28
CMP03963,COL1200,Transport,Medium,In Progress,,2022-12-18,
CMP03964,COL1294,Faculty,Medium,Resolved,21,2025-01-06,2025-01-27
CMP03965,COL0585,Infrastructure,Medium,Resolved,40,2025-03-22,2025-05-01
CMP03966,COL1888,Scholarship,Medium,Resolved,25,2025-01-11,2025-02-05
CMP03967,COL1904,Library,High,Resolved,5,2024-12-21,2024-12-26
CMP03968,COL0224,Transport,Medium,Resolved,6,2024-11-28,2024-12-04
CMP03969,COL1152,Internet,High,Escalated,,2024-02-14,
CMP03970,COL1982,Exam,Medium,Escalated,,2021-06-05,
CMP03971,COL0337,Scholarship,Medium,Resolved,58,2025-10-15,2025-12-12
CMP03972,COL0034,Scholarship,High,Resolved,15,2022-02-24,2022-03-11
CMP03973,COL0096,Hostel,Medium,Resolved,11,2022-11-08,2022-11-19
CMP03974,COL1333,Internet,Medium,In Progress,,2021-10-13,
CMP03975,COL0360,Exam,Medium,Resolved,2,2024-05-20,2024-05-22
CMP03976,COL1779,Scholarship,Medium,Resolved,21,2023-08-22,2023-09-12
CMP03977,COL0857,Scholarship,Medium,Resolved,22,2022-04-28,2022-05-20
CMP03978,COL0451,Infrastructure,High,Resolved,5,2024-10-07,2024-10-12
CMP03979,COL0172,Faculty,Medium,Resolved,13,2025-05-21,2025-06-03
CMP03980,COL1575,Infrastructure,Low,Resolved,33,2021-10-21,2021-11-23
CMP03981,COL1772,Infrastructure,Medium,Resolved,43,2022-08-05,2022-09-17
CMP03982,COL1703,Internet,Low,Resolved,3,2022-01-20,2022-01-23
CMP03983,COL1799,Infrastructure,Medium,Resolved,18,2024-05-15,2024-06-02
CMP03984,COL0276,Infrastructure,Medium,Resolved,43,2022-10-23,2022-12-05
CMP03985,COL0638,Scholarship,High,Resolved,13,2023-06-24,2023-07-07
CMP03986,COL1215,Library,Low,Resolved,6,2022-09-28,2022-10-04
CMP03987,COL0273,Infrastructure,Low,Resolved,8,2022-11-05,2022-11-13
CMP03988,COL1835,Hostel,Low,Resolved,20,2022-06-04,2022-06-24
CMP03989,COL1462,Exam,Medium,Resolved,3,2025-01-15,2025-01-18
CMP03990,COL0768,Library,Low,Resolved,2,2022-11-23,2022-11-25
CMP03991,COL1517,Scholarship,High,Escalated,,2025-03-02,
CMP03992,COL1304,Exam,High,Pending,,2023-05-24,
CMP03993,COL0800,Exam,Medium,Resolved,14,2025-01-26,2025-02-09
CMP03994,COL1579,Scholarship,Medium,Resolved,22,2025-09-25,2025-10-17
CMP03995,COL0730,Transport,Low,Resolved,16,2022-07-07,2022-07-23
CMP03996,COL0015,Faculty,Low,Resolved,9,2023-02-18,2023-02-27
CMP03997,COL1247,Internet,Medium,Resolved,2,2024-05-05,2024-05-07
CMP03998,COL0506,Infrastructure,Medium,Pending,,2024-07-27,
CMP03999,COL0513,Faculty,Medium,Resolved,4,2025-05-10,2025-05-14
CMP04000,COL0821,Library,Medium,Resolved,5,2024-10-18,2024-10-23
CMP04001,COL1246,Internet,Low,Resolved,7,2023-01-28,2023-02-04
CMP04002,COL1218,Hostel,Medium,Resolved,11,2026-07-06,2026-07-17
CMP04003,COL1685,Exam,High,Resolved,2,2025-10-18,2025-10-20
CMP04004,COL1087,Exam,High,Resolved,1,2025-10-09,2025-10-10
CMP04005,COL0928,Library,Low,In Progress,,2025-06-05,
CMP04006,COL1919,Infrastructure,Low,Resolved,27,2023-04-14,2023-05-11
CMP04007,COL1983,Faculty,Medium,Resolved,25,2021-09-25,2021-10-20
CMP04008,COL1693,Internet,Low,Resolved,6,2021-11-05,2021-11-11
CMP04009,COL1005,Hostel,Medium,Escalated,,2022-11-30,
CMP04010,COL0067,Faculty,High,Resolved,10,2021-07-20,2021-07-30
CMP04011,COL0877,Hostel,Medium,Resolved,5,2021-06-11,2021-06-16
CMP04012,COL1550,Scholarship,High,Pending,,2021-06-14,
CMP04013,COL1732,Scholarship,High,Resolved,12,2025-07-07,2025-07-19
CMP04014,COL1326,Infrastructure,Low,Resolved,55,2022-09-30,2022-11-24
CMP04015,COL0697,Scholarship,High,Escalated,,2026-07-25,
CMP04016,COL0175,Scholarship,Medium,Escalated,,2023-09-20,
CMP04017,COL1943,Library,Medium,Resolved,1,2024-03-30,2024-03-31
CMP04018,COL1626,Library,Low,Resolved,6,2025-02-18,2025-02-24
CMP04019,COL0745,Infrastructure,High,Resolved,19,2022-04-14,2022-05-03
CMP04020,COL0696,Library,Low,Pending,,2024-06-17,
CMP04021,COL0079,Internet,Medium,Resolved,4,2024-02-19,2024-02-23
CMP04022,COL1007,Exam,Medium,Resolved,12,2024-01-06,2024-01-18
CMP04023,COL1666,Transport,Low,Escalated,,2026-02-12,
CMP04024,COL1908,Hostel,Medium,Pending,,2025-06-14,
CMP04025,COL0389,Scholarship,Low,Resolved,27,2024-02-02,2024-02-29
CMP04026,COL0772,Faculty,Medium,Resolved,26,2021-01-28,2021-02-23
CMP04027,COL1154,Scholarship,Low,Resolved,9,2026-05-24,2026-06-02
CMP04028,COL1069,Exam,Low,Pending,,2021-06-11,
CMP04029,COL0635,Infrastructure,High,Resolved,17,2021-02-25,2021-03-14
CMP04030,COL0396,Hostel,Low,Resolved,3,2022-10-29,2022-11-01
CMP04031,COL0102,Scholarship,Low,Resolved,73,2025-05-29,2025-08-10
CMP04032,COL0641,Internet,High,Resolved,3,2023-02-26,2023-03-01
CMP04033,COL0380,Scholarship,High,Resolved,11,2023-12-16,2023-12-27
CMP04034,COL1780,Hostel,High,Resolved,8,2021-04-30,2021-05-08
CMP04035,COL0807,Exam,Medium,Resolved,2,2024-05-31,2024-06-02
CMP04036,COL0093,Internet,Medium,Resolved,2,2025-11-12,2025-11-14
CMP04037,COL1435,Hostel,Medium,Resolved,3,2024-04-14,2024-04-17
CMP04038,COL1774,Library,Low,Resolved,5,2024-02-17,2024-02-22
CMP04039,COL1640,Library,Medium,In Progress,,2022-11-14,
CMP04040,COL1188,Infrastructure,Medium,Pending,,2022-12-10,
CMP04041,COL0385,Hostel,Medium,Resolved,15,2024-10-17,2024-11-01
CMP04042,COL1982,Transport,Low,In Progress,,2023-03-24,
CMP04043,COL1664,Internet,Low,Resolved,7,2021-11-07,2021-11-14
CMP04044,COL0117,Exam,Low,Pending,,2026-07-13,
CMP04045,COL1877,Faculty,High,Resolved,13,2025-01-16,2025-01-29
CMP04046,COL0055,Faculty,Low,In Progress,,2021-06-30,
CMP04047,COL0486,Faculty,Medium,Resolved,17,2024-11-02,2024-11-19
CMP04048,COL1841,Internet,Medium,Resolved,6,2026-05-17,2026-05-23
CMP04049,COL0287,Transport,High,Resolved,8,2024-10-08,2024-10-16
CMP04050,COL1963,Exam,High,In Progress,,2025-09-21,
CMP04051,COL0311,Library,Low,Resolved,11,2023-05-24,2023-06-04
CMP04052,COL0520,Transport,Low,Resolved,18,2025-02-21,2025-03-11
CMP04053,COL1035,Internet,Medium,Resolved,5,2022-05-02,2022-05-07
CMP04054,COL1363,Internet,Medium,Resolved,7,2022-12-23,2022-12-30
CMP04055,COL1966,Hostel,Medium,Resolved,13,2023-09-02,2023-09-15
CMP04056,COL1734,Scholarship,High,In Progress,,2022-05-02,
CMP04057,COL1125,Faculty,Medium,Resolved,23,2026-02-23,2026-03-18
CMP04058,COL0056,Scholarship,High,In Progress,,2023-11-22,
CMP04059,COL0783,Exam,Low,Resolved,9,2024-06-13,2024-06-22
CMP04060,COL1625,Exam,High,Resolved,3,2021-11-03,2021-11-06
CMP04061,COL1162,Infrastructure,Low,Resolved,18,2023-03-03,2023-03-21
CMP04062,COL1477,Infrastructure,Medium,Resolved,15,2025-06-26,2025-07-11
CMP04063,COL0706,Transport,Medium,Resolved,14,2024-02-19,2024-03-04
CMP04064,COL1167,Faculty,Medium,Resolved,24,2024-04-26,2024-05-20
CMP04065,COL1303,Transport,Low,Pending,,2024-01-08,
CMP04066,COL0195,Scholarship,Medium,Resolved,7,2023-11-14,2023-11-21
CMP04067,COL1496,Internet,Low,Resolved,7,2021-02-10,2021-02-17
CMP04068,COL0355,Infrastructure,Medium,Resolved,18,2021-09-13,2021-10-01
CMP04069,COL0838,Exam,Low,Pending,,2021-07-27,
CMP04070,COL1213,Exam,High,Resolved,6,2025-02-24,2025-03-02
CMP04071,COL1983,Internet,Low,Pending,,2024-12-09,
CMP04072,COL0908,Scholarship,Low,In Progress,,2026-06-16,
CMP04073,COL1050,Exam,Medium,Resolved,9,2022-12-30,2023-01-08
CMP04074,COL0057,Exam,Medium,Pending,,2022-07-19,
CMP04075,COL0222,Exam,High,Resolved,4,2023-04-04,2023-04-08
CMP04076,COL0955,Transport,High,Resolved,8,2024-07-03,2024-07-11
CMP04077,COL0470,Internet,Low,Pending,,2021-10-26,
CMP04078,COL0953,Infrastructure,High,Resolved,22,2023-01-19,2023-02-10
CMP04079,COL0763,Faculty,High,Resolved,15,2021-12-13,2021-12-28
CMP04080,COL0369,Hostel,High,Resolved,10,2023-08-01,2023-08-11
CMP04081,COL1033,Internet,Low,Resolved,9,2024-01-23,2024-02-01
CMP04082,COL1583,Internet,Medium,Escalated,,2021-02-25,
CMP04083,COL0403,Scholarship,High,Resolved,8,2022-07-26,2022-08-03
CMP04084,COL1170,Faculty,Medium,Resolved,3,2026-01-12,2026-01-15
CMP04085,COL0099,Hostel,High,Resolved,9,2021-02-05,2021-02-14
CMP04086,COL0411,Transport,High,Pending,,2023-04-30,
CMP04087,COL1407,Infrastructure,Low,Resolved,47,2025-03-08,2025-04-24
CMP04088,COL0643,Internet,Low,In Progress,,2023-04-13,
CMP04089,COL1754,Exam,Medium,Resolved,4,2024-12-31,2025-01-04
CMP04090,COL0330,Faculty,High,Resolved,3,2023-11-05,2023-11-08
CMP04091,COL0015,Scholarship,Medium,Resolved,12,2025-03-27,2025-04-08
CMP04092,COL0497,Hostel,Medium,Resolved,13,2024-05-28,2024-06-10
CMP04093,COL1910,Library,Low,Resolved,10,2022-06-08,2022-06-18
CMP04094,COL0691,Scholarship,Medium,In Progress,,2025-07-22,
CMP04095,COL1996,Library,Medium,Resolved,7,2024-05-03,2024-05-10
CMP04096,COL1326,Transport,Low,Pending,,2026-03-03,
CMP04097,COL1499,Internet,Medium,Pending,,2022-03-07,
CMP04098,COL0942,Scholarship,High,Pending,,2023-06-06,
CMP04099,COL1859,Transport,Medium,Resolved,6,2022-10-15,2022-10-21
CMP04100,COL0636,Library,Medium,Resolved,4,2022-03-10,2022-03-14
CMP04101,COL0731,Exam,High,Resolved,1,2022-12-14,2022-12-15
CMP04102,COL0328,Scholarship,High,Resolved,24,2023-12-11,2024-01-04
CMP04103,COL1321,Exam,High,Resolved,5,2024-01-22,2024-01-27
CMP04104,COL0990,Internet,Medium,Resolved,6,2023-11-01,2023-11-07
CMP04105,COL0035,Library,High,Resolved,1,2022-10-01,2022-10-02
CMP04106,COL0252,Infrastructure,Medium,Resolved,45,2021-10-08,2021-11-22
CMP04107,COL1296,Internet,Medium,Resolved,2,2025-03-16,2025-03-18
CMP04108,COL0773,Scholarship,Medium,Resolved,14,2023-04-27,2023-05-11
CMP04109,COL1938,Library,High,Resolved,1,2025-10-07,2025-10-08
CMP04110,COL0146,Internet,Low,Resolved,7,2025-10-29,2025-11-05
CMP04111,COL1783,Internet,Medium,Resolved,6,2022-03-31,2022-04-06
CMP04112,COL1375,Faculty,Low,Resolved,9,2023-10-23,2023-11-01
CMP04113,COL0011,Internet,Low,Escalated,,2023-09-11,
CMP04114,COL1832,Faculty,Medium,Resolved,14,2021-10-13,2021-10-27
CMP04115,COL1898,Library,Low,In Progress,,2025-09-23,
CMP04116,COL1922,Transport,Low,Resolved,11,2022-12-29,2023-01-09
CMP04117,COL1111,Exam,High,Resolved,8,2021-10-01,2021-10-09
CMP04118,COL0029,Faculty,Medium,In Progress,,2026-07-13,
CMP04119,COL0929,Library,Medium,Resolved,10,2026-05-19,2026-05-29
CMP04120,COL1711,Hostel,Medium,Resolved,18,2026-02-21,2026-03-11
CMP04121,COL0051,Exam,High,Resolved,7,2022-01-28,2022-02-04
CMP04122,COL0121,Hostel,High,Resolved,8,2024-10-18,2024-10-26
CMP04123,COL0466,Scholarship,Medium,Resolved,45,2023-10-07,2023-11-21
CMP04124,COL0604,Infrastructure,Medium,Resolved,41,2021-01-04,2021-02-14
CMP04125,COL0123,Infrastructure,Medium,Pending,,2026-05-23,
CMP04126,COL1973,Exam,High,Pending,,2023-12-31,
CMP04127,COL0552,Scholarship,High,Resolved,26,2021-09-10,2021-10-06
CMP04128,COL1811,Faculty,Medium,Resolved,18,2025-03-06,2025-03-24
CMP04129,COL0146,Library,Medium,Resolved,10,2023-12-07,2023-12-17
CMP04130,COL1075,Transport,Low,Resolved,8,2026-06-22,2026-06-30
CMP04131,COL1816,Exam,Low,Resolved,10,2025-11-25,2025-12-05
CMP04132,COL1356,Transport,Medium,Resolved,10,2022-12-11,2022-12-21
CMP04133,COL1890,Transport,Medium,In Progress,,2026-07-20,
CMP04134,COL1805,Exam,High,Resolved,1,2026-03-30,2026-03-31
CMP04135,COL1884,Library,Medium,Resolved,1,2022-05-04,2022-05-05
CMP04136,COL0669,Internet,High,Resolved,2,2021-12-21,2021-12-23
CMP04137,COL1908,Library,Low,Pending,,2023-12-11,
CMP04138,COL0617,Scholarship,Medium,Resolved,19,2024-07-10,2024-07-29
CMP04139,COL1166,Transport,Medium,Resolved,5,2024-04-19,2024-04-24
CMP04140,COL1060,Infrastructure,Low,Resolved,40,2023-04-13,2023-05-23
CMP04141,COL0213,Internet,Low,In Progress,,2025-07-16,
CMP04142,COL1726,Faculty,High,Resolved,17,2025-09-08,2025-09-25
CMP04143,COL0176,Exam,Medium,Escalated,,2022-12-15,
CMP04144,COL0528,Library,Medium,Resolved,9,2024-10-18,2024-10-27
CMP04145,COL0723,Exam,High,Resolved,8,2024-04-18,2024-04-26
CMP04146,COL0324,Infrastructure,Low,Resolved,11,2024-10-30,2024-11-10
CMP04147,COL0071,Transport,Low,Resolved,12,2023-04-16,2023-04-28
CMP04148,COL0362,Library,Medium,Resolved,3,2023-06-20,2023-06-23
CMP04149,COL1744,Library,Medium,Resolved,6,2021-05-09,2021-05-15
CMP04150,COL0866,Library,High,Escalated,,2024-06-08,
CMP04151,COL1595,Faculty,Low,Resolved,37,2025-03-16,2025-04-22
CMP04152,COL0270,Library,Low,Resolved,4,2023-11-19,2023-11-23
CMP04153,COL1267,Library,Medium,Resolved,5,2024-03-18,2024-03-23
CMP04154,COL0814,Scholarship,Medium,Resolved,59,2023-07-16,2023-09-13
CMP04155,COL1913,Internet,Low,In Progress,,2026-01-13,
CMP04156,COL0751,Scholarship,Medium,Resolved,27,2022-03-10,2022-04-06
CMP04157,COL1755,Exam,High,Resolved,6,2023-04-02,2023-04-08
CMP04158,COL1059,Library,Medium,Resolved,1,2022-09-18,2022-09-19
CMP04159,COL0626,Transport,Medium,Resolved,1,2022-11-17,2022-11-18
CMP04160,COL1871,Hostel,High,Resolved,8,2024-03-13,2024-03-21
CMP04161,COL0338,Library,Medium,Resolved,2,2026-07-22,2026-07-24
CMP04162,COL0139,Exam,Low,Escalated,,2022-04-15,
CMP04163,COL0539,Faculty,Low,In Progress,,2026-07-15,
CMP04164,COL1003,Transport,High,Resolved,2,2025-05-17,2025-05-19
CMP04165,COL1703,Internet,High,Pending,,2021-08-26,
CMP04166,COL0966,Library,Medium,Pending,,2021-11-18,
CMP04167,COL0664,Transport,Medium,Resolved,5,2023-08-17,2023-08-22
CMP04168,COL1392,Faculty,Low,Resolved,19,2021-03-29,2021-04-17
CMP04169,COL0971,Faculty,Low,Resolved,25,2024-03-30,2024-04-24
CMP04170,COL1647,Transport,Medium,Resolved,11,2024-02-10,2024-02-21
CMP04171,COL1099,Exam,High,Resolved,7,2023-02-08,2023-02-15
CMP04172,COL0906,Internet,Low,Resolved,8,2022-09-12,2022-09-20
CMP04173,COL0280,Internet,Medium,Resolved,7,2025-03-25,2025-04-01
CMP04174,COL1220,Hostel,Low,Resolved,9,2021-08-20,2021-08-29
CMP04175,COL1496,Scholarship,High,Resolved,15,2021-11-28,2021-12-13
CMP04176,COL0365,Infrastructure,High,Resolved,15,2021-06-17,2021-07-02
CMP04177,COL0333,Transport,Low,Resolved,12,2024-03-31,2024-04-12
CMP04178,COL0438,Internet,Low,In Progress,,2023-10-12,
CMP04179,COL1934,Library,Low,Resolved,8,2023-01-31,2023-02-08
CMP04180,COL1574,Infrastructure,Medium,Resolved,22,2023-04-23,2023-05-15
CMP04181,COL0146,Exam,Low,Resolved,2,2024-02-21,2024-02-23
CMP04182,COL0468,Infrastructure,Medium,Resolved,27,2024-10-15,2024-11-11
CMP04183,COL0774,Internet,High,Resolved,2,2022-04-16,2022-04-18
CMP04184,COL0961,Faculty,High,Escalated,,2022-05-13,
CMP04185,COL1082,Faculty,Medium,Resolved,29,2024-07-24,2024-08-22
CMP04186,COL1472,Transport,Low,Resolved,17,2023-02-23,2023-03-12
CMP04187,COL1136,Hostel,Medium,Resolved,4,2025-01-18,2025-01-22
CMP04188,COL1709,Faculty,High,Escalated,,2024-02-02,
CMP04189,COL0204,Hostel,Low,Resolved,20,2025-11-17,2025-12-07
CMP04190,COL0324,Library,Low,Resolved,8,2025-09-03,2025-09-11
CMP04191,COL1353,Infrastructure,Low,Resolved,32,2022-02-17,2022-03-21
CMP04192,COL1496,Transport,Low,In Progress,,2025-05-16,
CMP04193,COL1530,Infrastructure,Medium,Resolved,20,2023-03-22,2023-04-11
CMP04194,COL1068,Transport,Low,Resolved,8,2024-08-18,2024-08-26
CMP04195,COL1666,Transport,Low,Resolved,7,2024-07-02,2024-07-09
CMP04196,COL1919,Exam,Medium,Resolved,8,2023-04-05,2023-04-13
CMP04197,COL0897,Scholarship,Medium,Resolved,27,2022-01-17,2022-02-13
CMP04198,COL0095,Library,Low,Resolved,6,2022-09-08,2022-09-14
CMP04199,COL1166,Scholarship,High,Resolved,33,2025-05-12,2025-06-14
CMP04200,COL1265,Faculty,High,Resolved,12,2021-05-15,2021-05-27
CMP04201,COL0417,Internet,High,Resolved,2,2023-10-07,2023-10-09
CMP04202,COL1295,Scholarship,Medium,Resolved,26,2023-07-03,2023-07-29
CMP04203,COL1325,Internet,Low,Resolved,5,2024-09-04,2024-09-09
CMP04204,COL1192,Internet,Medium,Resolved,7,2023-04-18,2023-04-25
CMP04205,COL1854,Infrastructure,Medium,Resolved,14,2022-05-09,2022-05-23
CMP04206,COL1058,Exam,High,Resolved,8,2023-10-21,2023-10-29
CMP04207,COL1366,Faculty,High,Resolved,16,2022-12-20,2023-01-05
CMP04208,COL1030,Hostel,Low,Resolved,13,2025-03-31,2025-04-13
CMP04209,COL0319,Transport,Low,Resolved,3,2022-10-22,2022-10-25
CMP04210,COL1362,Exam,Medium,In Progress,,2025-06-24,
CMP04211,COL1989,Infrastructure,Low,Resolved,32,2023-09-22,2023-10-24
CMP04212,COL0016,Exam,Medium,Resolved,9,2026-06-08,2026-06-17
CMP04213,COL0839,Infrastructure,Medium,Resolved,18,2026-02-05,2026-02-23
CMP04214,COL0243,Scholarship,High,In Progress,,2021-06-05,
CMP04215,COL0692,Hostel,Medium,Pending,,2022-07-06,
CMP04216,COL1812,Hostel,Low,Resolved,25,2025-06-01,2025-06-26
CMP04217,COL1112,Infrastructure,Medium,In Progress,,2023-10-04,
CMP04218,COL0864,Hostel,Low,Pending,,2023-05-21,
CMP04219,COL0870,Faculty,Medium,Resolved,21,2023-02-25,2023-03-18
CMP04220,COL0650,Transport,Medium,Escalated,,2026-03-11,
CMP04221,COL0750,Exam,Low,Resolved,7,2024-11-29,2024-12-06
CMP04222,COL1692,Scholarship,Medium,Resolved,50,2021-12-15,2022-02-03
CMP04223,COL1085,Faculty,Medium,Resolved,28,2026-01-14,2026-02-11
CMP04224,COL0882,Infrastructure,High,Resolved,18,2024-08-02,2024-08-20
CMP04225,COL1351,Faculty,Medium,Resolved,14,2021-09-01,2021-09-15
CMP04226,COL0343,Library,Low,In Progress,,2026-04-21,
CMP04227,COL0316,Infrastructure,Low,Resolved,21,2022-10-01,2022-10-22
CMP04228,COL0661,Transport,Low,Resolved,2,2021-02-18,2021-02-20
CMP04229,COL1553,Internet,Medium,Resolved,6,2023-10-26,2023-11-01
CMP04230,COL1719,Faculty,Low,In Progress,,2021-08-06,
CMP04231,COL0021,Scholarship,High,Resolved,18,2022-04-26,2022-05-14
CMP04232,COL1056,Transport,Medium,Resolved,11,2024-03-10,2024-03-21
CMP04233,COL0900,Infrastructure,Medium,Resolved,28,2021-03-22,2021-04-19
CMP04234,COL0992,Scholarship,Medium,Resolved,56,2023-07-19,2023-09-13
CMP04235,COL1993,Transport,Low,In Progress,,2024-09-21,
CMP04236,COL0269,Internet,Low,Resolved,8,2023-10-17,2023-10-25
CMP04237,COL1621,Faculty,Low,Resolved,5,2021-11-06,2021-11-11
CMP04238,COL1468,Scholarship,High,Resolved,24,2023-01-07,2023-01-31
CMP04239,COL1425,Faculty,Low,Resolved,6,2022-09-21,2022-09-27
CMP04240,COL0437,Transport,Low,Resolved,11,2023-05-16,2023-05-27
CMP04241,COL0229,Faculty,Medium,Resolved,21,2023-05-18,2023-06-08
CMP04242,COL1120,Infrastructure,High,Resolved,24,2024-09-18,2024-10-12
CMP04243,COL1513,Transport,Medium,Resolved,5,2024-05-06,2024-05-11
CMP04244,COL0625,Infrastructure,Medium,Resolved,12,2024-02-28,2024-03-11
CMP04245,COL0510,Exam,Medium,Resolved,10,2022-10-05,2022-10-15
CMP04246,COL0143,Library,Medium,Resolved,4,2026-04-13,2026-04-17
CMP04247,COL1273,Scholarship,Low,Resolved,14,2025-03-26,2025-04-09
CMP04248,COL0919,Internet,Low,Resolved,2,2022-12-31,2023-01-02
CMP04249,COL1765,Transport,Medium,Resolved,14,2022-08-13,2022-08-27
CMP04250,COL0349,Infrastructure,Medium,Resolved,15,2026-04-25,2026-05-10
CMP04251,COL0583,Exam,High,Escalated,,2022-12-28,
CMP04252,COL0759,Hostel,Medium,Resolved,17,2021-05-25,2021-06-11
CMP04253,COL0214,Scholarship,Medium,Resolved,58,2025-04-02,2025-05-30
CMP04254,COL1679,Internet,High,Resolved,3,2021-09-17,2021-09-20
CMP04255,COL1346,Library,High,Resolved,3,2023-10-19,2023-10-22
CMP04256,COL1636,Scholarship,High,Resolved,34,2025-12-29,2026-02-01
CMP04257,COL0738,Scholarship,High,Resolved,32,2023-09-11,2023-10-13
CMP04258,COL0970,Scholarship,Low,Resolved,44,2022-11-18,2023-01-01
CMP04259,COL1760,Exam,Medium,Resolved,9,2024-06-14,2024-06-23
CMP04260,COL0013,Internet,Medium,Resolved,3,2025-11-25,2025-11-28
CMP04261,COL1124,Scholarship,Medium,Resolved,31,2025-12-08,2026-01-08
CMP04262,COL1718,Exam,Medium,Resolved,12,2023-03-01,2023-03-13
CMP04263,COL1413,Exam,High,Resolved,3,2025-02-28,2025-03-03
CMP04264,COL1361,Transport,Medium,Resolved,7,2021-12-10,2021-12-17
CMP04265,COL0124,Scholarship,Medium,Resolved,22,2023-08-06,2023-08-28
CMP04266,COL0863,Infrastructure,Low,Resolved,36,2025-09-28,2025-11-03
CMP04267,COL0954,Transport,Low,Resolved,11,2022-01-10,2022-01-21
CMP04268,COL0308,Internet,Medium,Resolved,2,2025-12-03,2025-12-05
CMP04269,COL0668,Transport,Medium,Resolved,5,2024-09-23,2024-09-28
CMP04270,COL0749,Internet,Low,Resolved,9,2025-10-01,2025-10-10
CMP04271,COL1995,Internet,Medium,Escalated,,2022-08-14,
CMP04272,COL0260,Transport,Medium,Escalated,,2022-01-21,
CMP04273,COL1576,Infrastructure,Medium,Resolved,45,2024-10-28,2024-12-12
CMP04274,COL1601,Faculty,High,Resolved,11,2022-11-17,2022-11-28
CMP04275,COL0730,Library,Low,Resolved,4,2024-11-17,2024-11-21
CMP04276,COL1320,Faculty,Medium,Resolved,3,2025-05-24,2025-05-27
CMP04277,COL0417,Library,Low,Resolved,7,2023-01-12,2023-01-19
CMP04278,COL0423,Transport,High,Resolved,1,2021-09-23,2021-09-24
CMP04279,COL0768,Scholarship,High,Escalated,,2022-03-09,
CMP04280,COL0137,Hostel,Medium,Resolved,10,2021-06-18,2021-06-28
CMP04281,COL0728,Faculty,Medium,Resolved,11,2021-11-07,2021-11-18
CMP04282,COL0277,Exam,Medium,Resolved,11,2022-06-20,2022-07-01
CMP04283,COL1378,Faculty,High,In Progress,,2022-12-22,
CMP04284,COL0665,Internet,Medium,Resolved,1,2021-07-29,2021-07-30
CMP04285,COL0688,Hostel,Medium,Pending,,2023-07-25,
CMP04286,COL1173,Scholarship,Medium,Resolved,33,2023-12-15,2024-01-17
CMP04287,COL1100,Transport,Medium,Resolved,7,2026-03-13,2026-03-20
CMP04288,COL0475,Scholarship,Low,Resolved,65,2023-07-31,2023-10-04
CMP04289,COL0002,Faculty,High,Pending,,2024-11-18,
CMP04290,COL1215,Hostel,Low,Resolved,24,2023-07-06,2023-07-30
CMP04291,COL1079,Scholarship,High,Escalated,,2023-09-02,
CMP04292,COL1492,Library,Medium,Resolved,9,2022-02-14,2022-02-23
CMP04293,COL0513,Transport,Low,Resolved,3,2023-09-01,2023-09-04
CMP04294,COL1785,Scholarship,Medium,Resolved,37,2024-09-24,2024-10-31
CMP04295,COL0983,Internet,Low,Resolved,5,2024-08-26,2024-08-31
CMP04296,COL0163,Exam,Medium,Resolved,4,2023-09-13,2023-09-17
CMP04297,COL1009,Library,Low,Resolved,13,2025-11-18,2025-12-01
CMP04298,COL1115,Transport,High,Resolved,3,2025-10-14,2025-10-17
CMP04299,COL0920,Transport,Medium,Resolved,13,2021-12-20,2022-01-02
CMP04300,COL1913,Faculty,Low,Resolved,25,2024-05-14,2024-06-08
CMP04301,COL0768,Exam,Medium,Resolved,10,2022-09-29,2022-10-09
CMP04302,COL1168,Scholarship,Medium,Pending,,2023-03-25,
CMP04303,COL0333,Exam,High,Resolved,5,2026-06-15,2026-06-20
CMP04304,COL0711,Transport,Low,Resolved,9,2022-10-18,2022-10-27
CMP04305,COL1977,Infrastructure,High,Resolved,23,2022-10-16,2022-11-08
CMP04306,COL0876,Infrastructure,Low,Resolved,40,2025-12-28,2026-02-06
CMP04307,COL1440,Scholarship,Medium,Resolved,8,2026-03-11,2026-03-19
CMP04308,COL0938,Exam,Medium,Resolved,4,2024-05-16,2024-05-20
CMP04309,COL1747,Infrastructure,Medium,Resolved,18,2025-12-03,2025-12-21
CMP04310,COL1630,Transport,Low,Resolved,15,2026-02-04,2026-02-19
CMP04311,COL1330,Internet,Low,Resolved,9,2023-06-10,2023-06-19
CMP04312,COL1724,Hostel,Low,In Progress,,2024-03-24,
CMP04313,COL0014,Exam,High,Resolved,7,2023-08-06,2023-08-13
CMP04314,COL0639,Library,Low,In Progress,,2024-11-07,
CMP04315,COL0332,Library,Medium,Pending,,2022-03-19,
CMP04316,COL0566,Exam,High,Resolved,2,2024-01-30,2024-02-01
CMP04317,COL0533,Transport,High,In Progress,,2021-12-21,
CMP04318,COL1782,Exam,High,Resolved,1,2023-04-09,2023-04-10
CMP04319,COL0696,Library,Low,Resolved,13,2025-04-30,2025-05-13
CMP04320,COL1567,Hostel,Medium,Resolved,17,2025-08-25,2025-09-11
CMP04321,COL1441,Library,High,Resolved,5,2024-05-14,2024-05-19
CMP04322,COL1828,Infrastructure,High,Pending,,2021-04-28,
CMP04323,COL1430,Library,Low,Pending,,2024-03-01,
CMP04324,COL1483,Transport,Low,Resolved,9,2021-08-10,2021-08-19
CMP04325,COL0498,Infrastructure,Low,Resolved,23,2022-05-23,2022-06-15
CMP04326,COL1492,Internet,Low,Resolved,8,2025-06-05,2025-06-13
CMP04327,COL0645,Internet,Medium,Resolved,6,2021-02-26,2021-03-04
CMP04328,COL0648,Infrastructure,Medium,Pending,,2021-01-03,
CMP04329,COL1354,Hostel,Low,Resolved,7,2021-10-03,2021-10-10
CMP04330,COL1514,Hostel,Medium,Resolved,3,2022-05-09,2022-05-12
CMP04331,COL1368,Transport,Low,Resolved,14,2025-06-10,2025-06-24
CMP04332,COL0501,Library,Low,Resolved,9,2026-04-28,2026-05-07
CMP04333,COL0960,Exam,High,Resolved,1,2021-03-25,2021-03-26
CMP04334,COL0541,Library,Low,Resolved,10,2025-12-19,2025-12-29
CMP04335,COL0817,Faculty,Low,Resolved,39,2023-02-24,2023-04-04
CMP04336,COL0424,Library,Low,Resolved,2,2022-04-06,2022-04-08
CMP04337,COL0762,Hostel,Low,Resolved,12,2023-08-02,2023-08-14
CMP04338,COL0679,Infrastructure,Medium,Escalated,,2024-03-14,
CMP04339,COL1438,Internet,Low,Resolved,5,2022-01-22,2022-01-27
CMP04340,COL0889,Faculty,Medium,Resolved,19,2026-05-17,2026-06-05
CMP04341,COL1700,Faculty,Low,Resolved,11,2024-11-22,2024-12-03
CMP04342,COL1531,Library,Medium,Resolved,7,2024-10-27,2024-11-03
CMP04343,COL1127,Transport,Low,Resolved,11,2025-12-30,2026-01-10
CMP04344,COL0653,Transport,Medium,Resolved,13,2023-09-21,2023-10-04
CMP04345,COL0929,Library,Low,Resolved,10,2025-10-05,2025-10-15
CMP04346,COL1956,Library,Medium,Escalated,,2025-11-10,
CMP04347,COL1742,Transport,Low,Resolved,4,2025-03-09,2025-03-13
CMP04348,COL0142,Scholarship,High,Resolved,15,2021-05-10,2021-05-25
CMP04349,COL1696,Infrastructure,High,Resolved,12,2022-08-14,2022-08-26
CMP04350,COL0829,Internet,Low,Resolved,2,2026-02-08,2026-02-10
CMP04351,COL1335,Transport,Medium,Resolved,10,2022-07-10,2022-07-20
CMP04352,COL1204,Infrastructure,Medium,Resolved,38,2022-12-03,2023-01-10
CMP04353,COL1411,Internet,Low,Escalated,,2025-02-21,
CMP04354,COL0894,Infrastructure,Medium,Resolved,44,2022-06-01,2022-07-15
CMP04355,COL0490,Transport,Low,Resolved,12,2025-12-26,2026-01-07
CMP04356,COL1943,Hostel,Low,Resolved,12,2023-07-09,2023-07-21
CMP04357,COL1325,Infrastructure,High,Resolved,18,2022-01-04,2022-01-22
CMP04358,COL0328,Exam,Medium,Resolved,10,2025-08-08,2025-08-18
CMP04359,COL1076,Internet,Low,Resolved,6,2025-10-27,2025-11-02
CMP04360,COL1074,Faculty,High,Resolved,15,2021-04-21,2021-05-06
CMP04361,COL0483,Faculty,Medium,Resolved,18,2024-11-30,2024-12-18
CMP04362,COL0712,Exam,High,Resolved,4,2023-07-11,2023-07-15
CMP04363,COL1885,Infrastructure,High,Resolved,6,2023-09-10,2023-09-16
CMP04364,COL0695,Hostel,High,Resolved,11,2025-10-18,2025-10-29
CMP04365,COL1364,Scholarship,Medium,Resolved,16,2021-08-16,2021-09-01
CMP04366,COL1954,Transport,Medium,Resolved,14,2021-07-17,2021-07-31
CMP04367,COL1962,Faculty,High,Resolved,15,2022-04-13,2022-04-28
CMP04368,COL0049,Library,Low,Resolved,9,2021-11-17,2021-11-26
CMP04369,COL0870,Scholarship,Medium,Resolved,28,2021-01-02,2021-01-30
CMP04370,COL1463,Infrastructure,Medium,Resolved,12,2024-10-27,2024-11-08
CMP04371,COL1901,Library,High,Resolved,3,2025-03-21,2025-03-24
CMP04372,COL0020,Internet,Medium,Resolved,7,2026-04-28,2026-05-05
CMP04373,COL1936,Library,Medium,Resolved,9,2023-07-07,2023-07-16
CMP04374,COL1868,Internet,Medium,Resolved,6,2021-07-13,2021-07-19
CMP04375,COL1869,Faculty,Medium,Pending,,2023-04-16,
CMP04376,COL1745,Hostel,High,Resolved,9,2022-04-23,2022-05-02
CMP04377,COL1277,Hostel,Low,Resolved,23,2023-03-17,2023-04-09
CMP04378,COL0139,Faculty,Medium,Resolved,20,2024-10-06,2024-10-26
CMP04379,COL1545,Transport,Medium,Resolved,12,2021-09-03,2021-09-15
CMP04380,COL0649,Faculty,Medium,In Progress,,2026-05-14,
CMP04381,COL0936,Infrastructure,Low,Resolved,41,2025-07-09,2025-08-19
CMP04382,COL1916,Library,Low,Resolved,11,2023-06-22,2023-07-03
CMP04383,COL0046,Hostel,High,Resolved,12,2024-10-06,2024-10-18
CMP04384,COL1922,Faculty,Medium,Resolved,15,2022-04-13,2022-04-28
CMP04385,COL0005,Scholarship,Medium,Resolved,26,2024-09-15,2024-10-11
CMP04386,COL0510,Hostel,Medium,Resolved,3,2022-06-08,2022-06-11
CMP04387,COL1049,Library,High,Resolved,6,2023-10-30,2023-11-05
CMP04388,COL0165,Scholarship,High,Resolved,28,2024-11-10,2024-12-08
CMP04389,COL1012,Library,Medium,Resolved,8,2026-01-26,2026-02-03
CMP04390,COL1163,Internet,Medium,Pending,,2023-06-25,
CMP04391,COL1357,Exam,Medium,Resolved,9,2025-05-03,2025-05-12
CMP04392,COL0151,Hostel,Medium,Resolved,13,2024-07-30,2024-08-12
CMP04393,COL1103,Faculty,Low,Resolved,20,2024-10-27,2024-11-16
CMP04394,COL0449,Exam,High,Pending,,2021-01-10,
CMP04395,COL1154,Internet,Medium,Resolved,3,2021-11-19,2021-11-22
CMP04396,COL1564,Internet,Low,In Progress,,2024-10-14,
CMP04397,COL0515,Library,Low,Pending,,2024-03-16,
CMP04398,COL0255,Scholarship,Medium,Pending,,2022-05-29,
CMP04399,COL1197,Library,Medium,Resolved,7,2021-12-10,2021-12-17
CMP04400,COL0324,Exam,High,Resolved,7,2021-07-29,2021-08-05
CMP04401,COL1240,Exam,High,Resolved,9,2023-04-26,2023-05-05
CMP04402,COL1818,Internet,Medium,Pending,,2021-06-06,
CMP04403,COL1136,Hostel,Low,Resolved,13,2025-08-07,2025-08-20
CMP04404,COL1226,Transport,High,Resolved,4,2021-09-11,2021-09-15
CMP04405,COL0913,Faculty,Medium,Resolved,14,2025-02-08,2025-02-22
CMP04406,COL1750,Library,High,Resolved,4,2026-03-01,2026-03-05
CMP04407,COL0230,Internet,High,Escalated,,2021-10-26,
CMP04408,COL1269,Scholarship,High,Resolved,28,2025-06-20,2025-07-18
CMP04409,COL1314,Internet,Medium,Resolved,3,2024-05-08,2024-05-11
CMP04410,COL1113,Internet,Medium,Escalated,,2024-05-29,
CMP04411,COL0150,Faculty,High,Resolved,6,2024-01-12,2024-01-18
CMP04412,COL0173,Internet,Low,Resolved,2,2026-02-10,2026-02-12
CMP04413,COL1088,Transport,Low,Resolved,6,2023-04-30,2023-05-06
CMP04414,COL0097,Library,High,Resolved,5,2021-07-04,2021-07-09
CMP04415,COL1829,Internet,Low,Resolved,9,2021-04-19,2021-04-28
CMP04416,COL1018,Scholarship,Medium,Resolved,27,2023-01-10,2023-02-06
CMP04417,COL0481,Hostel,Medium,Resolved,20,2026-01-12,2026-02-01
CMP04418,COL0801,Internet,Medium,Resolved,3,2022-05-15,2022-05-18
CMP04419,COL1548,Internet,High,Resolved,1,2022-09-22,2022-09-23
CMP04420,COL0628,Exam,Medium,Escalated,,2022-05-10,
CMP04421,COL0965,Internet,Medium,Resolved,4,2024-08-14,2024-08-18
CMP04422,COL0067,Faculty,Low,Resolved,23,2021-07-02,2021-07-25
CMP04423,COL1748,Exam,High,Resolved,7,2025-01-19,2025-01-26
CMP04424,COL0587,Library,Low,Resolved,12,2022-06-18,2022-06-30
CMP04425,COL1496,Hostel,Low,In Progress,,2022-09-09,
CMP04426,COL0307,Library,Medium,In Progress,,2026-07-16,
CMP04427,COL1311,Scholarship,Low,Resolved,70,2025-06-20,2025-08-29
CMP04428,COL0278,Transport,Medium,Resolved,10,2021-01-30,2021-02-09
CMP04429,COL0407,Internet,Low,Escalated,,2026-04-21,
CMP04430,COL1720,Scholarship,Low,Pending,,2023-06-11,
CMP04431,COL1600,Hostel,Low,Resolved,13,2024-08-31,2024-09-13
CMP04432,COL1910,Internet,Medium,Escalated,,2026-04-03,
CMP04433,COL0718,Infrastructure,Low,Resolved,48,2021-05-20,2021-07-07
CMP04434,COL1386,Transport,Medium,Resolved,11,2026-04-27,2026-05-08
CMP04435,COL1566,Exam,Low,Resolved,20,2021-09-28,2021-10-18
CMP04436,COL1168,Internet,Low,Resolved,8,2023-07-13,2023-07-21
CMP04437,COL1276,Infrastructure,Medium,Resolved,34,2021-05-01,2021-06-04
CMP04438,COL1847,Faculty,Medium,Pending,,2023-12-04,
CMP04439,COL1472,Library,Medium,Pending,,2024-09-23,
CMP04440,COL0253,Library,Low,Resolved,4,2025-04-24,2025-04-28
CMP04441,COL1565,Infrastructure,Medium,Escalated,,2024-03-09,
CMP04442,COL0322,Faculty,High,Resolved,18,2023-01-26,2023-02-13
CMP04443,COL1050,Exam,Medium,Resolved,3,2025-01-09,2025-01-12
CMP04444,COL0358,Exam,Medium,Resolved,8,2025-09-12,2025-09-20
CMP04445,COL0749,Scholarship,High,Pending,,2021-02-02,
CMP04446,COL0948,Hostel,Medium,Resolved,6,2026-01-18,2026-01-24
CMP04447,COL0658,Exam,Medium,Resolved,7,2025-05-30,2025-06-06
CMP04448,COL0054,Hostel,Medium,Resolved,12,2022-12-03,2022-12-15
CMP04449,COL0989,Exam,Medium,Resolved,13,2021-03-14,2021-03-27
CMP04450,COL0549,Faculty,Medium,Resolved,13,2024-03-28,2024-04-10
CMP04451,COL1506,Transport,High,Resolved,1,2025-08-01,2025-08-02
CMP04452,COL1669,Library,Low,Resolved,2,2022-01-16,2022-01-18
CMP04453,COL1257,Transport,Low,Resolved,11,2023-11-29,2023-12-10
CMP04454,COL0280,Library,High,Resolved,2,2023-11-01,2023-11-03
CMP04455,COL1107,Exam,Low,Resolved,10,2021-09-21,2021-10-01
CMP04456,COL0850,Library,Medium,Resolved,9,2023-11-30,2023-12-09
CMP04457,COL1372,Transport,High,Resolved,5,2023-11-07,2023-11-12
CMP04458,COL0951,Transport,Low,Resolved,9,2024-05-06,2024-05-15
CMP04459,COL1724,Faculty,Medium,Resolved,11,2025-04-28,2025-05-09
CMP04460,COL1603,Internet,Medium,Resolved,1,2025-12-18,2025-12-19
CMP04461,COL0886,Infrastructure,Low,Resolved,41,2025-07-10,2025-08-20
CMP04462,COL0679,Hostel,Medium,Resolved,19,2022-01-22,2022-02-10
CMP04463,COL0238,Scholarship,High,Pending,,2024-06-09,
CMP04464,COL1182,Faculty,High,Pending,,2022-10-12,
CMP04465,COL0726,Infrastructure,High,In Progress,,2025-08-22,
CMP04466,COL1801,Transport,Medium,Resolved,1,2021-09-27,2021-09-28
CMP04467,COL1306,Exam,High,Resolved,6,2025-06-21,2025-06-27
CMP04468,COL0490,Hostel,Medium,Resolved,10,2025-01-31,2025-02-10
CMP04469,COL1346,Scholarship,Low,In Progress,,2023-10-04,
CMP04470,COL0091,Exam,High,Resolved,6,2022-03-01,2022-03-07
CMP04471,COL1552,Scholarship,Low,Resolved,30,2023-07-05,2023-08-04
CMP04472,COL0328,Exam,Medium,Resolved,1,2021-01-12,2021-01-13
CMP04473,COL0203,Library,Medium,Resolved,10,2023-11-17,2023-11-27
CMP04474,COL0275,Faculty,High,Resolved,12,2021-05-01,2021-05-13
CMP04475,COL0960,Transport,Medium,Resolved,7,2024-09-06,2024-09-13
CMP04476,COL1242,Scholarship,Medium,Resolved,56,2021-12-02,2022-01-27
CMP04477,COL1410,Internet,Low,Resolved,6,2024-07-20,2024-07-26
CMP04478,COL1917,Library,Medium,Resolved,10,2022-05-05,2022-05-15
CMP04479,COL0547,Transport,Low,Resolved,4,2021-08-24,2021-08-28
CMP04480,COL1196,Hostel,Low,Resolved,23,2023-08-28,2023-09-20
CMP04481,COL1010,Scholarship,Low,Resolved,54,2022-10-09,2022-12-02
CMP04482,COL0353,Transport,Medium,Resolved,14,2023-03-04,2023-03-18
CMP04483,COL0398,Internet,Medium,Resolved,4,2024-07-17,2024-07-21
CMP04484,COL0623,Faculty,High,Resolved,14,2021-07-14,2021-07-28
CMP04485,COL0033,Internet,Medium,Resolved,7,2023-03-17,2023-03-24
CMP04486,COL0067,Faculty,Low,Resolved,28,2021-11-03,2021-12-01
CMP04487,COL1957,Internet,Low,Resolved,8,2021-04-06,2021-04-14
CMP04488,COL1189,Library,Low,Resolved,10,2021-06-08,2021-06-18
CMP04489,COL1755,Library,Low,Resolved,13,2025-09-14,2025-09-27
CMP04490,COL1808,Faculty,Medium,Resolved,21,2023-01-11,2023-02-01
CMP04491,COL1274,Exam,Low,Resolved,15,2023-06-29,2023-07-14
CMP04492,COL0152,Internet,Medium,Resolved,4,2022-11-06,2022-11-10
CMP04493,COL0323,Library,Low,Resolved,6,2024-10-14,2024-10-20
CMP04494,COL0487,Infrastructure,Medium,Resolved,7,2023-01-03,2023-01-10
CMP04495,COL1175,Library,Medium,Resolved,4,2022-12-28,2023-01-01
CMP04496,COL1918,Internet,Low,Resolved,6,2023-01-07,2023-01-13
CMP04497,COL1747,Faculty,High,Resolved,4,2026-04-13,2026-04-17
CMP04498,COL1283,Hostel,Medium,Resolved,4,2021-06-12,2021-06-16
CMP04499,COL1109,Transport,High,Resolved,2,2026-07-22,2026-07-24
CMP04500,COL0559,Scholarship,Low,Resolved,48,2025-09-22,2025-11-09
CMP04501,COL0291,Library,Medium,Resolved,4,2022-09-19,2022-09-23
CMP04502,COL1124,Infrastructure,Medium,Resolved,19,2022-06-28,2022-07-17
CMP04503,COL1489,Transport,Medium,Resolved,13,2025-11-03,2025-11-16
CMP04504,COL0739,Faculty,High,Resolved,16,2024-05-22,2024-06-07
CMP04505,COL1795,Infrastructure,High,Resolved,6,2023-09-08,2023-09-14
CMP04506,COL0534,Faculty,Low,Pending,,2025-06-05,
CMP04507,COL0365,Library,Medium,Resolved,5,2021-07-26,2021-07-31
CMP04508,COL1376,Exam,Medium,Resolved,7,2021-02-24,2021-03-03
CMP04509,COL1677,Library,Low,Resolved,4,2025-11-28,2025-12-02
CMP04510,COL1952,Exam,High,Resolved,9,2026-07-15,2026-07-24
CMP04511,COL1827,Library,Low,In Progress,,2024-11-29,
CMP04512,COL0958,Scholarship,Low,Escalated,,2022-02-05,
CMP04513,COL1751,Scholarship,High,Resolved,18,2021-01-11,2021-01-29
CMP04514,COL1189,Hostel,Medium,Resolved,13,2022-02-11,2022-02-24
CMP04515,COL1913,Internet,Medium,Resolved,2,2026-05-10,2026-05-12
CMP04516,COL0414,Infrastructure,High,Resolved,27,2021-07-29,2021-08-25
CMP04517,COL0151,Internet,High,Pending,,2022-08-15,
CMP04518,COL0894,Internet,High,Pending,,2022-05-12,
CMP04519,COL0878,Faculty,Medium,Escalated,,2023-07-28,
CMP04520,COL1990,Exam,High,Resolved,3,2022-05-11,2022-05-14
CMP04521,COL0996,Hostel,Medium,Escalated,,2022-09-22,
CMP04522,COL0830,Faculty,Medium,Resolved,17,2024-12-04,2024-12-21
CMP04523,COL1380,Faculty,Low,Escalated,,2021-03-19,
CMP04524,COL1648,Scholarship,High,Resolved,29,2023-06-21,2023-07-20
CMP04525,COL0244,Internet,Medium,Resolved,4,2024-03-23,2024-03-27
CMP04526,COL1109,Exam,Medium,In Progress,,2024-12-05,
CMP04527,COL1862,Internet,Low,Resolved,6,2022-10-30,2022-11-05
CMP04528,COL0190,Internet,Low,Resolved,9,2024-04-17,2024-04-26
CMP04529,COL0026,Infrastructure,Low,Resolved,53,2026-01-26,2026-03-20
CMP04530,COL0076,Library,Medium,Escalated,,2022-02-01,
CMP04531,COL1887,Faculty,Low,Resolved,31,2025-05-02,2025-06-02
CMP04532,COL1563,Library,Medium,Resolved,6,2025-03-15,2025-03-21
CMP04533,COL0827,Scholarship,High,Resolved,10,2022-10-05,2022-10-15
CMP04534,COL0276,Infrastructure,Medium,Resolved,8,2024-09-10,2024-09-18
CMP04535,COL1325,Scholarship,High,Resolved,26,2021-01-02,2021-01-28
CMP04536,COL0889,Exam,Medium,Resolved,12,2021-05-15,2021-05-27
CMP04537,COL1402,Scholarship,High,Resolved,30,2025-02-28,2025-03-30
CMP04538,COL0264,Transport,Low,Resolved,9,2025-01-07,2025-01-16
CMP04539,COL1459,Library,Medium,Resolved,9,2024-03-05,2024-03-14
CMP04540,COL1382,Infrastructure,Low,Resolved,10,2025-02-24,2025-03-06
CMP04541,COL0997,Hostel,Low,Resolved,7,2021-01-08,2021-01-15
CMP04542,COL1893,Transport,Medium,Resolved,7,2024-06-12,2024-06-19
CMP04543,COL1036,Library,Low,Resolved,7,2022-04-20,2022-04-27
CMP04544,COL1785,Internet,Low,Resolved,6,2021-06-04,2021-06-10
CMP04545,COL0935,Transport,Low,Resolved,11,2021-06-09,2021-06-20
CMP04546,COL1070,Library,Medium,Resolved,8,2021-05-19,2021-05-27
CMP04547,COL1142,Faculty,Medium,Resolved,15,2021-05-08,2021-05-23
CMP04548,COL0821,Library,Low,Resolved,13,2026-01-03,2026-01-16
CMP04549,COL1681,Internet,High,In Progress,,2025-04-21,
CMP04550,COL0649,Transport,Medium,Resolved,13,2026-03-11,2026-03-24
CMP04551,COL0986,Scholarship,High,Resolved,36,2022-09-29,2022-11-04
CMP04552,COL1946,Library,Low,In Progress,,2024-05-20,
CMP04553,COL1504,Scholarship,High,Resolved,18,2024-09-08,2024-09-26
CMP04554,COL1801,Infrastructure,High,Escalated,,2022-12-10,
CMP04555,COL0081,Exam,High,Resolved,3,2024-10-15,2024-10-18
CMP04556,COL1048,Transport,Medium,Resolved,13,2024-12-27,2025-01-09
CMP04557,COL0114,Internet,Medium,Resolved,3,2024-02-29,2024-03-03
CMP04558,COL0662,Library,Low,Resolved,3,2025-09-30,2025-10-03
CMP04559,COL1363,Infrastructure,High,Resolved,26,2021-06-22,2021-07-18
CMP04560,COL0438,Hostel,Medium,Pending,,2026-05-17,
CMP04561,COL1563,Exam,Medium,Resolved,7,2024-04-25,2024-05-02
CMP04562,COL1404,Internet,Medium,Resolved,2,2025-10-28,2025-10-30
CMP04563,COL1611,Scholarship,Medium,Resolved,24,2023-09-16,2023-10-10
CMP04564,COL1493,Faculty,High,Escalated,,2022-10-28,
CMP04565,COL0879,Exam,High,Resolved,6,2021-07-23,2021-07-29
CMP04566,COL0288,Internet,Medium,Resolved,2,2022-08-23,2022-08-25
CMP04567,COL1902,Faculty,Medium,Resolved,3,2023-05-27,2023-05-30
CMP04568,COL1260,Scholarship,High,In Progress,,2023-06-13,
CMP04569,COL1559,Infrastructure,Medium,Resolved,39,2023-04-27,2023-06-05
CMP04570,COL1980,Scholarship,High,Resolved,14,2022-10-15,2022-10-29
CMP04571,COL1510,Transport,Medium,In Progress,,2021-03-01,
CMP04572,COL0772,Scholarship,Low,Resolved,64,2022-01-31,2022-04-05
CMP04573,COL0318,Exam,Low,Resolved,12,2024-05-03,2024-05-15
CMP04574,COL1039,Exam,Medium,Pending,,2021-09-13,
CMP04575,COL0132,Scholarship,High,Escalated,,2021-07-24,
CMP04576,COL1217,Scholarship,Medium,Resolved,35,2022-06-28,2022-08-02
CMP04577,COL1511,Library,Medium,Resolved,6,2026-01-11,2026-01-17
CMP04578,COL0888,Transport,Medium,In Progress,,2021-02-15,
CMP04579,COL1223,Transport,Medium,In Progress,,2022-10-05,
CMP04580,COL0624,Internet,High,Resolved,1,2025-12-08,2025-12-09
CMP04581,COL0142,Transport,High,Resolved,8,2022-02-25,2022-03-05
CMP04582,COL1998,Hostel,Low,Resolved,16,2023-12-01,2023-12-17
CMP04583,COL0994,Transport,Medium,Resolved,12,2021-05-10,2021-05-22
CMP04584,COL1804,Exam,High,Resolved,4,2025-01-19,2025-01-23
CMP04585,COL1639,Transport,Low,Resolved,12,2026-07-13,2026-07-25
CMP04586,COL1419,Faculty,Medium,Resolved,15,2021-11-20,2021-12-05
CMP04587,COL0243,Scholarship,High,Resolved,35,2021-09-03,2021-10-08
CMP04588,COL0691,Library,Low,Resolved,11,2021-12-20,2021-12-31
CMP04589,COL0130,Infrastructure,Low,Resolved,9,2024-05-15,2024-05-24
CMP04590,COL0728,Scholarship,Medium,In Progress,,2022-08-02,
CMP04591,COL0393,Scholarship,High,Resolved,29,2025-12-03,2026-01-01
CMP04592,COL1715,Library,Low,Resolved,8,2024-04-27,2024-05-05
CMP04593,COL1352,Exam,High,Resolved,9,2025-09-28,2025-10-07
CMP04594,COL1165,Transport,Medium,Resolved,8,2024-10-04,2024-10-12
CMP04595,COL1262,Internet,High,Resolved,3,2021-07-12,2021-07-15
CMP04596,COL0944,Internet,High,Resolved,3,2021-03-11,2021-03-14
CMP04597,COL1002,Exam,High,Resolved,7,2021-09-04,2021-09-11
CMP04598,COL0479,Library,Low,Resolved,9,2023-04-16,2023-04-25
CMP04599,COL1110,Transport,Medium,Resolved,2,2022-03-30,2022-04-01
CMP04600,COL0789,Faculty,High,Escalated,,2023-06-15,
CMP04601,COL1860,Exam,Medium,In Progress,,2024-01-31,
CMP04602,COL0954,Faculty,Medium,Pending,,2024-05-28,
CMP04603,COL1946,Transport,Low,Resolved,7,2022-02-26,2022-03-05
CMP04604,COL0865,Library,Medium,Resolved,6,2024-12-06,2024-12-12
CMP04605,COL1648,Scholarship,Medium,Resolved,8,2022-06-24,2022-07-02
CMP04606,COL1353,Faculty,Low,Resolved,9,2021-06-27,2021-07-06
CMP04607,COL1179,Library,Low,Resolved,11,2026-02-23,2026-03-06
CMP04608,COL1616,Scholarship,High,Resolved,24,2021-07-17,2021-08-10
CMP04609,COL1184,Library,Low,In Progress,,2022-01-28,
CMP04610,COL0657,Faculty,High,Resolved,16,2022-12-19,2023-01-04
CMP04611,COL0129,Faculty,High,Resolved,12,2024-11-17,2024-11-29
CMP04612,COL0401,Infrastructure,Low,Resolved,25,2022-01-18,2022-02-12
CMP04613,COL0440,Hostel,High,In Progress,,2022-10-14,
CMP04614,COL0236,Transport,High,Resolved,3,2021-10-08,2021-10-11
CMP04615,COL1049,Library,Medium,Resolved,8,2021-03-09,2021-03-17
CMP04616,COL1542,Hostel,Low,Escalated,,2023-12-28,
CMP04617,COL0678,Infrastructure,Medium,Resolved,44,2026-04-22,2026-06-05
CMP04618,COL1899,Library,Medium,Resolved,1,2023-07-06,2023-07-07
CMP04619,COL1327,Infrastructure,High,Resolved,7,2021-10-10,2021-10-17
CMP04620,COL0522,Internet,Low,Resolved,6,2023-12-25,2023-12-31
CMP04621,COL1530,Hostel,Medium,Pending,,2022-04-02,
CMP04622,COL0767,Infrastructure,High,Escalated,,2023-07-25,
CMP04623,COL1328,Library,Low,In Progress,,2025-11-21,
CMP04624,COL1550,Infrastructure,High,Resolved,22,2023-08-01,2023-08-23
CMP04625,COL0523,Library,Low,Resolved,8,2025-05-15,2025-05-23
CMP04626,COL1438,Internet,Medium,Resolved,5,2023-02-08,2023-02-13
CMP04627,COL1716,Transport,Low,Pending,,2022-12-29,
CMP04628,COL1139,Scholarship,Low,Resolved,56,2021-06-02,2021-07-28
CMP04629,COL0775,Faculty,High,Resolved,13,2025-06-07,2025-06-20
CMP04630,COL0034,Internet,Low,Resolved,6,2024-05-27,2024-06-02
CMP04631,COL1221,Library,Low,Resolved,2,2023-02-21,2023-02-23
CMP04632,COL0017,Internet,Medium,Pending,,2023-06-20,
CMP04633,COL0663,Exam,Low,Resolved,6,2022-11-27,2022-12-03
CMP04634,COL1446,Infrastructure,High,Resolved,6,2022-05-07,2022-05-13
CMP04635,COL0033,Exam,Medium,Resolved,5,2025-01-18,2025-01-23
CMP04636,COL1186,Internet,Low,Resolved,2,2023-05-23,2023-05-25
CMP04637,COL0714,Exam,Medium,Resolved,11,2026-05-01,2026-05-12
CMP04638,COL1248,Scholarship,High,Resolved,17,2023-04-12,2023-04-29
CMP04639,COL1344,Exam,High,In Progress,,2021-08-07,
CMP04640,COL0333,Exam,High,In Progress,,2025-08-10,
CMP04641,COL0653,Faculty,Medium,Resolved,22,2023-08-09,2023-08-31
CMP04642,COL0227,Library,Low,Escalated,,2024-10-24,
CMP04643,COL0717,Infrastructure,High,Resolved,19,2021-08-01,2021-08-20
CMP04644,COL1380,Internet,Low,Resolved,5,2022-07-02,2022-07-07
CMP04645,COL0677,Library,Low,Pending,,2025-06-17,
CMP04646,COL1494,Library,Medium,Resolved,5,2023-10-01,2023-10-06
CMP04647,COL1372,Library,Medium,Resolved,6,2022-05-16,2022-05-22
CMP04648,COL1891,Library,Medium,Resolved,7,2021-03-04,2021-03-11
CMP04649,COL0271,Faculty,Low,Resolved,35,2023-03-20,2023-04-24
CMP04650,COL1699,Hostel,Low,Resolved,12,2023-01-11,2023-01-23
CMP04651,COL1060,Library,High,In Progress,,2021-07-07,
CMP04652,COL1334,Faculty,Medium,Resolved,27,2022-02-21,2022-03-20
CMP04653,COL0024,Transport,Medium,Resolved,4,2022-06-14,2022-06-18
CMP04654,COL0018,Internet,Low,Resolved,6,2024-05-19,2024-05-25
CMP04655,COL0137,Exam,High,Resolved,7,2025-02-01,2025-02-08
CMP04656,COL1090,Infrastructure,Medium,Resolved,32,2025-03-23,2025-04-24
CMP04657,COL0223,Internet,Low,Pending,,2023-09-28,
CMP04658,COL0056,Faculty,Low,Resolved,8,2021-08-14,2021-08-22
CMP04659,COL1883,Transport,Low,In Progress,,2021-06-04,
CMP04660,COL0764,Scholarship,Medium,In Progress,,2023-08-20,
CMP04661,COL1851,Transport,Medium,Resolved,10,2024-02-22,2024-03-03
CMP04662,COL1297,Faculty,Medium,Resolved,7,2023-07-29,2023-08-05
CMP04663,COL1324,Exam,Low,Resolved,6,2023-02-08,2023-02-14
CMP04664,COL1514,Exam,High,Resolved,1,2026-03-22,2026-03-23
CMP04665,COL1983,Faculty,Medium,Resolved,10,2024-04-10,2024-04-20
CMP04666,COL0389,Internet,Low,Pending,,2026-06-26,
CMP04667,COL0489,Library,Low,Resolved,10,2025-09-13,2025-09-23
CMP04668,COL1952,Transport,Medium,Resolved,13,2024-11-29,2024-12-12
CMP04669,COL1023,Faculty,Low,Resolved,29,2023-01-06,2023-02-04
CMP04670,COL0525,Faculty,Low,Escalated,,2024-02-06,
CMP04671,COL0689,Infrastructure,Low,Resolved,46,2025-02-24,2025-04-11
CMP04672,COL1784,Exam,Low,Resolved,6,2026-04-14,2026-04-20
CMP04673,COL1028,Faculty,High,Resolved,7,2021-10-28,2021-11-04
CMP04674,COL0713,Hostel,High,In Progress,,2022-08-04,
CMP04675,COL1490,Library,Low,Resolved,9,2023-10-26,2023-11-04
CMP04676,COL1091,Faculty,Medium,Resolved,25,2022-07-09,2022-08-03
CMP04677,COL0434,Internet,Medium,Resolved,1,2025-12-30,2025-12-31
CMP04678,COL1801,Exam,High,Resolved,8,2022-03-24,2022-04-01
CMP04679,COL0660,Hostel,Low,Resolved,22,2023-07-09,2023-07-31
CMP04680,COL0696,Internet,Low,Resolved,6,2021-04-02,2021-04-08
CMP04681,COL1899,Transport,Low,Resolved,17,2021-04-25,2021-05-12
CMP04682,COL1786,Internet,Low,Pending,,2022-01-05,
CMP04683,COL0879,Infrastructure,Medium,Resolved,15,2025-09-17,2025-10-02
CMP04684,COL1082,Scholarship,High,Resolved,21,2021-03-12,2021-04-02
CMP04685,COL0180,Hostel,Low,Resolved,4,2021-06-06,2021-06-10
CMP04686,COL1523,Hostel,High,Resolved,4,2021-06-12,2021-06-16
CMP04687,COL1082,Scholarship,Medium,Resolved,46,2024-06-22,2024-08-07
CMP04688,COL0462,Scholarship,Low,Resolved,38,2024-04-04,2024-05-12
CMP04689,COL0885,Infrastructure,Low,Resolved,26,2024-05-04,2024-05-30
CMP04690,COL1919,Internet,High,Resolved,3,2025-08-24,2025-08-27
CMP04691,COL0498,Scholarship,High,Escalated,,2022-10-17,
CMP04692,COL0835,Internet,High,In Progress,,2023-04-05,
CMP04693,COL0009,Library,High,Escalated,,2021-06-30,
CMP04694,COL0621,Transport,Low,Resolved,10,2025-05-03,2025-05-13
CMP04695,COL1779,Infrastructure,Low,Resolved,24,2022-11-29,2022-12-23
CMP04696,COL0333,Exam,Medium,Resolved,2,2026-06-30,2026-07-02
CMP04697,COL0732,Transport,Low,Resolved,6,2021-10-16,2021-10-22
CMP04698,COL1176,Hostel,Medium,Resolved,20,2024-11-22,2024-12-12
CMP04699,COL1329,Faculty,Low,Resolved,35,2025-09-21,2025-10-26
CMP04700,COL0381,Hostel,Medium,Resolved,3,2022-06-24,2022-06-27
CMP04701,COL0567,Faculty,Medium,Resolved,24,2022-08-28,2022-09-21
CMP04702,COL1512,Transport,High,In Progress,,2022-05-29,
CMP04703,COL0094,Hostel,Medium,Resolved,19,2022-07-24,2022-08-12
CMP04704,COL0755,Library,High,Resolved,2,2021-05-01,2021-05-03
CMP04705,COL1996,Faculty,Medium,In Progress,,2021-11-25,
CMP04706,COL1021,Scholarship,Medium,Resolved,54,2025-12-20,2026-02-12
CMP04707,COL0693,Transport,High,Resolved,3,2024-08-14,2024-08-17
CMP04708,COL0929,Infrastructure,Medium,Resolved,44,2021-08-05,2021-09-18
CMP04709,COL1374,Faculty,Low,In Progress,,2022-06-26,
CMP04710,COL0825,Internet,Medium,Resolved,7,2023-09-16,2023-09-23
CMP04711,COL1666,Scholarship,High,Resolved,29,2022-05-07,2022-06-05
CMP04712,COL0531,Exam,Medium,In Progress,,2024-03-15,
CMP04713,COL0656,Internet,Low,Resolved,5,2025-12-29,2026-01-03
CMP04714,COL1899,Library,Low,Resolved,6,2024-11-27,2024-12-03
CMP04715,COL0587,Transport,Low,Resolved,4,2021-12-21,2021-12-25
CMP04716,COL0346,Infrastructure,Medium,Resolved,23,2024-11-18,2024-12-11
CMP04717,COL1727,Internet,Low,Resolved,7,2023-01-29,2023-02-05
CMP04718,COL1033,Hostel,Low,Resolved,21,2021-12-05,2021-12-26
CMP04719,COL0089,Internet,Medium,Resolved,2,2023-11-12,2023-11-14
CMP04720,COL0051,Library,Medium,Pending,,2025-12-03,
CMP04721,COL1803,Scholarship,Low,Resolved,19,2025-01-24,2025-02-12
CMP04722,COL0984,Exam,High,Resolved,9,2022-01-05,2022-01-14
CMP04723,COL0810,Infrastructure,Medium,Resolved,29,2021-11-20,2021-12-19
CMP04724,COL1377,Internet,Medium,In Progress,,2021-08-30,
CMP04725,COL1215,Scholarship,Low,Resolved,45,2022-04-11,2022-05-26
CMP04726,COL1345,Exam,Medium,Resolved,2,2022-07-08,2022-07-10
CMP04727,COL0351,Internet,Low,Pending,,2024-10-11,
CMP04728,COL1888,Transport,Low,Pending,,2021-11-10,
CMP04729,COL1500,Infrastructure,Low,Resolved,23,2024-07-15,2024-08-07
CMP04730,COL0646,Library,Low,Resolved,10,2023-06-20,2023-06-30
CMP04731,COL0295,Exam,Low,Escalated,,2023-11-22,
CMP04732,COL1310,Library,Medium,Resolved,4,2026-07-08,2026-07-12
CMP04733,COL1591,Scholarship,Medium,Resolved,9,2024-06-03,2024-06-12
CMP04734,COL0424,Exam,Low,Pending,,2022-07-04,
CMP04735,COL1194,Infrastructure,Medium,Resolved,22,2024-10-04,2024-10-26
CMP04736,COL0980,Infrastructure,Medium,Resolved,37,2025-07-05,2025-08-11
CMP04737,COL1904,Exam,Low,Escalated,,2021-12-14,
CMP04738,COL1079,Transport,Low,Resolved,8,2022-03-30,2022-04-07
CMP04739,COL0479,Internet,Medium,Resolved,4,2025-12-19,2025-12-23
CMP04740,COL0647,Transport,Low,Resolved,17,2022-08-03,2022-08-20
CMP04741,COL0347,Library,Medium,Resolved,2,2025-06-04,2025-06-06
CMP04742,COL0734,Hostel,Medium,Resolved,20,2022-03-09,2022-03-29
CMP04743,COL0888,Exam,Medium,Resolved,10,2023-10-09,2023-10-19
CMP04744,COL0286,Exam,Medium,Resolved,14,2022-05-05,2022-05-19
CMP04745,COL0761,Faculty,Low,Resolved,36,2024-12-01,2025-01-06
CMP04746,COL0535,Internet,Low,Resolved,5,2025-11-30,2025-12-05
CMP04747,COL0363,Scholarship,High,Resolved,16,2025-02-08,2025-02-24
CMP04748,COL1421,Faculty,Low,Resolved,32,2025-11-10,2025-12-12
CMP04749,COL0871,Transport,Medium,Resolved,5,2025-07-05,2025-07-10
CMP04750,COL0180,Hostel,Medium,Resolved,3,2021-01-03,2021-01-06
CMP04751,COL0142,Faculty,High,Resolved,11,2022-04-04,2022-04-15
CMP04752,COL0513,Transport,Medium,Resolved,7,2022-02-13,2022-02-20
CMP04753,COL1153,Scholarship,Medium,Resolved,45,2024-11-30,2025-01-14
CMP04754,COL0932,Internet,Medium,In Progress,,2023-01-26,
CMP04755,COL1686,Faculty,Low,Escalated,,2024-05-22,
CMP04756,COL0641,Infrastructure,High,Resolved,10,2022-08-31,2022-09-10
CMP04757,COL1878,Scholarship,High,Resolved,21,2021-02-04,2021-02-25
CMP04758,COL0439,Transport,High,In Progress,,2025-03-25,
CMP04759,COL0343,Faculty,Low,Escalated,,2026-06-13,
CMP04760,COL1579,Exam,Low,In Progress,,2021-09-20,
CMP04761,COL1123,Scholarship,High,Resolved,33,2024-10-04,2024-11-06
CMP04762,COL0513,Infrastructure,High,Resolved,13,2025-08-05,2025-08-18
CMP04763,COL0461,Internet,Medium,Resolved,5,2024-03-18,2024-03-23
CMP04764,COL0389,Transport,High,Resolved,8,2022-09-23,2022-10-01
CMP04765,COL0377,Scholarship,High,Pending,,2024-05-29,
CMP04766,COL0393,Transport,Low,Resolved,6,2022-02-24,2022-03-02
CMP04767,COL0871,Hostel,Medium,Resolved,19,2026-05-12,2026-05-31
CMP04768,COL1986,Infrastructure,Low,Resolved,17,2022-02-23,2022-03-12
CMP04769,COL0800,Hostel,Medium,Escalated,,2021-11-23,
CMP04770,COL1401,Faculty,Low,Pending,,2023-03-13,
CMP04771,COL0778,Library,Medium,Resolved,1,2025-07-23,2025-07-24
CMP04772,COL1400,Exam,Medium,Resolved,15,2026-04-09,2026-04-24
CMP04773,COL0052,Library,Low,Resolved,9,2026-03-28,2026-04-06
CMP04774,COL1980,Exam,High,Escalated,,2024-02-11,
CMP04775,COL0982,Scholarship,Medium,Pending,,2021-05-29,
CMP04776,COL0207,Faculty,Low,Resolved,5,2026-01-18,2026-01-23
CMP04777,COL0954,Library,Low,Resolved,7,2023-06-07,2023-06-14
CMP04778,COL0513,Faculty,High,Resolved,15,2024-06-05,2024-06-20
CMP04779,COL0715,Hostel,Medium,Resolved,14,2024-11-13,2024-11-27
CMP04780,COL0445,Library,Low,Resolved,12,2025-03-11,2025-03-23
CMP04781,COL1663,Scholarship,Medium,Resolved,32,2025-12-06,2026-01-07
CMP04782,COL1439,Transport,Medium,Escalated,,2021-12-20,
CMP04783,COL0494,Exam,Medium,Resolved,4,2026-05-26,2026-05-30
CMP04784,COL0343,Infrastructure,Medium,Resolved,39,2023-02-02,2023-03-13
CMP04785,COL0580,Scholarship,Low,Resolved,50,2023-02-17,2023-04-08
CMP04786,COL0859,Library,Low,Resolved,10,2024-07-22,2024-08-01
CMP04787,COL0368,Library,High,Resolved,5,2021-01-30,2021-02-04
CMP04788,COL1385,Transport,Low,Resolved,15,2026-04-11,2026-04-26
CMP04789,COL1691,Transport,Low,Resolved,7,2024-06-24,2024-07-01
CMP04790,COL0785,Library,High,Resolved,2,2025-03-03,2025-03-05
CMP04791,COL1939,Exam,Low,Resolved,15,2023-03-20,2023-04-04
CMP04792,COL0511,Internet,High,Resolved,2,2023-03-08,2023-03-10
CMP04793,COL1616,Scholarship,Medium,Resolved,23,2026-06-13,2026-07-06
CMP04794,COL1608,Internet,Medium,Resolved,6,2022-05-21,2022-05-27
CMP04795,COL1677,Exam,Medium,Resolved,8,2024-01-13,2024-01-21
CMP04796,COL1437,Library,Low,Escalated,,2024-07-18,
CMP04797,COL1415,Internet,High,Resolved,1,2024-09-16,2024-09-17
CMP04798,COL0761,Faculty,High,Resolved,10,2021-07-15,2021-07-25
CMP04799,COL1103,Infrastructure,High,Resolved,11,2024-12-15,2024-12-26
CMP04800,COL1159,Hostel,Low,Resolved,18,2022-02-06,2022-02-24
CMP04801,COL1625,Transport,Medium,Resolved,2,2021-03-06,2021-03-08
CMP04802,COL1671,Library,Low,Resolved,4,2023-08-05,2023-08-09
CMP04803,COL1832,Faculty,Medium,Resolved,18,2024-11-17,2024-12-05
CMP04804,COL0749,Exam,Medium,Resolved,8,2023-04-19,2023-04-27
CMP04805,COL0988,Scholarship,Low,Resolved,59,2022-08-28,2022-10-26
CMP04806,COL0960,Faculty,High,Resolved,4,2025-08-10,2025-08-14
CMP04807,COL1963,Internet,Medium,Resolved,3,2023-02-03,2023-02-06
CMP04808,COL1141,Hostel,High,Resolved,3,2024-04-11,2024-04-14
CMP04809,COL0016,Infrastructure,Medium,Resolved,7,2021-12-19,2021-12-26
CMP04810,COL0618,Internet,Low,In Progress,,2023-11-19,
CMP04811,COL0356,Transport,Medium,Resolved,7,2025-12-08,2025-12-15
CMP04812,COL0199,Faculty,Medium,Pending,,2026-01-04,
CMP04813,COL0624,Exam,Medium,Resolved,8,2024-12-30,2025-01-07
CMP04814,COL0598,Faculty,Medium,Resolved,10,2025-03-14,2025-03-24
CMP04815,COL0594,Scholarship,Medium,Resolved,11,2021-08-27,2021-09-07
CMP04816,COL1836,Infrastructure,Medium,Resolved,45,2024-07-06,2024-08-20
CMP04817,COL0470,Exam,High,Resolved,9,2022-02-13,2022-02-22
CMP04818,COL0424,Hostel,Medium,In Progress,,2022-02-02,
CMP04819,COL0340,Library,Medium,Resolved,7,2024-01-30,2024-02-06
CMP04820,COL1795,Exam,Low,In Progress,,2024-08-14,
CMP04821,COL0602,Scholarship,Medium,Resolved,22,2022-01-17,2022-02-08
CMP04822,COL0493,Internet,Low,Resolved,6,2024-10-25,2024-10-31
CMP04823,COL1879,Library,Medium,Resolved,8,2022-07-03,2022-07-11
CMP04824,COL0896,Hostel,High,Resolved,11,2025-02-22,2025-03-05
CMP04825,COL0598,Transport,Medium,Resolved,10,2021-05-21,2021-05-31
CMP04826,COL0174,Library,High,Resolved,6,2023-01-25,2023-01-31
CMP04827,COL0903,Internet,Medium,Resolved,3,2022-06-23,2022-06-26
CMP04828,COL0981,Exam,High,Resolved,7,2023-08-07,2023-08-14
CMP04829,COL1178,Library,Medium,Resolved,6,2025-10-15,2025-10-21
CMP04830,COL1360,Transport,High,Resolved,3,2022-01-19,2022-01-22
CMP04831,COL0488,Transport,High,In Progress,,2021-10-09,
CMP04832,COL1691,Library,High,Resolved,1,2026-07-12,2026-07-13
CMP04833,COL1731,Infrastructure,Low,Resolved,25,2024-07-10,2024-08-04
CMP04834,COL1933,Infrastructure,Medium,Resolved,20,2022-07-31,2022-08-20
CMP04835,COL1085,Exam,Medium,Resolved,15,2026-01-11,2026-01-26
CMP04836,COL0742,Library,High,Pending,,2024-01-17,
CMP04837,COL0363,Internet,Low,In Progress,,2026-01-08,
CMP04838,COL1043,Library,Low,Resolved,3,2023-01-03,2023-01-06
CMP04839,COL0787,Faculty,Medium,Resolved,8,2023-03-19,2023-03-27
CMP04840,COL1637,Library,Low,Resolved,13,2021-04-05,2021-04-18
CMP04841,COL0746,Internet,Medium,Resolved,7,2021-08-11,2021-08-18
CMP04842,COL1416,Scholarship,Low,Resolved,18,2022-09-26,2022-10-14
CMP04843,COL0865,Exam,High,Resolved,8,2021-05-28,2021-06-05
CMP04844,COL0855,Transport,Low,Resolved,15,2026-06-21,2026-07-06
CMP04845,COL0281,Library,Low,Resolved,10,2021-09-23,2021-10-03
CMP04846,COL0820,Scholarship,High,Resolved,17,2022-08-04,2022-08-21
CMP04847,COL0692,Internet,Medium,In Progress,,2022-11-21,
CMP04848,COL0566,Scholarship,High,Resolved,22,2026-04-07,2026-04-29
CMP04849,COL1844,Faculty,Medium,Resolved,25,2021-07-03,2021-07-28
CMP04850,COL0022,Infrastructure,High,Pending,,2026-05-06,
CMP04851,COL1574,Scholarship,High,Resolved,17,2023-06-30,2023-07-17
CMP04852,COL0708,Infrastructure,Low,Resolved,9,2023-12-29,2024-01-07
CMP04853,COL1223,Hostel,High,Resolved,7,2023-01-11,2023-01-18
CMP04854,COL1239,Exam,Low,Resolved,10,2024-08-08,2024-08-18
CMP04855,COL1177,Faculty,Medium,In Progress,,2021-05-16,
CMP04856,COL0879,Infrastructure,Low,Pending,,2024-12-26,
CMP04857,COL0221,Exam,Medium,Resolved,11,2021-10-12,2021-10-23
CMP04858,COL0572,Scholarship,High,In Progress,,2026-06-27,
CMP04859,COL1286,Internet,Medium,In Progress,,2022-06-16,
CMP04860,COL1361,Library,High,Resolved,3,2025-06-17,2025-06-20
CMP04861,COL1273,Library,Medium,Resolved,3,2023-04-26,2023-04-29
CMP04862,COL0130,Faculty,Low,Pending,,2021-11-15,
CMP04863,COL0629,Hostel,Low,Resolved,14,2023-05-22,2023-06-05
CMP04864,COL0561,Scholarship,High,Resolved,14,2022-07-22,2022-08-05
CMP04865,COL0344,Library,Medium,Resolved,2,2021-11-10,2021-11-12
CMP04866,COL0366,Infrastructure,High,Resolved,13,2023-09-20,2023-10-03
CMP04867,COL0869,Internet,Low,Resolved,9,2025-01-07,2025-01-16
CMP04868,COL1282,Faculty,Low,Resolved,34,2023-12-16,2024-01-19
CMP04869,COL0495,Library,Low,Pending,,2022-03-17,
CMP04870,COL0210,Hostel,High,Resolved,11,2025-03-18,2025-03-29
CMP04871,COL1313,Library,Low,Pending,,2024-01-09,
CMP04872,COL0749,Transport,Medium,Resolved,11,2024-11-22,2024-12-03
CMP04873,COL0576,Transport,Medium,Resolved,7,2025-04-06,2025-04-13
CMP04874,COL0761,Hostel,Medium,Resolved,16,2022-09-19,2022-10-05
CMP04875,COL1491,Library,Medium,Resolved,8,2023-09-19,2023-09-27
CMP04876,COL0852,Infrastructure,High,Resolved,26,2025-03-12,2025-04-07
CMP04877,COL0592,Scholarship,Medium,Resolved,40,2021-04-26,2021-06-05
CMP04878,COL1930,Library,Medium,Resolved,10,2021-03-26,2021-04-05
CMP04879,COL0126,Scholarship,Medium,Resolved,55,2021-05-08,2021-07-02
CMP04880,COL0830,Hostel,Medium,Resolved,13,2024-12-31,2025-01-13
CMP04881,COL1574,Exam,Low,In Progress,,2021-02-03,
CMP04882,COL0409,Infrastructure,Medium,Escalated,,2026-06-02,
CMP04883,COL0506,Hostel,Medium,Resolved,19,2023-10-23,2023-11-11
CMP04884,COL1774,Infrastructure,Medium,Resolved,17,2024-11-03,2024-11-20
CMP04885,COL0431,Internet,High,Resolved,3,2023-10-28,2023-10-31
CMP04886,COL0868,Library,Low,Pending,,2025-04-08,
CMP04887,COL1536,Infrastructure,Low,Resolved,43,2022-01-27,2022-03-11
CMP04888,COL1801,Exam,Medium,Resolved,11,2021-09-21,2021-10-02
CMP04889,COL0072,Exam,High,Resolved,4,2024-01-24,2024-01-28
CMP04890,COL1464,Library,High,Resolved,5,2022-09-27,2022-10-02
CMP04891,COL0703,Internet,High,Resolved,2,2025-01-01,2025-01-03
CMP04892,COL1093,Exam,Medium,Resolved,1,2025-05-20,2025-05-21
CMP04893,COL0533,Exam,High,Resolved,6,2026-06-24,2026-06-30
CMP04894,COL0417,Internet,Medium,Resolved,6,2026-04-16,2026-04-22
CMP04895,COL1363,Hostel,High,In Progress,,2021-11-11,
CMP04896,COL0418,Infrastructure,High,Resolved,16,2022-08-10,2022-08-26
CMP04897,COL0633,Internet,Low,In Progress,,2024-01-22,
CMP04898,COL1786,Faculty,Medium,Resolved,17,2022-03-08,2022-03-25
CMP04899,COL1546,Infrastructure,Medium,Resolved,40,2021-08-02,2021-09-11
CMP04900,COL1408,Transport,Medium,Resolved,13,2021-12-18,2021-12-31
CMP04901,COL0539,Transport,High,Resolved,4,2024-12-05,2024-12-09
CMP04902,COL0200,Exam,High,Resolved,4,2022-06-12,2022-06-16
CMP04903,COL0164,Exam,Medium,Resolved,3,2022-12-27,2022-12-30
CMP04904,COL1406,Transport,Low,In Progress,,2022-08-06,
CMP04905,COL0948,Library,Medium,Resolved,7,2021-06-15,2021-06-22
CMP04906,COL1132,Infrastructure,High,Resolved,20,2025-04-24,2025-05-14
CMP04907,COL1136,Infrastructure,Medium,Resolved,40,2025-02-21,2025-04-02
CMP04908,COL0208,Scholarship,Medium,Resolved,40,2026-03-30,2026-05-09
CMP04909,COL0743,Scholarship,High,Resolved,32,2023-11-19,2023-12-21
CMP04910,COL0351,Internet,High,Escalated,,2025-01-12,
CMP04911,COL1634,Internet,Low,Pending,,2023-02-09,
CMP04912,COL0328,Transport,Medium,Resolved,5,2025-06-24,2025-06-29
CMP04913,COL1112,Internet,Medium,Resolved,4,2021-07-25,2021-07-29
CMP04914,COL1725,Library,Low,Resolved,3,2025-08-09,2025-08-12
CMP04915,COL0014,Exam,High,Resolved,5,2024-03-30,2024-04-04
CMP04916,COL0405,Faculty,Low,Resolved,19,2021-12-17,2022-01-05
CMP04917,COL1084,Exam,High,Resolved,8,2024-12-22,2024-12-30
CMP04918,COL0307,Faculty,Low,Resolved,36,2025-09-28,2025-11-03
CMP04919,COL1233,Transport,Low,In Progress,,2023-08-26,
CMP04920,COL1024,Library,Medium,Escalated,,2022-05-28,
CMP04921,COL1533,Transport,Low,Resolved,10,2025-05-09,2025-05-19
CMP04922,COL1266,Internet,High,Resolved,2,2022-09-02,2022-09-04
CMP04923,COL1787,Library,Medium,Resolved,8,2022-01-08,2022-01-16
CMP04924,COL0020,Faculty,Low,Resolved,15,2024-08-07,2024-08-22
CMP04925,COL1162,Faculty,High,Resolved,3,2024-04-11,2024-04-14
CMP04926,COL0025,Exam,Medium,Resolved,14,2023-10-31,2023-11-14
CMP04927,COL0594,Faculty,High,Resolved,17,2025-10-22,2025-11-08
CMP04928,COL0109,Hostel,Medium,Escalated,,2021-02-20,
CMP04929,COL0527,Library,Medium,Resolved,1,2023-09-03,2023-09-04
CMP04930,COL0033,Library,Medium,Resolved,9,2025-06-03,2025-06-12
CMP04931,COL0154,Library,High,Resolved,2,2023-01-18,2023-01-20
CMP04932,COL0417,Hostel,Medium,Resolved,14,2022-06-21,2022-07-05
CMP04933,COL1172,Infrastructure,Medium,Resolved,12,2026-03-06,2026-03-18
CMP04934,COL0660,Internet,Low,Resolved,4,2024-06-03,2024-06-07
CMP04935,COL0925,Scholarship,High,Resolved,30,2024-09-09,2024-10-09
CMP04936,COL0013,Exam,Medium,Resolved,4,2023-07-08,2023-07-12
CMP04937,COL0803,Faculty,High,Resolved,17,2021-05-30,2021-06-16
CMP04938,COL0050,Library,Medium,Resolved,4,2022-10-02,2022-10-06
CMP04939,COL0791,Transport,Low,In Progress,,2021-07-10,
CMP04940,COL0254,Hostel,High,In Progress,,2023-12-16,
CMP04941,COL0434,Library,Low,Resolved,5,2026-04-04,2026-04-09
CMP04942,COL1001,Exam,Low,Resolved,9,2023-01-27,2023-02-05
CMP04943,COL1897,Infrastructure,Medium,Resolved,7,2024-05-29,2024-06-05
CMP04944,COL0965,Infrastructure,Low,Resolved,57,2024-01-23,2024-03-20
CMP04945,COL0884,Infrastructure,Low,Resolved,39,2025-05-30,2025-07-08
CMP04946,COL0675,Transport,Low,Escalated,,2025-02-13,
CMP04947,COL1080,Scholarship,Medium,Resolved,58,2025-08-17,2025-10-14
CMP04948,COL0499,Transport,High,In Progress,,2025-08-14,
CMP04949,COL1306,Library,Low,Resolved,4,2023-10-04,2023-10-08
CMP04950,COL0543,Library,Low,Resolved,4,2024-06-18,2024-06-22
CMP04951,COL1996,Transport,High,Resolved,5,2025-12-19,2025-12-24
CMP04952,COL1513,Internet,Medium,Resolved,2,2024-04-28,2024-04-30
CMP04953,COL0019,Exam,High,Resolved,7,2025-06-03,2025-06-10
CMP04954,COL0288,Hostel,Low,Resolved,13,2022-04-24,2022-05-07
CMP04955,COL1840,Exam,Medium,Resolved,7,2024-09-06,2024-09-13
CMP04956,COL1312,Infrastructure,Low,Resolved,37,2025-10-11,2025-11-17
CMP04957,COL0418,Transport,Low,Resolved,10,2021-08-28,2021-09-07
CMP04958,COL0509,Transport,High,Resolved,1,2023-03-19,2023-03-20
CMP04959,COL1968,Exam,Low,Resolved,6,2026-02-26,2026-03-04
CMP04960,COL0787,Infrastructure,Medium,Resolved,40,2024-07-09,2024-08-18
CMP04961,COL1351,Exam,Medium,Resolved,11,2022-01-18,2022-01-29
CMP04962,COL0221,Exam,High,Resolved,3,2024-01-06,2024-01-09
CMP04963,COL0247,Faculty,High,Resolved,13,2026-06-05,2026-06-18
CMP04964,COL1436,Hostel,High,Resolved,6,2021-05-06,2021-05-12
CMP04965,COL1738,Transport,Low,Resolved,12,2023-10-03,2023-10-15
CMP04966,COL0448,Infrastructure,Low,In Progress,,2025-02-24,
CMP04967,COL1394,Infrastructure,Low,Resolved,25,2022-05-16,2022-06-10
CMP04968,COL0929,Exam,High,In Progress,,2022-01-20,
CMP04969,COL0459,Exam,High,Escalated,,2022-03-03,
CMP04970,COL1996,Faculty,Medium,Resolved,10,2023-05-09,2023-05-19
CMP04971,COL0076,Exam,High,In Progress,,2024-02-27,
CMP04972,COL0572,Transport,Low,Resolved,6,2021-06-26,2021-07-02
CMP04973,COL0007,Hostel,High,Resolved,9,2021-08-24,2021-09-02
CMP04974,COL0643,Library,Low,Resolved,12,2021-03-13,2021-03-25
CMP04975,COL0289,Library,Medium,Resolved,1,2022-06-20,2022-06-21
CMP04976,COL0493,Scholarship,Low,Resolved,32,2022-06-05,2022-07-07
CMP04977,COL1782,Library,Low,Resolved,10,2021-02-13,2021-02-23
CMP04978,COL0074,Transport,Medium,Resolved,8,2026-04-19,2026-04-27
CMP04979,COL1577,Exam,Low,Resolved,5,2021-08-30,2021-09-04
CMP04980,COL1869,Transport,Low,Resolved,16,2022-11-19,2022-12-05
CMP04981,COL0426,Scholarship,Medium,Resolved,45,2023-02-27,2023-04-13
CMP04982,COL0914,Library,Medium,Resolved,10,2025-10-11,2025-10-21
CMP04983,COL0469,Faculty,Low,Resolved,36,2021-10-29,2021-12-04
CMP04984,COL1852,Exam,High,Escalated,,2023-09-13,
CMP04985,COL0894,Faculty,Low,Escalated,,2026-07-01,
CMP04986,COL0460,Scholarship,High,Resolved,26,2023-11-02,2023-11-28
CMP04987,COL0588,Exam,Low,Escalated,,2025-11-14,
CMP04988,COL0036,Transport,Low,Resolved,5,2023-03-02,2023-03-07
CMP04989,COL1883,Faculty,Medium,Resolved,9,2024-05-26,2024-06-04
CMP04990,COL0335,Transport,Low,Resolved,14,2021-01-31,2021-02-14
CMP04991,COL1876,Hostel,Low,Resolved,14,2022-12-29,2023-01-12
CMP04992,COL1247,Faculty,High,In Progress,,2023-05-07,
CMP04993,COL0502,Hostel,Low,Resolved,13,2024-04-02,2024-04-15
CMP04994,COL0935,Internet,Medium,Resolved,3,2023-08-21,2023-08-24
CMP04995,COL1206,Library,Low,Resolved,13,2025-06-03,2025-06-16
CMP04996,COL0209,Internet,Medium,Resolved,6,2025-03-30,2025-04-05
CMP04997,COL1484,Library,High,Resolved,4,2021-06-01,2021-06-05
CMP04998,COL1067,Exam,High,In Progress,,2023-05-06,
CMP04999,COL1635,Transport,Low,Resolved,2,2025-06-07,2025-06-09
CMP05000,COL0666,Library,Medium,Resolved,3,2022-02-10,2022-02-13
