college_id,year,student_satisfaction,placement_rate,graduation_rate,dropout_rate,faculty_student_ratio,research_score,infrastructure_score,financial_health_score,overall_state_rank
COL0001,2021,78.6,62.7,80.7,9.0,17,52.4,77.1,67.0,1749
COL0001,2022,71.6,61.9,69.8,11.7,17,52.8,67.4,71.1,1900
COL0001,2023,72.8,67.1,81.4,10.7,18,53.7,70.4,76.9,1766
COL0001,2024,78.8,64.9,82.3,9.7,17,55.1,76.1,69.0,1748
COL0001,2025,78.6,68.1,81.5,11.5,17,56.4,74.5,73.7,1784
COL0002,2021,91.2,91.5,100,0.9,10,100,96.2,93.0,168
COL0002,2022,94.2,87.9,100,1.5,10,100,91.0,88.3,295
COL0002,2023,99.4,96.7,100,1.0,8,100,96.8,100,11
COL0002,2024,94.5,94.2,100,0.2,8,100,99.6,90.6,238
COL0002,2025,93.2,90.0,100,0.2,9,100,91.9,89.6,261
COL0003,2021,92.7,86.7,100,4.3,13,93.4,88.4,89.6,526
COL0003,2022,93.0,88.6,99.9,3.9,8,90.5,95.3,94.3,565
COL0003,2023,95.0,91.7,100,1.6,12,90.9,88.9,93.4,402
COL0003,2024,90.8,88.5,100,1.9,11,93.0,96.1,90.8,395
COL0003,2025,97.4,89.8,100,3.0,9,99.7,96.2,91.2,354
COL0004,2021,71.0,56.1,65.4,12.7,20,43.8,70.3,64.0,1950
COL0004,2022,75.9,59.1,68.0,13.5,18,43.2,65.0,63.9,1982
COL0004,2023,73.9,54.9,70.9,13.6,21,43.1,66.5,70.8,1965
COL0004,2024,73.8,56.7,66.4,12.7,18,45.4,71.3,68.5,1966
COL0004,2025,73.6,61.1,69.5,11.0,21,52.7,70.7,68.6,1891
COL0005,2021,84.9,76.0,86.7,9.7,13,65.9,81.9,76.7,1401
COL0005,2022,84.0,72.8,92.5,6.1,14,68.6,83.1,75.2,1286
COL0005,2023,84.6,72.7,88.5,8.6,13,69.9,86.2,75.7,1436
COL0005,2024,81.9,76.7,91.3,9.3,13,69.2,81.1,81.9,1404
COL0005,2025,85.8,75.2,84.3,9.2,12,71.0,78.6,84.6,1415
COL0006,2021,77.1,63.1,73.5,12.6,21,55.3,69.2,73.8,1862
COL0006,2022,73.8,58.1,70.4,11.6,19,51.8,72.7,65.1,1929
COL0006,2023,77.2,65.1,82.3,11.0,19,51.9,67.9,72.2,1812
COL0006,2024,76.2,60.3,69.9,13.3,16,54.8,69.2,72.1,1916
COL0006,2025,80.8,71.2,84.5,8.8,16,60.8,78.8,70.6,1689
COL0007,2021,90.8,74.1,91.2,5.5,11,70.7,88.3,78.4,1087
COL0007,2022,87.5,80.7,91.6,5.6,14,82.9,90.3,84.9,1000
COL0007,2023,83.0,73.7,90.5,6.7,14,69.7,82.3,78.8,1314
COL0007,2024,83.1,82.5,100,5.2,13,81.9,84.1,77.9,1072
COL0007,2025,84.0,76.5,96.6,5.1,14,79.2,80.7,85.0,1114
COL0008,2021,80.8,71.7,86.0,9.4,13,74.8,81.9,85.1,1381
COL0008,2022,82.7,80.7,97.1,6.1,13,78.9,77.6,77.3,1201
COL0008,2023,88.2,80.6,99.2,5.7,14,77.6,83.3,79.2,1084
COL0008,2024,82.6,79.8,98.1,6.0,12,80.0,77.9,80.0,1116
COL0008,2025,87.1,80.8,98.7,8.2,15,85.0,80.4,86.9,1198
COL0009,2021,94.9,91.9,100,3.8,9,99.1,92.0,94.1,365
COL0009,2022,92.0,90.2,100,2.4,12,99.7,90.2,82.9,453
COL0009,2023,89.1,88.2,100,2.9,12,96.0,91.6,84.2,602
COL0009,2024,92.4,93.0,100,5.0,10,97.6,86.5,93.1,601
COL0009,2025,92.9,84.4,94.7,3.1,10,100,89.4,84.7,588
COL0010,2021,95.4,87.1,100,3.7,11,90.9,88.6,91.9,582
COL0010,2022,89.6,86.1,100,4.6,11,91.3,90.7,87.6,718
COL0010,2023,92.2,88.0,100,3.6,11,92.5,96.4,97.5,498
COL0010,2024,89.2,93.8,100,1.9,8,94.7,89.3,88.8,460
COL0010,2025,95.7,90.6,100,1.9,10,94.1,96.0,96.0,265
COL0011,2021,79.4,65.7,84.0,11.0,16,56.3,78.8,72.7,1732
COL0011,2022,80.8,65.6,80.5,10.6,16,61.7,79.4,69.6,1725
COL0011,2023,76.3,62.4,76.8,9.3,15,57.8,78.9,78.2,1715
COL0011,2024,80.2,68.7,86.0,11.6,17,55.2,75.8,69.0,1796
COL0011,2025,78.5,59.2,67.3,9.4,19,52.5,74.3,77.8,1810
COL0012,2021,86.6,77.6,93.1,6.4,13,77.8,85.3,82.4,1125
COL0012,2022,87.7,89.2,100,4.8,12,88.0,92.0,88.5,614
COL0012,2023,88.9,88.0,100,5.1,11,83.6,90.9,86.5,784
COL0012,2024,88.0,80.9,94.9,5.1,12,83.2,88.7,90.4,878
COL0012,2025,89.3,78.3,94.5,7.1,12,81.6,84.7,82.3,1090
COL0013,2021,80.0,69.9,89.1,10.1,15,74.8,74.9,78.4,1525
COL0013,2022,83.8,75.0,92.4,8.9,16,81.9,84.4,77.1,1253
COL0013,2023,86.4,72.6,89.5,8.2,14,74.7,84.2,74.8,1320
COL0013,2024,88.0,76.6,85.4,5.6,14,76.4,84.6,75.5,1269
COL0013,2025,85.5,76.6,88.8,8.3,16,83.3,78.4,79.6,1313
COL0014,2021,76.5,67.4,86.6,11.0,17,55.5,71.0,80.6,1775
COL0014,2022,82.7,66.5,76.3,8.5,17,66.8,80.3,78.8,1517
COL0014,2023,84.3,69.4,89.4,7.2,14,66.7,82.6,76.7,1437
COL0014,2024,83.1,63.0,76.6,9.1,17,61.4,73.1,77.7,1703
COL0014,2025,80.5,70.2,83.1,8.4,17,63.1,77.3,76.1,1652
COL0015,2021,75.7,64.7,83.1,13.2,17,56.1,70.3,77.2,1839
COL0015,2022,78.6,59.5,76.6,12.6,17,50.4,68.0,77.1,1888
COL0015,2023,74.1,55.7,65.1,11.7,19,54.7,67.2,69.8,1945
COL0015,2024,77.9,62.6,79.8,10.6,17,55.0,69.8,71.0,1837
COL0015,2025,73.2,61.3,72.5,12.5,18,52.1,70.3,74.9,1932
COL0016,2021,83.0,81.9,100,6.1,13,72.1,83.7,83.6,1102
COL0016,2022,86.5,75.4,91.3,7.5,15,72.0,79.2,85.2,1225
COL0016,2023,87.9,73.9,87.6,4.5,14,73.6,86.6,80.8,1113
COL0016,2024,82.1,81.6,100.0,6.8,12,72.0,81.0,85.9,1265
COL0016,2025,87.0,73.4,92.9,7.9,15,71.3,86.4,80.0,1342
COL0017,2021,86.5,82.3,96.2,2.9,13,81.8,90.3,83.7,752
COL0017,2022,91.5,86.0,100,2.7,12,79.7,89.6,82.8,716
COL0017,2023,92.8,85.6,98.8,4.1,12,85.2,88.4,89.6,741
COL0017,2024,92.0,84.4,100,4.6,13,81.3,86.9,91.7,827
COL0017,2025,84.1,79.4,90.7,4.1,13,80.7,83.9,90.5,971
COL0018,2021,85.5,78.3,87.5,7.1,15,71.3,77.7,81.2,1276
COL0018,2022,80.0,78.6,88.3,7.9,16,76.5,82.3,86.2,1315
COL0018,2023,82.0,77.2,93.4,6.4,14,70.3,81.1,79.5,1278
COL0018,2024,86.5,77.6,90.6,8.2,13,76.9,82.6,79.8,1334
COL0018,2025,81.2,73.1,90.4,7.0,13,79.6,80.7,83.3,1312
COL0019,2021,76.9,72.4,86.9,10.8,15,66.8,74.6,76.3,1662
COL0019,2022,85.0,69.2,85.8,9.2,14,62.6,78.7,81.3,1510
COL0019,2023,78.7,74.2,87.7,9.9,14,74.1,76.8,80.1,1450
COL0019,2024,77.4,66.6,76.3,8.4,15,68.4,77.0,83.7,1607
COL0019,2025,77.5,68.0,80.8,9.6,15,67.6,74.8,77.9,1637
COL0020,2021,96.1,97.0,100,0.4,9,93.1,91.6,91.0,236
COL0020,2022,97.5,92.0,100,0.3,8,96.1,99.9,96.8,76
COL0020,2023,97.5,98,100,0,8,95.4,99.5,95.9,144
COL0020,2024,94.4,95.6,100,3.7,8,100,91.9,95.7,425
COL0020,2025,98.5,91.2,100,2.5,9,100,94.4,97.9,302
COL0021,2021,78.8,76.3,92.1,10.8,14,67.8,78.0,73.9,1490
COL0021,2022,85.9,74.2,90.6,6.9,16,64.5,83.0,78.2,1398
COL0021,2023,85.8,79.6,91.8,7.0,14,75.1,79.2,78.1,1270
COL0021,2024,85.2,78.6,90.4,7.6,13,70.5,81.3,87.3,1256
COL0021,2025,82.8,78.8,96.6,7.5,13,71.3,83.7,77.8,1329
COL0022,2021,81.8,74.1,84.5,7.6,13,71.9,81.0,87.4,1355
COL0022,2022,86.1,81.8,100,8.4,14,82.6,80.6,89.8,1022
COL0022,2023,83.7,78.5,98.1,7.3,13,78.5,81.4,78.7,1201
COL0022,2024,86.5,79.8,93.3,6.8,13,82.7,86.6,87.9,1018
COL0022,2025,88.5,79.2,88.2,4.8,16,75.3,83.3,84.5,1124
COL0023,2021,78.3,67.8,78.8,7.6,14,69.9,76.0,73.3,1539
COL0023,2022,81.5,70.2,84.7,10.9,15,68.3,71.9,70.8,1669
COL0023,2023,82.6,74.0,83.7,9.2,17,70.4,77.3,73.3,1575
COL0023,2024,82.0,66.8,82.1,8.0,15,68.3,73.9,72.0,1583
COL0023,2025,76.6,73.1,81.0,8.6,17,69.2,74.3,79.6,1559
COL0024,2021,92.2,88.8,100,3.2,11,84.8,88.3,84.3,591
COL0024,2022,89.9,80.5,95.8,6.5,13,83.8,82.2,81.1,1026
COL0024,2023,91.0,80.3,100,6.0,12,82.1,88.9,92.0,939
COL0024,2024,88.1,92.2,100,5.3,10,87.5,92.2,93.6,644
COL0024,2025,91.5,83.5,99.0,2.0,13,84.3,92.2,93.3,623
COL0025,2021,87.8,77.1,96.3,7.0,13,69.5,84.0,85.7,1143
COL0025,2022,80.4,77.6,89.2,7.5,15,66.7,82.1,77.7,1365
COL0025,2023,83.3,80.4,96.4,8.0,15,71.7,85.5,83.1,1281
COL0025,2024,79.4,75.7,89.6,10.4,16,72.9,77.4,84.9,1517
COL0025,2025,85.6,79.7,92.2,6.9,15,75.9,77.8,82.6,1230
COL0026,2021,74.4,65.3,80.0,11.0,19,57.5,68.4,72.6,1824
COL0026,2022,71.6,61.8,74.9,13.6,17,54.3,67.5,64.7,1930
COL0026,2023,77.5,61.3,77.3,10.3,19,46.4,68.4,66.1,1915
COL0026,2024,71.9,57.1,75.4,11.2,21,52.7,68.4,64.6,1917
COL0026,2025,74.4,66.6,75.5,13.9,19,60.2,69.5,76.0,1896
COL0027,2021,83.8,66.8,76.7,10.4,16,62.7,78.1,73.9,1713
COL0027,2022,78.9,72.2,86.3,10.0,17,68.1,79.5,73.3,1530
COL0027,2023,82.5,69.1,85.8,10.1,13,71.1,78.0,79.5,1554
COL0027,2024,85.5,76.7,87.6,8.5,15,71.4,83.5,84.4,1371
COL0027,2025,85.2,78.1,92.0,6.9,13,70.7,78.1,82.3,1317
COL0028,2021,92.9,95.5,100,2.4,12,100,96.1,96.0,300
COL0028,2022,93.6,94.6,100,2.6,9,100,94.0,94.4,224
COL0028,2023,93.3,88.3,100,4.2,11,100,92.2,88.4,535
COL0028,2024,92.9,95.5,100,1.3,9,100,94.9,87.7,354
COL0028,2025,93.1,89.4,100,3.9,12,97.4,92.2,83.9,587
COL0029,2021,98.6,98,100,1.5,8,100,96.2,100,70
COL0029,2022,97.0,92.9,100,2.2,8,93.6,100,90.5,247
COL0029,2023,96.4,96.3,100,1.3,8,100,95.1,92.4,183
COL0029,2024,97.3,98,100,1.4,8,93.4,93.1,91.1,246
COL0029,2025,97.1,93.1,100,0.1,8,100,97.5,97.8,99
COL0030,2021,89.1,86.0,99.1,4.4,9,95.9,90.9,94.9,510
COL0030,2022,91.3,84.9,98.4,4.2,12,96.5,83.9,87.5,673
COL0030,2023,92.2,93.4,100,5.7,10,98.4,91.4,83.6,578
COL0030,2024,91.1,91.8,100,3.9,11,97.0,91.6,91.0,515
COL0030,2025,95.0,90.6,100,2.9,12,100,91.5,92.1,503
COL0031,2021,84.5,73.3,84.8,7.0,14,76.2,78.4,74.9,1322
COL0031,2022,77.5,74.4,92.8,8.8,16,69.5,79.0,74.9,1531
COL0031,2023,85.6,71.9,91.1,7.1,17,80.1,78.7,81.2,1253
COL0031,2024,85.5,78.0,95.7,7.2,14,72.3,79.9,71.8,1296
COL0031,2025,79.8,71.8,85.3,7.5,15,83.5,79.4,77.6,1397
COL0032,2021,85.1,70.5,80.9,9.2,15,71.6,80.9,74.1,1512
COL0032,2022,85.3,71.8,85.1,8.5,12,74.3,79.2,79.7,1419
COL0032,2023,80.3,76.9,91.9,7.6,13,78.7,79.0,79.9,1330
COL0032,2024,86.0,76.0,90.9,6.3,13,71.7,84.6,78.2,1281
COL0032,2025,85.4,75.1,90.4,6.5,13,76.7,86.1,86.7,1240
COL0033,2021,95.6,92.1,100,1.3,10,100,90.7,93.4,287
COL0033,2022,96.1,97.8,100,0.3,8,100,96.6,92.5,90
COL0033,2023,99.0,97.8,100,1.8,9,100,96.7,96.1,70
COL0033,2024,93.6,93.9,100,0.5,8,100,92.6,95.4,179
COL0033,2025,98.9,91.2,100,0.4,10,100,93.5,100,174
COL0034,2021,83.3,68.7,86.1,8.0,17,74.1,75.7,72.9,1447
COL0034,2022,82.8,67.0,84.2,7.5,16,71.3,74.9,79.5,1427
COL0034,2023,80.0,67.2,83.7,7.6,15,69.2,80.6,76.0,1552
COL0034,2024,80.5,72.4,86.8,7.0,15,73.7,77.3,78.8,1361
COL0034,2025,77.0,65.6,74.9,11.0,16,72.6,73.1,70.9,1783
COL0035,2021,91.4,88.9,100,4.7,12,100,90.8,93.5,527
COL0035,2022,89.2,94.0,100,4.3,10,100,94.0,90.7,493
COL0035,2023,93.4,84.9,100,2.1,12,94.2,88.7,83.5,545
COL0035,2024,92.7,91.3,100,4.6,12,96.0,92.4,88.5,635
COL0035,2025,93.9,92.8,100,4.3,10,98.9,93.6,86.7,518
COL0036,2021,80.6,64.5,72.5,10.5,18,59.3,75.8,71.9,1728
COL0036,2022,75.7,63.0,75.0,9.4,17,59.2,75.4,70.3,1743
COL0036,2023,78.3,60.9,74.5,12.9,17,49.2,74.5,64.4,1913
COL0036,2024,78.6,67.8,81.9,10.1,17,54.6,76.3,70.3,1804
COL0036,2025,75.0,60.3,76.8,11.0,17,53.1,72.5,69.6,1882
COL0037,2021,86.0,77.9,96.0,8.3,17,73.5,83.6,82.4,1215
COL0037,2022,87.0,81.4,99.6,5.4,13,71.8,85.8,77.5,1109
COL0037,2023,81.4,76.2,85.6,5.8,16,77.7,82.2,86.6,1148
COL0037,2024,82.0,71.6,82.8,6.4,12,67.4,83.2,86.9,1324
COL0037,2025,82.8,69.4,83.1,6.8,13,67.0,77.2,82.9,1490
COL0038,2021,77.2,70.0,79.1,10.0,15,63.6,75.6,81.3,1642
COL0038,2022,74.7,68.8,87.7,9.6,15,65.4,72.5,71.8,1656
COL0038,2023,75.8,64.8,73.3,9.6,18,57.6,74.9,75.8,1728
COL0038,2024,75.7,62.4,80.3,11.6,16,51.4,69.8,75.4,1880
COL0038,2025,79.3,65.6,75.8,11.5,18,62.1,72.7,73.2,1814
COL0039,2021,89.1,80.3,93.4,4.1,13,76.2,85.6,81.2,1005
COL0039,2022,82.4,78.5,89.1,9.0,12,66.4,83.7,78.8,1399
COL0039,2023,86.9,84.8,100,7.5,13,80.1,87.0,85.5,982
COL0039,2024,85.0,73.9,83.0,7.8,12,68.8,86.8,76.5,1376
COL0039,2025,84.9,80.2,98.6,5.6,14,72.7,88.5,78.0,1115
COL0040,2021,80.4,76.0,85.1,7.3,15,68.5,79.8,78.4,1397
COL0040,2022,87.1,81.4,99.7,4.9,14,81.8,84.1,82.5,916
COL0040,2023,83.5,80.0,92.0,6.3,15,71.9,81.3,81.0,1189
COL0040,2024,80.4,75.8,86.4,7.1,13,70.4,79.4,81.1,1421
COL0040,2025,86.7,74.0,92.2,8.3,15,73.0,79.6,84.9,1338
COL0041,2021,90.9,96.8,100,1.3,9,100,92.8,95.7,158
COL0041,2022,95.6,97.4,100,0.1,9,100,92.5,100,87
COL0041,2023,98.0,95.4,100,0.4,8,100,95.7,93.4,155
COL0041,2024,95.3,93.3,100,2.7,8,100,98.6,92.2,339
COL0041,2025,95.2,98,100,1.8,8,100,98.9,97.2,133
COL0042,2021,86.3,76.2,90.6,6.7,11,81.5,83.2,86.2,1035
COL0042,2022,89.5,80.5,100,6.0,11,85.3,86.6,83.2,863
COL0042,2023,93.3,83.2,100,2.0,12,80.2,92.5,92.3,659
COL0042,2024,84.2,81.2,99.1,7.5,12,74.8,82.4,81.0,1211
COL0042,2025,89.9,89.1,100,5.1,10,89.8,87.7,86.1,805
COL0043,2021,97.9,93.4,100,2.6,11,100,97.4,88.7,343
COL0043,2022,97.4,98,100,1.7,8,100,96.1,92.6,177
COL0043,2023,96.0,91.0,100,0.7,9,100,96.0,100,200
COL0043,2024,92.1,95.2,100,2.7,10,100,94.4,97.3,259
COL0043,2025,99.6,93.6,100,0,10,100,100,90.7,40
COL0044,2021,70.9,56.6,66.3,13.6,17,52.6,69.6,66.0,1954
COL0044,2022,73.9,56.5,70.8,14.1,20,53.4,66.2,66.1,1966
COL0044,2023,74.4,66.3,82.1,12.7,20,56.8,67.4,68.0,1881
COL0044,2024,74.5,60.5,74.1,10.5,18,52.0,68.5,67.9,1877
COL0044,2025,72.1,62.3,79.5,12.8,20,54.3,67.1,74.0,1923
COL0045,2021,87.1,85.2,99.3,6.6,12,84.8,83.9,81.5,1009
COL0045,2022,84.2,81.7,92.1,8.5,14,76.1,81.2,89.2,1139
COL0045,2023,90.1,81.6,96.7,4.9,12,86.4,92.5,90.2,854
COL0045,2024,87.8,88.5,99.3,4.9,12,87.3,84.2,87.2,818
COL0045,2025,91.8,85.7,100,3.8,12,81.6,90.4,85.2,775
COL0046,2021,86.6,74.5,85.6,5.1,12,72.8,84.2,80.9,1183
COL0046,2022,83.9,76.7,87.8,7.4,15,69.5,85.1,80.0,1322
COL0046,2023,82.8,77.4,87.6,8.5,14,69.6,78.7,81.1,1395
COL0046,2024,79.8,71.8,91.3,10.2,16,64.8,78.8,85.3,1544
COL0046,2025,82.1,78.0,96.2,7.9,16,72.1,76.3,80.7,1359
COL0047,2021,77.3,59.3,76.2,11.5,16,48.8,73.3,68.6,1858
COL0047,2022,71.6,58.6,77.6,10.9,19,50.1,73.1,72.1,1867
COL0047,2023,73.8,63.2,77.6,13.2,18,47.9,74.4,64.3,1924
COL0047,2024,72.3,58.4,72.4,10.9,19,58.8,70.8,65.0,1897
COL0047,2025,78.6,57.5,66.3,12.6,20,45.8,74.3,73.0,1928
COL0048,2021,82.7,77.8,91.1,7.0,15,84.0,84.0,75.1,1201
COL0048,2022,86.2,73.8,83.1,9.3,14,79.9,80.4,80.9,1298
COL0048,2023,80.4,73.6,88.1,8.1,16,79.9,78.4,76.9,1328
COL0048,2024,83.2,80.9,89.7,9.3,14,85.1,78.1,81.5,1316
COL0048,2025,83.1,72.8,89.7,8.7,16,75.8,74.5,75.5,1463
COL0049,2021,75.6,70.3,86.7,12.1,15,67.3,76.6,79.6,1606
COL0049,2022,80.7,69.9,81.4,9.0,17,63.8,70.7,70.1,1704
COL0049,2023,77.8,70.5,79.3,8.0,17,69.0,75.6,73.2,1548
COL0049,2024,83.3,67.6,76.5,9.0,15,72.4,77.1,70.1,1596
COL0049,2025,76.0,69.2,79.3,12.0,15,65.7,73.7,74.0,1757
COL0050,2021,78.2,58.5,74.4,13.3,16,57.8,72.7,74.8,1885
COL0050,2022,80.1,65.0,79.0,12.4,17,60.0,73.9,68.3,1813
COL0050,2023,79.1,71.2,86.6,8.7,15,56.7,79.7,75.3,1591
COL0050,2024,78.6,64.6,83.2,10.0,17,64.2,71.6,77.6,1746
COL0050,2025,76.2,66.3,76.3,8.5,15,63.1,74.8,69.8,1729
COL0051,2021,76.8,66.1,82.5,10.2,19,59.7,66.8,70.7,1764
COL0051,2022,75.1,58.2,68.2,11.4,19,48.5,70.2,74.5,1919
COL0051,2023,72.8,65.7,80.0,9.7,19,56.4,74.8,65.3,1798
COL0051,2024,70.6,56.1,72.0,13.8,16,52.3,67.6,75.0,1939
COL0051,2025,71.4,62.0,77.4,14.9,20,45.2,67.0,67.9,1961
COL0052,2021,96.1,93.6,100,1.9,10,100,92.1,94.4,277
COL0052,2022,93.6,97.0,100,0.9,9,100,93.0,93.7,121
COL0052,2023,92.7,94.5,100,0.3,12,100,97.6,90.8,173
COL0052,2024,98.7,95.9,100,0,8,100,99.8,94.6,26
COL0052,2025,93.6,94.7,100,0.5,9,100,92.4,96.0,113
COL0053,2021,80.6,72.1,84.3,7.0,13,66.7,79.6,80.5,1422
COL0053,2022,84.2,80.4,100,6.2,13,70.1,84.4,77.6,1213
COL0053,2023,81.1,70.0,84.8,7.9,16,66.7,77.0,84.9,1530
COL0053,2024,81.9,73.9,91.3,9.5,15,72.7,82.8,82.1,1400
COL0053,2025,80.8,76.8,89.7,6.9,13,66.3,82.4,84.5,1346
COL0054,2021,85.7,70.3,81.3,6.0,13,63.1,82.2,80.0,1388
COL0054,2022,87.2,76.8,96.2,8.0,13,69.2,82.6,84.0,1307
COL0054,2023,84.0,67.5,81.7,9.4,17,67.6,77.6,81.4,1522
COL0054,2024,78.9,70.7,79.8,10.7,16,65.5,79.9,81.7,1664
COL0054,2025,79.0,71.8,84.2,9.7,15,65.1,74.6,82.6,1577
COL0055,2021,84.3,84.4,96.0,7.2,13,85.6,81.0,78.0,1042
COL0055,2022,83.0,86.1,96.4,8.2,14,91.6,81.1,84.5,999
COL0055,2023,81.6,82.3,95.0,9.1,14,85.0,79.6,77.1,1204
COL0055,2024,84.2,82.8,97.1,6.1,14,78.6,83.6,76.1,1087
COL0055,2025,87.7,80.2,92.6,4.9,14,81.5,82.4,81.7,1105
COL0056,2021,88.8,84.7,100,6.6,13,83.2,88.3,88.3,907
COL0056,2022,85.8,81.8,100,3.8,10,74.8,86.4,90.4,902
COL0056,2023,93.1,79.3,92.8,3.8,12,82.8,86.1,83.3,929
COL0056,2024,88.2,86.1,100,5.0,13,81.5,90.3,85.4,854
COL0056,2025,86.6,84.6,100,4.0,11,86.5,90.5,90.1,814
COL0057,2021,90.9,88.7,100,5.2,11,91.3,85.7,88.1,702
COL0057,2022,87.6,89.8,100,4.5,11,94.5,86.3,80.4,733
COL0057,2023,87.5,81.7,96.4,6.4,12,85.7,81.8,82.9,1016
COL0057,2024,90.4,82.9,96.7,5.7,12,93.3,86.1,92.3,859
COL0057,2025,88.7,80.4,92.0,6.1,13,92.8,81.8,80.2,1036
COL0058,2021,77.9,73.5,88.1,9.5,16,62.0,73.6,80.2,1573
COL0058,2022,81.1,76.5,96.5,9.6,14,70.3,77.6,81.4,1479
COL0058,2023,78.6,74.3,85.2,8.0,14,72.2,76.8,82.3,1449
COL0058,2024,84.4,76.7,86.8,7.4,13,69.4,83.9,81.9,1299
COL0058,2025,81.0,77.4,89.1,7.1,13,67.0,85.2,80.9,1325
COL0059,2021,89.8,88.5,99.5,4.7,12,97.4,89.9,92.3,564
COL0059,2022,89.5,89.3,99.8,3.6,11,100,86.4,91.8,579
COL0059,2023,96.3,89.1,100,1.5,11,98.9,95.6,95.3,214
COL0059,2024,89.0,95.5,100,2.5,9,100,90.1,85.4,491
COL0059,2025,90.4,93.9,100,4.4,10,100,89.9,95.2,512
COL0060,2021,88.6,84.8,100,4.2,13,79.8,84.1,78.8,829
COL0060,2022,84.1,83.9,94.7,6.5,11,81.3,85.1,87.0,961
COL0060,2023,92.9,84.3,99.3,5.5,13,81.3,85.8,90.9,839
COL0060,2024,93.0,85.0,100,4.1,10,78.9,92.8,91.9,707
COL0060,2025,90.9,80.7,98.6,5.8,11,83.1,88.3,89.2,992
COL0061,2021,90.0,91.4,100,3.4,12,87.9,90.4,91.0,522
COL0061,2022,87.9,89.8,100,3.9,13,87.4,88.8,88.2,652
COL0061,2023,91.0,86.5,100,4.2,13,92.5,90.2,87.7,709
COL0061,2024,88.8,82.8,100,3.2,13,85.4,85.1,91.7,681
COL0061,2025,96.1,87.0,100,3.5,10,83.8,93.9,93.4,688
COL0062,2021,86.6,80.8,95.6,4.7,13,83.8,89.7,85.6,785
COL0062,2022,91.8,85.8,96.0,3.6,13,87.5,90.6,90.9,596
COL0062,2023,86.1,87.5,100,6.2,13,77.8,89.0,85.3,956
COL0062,2024,92.1,86.6,99.7,2.7,10,82.9,89.9,84.9,669
COL0062,2025,88.8,87.7,100,2.6,12,82.6,87.9,84.4,776
COL0063,2021,86.5,75.2,84.2,8.1,14,81.6,83.5,79.6,1260
COL0063,2022,87.6,81.6,98.0,7.3,14,88.2,79.3,87.8,959
COL0063,2023,90.6,81.3,99.8,3.8,12,92.7,88.1,80.5,740
COL0063,2024,86.9,72.6,82.5,7.2,16,75.5,83.2,78.4,1351
COL0063,2025,83.1,71.8,80.4,8.5,15,79.0,77.2,83.8,1441
COL0064,2021,92.0,84.1,98.2,2.4,11,81.1,90.0,87.6,612
COL0064,2022,90.2,84.1,100,5.8,11,82.7,86.5,87.7,888
COL0064,2023,90.8,84.5,96.8,3.1,9,84.7,90.5,93.7,642
COL0064,2024,93.9,83.0,100,4.8,9,83.4,86.6,89.7,879
COL0064,2025,93.6,93.0,100,3.8,10,92.5,93.7,87.9,544
COL0065,2021,83.3,64.5,76.8,10.2,16,66.7,75.3,71.1,1712
COL0065,2022,85.1,77.8,97.3,8.9,15,74.9,81.5,81.2,1282
COL0065,2023,83.4,72.7,93.1,6.2,13,73.9,82.1,76.0,1297
COL0065,2024,84.7,74.8,94.7,10.0,13,81.9,79.2,76.7,1428
COL0065,2025,82.5,74.1,92.2,7.6,16,77.4,79.6,80.8,1377
COL0066,2021,86.0,80.6,100,5.0,13,85.9,82.8,82.2,940
COL0066,2022,90.7,88.1,100,3.6,12,90.5,89.1,80.9,665
COL0066,2023,91.3,84.1,100,5.6,11,93.2,86.6,83.8,754
COL0066,2024,89.0,88.7,100,3.7,10,99.1,90.8,89.5,533
COL0066,2025,91.0,86.7,98.4,5.3,11,91.8,86.0,82.5,779
COL0067,2021,80.9,78.7,99.2,9.3,15,76.8,79.3,83.9,1262
COL0067,2022,90.0,74.8,87.6,5.2,15,74.4,86.3,88.7,1117
COL0067,2023,92.7,85.2,100,5.4,14,81.3,88.8,89.9,771
COL0067,2024,89.6,82.1,100,6.5,10,85.1,89.6,80.7,1014
COL0067,2025,85.3,86.1,100,5.6,13,86.4,85.5,87.8,908
COL0068,2021,92.1,82.9,97.5,3.5,10,87.2,88.1,96.3,621
COL0068,2022,95.1,89.2,100,3.6,9,90.7,90.1,94.1,574
COL0068,2023,91.5,95.4,100,3.5,11,95.5,97.9,94.6,437
COL0068,2024,93.6,92.8,100,1.5,9,93.6,92.0,89.7,406
COL0068,2025,95.0,93.3,100,3.5,9,91.6,96.5,95.9,486
COL0069,2021,82.1,70.9,89.8,10.1,18,61.6,74.4,71.6,1595
COL0069,2022,77.1,71.3,82.3,12.4,19,61.2,76.7,73.6,1762
COL0069,2023,81.4,64.8,74.6,8.0,18,66.8,73.9,79.7,1598
COL0069,2024,78.6,62.2,74.3,9.7,15,63.7,73.3,80.2,1699
COL0069,2025,76.5,67.2,84.8,12.1,15,57.5,69.6,75.6,1802
COL0070,2021,88.2,80.3,98.4,3.9,14,77.5,91.5,85.4,815
COL0070,2022,92.0,84.3,98.0,4.7,13,84.5,86.3,87.2,740
COL0070,2023,87.1,88.1,100,6.4,11,87.3,88.1,89.6,874
COL0070,2024,86.9,85.0,100,7.3,13,81.6,84.1,83.2,1054
COL0070,2025,92.7,78.0,91.2,6.1,13,76.8,88.6,83.3,1048
COL0071,2021,88.7,89.2,100,5.8,10,90.8,89.5,94.8,676
COL0071,2022,92.7,84.5,100,5.2,9,88.7,86.7,84.0,842
COL0071,2023,85.0,80.8,92.9,3.8,14,80.6,88.4,82.9,947
COL0071,2024,91.1,80.9,99.4,4.7,12,74.8,84.3,82.8,1033
COL0071,2025,89.9,84.4,100,5.9,11,73.5,86.7,83.8,1022
COL0072,2021,72.3,55.9,70.3,11.8,18,52.7,64.8,63.0,1955
COL0072,2022,71.0,54.4,65.2,11.8,19,46.9,70.2,72.5,1928
COL0072,2023,76.5,66.4,82.8,12.6,16,56.2,69.2,67.1,1882
COL0072,2024,79.2,68.3,75.7,9.9,17,59.9,71.6,69.5,1765
COL0072,2025,77.4,59.9,71.9,11.4,16,53.9,76.7,69.2,1881
COL0073,2021,79.3,76.5,86.7,9.5,13,67.7,81.5,73.7,1540
COL0073,2022,78.5,68.5,86.8,10.5,15,62.8,76.9,75.8,1618
COL0073,2023,80.2,71.7,82.0,6.7,16,63.5,81.2,83.0,1461
COL0073,2024,81.2,77.2,89.9,6.4,16,76.7,80.0,83.2,1186
COL0073,2025,82.0,79.1,97.0,7.4,13,73.3,83.0,80.6,1357
COL0074,2021,95.3,94.1,100,0.2,8,100,98.7,90.7,95
COL0074,2022,96.3,98,100,0,9,100,98.8,92.0,97
COL0074,2023,95.6,98,100,0.4,8,100,98.5,93.2,115
COL0074,2024,91.3,95.7,100,1.2,10,95.2,94.5,90.7,314
COL0074,2025,97.1,96.4,100,0,9,100,97.6,97.8,35
COL0075,2021,93.0,83.8,100,5.1,12,84.9,90.7,88.5,711
COL0075,2022,85.6,77.6,87.5,5.7,12,79.9,87.6,84.5,1133
COL0075,2023,88.8,80.0,93.7,4.6,14,77.0,84.4,88.4,974
COL0075,2024,86.9,78.9,95.3,3.7,11,75.5,87.7,85.8,1008
COL0075,2025,85.6,80.2,99.4,6.4,11,77.1,83.8,88.9,1152
COL0076,2021,78.7,74.0,92.0,10.3,16,63.9,79.3,80.3,1489
COL0076,2022,82.1,66.0,84.3,8.5,18,58.3,73.3,71.9,1654
COL0076,2023,80.7,69.7,87.9,9.6,15,69.9,76.1,76.3,1622
COL0076,2024,81.2,66.4,80.7,10.1,17,60.8,78.7,72.6,1737
COL0076,2025,78.4,63.4,79.2,8.6,18,67.7,71.6,79.6,1694
COL0077,2021,76.0,66.4,74.7,12.4,18,60.6,71.4,70.7,1817
COL0077,2022,79.7,70.3,84.2,9.9,19,57.0,79.4,77.8,1684
COL0077,2023,75.1,65.9,84.9,10.5,18,65.3,73.3,80.9,1675
COL0077,2024,75.0,64.6,83.3,8.7,16,60.4,72.1,70.3,1751
COL0077,2025,81.3,64.9,74.7,10.6,16,60.2,79.0,80.2,1691
COL0078,2021,78.0,67.3,79.8,10.0,15,67.6,77.0,69.6,1668
COL0078,2022,72.7,67.4,79.3,11.6,19,68.0,72.0,71.0,1728
COL0078,2023,78.9,65.5,73.6,9.6,17,73.7,71.8,72.4,1636
COL0078,2024,79.9,67.1,81.0,9.0,15,72.3,75.3,76.9,1590
COL0078,2025,80.9,73.4,89.1,11.6,18,71.3,75.4,69.0,1630
COL0079,2021,84.9,80.4,100,4.3,14,71.6,88.2,86.2,1004
COL0079,2022,92.6,85.8,100,3.7,13,87.5,87.6,90.4,676
COL0079,2023,94.0,87.1,100,4.0,10,87.6,88.6,90.6,572
COL0079,2024,89.9,89.4,100,3.7,10,84.1,92.7,93.5,594
COL0079,2025,91.8,90.6,100,4.5,10,87.3,93.4,94.7,657
COL0080,2021,78.9,67.6,84.6,11.6,16,71.8,74.4,76.5,1601
COL0080,2022,78.6,72.3,92.5,10.1,17,74.1,79.7,80.6,1435
COL0080,2023,84.5,73.1,84.2,6.5,15,75.5,82.2,78.2,1360
COL0080,2024,83.8,70.7,81.8,9.3,17,76.6,81.6,83.2,1476
COL0080,2025,82.5,76.4,94.5,8.0,17,81.2,74.1,75.9,1424
COL0081,2021,78.4,58.5,66.9,9.9,19,55.5,73.2,65.2,1879
COL0081,2022,74.3,55.1,73.1,11.6,20,53.8,67.4,65.8,1918
COL0081,2023,71.5,61.1,78.0,11.7,18,55.8,66.6,64.1,1936
COL0081,2024,71.0,55.1,73.4,12.9,21,48.0,69.3,71.5,1942
COL0081,2025,77.2,65.5,74.5,12.6,18,56.8,73.1,75.3,1867
COL0082,2021,74.8,64.4,77.7,11.0,17,64.3,71.6,74.8,1808
COL0082,2022,80.7,65.8,84.1,9.3,14,62.8,80.6,69.7,1658
COL0082,2023,78.8,69.2,88.7,10.4,15,62.5,73.7,78.3,1701
COL0082,2024,81.3,66.9,78.3,9.1,15,57.9,76.1,76.8,1691
COL0082,2025,82.5,72.9,92.5,9.4,18,69.5,78.2,77.5,1535
COL0083,2021,90.1,77.6,92.3,4.8,11,84.6,83.6,82.4,932
COL0083,2022,89.3,82.0,99.7,3.3,12,88.2,89.6,89.7,750
COL0083,2023,85.5,84.0,100,5.9,11,78.4,85.9,81.7,981
COL0083,2024,85.5,86.5,100,4.9,15,82.4,86.4,83.2,902
COL0083,2025,86.6,79.3,99.7,6.4,13,85.2,85.3,85.0,1004
COL0084,2021,91.1,87.5,100,5.6,10,100,91.5,84.1,528
COL0084,2022,87.9,83.3,100,3.0,10,93.9,90.6,83.9,643
COL0084,2023,87.7,90.7,100,3.2,12,98.5,89.9,94.7,433
COL0084,2024,91.9,89.5,100,5.0,12,93.4,94.4,88.5,585
COL0084,2025,91.5,87.6,100,2.6,11,99.1,87.7,94.6,473
COL0085,2021,98.1,95.1,100,2.5,8,89.5,98.8,92.5,344
COL0085,2022,90.7,93.7,100,3.9,11,97.2,92.6,91.0,427
COL0085,2023,89.9,92.1,100,1.8,11,97.9,89.4,96.1,332
COL0085,2024,97.2,98,100,2.4,9,96.0,99.1,99.3,194
COL0085,2025,93.8,98,100,2.0,8,98.0,100,91.4,237
COL0086,2021,78.4,72.3,87.8,12.0,17,73.7,70.8,73.1,1688
COL0086,2022,80.0,77.1,85.9,8.3,14,76.2,78.9,72.6,1360
COL0086,2023,84.3,73.9,86.3,9.4,17,74.8,77.3,74.1,1446
COL0086,2024,82.3,72.9,84.9,6.8,15,77.3,78.9,78.0,1338
COL0086,2025,83.1,69.3,87.8,10.1,17,76.9,75.5,73.9,1517
COL0087,2021,83.1,80.8,97.2,8.6,13,71.6,84.1,87.0,1246
COL0087,2022,80.6,75.4,93.7,8.5,14,76.0,80.0,82.6,1278
COL0087,2023,87.4,75.7,96.2,5.0,14,77.9,79.4,87.2,1014
COL0087,2024,83.8,82.3,94.5,7.8,14,80.1,81.8,82.1,1231
COL0087,2025,84.9,74.9,88.1,8.4,13,74.0,81.5,86.8,1375
COL0088,2021,91.3,81.7,99.4,1.9,13,83.9,92.8,86.6,546
COL0088,2022,93.9,92.0,100,3.3,11,85.4,94.5,87.5,554
COL0088,2023,90.5,88.0,100,2.3,10,81.2,88.3,92.9,638
COL0088,2024,92.7,83.1,100,2.5,9,85.9,89.0,96.2,679
COL0088,2025,93.4,93.5,100,4.2,11,95.8,90.1,86.0,597
COL0089,2021,88.6,83.0,100,6.1,13,80.6,81.9,88.9,960
COL0089,2022,85.6,80.6,93.1,6.2,15,78.8,89.6,81.3,1021
COL0089,2023,87.4,83.8,96.1,5.8,12,76.1,88.0,86.1,1055
COL0089,2024,89.6,83.3,100,7.2,13,74.0,85.6,87.2,1029
COL0089,2025,90.4,84.5,96.1,4.4,12,81.0,90.8,85.5,858
COL0090,2021,99.5,98,100,0,10,100,97.3,100,1
COL0090,2022,97.4,92.0,100,2.4,11,100,96.6,96.2,239
COL0090,2023,98.0,98,100,3.0,10,100,94.0,98.7,138
COL0090,2024,98.2,98,100,1.7,10,100,100,94.7,147
COL0090,2025,94.9,98,100,0,9,100,95.0,100,44
COL0091,2021,87.0,81.7,97.3,5.4,15,77.0,83.1,84.8,983
COL0091,2022,83.7,78.1,98.1,6.0,16,69.1,79.5,76.7,1230
COL0091,2023,79.6,68.3,86.3,10.5,16,73.2,76.1,79.4,1533
COL0091,2024,82.1,75.2,89.6,5.4,14,77.1,81.6,84.7,1216
COL0091,2025,79.7,77.0,97.1,8.9,15,64.4,80.6,82.8,1439
COL0092,2021,83.9,78.5,89.8,9.8,14,81.3,78.4,74.4,1314
COL0092,2022,77.6,67.2,86.7,12.0,16,76.5,72.6,70.8,1718
COL0092,2023,77.2,67.6,86.3,8.4,16,70.0,80.2,79.6,1518
COL0092,2024,80.7,69.3,77.9,9.9,15,71.9,77.1,75.6,1649
COL0092,2025,79.7,66.8,85.6,10.0,16,70.1,70.7,74.0,1692
COL0093,2021,72.6,64.4,80.7,11.0,20,56.8,72.5,67.9,1815
COL0093,2022,70.8,60.6,74.8,11.4,20,46.0,67.4,73.8,1926
COL0093,2023,74.5,69.2,79.5,12.3,16,63.7,74.7,76.7,1786
COL0093,2024,75.3,64.7,83.5,10.5,18,51.8,69.5,68.4,1871
COL0093,2025,78.8,66.7,85.6,11.4,15,60.3,71.8,69.6,1765
COL0094,2021,99.2,98,100,2.2,10,100,99.4,98.3,121
COL0094,2022,100,98,100,0,8,95.5,100,98.8,8
COL0094,2023,94.4,92.1,100,2.1,10,100,98.6,100,120
COL0094,2024,94.8,96.5,100,0.0,10,98.9,93.7,100,37
COL0094,2025,93.7,94.8,100,1.2,8,100,96.3,99.4,110
COL0095,2021,80.0,79.1,87.8,9.1,14,83.4,79.2,78.6,1347
COL0095,2022,85.8,76.3,96.5,8.5,15,79.4,84.5,87.7,1229
COL0095,2023,83.1,79.6,98.6,8.0,15,78.5,82.4,83.5,1194
COL0095,2024,88.5,77.9,94.5,5.3,15,81.3,83.8,77.7,1113
COL0095,2025,86.1,78.7,93.7,7.9,14,80.4,86.2,78.7,1295
COL0096,2021,89.4,88.0,100,3.2,10,91.4,90.3,89.6,496
COL0096,2022,86.3,84.2,100,6.0,13,95.3,84.4,93.2,795
COL0096,2023,90.2,92.0,100,2.1,10,97.1,93.0,92.5,369
COL0096,2024,88.0,89.2,100,4.0,11,98.8,87.4,92.8,612
COL0096,2025,93.9,91.7,100,2.7,13,100,89.8,94.9,408
COL0097,2021,92.0,93.7,100,1.1,11,95.3,92.8,93.2,332
COL0097,2022,89.3,96.6,100,4.9,10,97.4,91.4,95.2,490
COL0097,2023,93.3,90.9,100,0.5,11,92.2,96.8,93.4,223
COL0097,2024,96.6,98,100,2.1,10,97.7,97.2,89.6,185
COL0097,2025,98.2,91.3,100,1.4,10,86.6,97.4,86.9,491
COL0098,2021,92.4,83.1,100,5.6,11,84.2,87.1,85.8,764
COL0098,2022,88.7,85.6,100,4.6,11,86.2,89.8,90.4,727
COL0098,2023,91.4,87.5,100,2.8,10,88.0,91.2,97.0,558
COL0098,2024,92.1,90.1,100,1.1,9,97.9,96.1,90.0,355
COL0098,2025,92.2,87.5,99.9,3.9,9,94.0,91.4,89.9,638
COL0099,2021,80.9,70.7,80.1,11.1,18,62.4,74.6,76.6,1656
COL0099,2022,81.3,65.9,81.5,8.5,16,63.4,80.1,75.3,1590
COL0099,2023,78.6,67.4,77.4,10.2,16,61.3,79.8,75.8,1735
COL0099,2024,80.4,76.6,85.3,10.9,14,70.2,78.0,72.0,1617
COL0099,2025,85.6,70.1,87.8,9.2,14,61.6,82.0,81.6,1597
COL0100,2021,90.0,82.4,100,6.5,14,92.3,83.3,91.9,791
COL0100,2022,88.6,90.4,100,3.2,11,98.4,85.9,84.3,524
COL0100,2023,92.2,91.1,100,4.2,13,100,91.0,85.1,591
COL0100,2024,93.6,94.0,100,2.0,12,98.7,92.2,86.0,393
COL0100,2025,91.9,83.7,100,3.8,12,100,90.0,85.7,628
COL0101,2021,73.9,62.8,70.6,12.0,20,47.2,71.7,67.4,1923
COL0101,2022,76.8,64.8,82.8,10.1,18,48.8,74.4,65.7,1851
COL0101,2023,73.9,63.9,81.8,13.0,16,54.6,67.7,76.6,1887
COL0101,2024,74.6,62.8,74.6,10.6,19,50.3,72.9,73.1,1832
COL0101,2025,75.7,64.2,73.6,9.8,19,62.7,74.5,78.6,1722
COL0102,2021,97.0,98,100,2.5,9,99.3,97.6,97.6,175
COL0102,2022,92.1,95.9,100,2.4,9,93.7,94.0,92.4,309
COL0102,2023,98.9,93.5,100,0.3,9,95.5,97.3,94.0,228
COL0102,2024,95.0,98.0,100,1.0,8,100,92.5,94.9,221
COL0102,2025,99.8,93.7,100,1.4,8,96.2,99.5,99.3,161
COL0103,2021,72.7,57.4,67.6,11.7,20,54.9,67.1,66.0,1919
COL0103,2022,78.2,60.0,78.6,9.9,20,55.6,71.3,66.3,1797
COL0103,2023,71.0,59.5,70.0,12.1,18,47.8,69.6,67.8,1935
COL0103,2024,76.0,55.4,69.7,10.7,19,46.0,72.6,69.0,1920
COL0103,2025,75.6,65.5,74.4,10.2,19,55.8,72.5,67.7,1858
COL0104,2021,82.4,69.9,84.3,7.0,14,69.7,78.1,74.5,1449
COL0104,2022,84.6,69.4,89.1,6.7,16,70.2,79.8,74.8,1345
COL0104,2023,82.2,72.3,85.9,8.9,13,71.8,82.8,83.2,1456
COL0104,2024,84.5,76.5,85.3,6.7,14,69.1,83.4,82.6,1364
COL0104,2025,87.0,79.5,99.0,7.3,14,71.9,86.2,87.3,1129
COL0105,2021,85.5,82.5,98.6,5.4,14,78.9,81.3,84.7,946
COL0105,2022,85.0,85.4,100,6.1,11,75.9,86.9,86.1,1042
COL0105,2023,87.4,77.9,89.8,7.4,12,80.1,82.3,78.0,1182
COL0105,2024,91.5,83.4,99.7,3.4,11,80.8,87.7,83.5,785
COL0105,2025,83.5,84.2,97.2,7.5,14,74.2,85.2,81.2,1255
COL0106,2021,87.7,77.6,98.0,7.5,14,84.1,82.0,88.5,965
COL0106,2022,84.0,84.5,100,7.7,14,92.0,88.9,88.5,864
COL0106,2023,87.9,88.0,100,3.3,12,99.5,89.2,83.3,511
COL0106,2024,90.2,87.3,100,4.1,11,92.4,82.3,87.0,755
COL0106,2025,87.7,81.9,100,6.1,12,90.9,90.2,80.8,954
COL0107,2021,90.2,78.3,95.1,6.4,13,76.9,84.8,79.7,1099
COL0107,2022,88.8,82.0,100,5.4,12,80.8,84.5,94.4,872
COL0107,2023,93.1,83.5,94.8,2.9,13,87.4,91.7,82.0,766
COL0107,2024,94.6,88.3,100,4.0,13,83.1,92.2,88.0,627
COL0107,2025,89.1,82.9,100,3.1,11,87.3,93.3,93.5,720
COL0108,2021,87.3,72.9,85.5,6.6,15,76.9,78.5,79.3,1308
COL0108,2022,85.0,82.2,99.3,8.1,14,76.5,83.3,77.3,1180
COL0108,2023,84.8,79.3,90.3,7.1,15,76.9,83.7,77.1,1261
COL0108,2024,91.3,77.5,92.6,3.6,15,70.8,88.4,78.7,1035
COL0108,2025,87.7,74.5,84.9,7.7,11,78.0,81.7,87.8,1289
COL0109,2021,88.7,85.9,96.9,2.8,12,86.1,90.0,87.4,651
COL0109,2022,91.2,81.4,93.5,6.5,11,81.9,84.5,90.0,977
COL0109,2023,91.2,86.8,100,5.8,10,83.2,85.7,82.5,922
COL0109,2024,83.9,80.5,94.2,7.3,14,81.1,86.5,84.4,1134
COL0109,2025,88.0,84.3,100,3.7,12,77.5,86.8,87.9,942
COL0110,2021,91.9,93.7,100,0.6,10,92.0,94.9,93.9,318
COL0110,2022,96.7,88.4,100,3.1,9,98.0,91.8,98.9,354
COL0110,2023,94.7,93.7,100,3.3,9,91.7,91.3,93.0,389
COL0110,2024,91.8,88.8,100,3.3,8,95.2,90.3,93.9,562
COL0110,2025,97.2,95.9,100,1.5,9,97.9,97.3,97.4,217
COL0111,2021,77.0,55.5,70.4,10.6,20,50.5,69.7,67.2,1871
COL0111,2022,77.8,62.2,70.4,11.5,19,52.1,72.0,70.5,1894
COL0111,2023,74.0,65.2,84.4,9.9,17,58.4,73.6,69.5,1779
COL0111,2024,69.7,59.8,70.2,15.1,20,55.9,65.2,75.2,1951
COL0111,2025,75.9,63.2,76.5,13.2,16,61.3,71.3,71.8,1847
COL0112,2021,84.0,78.4,94.4,6.1,13,84.3,78.4,84.2,1057
COL0112,2022,86.0,81.1,92.8,8.8,13,78.7,80.7,86.3,1211
COL0112,2023,84.0,76.7,92.3,6.7,14,86.5,83.3,84.0,1056
COL0112,2024,78.3,78.7,97.8,9.8,14,78.6,78.3,84.7,1311
COL0112,2025,82.1,75.7,95.4,8.1,15,78.1,84.2,81.5,1300
COL0113,2021,91.0,88.4,99.6,1.5,13,100,94.1,89.5,301
COL0113,2022,93.8,92.3,100,4.4,13,100,94.0,84.7,410
COL0113,2023,92.5,87.3,100,3.5,11,100,89.3,86.0,569
COL0113,2024,92.0,95.3,100,2.8,11,100,94.0,88.8,319
COL0113,2025,89.0,95.2,100,3.4,12,100,89.2,90.6,468
COL0114,2021,82.5,79.0,96.4,8.3,15,75.3,83.0,74.4,1332
COL0114,2022,79.6,73.5,82.4,6.5,15,82.2,83.2,79.8,1277
COL0114,2023,80.8,77.3,86.6,6.5,16,83.3,82.3,73.0,1306
COL0114,2024,82.6,77.2,90.1,9.4,15,81.2,82.4,83.9,1333
COL0114,2025,83.4,73.6,83.3,6.6,14,79.1,78.8,75.0,1354
COL0115,2021,93.6,87.8,100,4.4,9,84.4,91.3,92.9,584
COL0115,2022,89.6,96.8,100,4.4,8,97.9,92.9,96.6,395
COL0115,2023,87.2,87.3,99.7,5.9,12,88.9,88.8,95.0,725
COL0115,2024,96.1,87.5,100,0.8,12,85.4,96.3,85.8,560
COL0115,2025,91.7,92.1,100,2.0,13,90.8,89.0,84.4,551
COL0116,2021,85.1,79.6,94.6,5.5,14,86.5,89.2,86.4,958
COL0116,2022,90.3,82.7,99.5,6.6,14,98.6,89.8,90.6,682
COL0116,2023,86.8,84.2,97.3,5.7,14,94.9,89.2,89.5,691
COL0116,2024,90.5,80.2,91.8,5.3,11,94.0,82.5,90.7,876
COL0116,2025,88.5,88.8,100,4.5,11,88.2,86.5,83.4,811
COL0117,2021,91.6,83.6,100,4.2,9,83.4,88.7,90.8,737
COL0117,2022,90.3,89.5,100,4.4,10,85.4,90.3,95.3,672
COL0117,2023,89.8,91.2,100,4.7,10,89.2,89.8,85.6,676
COL0117,2024,89.7,94.4,100,1.4,11,98.3,91.1,98.0,343
COL0117,2025,96.2,92.0,100,1.7,8,95.0,90.6,92.3,451
COL0118,2021,96.2,96.7,100,2.7,8,100,97.8,98.6,188
COL0118,2022,97.4,98,100,0.6,9,100,95.6,91.3,74
COL0118,2023,97.3,92.8,100,0.1,8,100,97.0,88.2,184
COL0118,2024,94.3,94.5,100,1.0,8,100,100,93.4,220
COL0118,2025,93.7,98,100,2.4,9,100,96.8,89.4,247
COL0119,2021,90.8,84.0,98.8,5.2,11,97.1,92.0,90.3,541
COL0119,2022,90.7,84.6,95.6,3.7,13,95.7,86.8,91.2,671
COL0119,2023,88.2,87.4,98.4,4.3,12,93.5,87.0,81.0,800
COL0119,2024,85.3,85.2,98.2,7.5,12,97.5,83.8,86.0,899
COL0119,2025,89.3,88.2,100,3.8,13,100,88.4,93.2,630
COL0120,2021,96.8,91.3,100,1.6,10,94.8,95.1,88.7,271
COL0120,2022,94.6,91.3,100,1.6,11,89.1,94.9,94.4,371
COL0120,2023,96.9,95.7,100,2.9,12,95.6,95.9,96.9,368
COL0120,2024,91.8,88.8,100,4.0,8,95.6,93.4,93.5,489
COL0120,2025,95.4,88.8,98.8,4.1,11,95.1,90.0,88.9,602
COL0121,2021,90.1,81.9,95.3,5.4,12,96.4,84.8,83.6,763
COL0121,2022,85.6,78.0,91.7,7.8,14,85.9,81.4,87.1,1164
COL0121,2023,89.1,85.4,100,5.2,12,96.3,83.1,82.1,719
COL0121,2024,87.8,82.4,96.1,4.1,13,87.4,84.9,87.7,776
COL0121,2025,85.1,87.4,99.2,6.9,13,89.6,84.6,80.5,1074
COL0122,2021,87.2,86.6,98.6,5.1,12,97.8,86.7,91.9,571
COL0122,2022,93.5,90.6,100,4.8,12,100,88.3,90.8,566
COL0122,2023,88.6,93.0,100,4.7,9,100,89.0,97.1,508
COL0122,2024,94.2,95.9,100,3.1,11,100,96.8,90.6,297
COL0122,2025,93.2,93.4,100,1.7,11,100,98.6,98.2,295
COL0123,2021,80.6,71.9,86.3,10.8,18,58.1,78.9,70.8,1627
COL0123,2022,78.7,66.0,76.7,8.2,15,69.3,74.4,76.9,1562
COL0123,2023,76.9,70.6,84.1,8.5,17,58.2,79.8,73.2,1594
COL0123,2024,79.0,73.6,87.8,8.7,17,67.6,75.2,71.9,1578
COL0123,2025,80.0,67.4,79.9,8.3,14,64.8,78.0,77.5,1659
COL0124,2021,97.4,95.0,100,0,10,100,100,90.3,43
COL0124,2022,93.5,93.9,100,2.8,8,100,92.5,100,339
COL0124,2023,99.1,94.9,100,2.5,10,100,93.8,99.8,166
COL0124,2024,95.3,93.0,100,1.8,9,100,100,95.2,177
COL0124,2025,93.2,98,100,2.8,10,100,98.1,98.2,216
COL0125,2021,79.3,78.8,93.5,8.1,14,74.2,78.6,82.5,1218
COL0125,2022,83.6,72.4,87.2,9.5,14,66.6,75.1,81.2,1566
COL0125,2023,83.9,82.0,97.8,5.6,13,73.6,86.9,78.4,1173
COL0125,2024,85.8,74.6,90.2,6.8,15,78.4,80.7,81.0,1252
COL0125,2025,85.1,79.1,98.6,6.4,15,73.8,86.9,80.2,1224
COL0126,2021,92.1,89.2,100,2.5,12,96.8,87.8,88.6,515
COL0126,2022,92.5,89.6,100,3.8,11,100,90.0,87.4,454
COL0126,2023,90.1,93.3,100,3.9,10,100,85.5,93.9,529
COL0126,2024,95.3,92.5,100,4.1,11,100,92.5,93.2,369
COL0126,2025,94.1,92.6,100,2.2,12,100,94.0,86.9,449
COL0127,2021,79.1,64.8,82.8,8.7,16,60.4,73.4,73.9,1620
COL0127,2022,77.0,70.7,87.8,8.7,15,58.6,77.0,76.0,1571
COL0127,2023,84.4,66.8,77.6,7.8,15,65.9,80.6,79.8,1472
COL0127,2024,82.6,69.1,79.7,7.7,15,59.5,79.6,72.3,1553
COL0127,2025,80.2,66.8,85.2,10.1,17,62.0,75.5,73.4,1687
COL0128,2021,86.7,80.6,97.3,5.1,13,88.4,81.7,84.0,877
COL0128,2022,86.1,86.8,97.1,6.9,12,85.7,87.9,87.0,855
COL0128,2023,91.6,81.9,97.1,4.9,13,87.3,88.5,84.4,840
COL0128,2024,88.5,84.7,99.8,5.5,13,92.2,88.0,78.7,798
COL0128,2025,87.7,81.5,95.7,4.6,13,90.2,81.4,80.1,1027
COL0129,2021,84.3,74.2,87.2,8.2,16,67.1,81.2,81.6,1386
COL0129,2022,83.5,73.6,83.6,7.8,13,67.2,82.4,82.7,1450
COL0129,2023,85.5,75.9,86.3,8.5,15,75.5,85.3,82.3,1254
COL0129,2024,83.6,77.4,96.2,6.5,15,68.6,82.1,83.3,1293
COL0129,2025,79.9,72.4,81.6,10.0,15,63.6,78.0,76.3,1663
COL0130,2021,76.0,62.8,79.3,11.7,16,69.9,73.9,70.4,1730
COL0130,2022,78.1,68.6,76.9,13.7,19,66.5,67.7,71.5,1821
COL0130,2023,81.0,66.7,83.2,9.6,15,69.4,78.4,78.7,1631
COL0130,2024,71.6,64.5,78.2,11.0,17,67.8,68.5,68.6,1821
COL0130,2025,79.0,68.8,81.5,9.1,16,72.0,77.4,80.1,1537
COL0131,2021,81.9,74.7,88.8,8.8,14,69.6,78.8,81.2,1356
COL0131,2022,85.1,76.7,90.9,8.0,17,63.1,83.0,79.4,1332
COL0131,2023,82.5,78.4,87.2,9.3,14,71.4,78.9,78.4,1430
COL0131,2024,87.0,72.3,87.3,5.3,13,66.1,84.4,75.3,1384
COL0131,2025,80.5,71.6,91.9,10.0,14,74.9,80.1,75.9,1520
COL0132,2021,78.1,64.3,74.2,11.2,17,61.3,72.0,80.5,1769
COL0132,2022,80.1,68.9,83.8,9.7,19,63.3,76.1,70.9,1689
COL0132,2023,78.6,67.3,76.8,10.4,16,61.1,78.3,70.0,1711
COL0132,2024,75.1,62.3,73.3,11.5,18,64.3,71.5,71.7,1795
COL0132,2025,77.1,62.9,81.9,12.7,19,62.7,71.7,69.0,1874
COL0133,2021,86.7,84.7,99.7,7.3,11,87.5,80.8,84.8,871
COL0133,2022,85.4,80.4,97.6,7.0,14,96.4,84.3,83.5,965
COL0133,2023,85.8,79.6,95.8,6.2,12,85.8,79.4,77.8,1093
COL0133,2024,86.7,83.1,100,3.8,14,87.5,89.7,80.9,835
COL0133,2025,90.8,83.5,100,5.3,13,87.9,89.3,89.5,770
COL0134,2021,87.4,78.8,97.5,7.8,14,70.3,80.9,82.8,1174
COL0134,2022,85.0,77.1,95.8,5.9,14,69.5,79.3,80.2,1292
COL0134,2023,82.3,72.5,82.3,9.3,12,71.1,79.6,86.6,1467
COL0134,2024,84.4,75.5,94.6,6.3,14,71.1,81.9,82.0,1200
COL0134,2025,87.9,79.8,97.1,6.4,13,68.0,87.2,86.1,1239
COL0135,2021,86.7,85.1,100,5.5,13,82.4,82.1,83.5,981
COL0135,2022,85.6,79.0,95.0,4.9,14,75.8,87.2,82.0,1012
COL0135,2023,90.2,82.7,94.6,3.6,11,75.0,87.9,87.8,880
COL0135,2024,87.1,77.3,87.9,6.2,13,75.9,85.8,83.4,1155
COL0135,2025,85.3,78.7,90.7,5.3,11,87.8,83.8,89.6,966
COL0136,2021,96.7,94.1,100,2.3,10,91.7,92.5,92.7,317
COL0136,2022,93.6,94.3,100,1.7,10,91.2,96.6,86.0,386
COL0136,2023,90.2,90.3,100,2.8,11,89.1,93.4,84.6,643
COL0136,2024,94.3,93.8,100,1.3,12,92.9,93.3,89.7,434
COL0136,2025,91.4,92.9,100,3.2,11,85.5,93.1,95.7,631
COL0137,2021,93.5,94.0,100,3.3,10,91.8,90.9,92.3,459
COL0137,2022,94.4,96.1,100,0,10,100,99.4,95.8,20
COL0137,2023,93.1,96.3,100,0,9,92.0,96.2,99.4,130
COL0137,2024,98.2,96.9,100,0,8,98.4,99.4,96.6,82
COL0137,2025,96.7,90.9,100,2.4,8,97.3,93.4,95.7,286
COL0138,2021,79.6,73.2,90.3,10.8,17,66.7,78.7,81.1,1577
COL0138,2022,81.1,64.1,76.6,11.2,15,61.5,71.3,76.1,1766
COL0138,2023,80.1,67.0,85.9,7.7,16,60.1,79.1,75.6,1600
COL0138,2024,84.8,71.6,83.3,10.3,17,64.6,78.9,74.7,1608
COL0138,2025,79.9,71.0,79.4,9.8,16,69.0,77.0,79.2,1643
COL0139,2021,81.4,64.7,79.8,10.7,16,61.0,75.7,73.2,1687
COL0139,2022,73.3,64.7,75.6,11.9,18,61.0,70.9,76.0,1784
COL0139,2023,76.1,68.6,79.3,9.7,16,59.6,77.2,74.1,1712
COL0139,2024,75.0,64.8,79.6,11.3,17,53.4,71.1,76.3,1816
COL0139,2025,76.6,74.4,89.7,9.0,18,65.5,79.2,71.6,1632
COL0140,2021,86.6,83.0,96.5,6.2,14,82.1,91.4,85.3,901
COL0140,2022,86.9,82.4,100,4.4,12,85.5,84.2,93.1,794
COL0140,2023,85.5,80.3,98.9,4.2,13,80.9,89.3,81.1,871
COL0140,2024,88.6,90.4,100,5.3,12,87.4,88.0,83.1,883
COL0140,2025,85.6,81.0,91.4,5.8,10,83.0,88.0,88.1,1023
COL0141,2021,85.9,78.3,93.2,4.8,12,80.1,85.3,84.5,934
COL0141,2022,91.9,84.9,100,4.6,14,80.5,89.8,87.0,757
COL0141,2023,91.3,90.2,100,1.9,13,87.4,90.7,89.8,561
COL0141,2024,92.3,83.6,98.1,3.8,11,76.5,91.0,89.8,869
COL0141,2025,88.9,88.8,99.5,6.1,10,88.9,85.4,92.7,787
COL0142,2021,90.3,89.3,100,2.7,8,89.8,91.7,92.9,504
COL0142,2022,95.3,89.0,100,3.2,11,87.8,97.0,94.9,408
COL0142,2023,90.2,89.7,100,2.0,11,86.8,95.3,87.5,589
COL0142,2024,92.2,91.6,100,2.8,11,94.1,89.7,88.0,477
COL0142,2025,96.8,98,100,2.5,10,99.9,97.0,98.1,98
COL0143,2021,91.1,88.5,100,5.7,11,100,85.9,94.1,554
COL0143,2022,94.0,95.6,100,1.0,10,100,95.1,89.3,208
COL0143,2023,94.6,89.2,100,0.9,10,98.9,96.9,97.8,203
COL0143,2024,95.5,96.8,100,2.5,10,100,94.1,87.6,265
COL0143,2025,96.8,97.3,100,0.1,11,100,94.7,90.2,156
COL0144,2021,87.6,74.3,90.8,6.6,13,67.0,83.9,76.6,1258
COL0144,2022,85.6,77.8,87.9,7.0,14,70.0,84.5,85.0,1181
COL0144,2023,84.8,79.1,97.1,9.0,15,71.9,79.6,82.9,1352
COL0144,2024,88.5,80.5,90.9,7.4,14,73.3,82.3,77.4,1330
COL0144,2025,89.9,87.0,98.1,3.1,14,82.9,89.6,89.5,695
COL0145,2021,74.1,62.7,71.3,13.0,20,54.2,69.6,72.6,1903
COL0145,2022,75.4,63.5,76.0,12.8,17,52.3,67.4,63.3,1941
COL0145,2023,77.8,57.1,64.8,11.8,17,52.1,72.6,72.5,1909
COL0145,2024,73.4,58.4,75.6,13.0,20,55.9,67.1,69.6,1931
COL0145,2025,71.8,64.3,82.5,13.1,21,52.7,71.7,69.0,1897
COL0146,2021,92.7,93.5,100,1.9,9,94.1,90.6,93.4,390
COL0146,2022,95.4,93.4,100,2.8,9,98.0,94.7,90.3,361
COL0146,2023,94.1,97.7,100,0.6,8,97.3,97.6,100,167
COL0146,2024,100.0,98,100,0.3,8,98.3,99.4,91.4,30
COL0146,2025,95.5,93.9,100,2.2,8,97.0,98.2,96.5,303
COL0147,2021,77.9,72.7,82.0,8.1,14,78.2,77.1,78.2,1434
COL0147,2022,81.7,71.5,86.9,6.4,13,76.2,78.0,83.8,1243
COL0147,2023,82.0,77.0,93.8,8.6,13,82.0,84.1,85.0,1220
COL0147,2024,78.4,71.9,90.7,9.2,14,80.8,79.6,77.4,1410
COL0147,2025,81.2,77.1,96.7,10.3,15,76.7,77.9,78.6,1437
COL0148,2021,94.0,91.7,100,2.2,8,93.2,100,96.0,356
COL0148,2022,92.2,90.0,100,1.9,8,96.9,93.7,91.0,326
COL0148,2023,92.1,92.1,100,2.8,9,97.4,94.3,91.8,317
COL0148,2024,94.1,97.9,100,1.2,10,91.8,97.7,98.1,241
COL0148,2025,100,92.2,100,0,8,92.8,100,97.6,115
COL0149,2021,90.0,77.5,97.7,6.0,13,82.4,86.5,80.6,1075
COL0149,2022,85.3,85.8,98.2,6.2,14,83.8,90.3,79.8,911
COL0149,2023,88.9,85.8,100,5.4,12,88.4,83.7,90.6,831
COL0149,2024,84.1,85.6,100,5.7,13,81.4,83.1,87.7,1020
COL0149,2025,87.3,87.8,100,4.4,13,81.5,93.0,92.9,739
COL0150,2021,90.2,78.6,88.8,6.3,13,82.4,87.6,87.3,926
COL0150,2022,90.4,84.1,95.4,5.1,13,85.7,86.3,88.6,812
COL0150,2023,81.5,73.7,89.1,8.4,15,75.7,82.4,74.6,1435
COL0150,2024,82.8,81.1,96.0,5.5,13,88.6,87.0,79.9,949
COL0150,2025,87.3,83.0,96.6,6.8,12,81.6,86.6,84.3,1117
COL0151,2021,91.4,83.1,100,5.0,12,77.1,92.2,88.6,803
COL0151,2022,87.9,84.3,98.7,4.8,12,89.2,90.8,90.4,725
COL0151,2023,91.1,89.5,100,4.7,12,84.0,94.4,86.3,734
COL0151,2024,90.4,92.2,100,2.5,12,91.3,92.0,96.4,427
COL0151,2025,90.0,90.3,100,5.2,10,90.3,89.3,92.2,772
COL0152,2021,96.1,92.2,100,3.0,9,95.7,92.1,90.2,337
COL0152,2022,97.0,96.2,100,2.5,9,98.0,94.4,98.7,245
COL0152,2023,99.3,96.1,100,1.8,8,99.1,97.2,100,126
COL0152,2024,92.5,98,100,2.4,8,100,96.6,93.6,214
COL0152,2025,95.7,98,100,3.0,8,99.8,94.9,95.2,281
COL0153,2021,88.5,84.1,100,3.7,11,90.3,87.4,93.7,556
COL0153,2022,89.8,88.4,99.6,3.4,10,92.3,90.7,90.7,521
COL0153,2023,93.4,94.4,100,4.1,9,96.3,89.9,95.7,486
COL0153,2024,91.3,91.0,100,1.8,11,89.6,93.8,93.3,541
COL0153,2025,93.2,96.0,100,3.4,9,96.1,93.3,92.9,352
COL0154,2021,86.6,71.3,81.1,6.7,13,68.3,82.4,80.8,1295
COL0154,2022,84.2,83.1,100,5.3,12,78.2,84.2,76.0,1056
COL0154,2023,81.4,72.4,83.0,6.6,13,70.5,79.9,82.4,1326
COL0154,2024,82.0,76.6,94.1,7.3,15,74.1,84.1,88.5,1273
COL0154,2025,84.1,74.2,90.1,8.4,14,72.7,85.7,81.5,1330
COL0155,2021,86.3,79.8,89.1,5.5,12,83.1,84.7,85.8,939
COL0155,2022,80.9,78.0,98.0,10.1,14,83.0,76.6,82.2,1269
COL0155,2023,86.6,86.3,100,4.3,13,87.2,87.4,76.1,862
COL0155,2024,89.0,83.6,93.7,4.8,14,89.7,84.1,80.1,960
COL0155,2025,80.4,75.8,87.8,7.2,13,85.7,80.8,77.8,1248
COL0156,2021,75.4,66.8,84.2,10.1,19,52.7,73.2,73.3,1800
COL0156,2022,81.6,61.8,73.9,9.8,18,59.2,72.7,74.0,1768
COL0156,2023,77.9,62.7,76.1,10.7,16,61.8,74.8,74.6,1737
COL0156,2024,76.7,60.5,69.3,10.0,19,55.6,68.1,66.6,1887
COL0156,2025,76.6,66.2,82.2,11.6,19,55.7,77.0,73.0,1823
COL0157,2021,97.8,91.9,100,0.9,10,98.1,96.8,93.5,94
COL0157,2022,96.1,93.8,100,3.0,9,91.9,96.3,91.8,324
COL0157,2023,92.5,92.0,100,4.3,8,95.2,96.3,96.4,405
COL0157,2024,94.1,92.5,100,1.5,12,86.5,90.5,86.7,506
COL0157,2025,89.0,92.2,100,2.6,9,91.7,88.6,98.1,561
COL0158,2021,86.6,81.5,96.5,8.0,14,71.4,85.0,85.9,1161
COL0158,2022,86.5,80.2,89.8,7.5,13,67.7,87.2,83.7,1179
COL0158,2023,83.0,72.7,88.2,8.1,13,76.6,78.4,78.3,1397
COL0158,2024,82.4,73.0,87.3,5.6,13,75.9,82.2,86.5,1288
COL0158,2025,85.5,74.2,92.6,7.2,15,69.3,81.9,87.0,1340
COL0159,2021,91.7,97.2,100,2.5,8,100,97.0,92.1,174
COL0159,2022,97.1,98.0,100,2.2,9,100,91.8,88.6,311
COL0159,2023,98.1,96.7,100,0,8,100,95.1,98.5,20
COL0159,2024,98.4,98,100,0,9,100,99.7,91.1,41
COL0159,2025,93.8,98,100,1.0,8,100,100,100,28
COL0160,2021,69.5,56.9,68.7,14.8,21,58.2,69.5,71.5,1957
COL0160,2022,72.3,54.5,66.3,12.4,21,43.8,66.3,61.9,1970
COL0160,2023,70.4,50.9,68.9,14.2,19,46.3,68.1,68.3,1969
COL0160,2024,73.0,55.1,69.5,12.7,22,41.7,67.6,64.9,1968
COL0160,2025,67.3,49.7,62.6,14.6,19,47.6,62.8,67.4,1989
COL0161,2021,90.8,88.0,99.1,3.5,12,100,89.1,83.4,475
COL0161,2022,89.2,90.0,100,4.0,11,91.8,92.9,91.4,517
COL0161,2023,85.5,86.8,97.3,4.4,12,99.0,86.6,90.4,716
COL0161,2024,85.5,85.1,96.8,5.3,12,91.9,87.6,85.3,849
COL0161,2025,89.0,86.1,98.2,4.5,14,94.6,87.9,90.3,777
COL0162,2021,89.3,89.5,100,1.4,9,91.3,90.0,97.5,411
COL0162,2022,94.6,98,100,0.6,8,98.7,95.4,98.7,131
COL0162,2023,97.0,93.3,100,0,8,100,98.8,90.9,74
COL0162,2024,100,90.5,100,0,9,90.9,100,96.3,291
COL0162,2025,96.8,92.5,100,0,10,100,92.8,98.6,187
COL0163,2021,92.7,98.0,100,0,10,100,97.9,90.2,27
COL0163,2022,99.3,91.3,100,1.2,9,100,98.7,89.3,258
COL0163,2023,94.6,92.7,100,2.3,8,100,95.1,88.6,391
COL0163,2024,98.2,98,100,0.6,8,100,94.1,93.2,60
COL0163,2025,95.5,95.0,100,2.5,8,100,95.9,97.8,314
COL0164,2021,86.9,85.2,100,2.4,11,100,88.2,94.4,462
COL0164,2022,91.6,93.9,100,2.0,9,100,90.3,91.0,274
COL0164,2023,96.5,95.3,100,0,11,100,98.5,89.5,121
COL0164,2024,98.4,98,100,0,10,100,96.4,91.6,77
COL0164,2025,93.6,96.6,100,1.4,9,100,99.7,91.4,208
COL0165,2021,88.0,88.9,100,3.7,11,86.8,89.2,95.4,586
COL0165,2022,94.8,94.4,100,2.5,10,92.9,95.5,90.1,424
COL0165,2023,92.2,91.4,100,3.9,10,87.9,93.7,90.7,570
COL0165,2024,90.5,86.7,99.3,2.0,12,87.1,88.4,88.5,565
COL0165,2025,94.9,91.3,100,5.4,11,89.9,88.7,95.2,611
COL0166,2021,95.2,95.5,100,0,8,100,96.6,94.2,30
COL0166,2022,95.4,98,100,0,10,100,97.0,93.8,79
COL0166,2023,99.0,98,100,2.5,10,100,94.9,93.2,241
COL0166,2024,97.3,97.7,100,1.5,9,100,94.3,100,86
COL0166,2025,98.4,98,100,0.5,9,100,92.7,97.6,94
COL0167,2021,92.4,92.8,100,2.7,13,98.9,91.5,81.2,438
COL0167,2022,89.8,85.6,99.9,6.1,12,91.7,82.7,81.8,912
COL0167,2023,88.8,90.4,100,5.1,13,96.1,93.7,87.0,552
COL0167,2024,84.1,83.2,95.3,5.0,13,97.3,83.4,92.6,762
COL0167,2025,89.4,85.1,94.5,3.5,12,98.7,84.1,87.9,762
COL0168,2021,98.6,95.1,100,1.7,9,100,100,97.6,77
COL0168,2022,92.4,98,100,1.2,11,100,92.0,88.6,185
COL0168,2023,98.0,95.8,100,0.6,8,100,100,90.6,88
COL0168,2024,94.8,98,100,0.3,8,100,99.9,99.6,11
COL0168,2025,92.0,98,100,3.1,8,100,93.8,91.8,285
COL0169,2021,84.9,77.0,96.8,7.7,15,72.1,80.8,71.3,1273
COL0169,2022,82.5,66.9,83.7,7.8,17,74.4,75.3,82.0,1405
COL0169,2023,86.1,76.1,91.2,9.0,16,79.6,83.0,83.4,1316
COL0169,2024,83.8,68.5,78.4,6.7,17,76.4,78.7,75.8,1391
COL0169,2025,82.7,68.4,82.9,10.8,16,75.3,75.9,81.6,1615
COL0170,2021,86.9,86.6,95.9,5.3,14,90.5,81.0,82.4,796
COL0170,2022,85.7,81.1,99.0,7.1,13,92.5,86.8,85.0,997
COL0170,2023,93.6,91.2,100,2.0,12,95.7,92.1,91.6,449
COL0170,2024,87.2,88.5,100,4.6,12,95.0,91.1,86.4,709
COL0170,2025,89.0,86.9,98.2,4.7,15,92.0,83.9,87.3,750
COL0171,2021,94.6,98,100,0,9,95.4,98.3,92.8,136
COL0171,2022,98.2,92.7,100,2.6,8,90.7,96.5,93.3,355
COL0171,2023,94.5,91.9,100,1.2,8,100,91.8,94.8,326
COL0171,2024,94.0,97.3,100,0,8,99.6,98.8,100,13
COL0171,2025,97.7,98,100,1.2,8,100,95.2,100,65
COL0172,2021,85.4,77.3,96.9,4.3,14,76.3,90.1,84.7,963
COL0172,2022,88.3,76.1,94.9,5.7,11,77.9,85.0,85.0,1088
COL0172,2023,89.7,82.2,93.1,3.4,14,73.6,88.3,82.0,958
COL0172,2024,85.8,83.8,94.7,6.4,13,78.6,89.3,85.8,1097
COL0172,2025,83.9,80.7,95.9,7.9,13,74.2,86.5,86.5,1269
COL0173,2021,81.5,70.8,90.9,7.9,15,66.4,77.9,80.5,1392
COL0173,2022,84.7,76.1,96.0,7.3,15,72.4,78.5,76.1,1261
COL0173,2023,82.5,83.5,100,8.4,13,79.1,84.2,78.9,1161
COL0173,2024,84.8,76.5,93.7,7.3,15,79.0,85.2,78.9,1234
COL0173,2025,84.6,80.4,95.5,5.3,14,73.7,82.0,82.5,1234
COL0174,2021,97.3,98,100,0.6,10,100,96.5,100,25
COL0174,2022,99.5,96.9,100,0,10,99.5,95.7,95.6,14
COL0174,2023,99.8,93.5,100,0,8,96.3,96.8,100,99
COL0174,2024,94.3,92.9,100,2.2,10,96.4,94.1,96.2,336
COL0174,2025,98.4,98,100,0,8,96.5,95.4,89.7,146
COL0175,2021,75.0,67.9,84.7,12.5,17,65.5,72.9,77.6,1733
COL0175,2022,76.2,63.4,82.7,9.8,17,62.8,71.8,80.0,1692
COL0175,2023,81.4,68.9,88.3,8.9,16,55.8,77.9,70.3,1708
COL0175,2024,79.2,66.7,84.7,7.1,14,62.8,79.5,78.7,1537
COL0175,2025,82.2,74.3,93.0,8.6,16,66.5,80.6,74.4,1491
COL0176,2021,80.6,78.4,91.3,8.1,16,72.5,83.2,74.7,1327
COL0176,2022,84.8,71.5,82.6,7.4,14,67.2,84.7,79.6,1350
COL0176,2023,81.8,75.9,94.9,8.1,17,71.8,77.4,75.8,1393
COL0176,2024,82.9,75.9,86.6,5.1,15,73.3,86.4,77.4,1183
COL0176,2025,84.5,74.3,84.6,8.0,14,67.4,82.7,79.4,1492
COL0177,2021,75.0,71.1,90.2,12.0,15,66.4,72.1,73.0,1695
COL0177,2022,78.6,68.6,82.4,8.5,16,68.4,73.8,81.0,1499
COL0177,2023,82.4,76.7,87.6,10.2,17,79.4,74.5,81.8,1482
COL0177,2024,78.9,69.8,82.8,7.8,18,70.6,77.5,73.5,1557
COL0177,2025,75.7,69.7,89.1,10.5,15,72.6,72.6,73.6,1611
COL0178,2021,78.6,70.2,90.3,10.8,14,80.5,77.5,82.2,1501
COL0178,2022,87.3,72.1,80.9,9.0,15,75.4,82.8,83.6,1382
COL0178,2023,82.3,72.1,92.0,6.4,15,76.2,84.1,73.5,1317
COL0178,2024,85.0,77.9,88.3,8.4,15,76.7,85.2,78.0,1308
COL0178,2025,86.6,77.1,93.0,5.3,15,84.6,81.6,79.0,1119
COL0179,2021,95.9,94.7,100,0.6,12,88.8,94.9,90.1,340
COL0179,2022,95.1,86.6,100,2.2,13,92.9,94.2,93.7,363
COL0179,2023,90.8,93.7,100,1.5,11,91.5,93.0,86.7,436
COL0179,2024,96.2,98.0,100,1.7,11,95.8,95.0,94.8,308
COL0179,2025,95.4,97.8,100,0,8,99.0,93.9,98.9,152
COL0180,2021,91.1,83.9,100,5.2,12,87.8,93.7,92.8,671
COL0180,2022,91.0,90.1,100,4.7,11,92.6,85.7,93.7,636
COL0180,2023,93.1,83.9,95.6,4.3,10,80.8,88.0,86.3,801
COL0180,2024,87.8,85.0,100,2.8,10,83.4,86.9,84.8,744
COL0180,2025,91.8,80.0,93.8,3.2,13,79.8,88.5,90.2,902
COL0181,2021,74.3,68.3,77.1,9.8,16,61.8,73.2,72.7,1722
COL0181,2022,77.3,71.4,82.1,11.1,17,63.2,76.7,69.8,1717
COL0181,2023,75.2,63.4,71.2,12.4,19,63.8,75.0,73.8,1847
COL0181,2024,80.7,64.4,78.9,8.8,16,66.8,75.9,76.3,1588
COL0181,2025,75.3,63.1,74.7,10.3,17,55.4,70.1,68.9,1868
COL0182,2021,77.0,63.5,75.3,9.2,16,64.2,72.5,76.0,1664
COL0182,2022,80.0,61.4,73.1,9.2,18,53.4,71.4,71.0,1764
COL0182,2023,74.3,68.2,84.4,12.0,15,65.3,72.1,80.2,1764
COL0182,2024,77.7,65.9,84.6,11.5,16,64.7,73.3,75.8,1744
COL0182,2025,84.6,71.0,85.5,6.8,14,67.7,77.5,81.4,1464
COL0183,2021,84.6,74.9,95.6,5.1,13,82.5,80.7,83.0,1080
COL0183,2022,85.3,79.4,92.9,5.3,14,90.7,84.8,79.3,928
COL0183,2023,93.4,89.2,100,2.4,11,91.3,90.4,81.1,543
COL0183,2024,92.8,84.1,100,3.0,11,96.5,90.2,83.8,577
COL0183,2025,87.1,85.4,95.3,4.0,13,100,88.4,86.9,644
COL0184,2021,87.6,80.7,96.7,4.8,13,69.2,80.7,78.9,1157
COL0184,2022,85.9,75.3,91.5,5.9,16,71.4,80.8,80.7,1192
COL0184,2023,83.0,78.9,92.1,8.1,12,73.4,85.1,83.8,1191
COL0184,2024,86.3,78.6,89.9,8.0,12,78.3,78.5,82.9,1341
COL0184,2025,88.0,79.7,90.5,7.7,12,71.3,81.2,76.5,1350
COL0185,2021,76.2,58.6,66.1,10.9,18,44.1,72.7,72.7,1898
COL0185,2022,75.0,59.8,77.9,14.0,21,49.4,72.1,73.9,1916
COL0185,2023,69.5,55.7,66.7,12.3,20,42.6,66.6,67.5,1980
COL0185,2024,70.1,60.0,74.6,11.8,21,43.7,68.7,62.4,1953
COL0185,2025,74.4,53.5,60.0,15.5,19,47.1,64.2,66.4,1988
COL0186,2021,84.0,80.2,95.9,5.8,12,78.8,84.2,88.8,915
COL0186,2022,90.5,84.5,100,4.1,13,80.6,82.3,86.4,814
COL0186,2023,89.5,82.1,94.7,6.8,12,82.3,82.9,82.3,1009
COL0186,2024,88.7,86.6,100,6.2,12,81.9,89.7,79.7,932
COL0186,2025,82.1,79.8,93.7,7.4,15,82.6,82.0,83.8,1262
COL0187,2021,94.7,98.0,100,0.2,8,100,94.2,95.9,18
COL0187,2022,96.4,93.3,100,1.8,10,100,97.3,95.1,169
COL0187,2023,93.7,98,100,1.9,9,100,95.3,91.8,227
COL0187,2024,100,92.8,100,0,10,100,100,97.2,27
COL0187,2025,92.6,95.4,100,2.4,8,100,93.5,90.5,419
COL0188,2021,79.0,63.0,72.8,12.7,18,56.3,68.5,76.7,1863
COL0188,2022,79.2,55.6,66.9,10.1,17,48.1,72.6,72.6,1856
COL0188,2023,74.5,62.4,70.3,12.2,20,57.6,71.6,75.8,1884
COL0188,2024,75.4,57.9,76.4,12.0,20,54.8,66.1,68.5,1898
COL0188,2025,78.0,57.7,74.5,13.0,17,51.5,69.9,65.5,1936
COL0189,2021,80.8,71.4,83.3,7.7,15,80.8,79.0,84.6,1230
COL0189,2022,83.8,78.0,87.7,7.0,15,84.4,82.8,78.4,1142
COL0189,2023,88.7,79.6,96.2,4.6,14,85.8,86.6,78.0,936
COL0189,2024,83.0,77.8,89.3,8.8,16,84.4,79.1,77.7,1257
COL0189,2025,79.3,77.3,93.9,9.5,13,83.5,81.4,82.7,1408
COL0190,2021,76.3,63.1,74.2,10.7,16,59.3,68.7,72.6,1804
COL0190,2022,76.3,64.9,73.5,10.9,18,60.1,77.7,71.0,1756
COL0190,2023,74.5,62.1,75.5,12.6,17,57.2,75.4,68.9,1873
COL0190,2024,80.8,73.4,81.8,7.7,17,62.1,78.5,69.3,1516
COL0190,2025,77.1,71.1,83.3,8.7,18,63.3,73.2,75.8,1667
COL0191,2021,93.6,88.0,100,4.2,11,100,88.7,94.0,391
COL0191,2022,88.9,85.0,100,4.1,10,100,87.2,85.3,621
COL0191,2023,89.2,91.9,100,2.2,11,98.0,89.1,87.5,414
COL0191,2024,95.3,95.9,100,4.9,11,100,93.6,94.8,446
COL0191,2025,88.7,90.2,100,2.3,8,100,90.6,93.7,489
COL0192,2021,80.1,77.2,94.9,7.8,12,87.3,76.9,78.0,1160
COL0192,2022,82.8,81.4,95.1,6.8,16,80.0,85.7,85.1,1121
COL0192,2023,80.4,72.9,89.2,9.8,16,76.3,75.7,82.6,1464
COL0192,2024,87.5,80.8,100,8.8,16,84.2,83.5,83.0,1158
COL0192,2025,83.2,81.3,95.8,6.5,12,82.5,77.8,87.0,1123
COL0193,2021,78.1,67.5,86.6,8.7,18,70.3,74.2,78.1,1475
COL0193,2022,84.1,69.1,83.7,9.8,15,70.6,82.1,72.5,1552
COL0193,2023,81.8,65.3,80.0,8.4,16,68.1,74.5,76.9,1638
COL0193,2024,76.3,65.0,78.5,12.1,19,69.7,74.8,77.1,1719
COL0193,2025,77.8,75.1,85.1,10.5,16,68.9,74.4,75.6,1650
COL0194,2021,90.8,90.4,100,0.9,11,92.8,96.8,95.4,331
COL0194,2022,88.4,86.0,96.9,3.0,10,86.1,92.1,88.0,722
COL0194,2023,87.5,83.9,100,5.9,11,92.1,91.9,92.6,786
COL0194,2024,94.6,93.3,100,1.5,12,87.4,93.3,88.2,545
COL0194,2025,95.2,84.8,99.5,3.4,10,91.9,92.3,91.3,589
COL0195,2021,78.7,69.3,80.5,9.5,17,68.6,78.9,82.0,1565
COL0195,2022,82.2,71.4,88.6,10.9,15,64.8,75.4,77.8,1608
COL0195,2023,83.0,69.2,80.2,7.9,14,70.5,74.4,72.6,1521
COL0195,2024,81.9,70.4,83.5,8.7,14,71.6,73.5,77.4,1559
COL0195,2025,87.4,79.1,93.4,5.2,15,69.3,85.9,81.9,1138
COL0196,2021,86.7,75.2,93.5,8.0,14,85.9,81.2,83.4,1149
COL0196,2022,90.3,78.6,95.6,4.4,15,85.4,87.5,76.5,996
COL0196,2023,88.8,78.8,95.8,4.1,15,85.4,87.8,85.3,833
COL0196,2024,83.4,80.4,92.5,6.2,15,89.9,82.4,87.4,1079
COL0196,2025,88.7,83.4,100,6.7,13,97.6,84.4,81.5,978
COL0197,2021,90.5,92.7,100,3.8,12,96.4,88.3,95.2,508
COL0197,2022,97.5,97.3,100,2.3,11,100,94.8,91.7,231
COL0197,2023,93.2,96.8,100,2.5,11,100,91.2,93.9,226
COL0197,2024,94.9,90.3,100,4.0,11,100,94.5,85.9,472
COL0197,2025,89.6,94.9,100,4.7,10,100,91.2,93.8,456
COL0198,2021,90.2,84.7,97.5,3.9,9,85.4,87.1,86.2,730
COL0198,2022,90.7,91.0,100,1.9,12,82.2,91.9,86.5,529
COL0198,2023,90.0,88.7,100,4.5,11,91.9,89.0,86.9,668
COL0198,2024,94.9,87.7,100,1.9,9,83.6,90.0,90.3,546
COL0198,2025,88.3,89.1,100,2.4,12,85.8,88.2,93.6,620
COL0199,2021,97.5,98,100,0,8,95.4,95.9,96.8,17
COL0199,2022,96.9,97.6,100,0,8,98.4,100,93.1,126
COL0199,2023,95.4,93.4,100,1.9,9,98.4,93.4,96.5,345
COL0199,2024,98.4,98,100,0.5,8,98.9,100,90.8,52
COL0199,2025,94.5,98,100,1.7,10,100,100,98.4,195
COL0200,2021,91.0,86.4,100,1.1,11,88.8,92.8,86.0,428
COL0200,2022,91.4,96.7,100,4.3,9,96.4,92.2,90.6,437
COL0200,2023,93.7,97.5,100,2.9,10,93.9,97.5,93.2,410
COL0200,2024,99.1,95.4,100,0,9,94.6,99.7,94.0,131
COL0200,2025,92.4,95.1,100,2.7,9,100,95.1,93.7,364
COL0201,2021,82.6,75.6,86.6,8.6,12,76.8,82.7,83.0,1265
COL0201,2022,86.7,78.4,94.5,4.3,11,87.0,82.3,87.2,830
COL0201,2023,92.6,86.2,98.6,3.5,12,77.5,87.4,85.5,772
COL0201,2024,89.4,81.7,92.3,3.0,10,85.9,91.7,89.5,687
COL0201,2025,86.4,88.5,100,3.0,11,85.1,91.5,92.1,640
COL0202,2021,81.5,75.7,90.2,9.1,16,72.8,82.5,75.1,1369
COL0202,2022,81.3,75.6,85.5,10.0,13,78.6,79.3,85.5,1361
COL0202,2023,87.5,76.9,97.0,5.8,13,77.2,80.9,86.3,1101
COL0202,2024,79.9,70.8,80.2,7.8,14,73.7,74.1,75.7,1560
COL0202,2025,78.8,73.3,92.5,9.6,16,83.7,74.7,80.4,1417
COL0203,2021,92.5,85.7,99.5,6.0,13,80.9,88.2,82.2,884
COL0203,2022,84.7,84.8,97.9,4.6,12,76.0,85.9,80.8,973
COL0203,2023,86.4,86.4,100,4.3,14,81.5,84.1,90.3,834
COL0203,2024,94.2,86.4,100,3.8,12,83.0,90.8,89.1,770
COL0203,2025,87.2,88.3,100,6.4,11,90.6,84.8,93.1,807
COL0204,2021,78.1,77.0,93.8,10.8,16,80.5,75.3,83.3,1407
COL0204,2022,84.5,77.1,87.1,5.8,14,88.3,78.7,79.0,1106
COL0204,2023,80.7,77.4,95.9,6.7,12,83.5,83.6,83.8,1061
COL0204,2024,87.6,80.8,93.1,6.3,15,88.5,81.9,77.1,1021
COL0204,2025,90.5,82.7,100,7.2,13,88.1,87.9,86.6,921
COL0205,2021,75.7,69.0,84.0,10.7,18,61.2,73.5,79.8,1628
COL0205,2022,79.1,68.1,86.4,7.9,15,57.1,76.7,74.7,1595
COL0205,2023,78.1,67.6,77.7,11.2,16,58.9,74.6,67.1,1784
COL0205,2024,78.3,63.5,71.9,9.4,18,59.9,70.2,70.3,1759
COL0205,2025,77.2,72.1,86.0,9.5,17,63.8,74.4,78.9,1672
COL0206,2021,80.4,71.4,80.7,6.7,17,65.2,81.5,77.8,1448
COL0206,2022,82.6,69.3,87.9,8.9,16,62.9,80.4,81.4,1518
COL0206,2023,84.6,74.8,88.1,7.9,17,66.4,78.4,73.5,1444
COL0206,2024,79.0,72.9,91.0,10.7,16,62.4,78.8,81.4,1603
COL0206,2025,81.0,68.4,81.4,9.9,15,60.2,77.2,83.2,1649
COL0207,2021,95.9,93.5,100,0,8,100,94.4,93.1,106
COL0207,2022,99.1,92.1,100,0,8,100,93.7,97.0,91
COL0207,2023,100,98,100,0.1,8,100,100,92.3,6
COL0207,2024,95.8,98,100,0.3,8,100,100,97.7,16
COL0207,2025,95.4,95.4,100,0.9,8,100,91.0,97.8,257
COL0208,2021,80.3,75.6,88.8,10.4,14,68.6,80.5,81.3,1478
COL0208,2022,79.9,75.3,89.3,8.6,14,67.1,78.5,82.2,1445
COL0208,2023,87.3,73.3,92.6,7.4,14,75.1,80.5,86.6,1282
COL0208,2024,81.4,71.7,83.7,6.5,15,64.2,81.7,76.8,1494
COL0208,2025,82.8,71.1,85.0,9.8,16,68.4,77.4,78.3,1626
COL0209,2021,88.7,90.4,100,3.1,13,88.3,91.4,88.8,498
COL0209,2022,92.6,80.9,99.8,2.6,11,76.5,92.4,91.8,642
COL0209,2023,88.0,88.2,100,4.9,11,85.0,85.3,89.6,827
COL0209,2024,86.4,84.3,98.3,6.3,12,85.0,86.5,90.0,995
COL0209,2025,86.7,89.8,100,3.9,11,84.5,86.1,88.8,723
COL0210,2021,76.8,67.7,80.7,10.9,16,67.7,72.1,76.1,1629
COL0210,2022,77.5,64.7,76.7,10.1,16,65.7,73.8,68.9,1765
COL0210,2023,80.5,61.9,69.6,10.7,16,65.0,71.8,71.9,1822
COL0210,2024,75.0,62.4,75.6,12.1,17,68.3,72.4,66.9,1866
COL0210,2025,79.0,68.3,82.3,11.9,20,59.7,74.8,71.9,1746
COL0211,2021,97.7,92.9,100,2.4,8,100,94.7,95.1,165
COL0211,2022,98.2,93.5,100,2.3,8,100,95.2,99.1,195
COL0211,2023,100.0,98.0,100,1.6,8,100,98.3,96.0,100
COL0211,2024,95.8,95.3,100,2.7,8,100,94.7,97.4,181
COL0211,2025,98.7,98,100,0,10,100,100,100,22
COL0212,2021,80.4,60.8,76.9,9.4,18,57.2,74.5,77.1,1724
COL0212,2022,80.3,67.7,81.8,11.3,16,61.3,75.7,67.4,1705
COL0212,2023,74.8,63.3,75.8,9.2,17,62.3,77.0,70.7,1763
COL0212,2024,79.6,62.8,76.7,11.3,16,55.7,68.9,73.1,1849
COL0212,2025,78.4,66.8,82.7,9.6,18,52.9,73.9,76.5,1723
COL0213,2021,90.9,89.2,100,2.3,9,100,90.7,96.8,397
COL0213,2022,91.2,90.8,100,3.4,10,100,86.8,85.0,589
COL0213,2023,91.4,92.0,100,5.5,9,98.9,87.7,95.5,554
COL0213,2024,93.4,85.5,100,2.7,12,95.2,91.6,92.0,495
COL0213,2025,92.4,87.9,100,4.1,11,100,94.9,89.8,550
COL0214,2021,97.1,91.9,100,0.1,10,87.0,97.5,94.2,227
COL0214,2022,96.7,98,100,2.7,8,96.6,99.0,90.8,320
COL0214,2023,91.7,89.1,100,2.0,10,87.3,90.7,86.6,489
COL0214,2024,92.7,93.5,100,0,11,92.6,99.2,99.3,250
COL0214,2025,95.0,90.1,100,2.9,11,92.3,98.7,92.7,404
COL0215,2021,81.6,70.5,79.6,10.1,15,63.0,75.4,78.9,1646
COL0215,2022,79.8,67.7,83.9,9.9,15,63.4,80.0,75.2,1630
COL0215,2023,80.1,67.0,77.9,7.1,17,64.5,76.2,77.0,1526
COL0215,2024,84.0,66.3,80.5,9.5,15,62.5,76.1,83.9,1622
COL0215,2025,82.5,71.2,88.7,8.7,16,75.1,75.6,76.8,1547
COL0216,2021,74.3,70.2,78.7,10.0,19,63.5,71.1,77.0,1689
COL0216,2022,79.7,69.7,85.6,6.9,16,60.8,82.5,71.9,1478
COL0216,2023,78.0,63.2,81.0,10.5,16,57.5,77.8,71.6,1734
COL0216,2024,84.6,71.2,88.5,6.9,14,63.3,83.4,79.5,1415
COL0216,2025,84.6,70.7,90.4,6.9,14,64.1,82.3,75.9,1512
COL0217,2021,91.9,84.1,100,3.4,13,78.6,87.0,86.0,811
COL0217,2022,88.2,87.6,100,3.8,12,90.4,91.2,84.7,706
COL0217,2023,87.7,81.8,100,5.8,14,80.3,92.0,91.3,940
COL0217,2024,87.8,80.9,100,5.7,12,77.7,83.1,82.4,1073
COL0217,2025,91.4,82.6,100,6.7,11,79.5,86.1,81.0,1025
COL0218,2021,79.9,69.9,83.8,10.1,16,57.0,78.3,71.3,1709
COL0218,2022,82.8,69.1,83.1,9.6,16,60.2,72.5,77.4,1638
COL0218,2023,76.3,65.3,74.9,10.9,16,68.5,71.7,80.7,1689
COL0218,2024,81.6,63.3,72.9,8.3,16,58.0,76.5,77.7,1727
COL0218,2025,75.4,59.6,69.5,12.0,18,54.6,69.6,74.2,1886
COL0219,2021,90.7,95.2,100,0.7,10,100,92.9,95.8,114
COL0219,2022,90.7,96.8,100,3.5,10,100,96.6,92.9,287
COL0219,2023,91.1,93.4,100,4.2,10,97.1,88.6,95.8,461
COL0219,2024,93.7,90.2,100,4.4,11,98.1,86.6,93.8,580
COL0219,2025,92.8,90.7,100,5.0,9,100,91.2,87.1,627
COL0220,2021,86.3,79.7,89.5,5.6,14,84.8,86.1,87.3,929
COL0220,2022,90.8,83.5,95.1,3.9,12,97.5,88.4,85.3,641
COL0220,2023,88.3,84.4,100,5.7,12,93.6,92.9,91.0,713
COL0220,2024,90.5,85.7,99.3,5.6,12,87.7,91.2,83.9,856
COL0220,2025,83.8,82.9,98.1,4.4,13,93.6,82.5,91.5,827
COL0221,2021,79.2,68.3,86.6,8.8,19,66.5,75.9,71.4,1559
COL0221,2022,78.0,67.7,82.4,9.4,16,71.6,76.5,70.7,1632
COL0221,2023,76.7,72.0,86.4,10.7,16,73.1,77.3,72.9,1621
COL0221,2024,77.8,72.1,82.0,10.2,16,78.1,76.4,76.7,1565
COL0221,2025,81.5,71.6,82.8,10.6,16,74.8,78.2,74.2,1603
COL0222,2021,81.7,74.6,94.4,6.5,15,65.2,85.0,75.7,1323
COL0222,2022,81.7,75.0,91.1,7.3,16,67.9,83.2,74.4,1446
COL0222,2023,86.3,74.5,86.9,6.0,12,77.5,81.1,79.5,1188
COL0222,2024,85.7,77.8,91.1,8.5,13,71.0,79.5,88.6,1267
COL0222,2025,89.0,80.0,100,6.2,13,71.5,84.9,81.8,1121
COL0223,2021,70.3,61.2,68.7,12.5,17,48.9,65.8,72.7,1940
COL0223,2022,72.8,62.8,81.6,12.1,18,50.0,74.2,66.4,1893
COL0223,2023,73.9,56.5,73.4,12.5,19,49.1,65.3,66.0,1958
COL0223,2024,73.9,59.5,69.9,11.6,17,55.3,67.2,66.4,1900
COL0223,2025,73.9,58.4,69.2,14.5,19,44.6,70.0,70.0,1970
COL0224,2021,80.3,68.2,85.5,11.0,17,71.6,73.3,79.0,1600
COL0224,2022,76.7,75.6,92.8,7.9,16,80.7,74.1,80.1,1336
COL0224,2023,86.3,71.5,90.8,7.3,16,79.5,81.4,75.6,1280
COL0224,2024,78.2,72.0,89.1,10.0,14,80.5,78.4,80.8,1434
COL0224,2025,78.7,73.9,90.6,10.2,14,77.7,78.3,82.2,1515
COL0225,2021,89.2,80.6,92.0,7.0,11,84.4,86.8,80.2,1040
COL0225,2022,81.8,80.5,91.4,8.5,13,73.4,83.0,80.9,1263
COL0225,2023,83.6,83.8,100,4.7,13,75.8,88.1,88.3,962
COL0225,2024,80.6,77.9,92.7,8.0,14,77.0,80.8,85.4,1304
COL0225,2025,83.3,76.1,90.8,6.6,13,73.4,87.3,76.6,1362
COL0226,2021,82.2,81.3,100,9.2,16,83.5,82.5,81.8,1146
COL0226,2022,84.6,71.6,82.6,7.7,15,78.1,76.8,82.8,1329
COL0226,2023,78.8,71.2,81.7,9.7,17,79.1,77.8,78.4,1463
COL0226,2024,84.5,73.8,89.5,6.6,14,84.5,82.4,82.3,1164
COL0226,2025,81.0,72.6,85.0,8.7,15,71.0,77.5,79.6,1461
COL0227,2021,86.7,76.9,90.9,6.5,17,72.5,83.1,75.0,1203
COL0227,2022,86.2,77.6,96.7,6.6,15,77.0,83.5,81.4,1210
COL0227,2023,77.7,77.5,89.8,10.7,15,78.8,76.3,72.9,1480
COL0227,2024,83.8,81.2,95.0,7.2,13,78.7,81.5,84.5,1198
COL0227,2025,79.6,72.5,85.6,7.8,14,75.3,79.2,75.7,1481
COL0228,2021,91.3,86.5,100,5.8,12,89.9,89.5,88.6,678
COL0228,2022,88.2,80.9,100,7.4,11,88.5,82.6,86.3,1033
COL0228,2023,85.2,79.5,88.6,8.1,14,84.5,84.7,79.4,1141
COL0228,2024,90.4,80.7,99.7,4.0,12,85.6,85.0,83.9,796
COL0228,2025,82.4,83.1,100,5.4,12,87.9,81.1,78.7,1059
COL0229,2021,79.1,74.6,84.0,7.2,16,63.3,79.8,75.5,1412
COL0229,2022,76.8,65.4,80.8,9.4,14,63.1,73.9,82.7,1605
COL0229,2023,81.3,73.6,87.0,7.5,14,68.4,79.0,84.5,1391
COL0229,2024,77.5,77.6,96.3,9.9,17,72.5,76.4,84.1,1484
COL0229,2025,83.3,72.1,92.9,5.7,15,72.5,82.7,78.3,1288
COL0230,2021,78.3,63.7,82.7,8.7,17,55.3,71.6,76.1,1682
COL0230,2022,81.3,74.4,87.7,8.4,18,69.7,75.0,82.4,1402
COL0230,2023,74.0,68.8,78.5,11.8,15,55.6,71.9,72.9,1810
COL0230,2024,76.6,62.9,75.4,12.0,18,60.4,79.4,77.5,1791
COL0230,2025,74.5,64.5,76.5,12.2,15,56.0,71.2,75.4,1885
COL0231,2021,96.3,96.6,100,0,10,100,97.0,97.3,90
COL0231,2022,93.7,95.7,100,0,8,100,100,92.7,138
COL0231,2023,92.9,97.0,100,2.2,8,100,91.7,95.2,329
COL0231,2024,99.6,98,100,1.6,8,100,95.5,98.4,47
COL0231,2025,95.1,93.3,100,0,8,100,100,93.7,88
COL0232,2021,96.0,91.0,100,2.0,9,100,97.4,93.3,273
COL0232,2022,91.4,90.9,100,5.2,12,100,88.4,91.5,530
COL0232,2023,94.2,85.8,100,1.5,12,94.6,93.8,93.0,459
COL0232,2024,96.3,88.5,100,3.6,11,100,93.5,88.7,504
COL0232,2025,88.9,91.7,100,2.7,11,100,88.5,87.2,461
COL0233,2021,83.1,69.9,81.2,8.8,16,69.7,74.3,76.1,1556
COL0233,2022,81.9,68.9,87.9,10.9,18,72.5,79.3,70.0,1547
COL0233,2023,75.3,70.1,77.9,10.2,17,75.0,73.4,75.3,1609
COL0233,2024,77.6,73.0,88.4,11.5,17,69.6,79.3,75.7,1642
COL0233,2025,77.8,71.0,88.1,10.4,14,79.9,77.4,83.8,1518
COL0234,2021,94.6,97.4,100,2.0,10,98.4,97.9,98.0,65
COL0234,2022,92.9,89.2,100,1.1,11,86.9,98.6,97.7,328
COL0234,2023,97.3,98,100,2.6,11,98.9,98.9,96.2,192
COL0234,2024,99.6,98,100,0.3,8,94.9,99.6,93.0,40
COL0234,2025,94.9,93.1,100,3.3,11,89.9,90.3,94.0,537
COL0235,2021,81.6,69.7,80.4,8.7,17,64.9,73.8,71.4,1609
COL0235,2022,79.8,69.3,85.3,9.7,16,67.4,80.6,74.4,1589
COL0235,2023,81.4,69.0,78.6,8.0,16,69.7,81.7,75.0,1540
COL0235,2024,80.9,68.3,76.8,7.9,14,58.2,80.1,74.9,1591
COL0235,2025,78.3,69.9,85.9,8.1,14,67.6,78.6,77.7,1499
COL0236,2021,85.1,79.2,98.6,8.5,16,78.0,86.1,78.2,1242
COL0236,2022,80.0,76.6,85.2,8.0,14,72.9,78.9,84.4,1415
COL0236,2023,84.5,79.9,95.0,9.5,14,75.6,80.4,86.2,1239
COL0236,2024,87.6,72.4,92.9,5.7,15,74.1,84.1,74.9,1289
COL0236,2025,83.9,72.2,90.5,8.3,14,76.3,82.0,79.3,1440
COL0237,2021,87.5,76.1,89.8,7.6,15,79.6,82.5,83.5,1195
COL0237,2022,80.9,75.2,87.8,7.9,17,84.4,76.1,75.3,1378
COL0237,2023,83.1,69.9,89.0,7.5,15,79.3,77.1,84.2,1287
COL0237,2024,84.2,70.5,87.7,9.8,14,69.9,75.6,78.2,1589
COL0237,2025,81.6,77.4,94.7,8.8,14,81.6,80.4,79.1,1318
COL0238,2021,75.7,74.1,87.1,10.8,18,68.8,74.9,80.7,1562
COL0238,2022,82.0,69.6,81.5,8.1,15,80.0,79.5,76.9,1456
COL0238,2023,80.4,74.0,85.3,10.5,15,78.9,77.3,80.2,1457
COL0238,2024,77.9,72.3,81.5,12.0,14,68.3,73.6,75.4,1685
COL0238,2025,76.2,74.0,82.0,11.4,15,71.0,72.8,76.8,1701
COL0239,2021,77.3,59.7,71.0,9.6,17,51.6,72.8,75.7,1831
COL0239,2022,76.8,66.9,79.3,10.1,17,52.4,72.5,67.3,1818
COL0239,2023,80.4,60.2,77.6,9.7,18,51.0,76.3,71.8,1843
COL0239,2024,79.1,56.6,72.0,10.3,19,53.6,69.7,67.5,1868
COL0239,2025,73.0,61.1,69.4,11.9,18,52.2,73.3,73.7,1907
COL0240,2021,79.5,66.7,79.9,10.4,20,53.8,76.6,69.5,1750
COL0240,2022,79.2,67.9,84.2,11.9,17,60.7,68.6,72.5,1794
COL0240,2023,80.1,63.2,76.3,9.3,19,54.9,72.5,74.9,1751
COL0240,2024,75.0,63.0,78.5,10.2,17,57.8,69.6,75.3,1775
COL0240,2025,84.4,76.6,85.1,10.0,15,68.0,82.1,81.1,1472
COL0241,2021,81.0,75.5,87.3,6.8,13,82.9,78.0,79.2,1289
COL0241,2022,86.5,83.2,94.8,4.9,14,88.6,89.3,88.3,747
COL0241,2023,84.6,79.0,97.8,8.1,15,88.1,81.3,82.3,1129
COL0241,2024,84.1,89.1,100,7.8,14,95.2,83.3,84.1,922
COL0241,2025,87.5,80.2,91.9,6.8,11,95.4,84.6,86.6,916
COL0242,2021,89.7,83.9,95.1,3.3,11,74.2,89.4,87.5,866
COL0242,2022,84.4,81.4,95.6,4.6,12,74.1,83.7,79.8,1113
COL0242,2023,88.1,80.6,100,5.5,13,75.9,80.1,85.9,1068
COL0242,2024,86.6,79.4,93.1,6.8,15,71.6,85.2,88.7,1204
COL0242,2025,82.4,76.8,87.5,5.3,14,78.7,81.8,81.2,1161
COL0243,2021,90.5,76.8,91.7,7.1,11,80.2,86.3,85.5,1076
COL0243,2022,90.2,81.0,96.5,5.8,13,77.9,86.1,90.7,906
COL0243,2023,86.1,79.8,96.5,6.0,11,82.8,86.9,83.8,932
COL0243,2024,93.6,84.4,100,3.8,12,82.7,92.5,90.6,704
COL0243,2025,92.4,89.5,100,3.3,10,93.6,90.3,96.7,568
COL0244,2021,77.7,73.2,81.5,9.6,14,64.6,74.3,78.0,1624
COL0244,2022,80.5,69.2,83.3,8.0,15,69.1,75.4,73.5,1575
COL0244,2023,86.8,79.2,92.8,9.4,13,73.9,82.0,74.7,1369
COL0244,2024,83.6,68.2,83.6,7.3,17,68.3,74.2,81.3,1459
COL0244,2025,75.8,72.3,82.3,8.3,15,62.4,73.3,75.9,1681
COL0245,2021,78.8,66.9,81.1,7.5,15,66.1,79.6,78.3,1531
COL0245,2022,81.1,68.5,84.3,9.3,14,67.2,80.2,77.5,1597
COL0245,2023,79.4,70.8,84.4,9.9,15,72.4,79.5,78.7,1566
COL0245,2024,84.9,76.3,92.8,6.9,15,76.5,81.1,85.0,1292
COL0245,2025,84.0,75.6,85.7,5.9,13,70.3,86.4,82.7,1315
COL0246,2021,76.9,69.5,88.6,10.1,18,62.3,73.0,67.8,1694
COL0246,2022,77.7,69.1,85.1,9.5,15,71.0,79.9,77.3,1488
COL0246,2023,80.3,73.0,86.8,8.0,16,76.3,73.1,80.9,1413
COL0246,2024,85.4,76.0,94.8,6.3,16,78.7,81.7,81.8,1214
COL0246,2025,80.1,77.4,91.1,8.2,16,81.7,81.1,76.2,1333
COL0247,2021,83.8,81.0,100,5.1,12,78.9,83.0,83.1,945
COL0247,2022,86.8,83.8,100,5.3,13,80.1,85.7,83.7,995
COL0247,2023,89.7,85.9,100,5.2,14,75.3,90.7,86.3,873
COL0247,2024,86.6,77.5,88.1,6.1,12,74.1,84.0,80.5,1218
COL0247,2025,92.6,80.5,95.9,5.7,13,83.4,89.6,80.8,957
COL0248,2021,88.6,77.3,97.3,7.4,13,71.6,88.7,86.7,1162
COL0248,2022,88.6,81.8,93.1,3.7,13,75.1,83.3,81.7,1029
COL0248,2023,84.4,83.5,94.7,6.4,13,81.5,88.2,79.2,1012
COL0248,2024,87.0,76.3,95.6,4.8,12,77.7,82.8,81.3,1125
COL0248,2025,84.5,77.3,86.7,4.7,12,76.5,84.6,83.1,1204
COL0249,2021,91.6,88.6,100,0.7,11,88.6,94.7,97.3,333
COL0249,2022,93.9,94.8,100,1.5,8,100,100,96.3,175
COL0249,2023,92.6,98,100,3.3,8,100,93.5,94.6,338
COL0249,2024,95.8,94.2,100,2.0,8,100,94.0,97.4,182
COL0249,2025,93.7,92.1,100,1.2,8,95.4,93.8,91.1,325
COL0250,2021,84.1,77.9,97.1,5.4,10,81.9,82.5,86.0,1064
COL0250,2022,82.4,75.3,91.3,5.3,11,76.9,81.8,88.0,1152
COL0250,2023,91.1,86.2,100,4.3,14,81.1,85.0,81.9,918
COL0250,2024,91.1,81.2,99.7,5.9,12,79.3,87.9,84.2,941
COL0250,2025,86.7,75.9,95.1,5.5,12,71.6,83.2,80.8,1237
COL0251,2021,72.4,60.0,70.9,14.9,17,50.0,67.0,69.8,1943
COL0251,2022,75.3,54.3,65.0,14.3,18,45.8,68.8,65.6,1969
COL0251,2023,73.4,61.8,76.7,13.6,21,49.5,72.1,73.2,1928
COL0251,2024,70.7,57.4,69.2,14.5,19,42.0,64.6,69.6,1981
COL0251,2025,75.8,55.4,67.1,13.8,19,50.4,71.9,68.6,1949
COL0252,2021,84.4,77.5,93.5,5.9,12,72.1,84.9,77.0,1232
COL0252,2022,83.9,80.3,99.2,5.9,13,82.4,80.8,79.5,1087
COL0252,2023,84.6,81.6,92.7,6.0,14,78.1,82.2,86.9,1026
COL0252,2024,85.0,82.8,92.9,6.5,14,83.9,82.8,84.4,1050
COL0252,2025,87.0,78.5,98.7,5.7,14,80.5,84.1,86.0,1081
COL0253,2021,77.0,63.9,74.0,12.3,18,60.4,72.0,78.6,1770
COL0253,2022,80.2,62.5,76.2,10.3,16,56.9,76.9,76.8,1790
COL0253,2023,81.9,71.4,91.2,11.6,18,63.4,75.0,79.8,1676
COL0253,2024,82.8,70.3,85.7,8.8,16,62.3,75.7,80.2,1604
COL0253,2025,82.3,65.3,74.4,10.9,17,55.2,74.7,75.5,1827
COL0254,2021,84.6,77.0,86.0,9.1,17,66.5,84.0,76.3,1470
COL0254,2022,81.1,74.2,86.8,9.8,17,63.5,77.0,72.3,1542
COL0254,2023,83.5,67.3,82.2,6.4,15,69.2,80.4,78.5,1398
COL0254,2024,83.4,75.0,85.0,8.7,14,69.6,76.8,73.5,1530
COL0254,2025,85.6,73.5,86.2,7.1,15,73.2,77.5,80.6,1435
COL0255,2021,74.8,54.1,68.1,13.9,19,44.1,67.4,71.6,1977
COL0255,2022,76.5,56.9,68.4,11.1,19,53.7,67.7,70.1,1882
COL0255,2023,73.1,58.2,66.3,14.3,20,48.8,70.3,66.8,1962
COL0255,2024,69.1,50.9,60,14.2,19,48.3,65.7,62.5,1994
COL0255,2025,71.1,53.8,70.5,13.2,20,45.6,65.4,71.0,1956
COL0256,2021,85.2,77.6,88.8,5.5,13,81.3,89.7,88.2,897
COL0256,2022,86.7,80.7,92.5,5.4,12,82.0,84.7,84.6,951
COL0256,2023,86.9,79.5,100,7.2,13,80.4,85.7,88.8,1104
COL0256,2024,87.3,79.5,97.3,6.2,14,73.4,89.5,82.6,1174
COL0256,2025,84.0,76.7,88.2,6.5,14,81.0,86.4,84.8,1139
COL0257,2021,85.1,75.8,84.4,6.7,15,65.5,80.2,80.8,1320
COL0257,2022,84.9,71.4,86.5,5.9,14,71.8,84.2,84.7,1193
COL0257,2023,83.9,72.0,90.6,6.8,14,65.3,78.6,75.5,1368
COL0257,2024,82.2,78.4,88.6,6.4,16,72.1,82.8,73.7,1291
COL0257,2025,81.9,68.4,80.7,6.3,16,66.5,79.9,75.5,1475
COL0258,2021,83.0,68.9,84.1,6.7,17,66.1,82.4,73.5,1483
COL0258,2022,84.6,76.3,85.7,8.7,14,67.3,82.5,82.4,1355
COL0258,2023,81.2,76.0,94.0,8.4,15,62.2,82.7,72.7,1513
COL0258,2024,82.4,67.1,81.2,8.2,15,66.4,80.0,76.2,1551
COL0258,2025,84.3,75.3,90.2,8.8,14,65.7,83.0,76.9,1445
COL0259,2021,97.7,98,100,2.2,8,95.1,98.9,98.4,191
COL0259,2022,96.2,90.9,100,1.0,8,100,93.4,100,109
COL0259,2023,96.7,97.9,100,0,10,94.5,100,93.8,133
COL0259,2024,92.3,94.3,100,0.5,10,92.5,94.3,91.2,382
COL0259,2025,93.8,96.6,100,0.1,9,100,100,99.4,20
COL0260,2021,85.6,78.7,97.8,7.1,12,77.6,89.4,82.9,1095
COL0260,2022,85.4,78.4,91.9,4.3,11,80.5,83.5,91.9,878
COL0260,2023,84.2,77.5,87.7,5.8,11,83.6,83.3,83.9,1102
COL0260,2024,88.6,87.4,100,5.1,11,90.1,94.4,86.0,739
COL0260,2025,90.4,86.0,97.4,2.2,13,79.1,92.8,84.8,758
COL0261,2021,95.9,92.1,100,1.9,9,100,98.9,93.5,275
COL0261,2022,97.5,98,100,0.3,8,100,98.4,97.8,4
COL0261,2023,91.1,92.4,100,0.7,11,97.4,96.1,96.4,283
COL0261,2024,96.5,96.5,100,2.1,8,89.9,97.7,100,197
COL0261,2025,93.7,91.7,100,1.6,10,90.3,95.7,94.2,320
COL0262,2021,100,98,100,0,8,100,100,100,8
COL0262,2022,94.8,98,100,0,8,100,98.2,96.2,13
COL0262,2023,97.1,98,100,0.7,8,100,97.3,94.6,141
COL0262,2024,97.7,98,100,0.6,8,100,95.0,100,107
COL0262,2025,98.8,91.9,100,1.4,8,100,93.2,93.0,292
COL0263,2021,96.0,97.6,100,2.3,11,92.8,95.7,88.6,243
COL0263,2022,93.6,91.6,100,2.5,10,100,95.6,95.6,322
COL0263,2023,95.2,97.7,100,2.9,10,91.5,98.4,95.2,257
COL0263,2024,97.7,90.3,100,3.0,11,92.3,96.7,98.7,327
COL0263,2025,93.0,93.2,100,1.1,8,94.3,95.6,100,224
COL0264,2021,97.6,98.0,100,2.2,9,100,99.9,96.6,126
COL0264,2022,92.9,92.6,100,1.1,8,97.9,95.7,100,201
COL0264,2023,98.1,92.6,100,1.7,8,99.4,100,89.6,188
COL0264,2024,98.0,89.4,100,0,8,92.9,94.8,91.9,208
COL0264,2025,93.7,93.8,100,1.8,10,99.1,94.7,92.0,313
COL0265,2021,80.2,78.8,89.3,7.2,16,74.3,79.8,77.7,1311
COL0265,2022,81.7,75.3,91.6,9.1,16,69.7,80.6,78.7,1439
COL0265,2023,81.3,74.4,83.0,9.5,14,74.4,75.8,81.0,1525
COL0265,2024,81.3,75.0,91.7,10.3,15,68.4,77.5,74.2,1584
COL0265,2025,85.6,71.8,84.9,7.4,14,71.2,81.4,77.6,1409
COL0266,2021,94.3,94.3,100,0.7,10,100,94.7,94.4,87
COL0266,2022,94.6,98,100,2.7,9,100,94.9,96.1,282
COL0266,2023,93.8,93.1,100,0.1,8,100,100.0,91.2,179
COL0266,2024,99.0,96.8,100,0,8,100,100,95.7,36
COL0266,2025,95.9,98,100,1.5,8,100,94.2,98.6,123
COL0267,2021,88.1,74.2,91.1,5.6,12,74.5,87.0,84.3,1148
COL0267,2022,85.1,74.7,86.9,8.7,13,71.6,80.1,86.4,1299
COL0267,2023,86.1,76.7,95.8,6.2,12,75.7,88.5,79.8,1088
COL0267,2024,82.7,81.0,100,7.7,15,80.3,79.5,80.3,1223
COL0267,2025,83.6,77.1,88.7,5.1,15,73.4,82.2,78.7,1189
COL0268,2021,98.7,91.1,100,0.8,8,100,97.9,93.6,193
COL0268,2022,90.2,92.1,100,3.3,8,100,93.5,96.0,433
COL0268,2023,91.4,93.2,100,2.2,11,100,89.4,96.2,281
COL0268,2024,87.7,87.3,100,3.8,9,100,87.4,91.4,645
COL0268,2025,94.0,95.4,100,1.6,8,100,93.9,88.4,390
COL0269,2021,77.6,64.7,72.8,9.3,16,51.4,74.2,71.1,1772
COL0269,2022,73.6,67.3,74.9,11.6,17,55.1,71.6,70.3,1831
COL0269,2023,74.0,69.1,85.0,10.8,19,57.4,77.1,67.5,1781
COL0269,2024,70.6,64.9,77.5,13.5,17,59.4,66.4,70.4,1876
COL0269,2025,73.6,64.0,77.0,13.3,17,51.9,73.6,76.8,1887
COL0270,2021,73.0,55.8,73.1,13.2,22,43.1,61.5,70.8,1975
COL0270,2022,73.9,52.3,60,13.5,21,42.9,67.4,65.3,1983
COL0270,2023,69.8,47.2,60,16.3,19,44.3,62.2,62.7,1997
COL0270,2024,73.5,52.7,69.3,15.4,19,41.3,65.7,64.4,1996
COL0270,2025,73.1,52.9,66.8,14.8,20,42.9,64.6,67.1,1991
COL0271,2021,84.3,82.7,95.5,6.7,14,88.5,86.2,77.7,936
COL0271,2022,87.2,77.3,93.1,8.7,13,80.1,82.6,77.7,1293
COL0271,2023,82.8,80.7,95.8,8.3,16,83.9,82.6,79.5,1240
COL0271,2024,86.8,80.5,97.0,5.7,13,86.1,79.6,86.6,972
COL0271,2025,86.0,78.8,93.0,5.0,14,80.0,81.8,87.7,1103
COL0272,2021,81.7,72.3,82.7,10.2,16,74.9,76.1,78.5,1464
COL0272,2022,80.1,72.5,90.8,10.3,18,73.6,75.3,77.8,1560
COL0272,2023,75.9,69.8,84.0,9.6,18,77.5,73.0,81.7,1484
COL0272,2024,81.0,66.5,77.3,11.6,18,71.9,71.7,69.5,1749
COL0272,2025,81.7,71.2,81.1,9.2,17,72.5,78.7,81.6,1474
COL0273,2021,91.3,90.3,100,5.9,12,92.9,84.1,91.9,581
COL0273,2022,85.4,86.4,100,5.7,10,90.0,84.5,82.4,890
COL0273,2023,90.1,88.0,100,5.5,14,96.8,86.0,84.8,735
COL0273,2024,90.4,86.6,100,3.5,13,100,89.5,89.1,518
COL0273,2025,85.4,86.9,100,4.1,10,94.4,84.9,89.9,738
COL0274,2021,92.9,85.6,96.7,4.2,11,98.2,87.7,94.1,578
COL0274,2022,90.7,84.7,100,3.0,9,94.6,90.3,84.5,585
COL0274,2023,91.4,81.4,94.8,6.6,13,97.7,84.3,85.4,807
COL0274,2024,89.9,89.8,100,2.7,13,96.6,90.9,86.5,516
COL0274,2025,93.0,90.9,100,3.9,12,96.9,93.3,88.2,549
COL0275,2021,83.0,69.2,79.9,7.8,16,60.7,78.0,76.2,1533
COL0275,2022,78.8,71.8,80.7,9.5,15,64.6,73.2,76.7,1619
COL0275,2023,77.0,69.8,83.2,8.3,18,65.2,75.4,79.9,1605
COL0275,2024,78.6,63.4,79.9,10.1,18,54.3,76.9,68.8,1780
COL0275,2025,79.6,66.7,83.4,10.0,16,60.3,78.1,78.0,1670
COL0276,2021,75.2,63.8,76.3,12.4,16,59.2,74.7,72.0,1825
COL0276,2022,76.5,61.6,79.5,10.6,18,62.5,68.4,73.6,1826
COL0276,2023,74.9,67.2,84.1,10.3,18,65.2,73.2,78.7,1721
COL0276,2024,82.5,65.1,77.1,7.8,16,57.9,78.6,75.2,1644
COL0276,2025,82.7,68.4,86.4,8.1,15,70.0,75.3,81.1,1565
COL0277,2021,85.1,75.6,84.4,8.2,13,84.0,75.9,82.0,1212
COL0277,2022,81.1,71.9,86.3,9.8,17,72.6,77.7,79.7,1528
COL0277,2023,83.6,72.7,82.1,9.9,16,74.5,79.1,85.8,1410
COL0277,2024,83.7,74.9,90.8,9.3,16,75.0,82.9,79.0,1450
COL0277,2025,81.6,75.3,88.9,8.7,13,75.1,78.4,77.4,1504
COL0278,2021,97.5,92.2,100,1.3,8,100,96.5,94.6,204
COL0278,2022,94.3,90.8,100,3.8,10,100,92.1,99.5,378
COL0278,2023,96.4,97.8,100,3.3,10,94.3,94.0,96.7,324
COL0278,2024,89.9,87.7,100,4.6,10,90.6,91.6,94.6,633
COL0278,2025,93.2,93.0,100,0.2,11,97.4,97.9,91.0,150
COL0279,2021,79.3,58.8,74.5,11.3,20,53.0,73.4,67.3,1865
COL0279,2022,79.3,59.7,78.5,11.5,19,47.8,72.9,64.8,1869
COL0279,2023,78.2,62.0,78.8,9.2,16,56.9,73.7,75.5,1727
COL0279,2024,79.3,65.1,79.0,11.0,17,60.8,73.7,68.9,1786
COL0279,2025,82.2,65.1,84.1,11.5,19,56.1,78.1,75.3,1805
COL0280,2021,77.3,75.9,87.0,11.2,16,80.7,74.2,75.9,1460
COL0280,2022,80.9,71.8,91.4,7.5,15,76.8,84.5,78.6,1244
COL0280,2023,87.2,81.8,94.2,8.6,14,85.4,85.8,75.5,1164
COL0280,2024,79.6,78.4,96.9,8.7,16,76.8,78.8,84.7,1275
COL0280,2025,82.0,76.8,97.1,8.1,16,83.5,85.2,79.8,1271
COL0281,2021,77.7,65.2,80.0,12.0,17,60.6,75.8,74.1,1811
COL0281,2022,79.4,62.9,82.0,11.1,14,58.9,72.4,70.8,1792
COL0281,2023,80.6,63.0,77.2,10.8,18,63.0,71.2,79.1,1762
COL0281,2024,80.8,72.3,82.4,8.7,15,61.2,76.0,78.9,1624
COL0281,2025,80.9,70.4,80.8,8.6,15,65.5,73.5,69.7,1665
COL0282,2021,74.7,60.6,76.2,12.1,17,58.0,73.5,74.8,1853
COL0282,2022,78.1,57.6,73.8,10.8,18,55.9,68.2,67.9,1887
COL0282,2023,77.9,65.5,78.9,9.8,19,57.8,68.4,68.2,1765
COL0282,2024,80.3,67.9,78.6,12.0,17,60.3,76.6,69.0,1826
COL0282,2025,72.9,64.0,75.4,11.2,18,53.5,70.7,69.9,1899
COL0283,2021,90.5,90.3,100,1.0,8,92.2,92.7,91.2,373
COL0283,2022,98.3,95.1,100,0,11,96.6,100,94.8,51
COL0283,2023,94.7,98,100,2.6,9,97.6,96.7,97.1,246
COL0283,2024,98.8,91.2,100,1.6,8,100,95.3,96.8,258
COL0283,2025,95.5,93.7,100,1.7,8,100,100,89.3,184
COL0284,2021,85.1,77.0,95.7,7.3,14,64.3,84.7,83.1,1285
COL0284,2022,84.2,72.6,91.8,7.5,14,75.7,77.4,74.8,1302
COL0284,2023,79.9,66.1,82.9,7.2,15,63.4,76.8,82.2,1567
COL0284,2024,81.1,75.0,93.1,7.7,14,70.9,79.7,76.6,1451
COL0284,2025,84.8,81.0,93.6,7.1,13,67.5,85.6,79.5,1324
COL0285,2021,94.3,90.4,100,5.0,13,90.0,92.3,93.4,506
COL0285,2022,89.5,81.9,99.7,3.0,9,85.5,87.6,86.8,703
COL0285,2023,93.0,83.2,96.5,3.9,10,83.0,89.6,93.8,728
COL0285,2024,93.1,87.8,100,4.5,9,87.4,94.6,93.9,582
COL0285,2025,91.0,94.8,100,2.4,10,96.4,90.7,90.7,476
COL0286,2021,76.7,67.7,81.5,10.7,15,65.0,76.4,74.5,1634
COL0286,2022,77.2,63.4,80.7,9.9,18,59.4,77.7,74.2,1735
COL0286,2023,78.2,71.7,82.0,8.1,15,64.9,76.8,68.3,1562
COL0286,2024,78.0,64.8,81.5,12.4,16,57.9,71.4,76.1,1820
COL0286,2025,75.1,70.1,78.9,9.8,16,60.8,75.8,75.7,1680
COL0287,2021,71.7,62.3,74.4,10.3,17,54.0,71.8,69.4,1845
COL0287,2022,73.1,64.2,74.3,12.2,16,54.2,70.8,68.4,1860
COL0287,2023,74.3,56.9,75.6,11.8,19,55.9,71.4,63.9,1896
COL0287,2024,72.1,62.0,75.0,10.9,19,54.0,69.5,67.8,1883
COL0287,2025,75.5,60.6,73.5,14.1,18,54.6,71.9,68.8,1934
COL0288,2021,93.0,93.9,100,2.5,11,96.3,92.4,94.6,291
COL0288,2022,97.3,97.1,100,0,8,91.7,97.6,93.9,71
COL0288,2023,92.2,88.9,100,3.0,8,92.0,96.7,93.6,455
COL0288,2024,93.5,93.1,100,1.3,8,92.9,94.5,92.9,412
COL0288,2025,93.6,88.1,100,0.9,11,91.6,93.2,96.3,326
COL0289,2021,71.5,61.6,76.7,15.4,21,48.6,70.3,66.0,1958
COL0289,2022,71.0,53.9,71.8,13.5,22,46.1,63.0,67.0,1965
COL0289,2023,71.7,50.6,60,15.3,20,38.1,64.0,68.8,1996
COL0289,2024,68.9,56.5,67.1,13.7,21,47.5,66.2,65.5,1986
COL0289,2025,71.4,57.3,69.4,13.8,20,37.8,65.9,68.2,1972
COL0290,2021,96.0,98,100,2.7,8,91.7,95.9,97.6,203
COL0290,2022,96.8,96.7,100,1.3,8,100,98.3,97.0,98
COL0290,2023,95.2,92.9,100,0.9,8,95.3,100,99.1,87
COL0290,2024,93.2,93.5,100,0,8,97.3,97.9,99.3,81
COL0290,2025,97.2,92.6,100,3.1,8,99.6,94.1,100,251
COL0291,2021,84.4,78.7,98.7,7.3,13,84.1,83.6,83.7,1111
COL0291,2022,89.4,90.0,100,2.8,11,89.7,91.8,87.0,588
COL0291,2023,94.5,84.9,100,4.0,10,86.6,89.5,92.3,612
COL0291,2024,92.9,91.2,100,4.4,12,87.6,87.4,87.8,661
COL0291,2025,94.2,93.3,100,1.8,8,93.9,95.4,99.0,405
COL0292,2021,84.2,84.1,100,5.6,12,79.1,87.5,81.1,1014
COL0292,2022,89.4,80.5,100,5.7,14,73.9,87.3,89.2,943
COL0292,2023,87.6,86.8,99.4,4.8,13,86.2,90.3,86.2,736
COL0292,2024,86.3,78.0,92.7,6.4,11,83.1,83.7,85.2,1110
COL0292,2025,83.0,82.3,93.8,7.7,14,71.6,82.7,79.3,1308
COL0293,2021,98.9,98,100,0.3,9,100,100,92.0,73
COL0293,2022,98.4,95.9,100,0.0,9,100,100,91.7,95
COL0293,2023,93.8,98,100,0.3,8,100,94.4,91.3,204
COL0293,2024,99.5,95.7,100,1.9,8,100,100,97.9,153
COL0293,2025,97.8,98,100,2.1,9,100,95.8,89.5,316
COL0294,2021,76.4,62.5,81.2,13.5,19,62.1,69.5,65.5,1881
COL0294,2022,72.5,64.3,76.2,12.5,18,61.9,68.2,67.2,1872
COL0294,2023,73.2,67.7,84.7,13.2,18,60.1,72.4,66.8,1854
COL0294,2024,71.7,58.1,74.9,12.7,20,58.8,65.6,70.4,1921
COL0294,2025,77.7,59.2,66.7,10.7,19,60.6,73.4,70.7,1848
COL0295,2021,91.5,95.9,100,2.2,10,94.4,95.2,86.8,326
COL0295,2022,90.7,88.7,100,2.4,10,88.9,96.2,91.4,500
COL0295,2023,91.9,89.3,100,2.7,9,98.7,92.9,91.2,363
COL0295,2024,99.2,98,100,0,10,97.4,99.7,93.8,90
COL0295,2025,93.0,93.8,100,1.5,8,94.6,91.8,86.7,377
COL0296,2021,72.0,55.9,66.3,10.9,17,48.6,67.0,65.5,1948
COL0296,2022,71.3,56.2,73.6,13.1,18,49.6,69.6,70.5,1961
COL0296,2023,74.0,67.9,81.5,12.9,18,55.3,73.7,72.5,1821
COL0296,2024,77.2,63.1,82.0,11.3,17,55.8,73.7,67.3,1862
COL0296,2025,75.1,67.7,79.3,12.1,19,58.6,71.7,68.4,1826
COL0297,2021,79.9,69.2,86.2,9.2,16,68.7,82.9,73.5,1514
COL0297,2022,84.4,70.2,85.4,7.7,14,61.3,78.9,79.0,1475
COL0297,2023,82.4,76.1,85.9,6.7,15,64.9,84.1,83.6,1353
COL0297,2024,78.9,74.1,87.2,11.2,14,61.9,75.2,81.1,1651
COL0297,2025,86.5,73.0,89.4,7.4,13,72.1,85.7,82.7,1389
COL0298,2021,89.8,79.4,91.2,5.2,12,83.2,86.1,87.0,875
COL0298,2022,89.9,75.5,94.7,5.7,13,80.8,85.7,85.5,1032
COL0298,2023,82.0,81.9,95.3,5.9,14,78.4,83.6,82.2,1063
COL0298,2024,86.3,84.5,96.3,5.4,15,90.5,80.7,80.7,1017
COL0298,2025,83.9,75.1,89.8,5.7,16,80.7,84.8,80.9,1184
COL0299,2021,74.8,65.6,77.2,11.9,16,63.7,76.5,69.0,1814
COL0299,2022,76.1,71.7,81.0,11.4,16,66.9,76.9,76.0,1665
COL0299,2023,75.8,65.5,75.8,8.5,17,74.5,74.3,78.1,1588
COL0299,2024,77.2,68.2,77.7,8.4,16,69.2,77.4,70.8,1571
COL0299,2025,77.3,65.4,75.1,11.7,16,69.1,76.8,73.4,1727
COL0300,2021,91.3,86.8,99.9,4.7,12,94.5,86.9,83.2,579
COL0300,2022,94.3,88.2,100,3.5,13,92.9,90.8,93.5,507
COL0300,2023,93.8,89.5,100,4.6,11,99.8,92.3,92.3,557
COL0300,2024,94.0,85.7,98.1,3.8,13,100,93.6,93.3,428
COL0300,2025,86.7,94.1,100,3.3,13,100,88.6,85.4,583
COL0301,2021,95.6,98,100,1.0,8,100,98.2,93.5,117
COL0301,2022,96.9,96.3,100,2.7,9,100,97.1,100,225
COL0301,2023,98.6,95.8,100,0,8,100,97.3,97.8,72
COL0301,2024,99.2,98,100,0,9,100,100,92.7,9
COL0301,2025,92.7,98,100,2.8,10,100,94.2,97.7,201
COL0302,2021,86.2,81.2,95.4,4.4,15,72.6,87.9,82.7,900
COL0302,2022,91.7,82.3,99.9,2.6,12,85.3,89.9,84.2,737
COL0302,2023,84.5,80.2,98.7,6.2,15,74.2,85.9,82.5,1048
COL0302,2024,84.4,73.9,90.5,8.0,14,71.6,79.9,78.8,1424
COL0302,2025,81.2,73.7,86.5,6.4,13,70.9,83.4,85.2,1328
COL0303,2021,95.3,93.4,100,1.9,8,100,94.1,95.7,235
COL0303,2022,93.2,98,100,1.8,9,100,92.6,94.0,151
COL0303,2023,91.8,97.8,100,3.8,9,100,90.8,97.8,411
COL0303,2024,97.3,92.9,100,0,9,100,98.9,93.3,112
COL0303,2025,95.7,98,100,1.7,8,100,97.0,100,86
COL0304,2021,85.1,81.9,93.2,8.0,13,82.4,83.9,89.6,1077
COL0304,2022,85.6,77.4,98.0,4.2,11,80.4,82.1,87.8,949
COL0304,2023,93.0,83.9,99.4,2.3,12,85.3,90.5,88.6,677
COL0304,2024,87.2,86.7,96.9,4.2,9,89.9,89.4,86.2,673
COL0304,2025,87.9,87.6,100,4.4,11,80.3,85.1,83.8,867
COL0305,2021,80.1,68.9,80.8,8.3,15,64.4,76.9,70.1,1626
COL0305,2022,79.6,68.0,85.4,11.4,16,58.8,76.1,72.6,1700
COL0305,2023,77.5,71.9,82.6,11.4,18,69.6,77.7,75.3,1679
COL0305,2024,75.6,67.1,84.2,10.4,16,73.6,72.0,70.8,1666
COL0305,2025,80.4,69.3,86.0,10.5,17,69.4,73.0,75.7,1684
COL0306,2021,89.1,82.6,100,6.5,11,83.4,89.5,82.0,913
COL0306,2022,85.8,82.3,92.6,5.6,12,72.8,89.4,79.7,1034
COL0306,2023,87.0,84.5,97.0,4.2,11,88.3,90.7,91.6,781
COL0306,2024,90.0,84.8,100,5.2,13,78.2,89.0,85.0,945
COL0306,2025,88.3,89.0,100,3.9,13,85.6,91.5,87.5,708
COL0307,2021,95.1,98,100,2.0,9,100,96.7,96.5,56
COL0307,2022,100,95.5,100,1.5,10,95.7,100,96.1,83
COL0307,2023,95.5,97.9,100,0,9,100,92.6,93.9,159
COL0307,2024,94.5,95.7,100,2.6,9,94.7,93.1,96.3,361
COL0307,2025,95.2,98.0,100,2.5,10,94.1,98.4,93.8,263
COL0308,2021,85.2,88.9,100,4.6,11,91.9,86.6,79.7,665
COL0308,2022,87.7,84.2,98.2,2.8,13,90.1,90.8,90.2,548
COL0308,2023,91.7,80.9,96.9,4.5,12,96.2,84.4,88.7,745
COL0308,2024,91.0,83.4,93.6,5.0,12,94.6,88.9,92.6,684
COL0308,2025,87.6,90.6,100,5.8,11,97.7,85.2,81.5,854
COL0309,2021,89.4,81.5,96.0,4.0,10,83.8,88.2,86.0,748
COL0309,2022,93.9,86.9,100,4.7,12,91.5,89.0,92.4,562
COL0309,2023,94.2,86.3,97.0,2.4,12,95.3,92.6,96.7,374
COL0309,2024,94.2,89.7,100,4.5,11,88.5,89.5,93.7,564
COL0309,2025,91.3,85.8,99.2,2.2,10,90.6,93.4,96.0,572
COL0310,2021,96.5,93.1,100,1.6,8,100,97.3,90.2,163
COL0310,2022,91.0,88.9,100,4.5,10,100,92.8,88.4,546
COL0310,2023,96.8,98,100,0.8,8,100,95.5,91.1,148
COL0310,2024,89.5,93.0,100,1.5,9,100,90.8,88.2,419
COL0310,2025,90.9,86.8,100,4.7,10,100,89.0,93.3,624
COL0311,2021,86.4,86.2,100,7.1,12,90.3,90.8,83.1,778
COL0311,2022,92.7,84.1,100,2.5,13,99.7,89.7,86.0,538
COL0311,2023,89.6,81.4,93.8,5.7,13,91.0,82.6,87.0,900
COL0311,2024,84.9,84.6,100,7.1,10,94.0,86.6,84.7,969
COL0311,2025,84.4,87.2,100,3.8,15,86.1,88.5,85.0,849
COL0312,2021,99.7,96.3,100,0,8,100.0,97.5,95.0,6
COL0312,2022,95.6,94.9,100,0,8,98.1,100,98.1,75
COL0312,2023,96.1,94.2,100,0.5,8,100,97.8,97.3,127
COL0312,2024,100,94.5,100,2.3,8,97.9,96.7,100,118
COL0312,2025,94.4,98,100,0.9,9,98.6,96.8,91.3,166
COL0313,2021,92.8,93.4,100,4.0,11,100,92.0,86.0,436
COL0313,2022,90.9,86.9,100,4.8,9,100,90.1,90.4,612
COL0313,2023,88.6,94.0,100,4.5,9,100,93.2,93.9,494
COL0313,2024,95.7,98,100,2.5,11,100,93.1,90.9,216
COL0313,2025,90.7,91.4,100,1.4,9,100,91.7,93.0,459
COL0314,2021,85.3,81.1,92.4,5.4,12,74.1,83.0,84.1,1092
COL0314,2022,84.4,75.1,91.3,7.4,12,78.8,84.6,81.3,1188
COL0314,2023,89.0,82.6,95.0,4.7,11,75.3,89.3,90.9,907
COL0314,2024,88.4,83.8,100,7.1,14,78.3,87.1,83.1,1009
COL0314,2025,82.9,79.5,94.6,6.3,12,74.5,80.9,84.7,1259
COL0315,2021,100,98,100,1.0,10,100,100,97.3,55
COL0315,2022,93.4,90.6,100,2.4,10,100,92.9,94.0,366
COL0315,2023,93.9,98,100,0.4,10,100,100.0,100,15
COL0315,2024,93.5,98,100,2.6,8,100,96.9,91.0,348
COL0315,2025,93.4,98,100,0.2,8,100,92.9,93.3,142
COL0316,2021,94.8,98,100,2.3,8,100,98.8,93.8,189
COL0316,2022,94.3,98,100,1.9,8,100,100,96.6,143
COL0316,2023,96.9,93.5,100,2.2,8,100,98.9,95.3,213
COL0316,2024,100,94.7,100,1.6,9,100,99.1,100,29
COL0316,2025,93.7,94.4,100,1.6,8,100,100,100,207
COL0317,2021,84.6,88.2,100,6.9,11,92.2,83.9,79.7,898
COL0317,2022,90.7,82.3,92.0,4.7,13,94.6,89.2,86.7,670
COL0317,2023,84.1,78.7,94.3,4.9,12,90.1,83.0,86.4,961
COL0317,2024,84.6,89.1,99.8,7.6,13,92.1,85.2,88.0,845
COL0317,2025,86.1,80.2,100,7.6,14,89.2,85.6,83.7,1016
COL0318,2021,77.7,59.6,75.0,9.9,17,56.2,75.4,74.6,1812
COL0318,2022,72.5,63.3,75.2,10.8,20,56.6,74.2,65.4,1864
COL0318,2023,76.8,60.4,76.5,10.5,16,51.4,75.2,76.5,1863
COL0318,2024,80.7,62.0,70.6,10.2,18,54.5,75.7,71.5,1787
COL0318,2025,78.1,65.7,74.0,12.0,17,60.3,74.8,77.9,1808
COL0319,2021,80.3,75.1,85.7,7.7,16,64.0,80.3,78.5,1426
COL0319,2022,84.6,72.2,80.9,8.8,14,69.6,74.7,84.1,1432
COL0319,2023,78.4,68.0,78.1,10.7,16,69.0,75.4,75.4,1647
COL0319,2024,80.5,72.1,90.7,8.8,17,72.9,75.5,81.6,1485
COL0319,2025,82.1,71.4,81.2,9.3,17,68.5,79.2,73.3,1619
COL0320,2021,94.6,98,100,1.9,8,100,100,95.9,113
COL0320,2022,97.9,91.8,100,1.1,10,100,97.6,88.7,275
COL0320,2023,90.6,90.1,100,4.7,9,100,90.2,98.4,427
COL0320,2024,94.2,91.5,100,0.2,10,100,96.3,100,84
COL0320,2025,95.0,92.8,100,0,9,100,95.1,97.1,136
COL0321,2021,85.9,82.1,93.2,4.3,11,76.6,87.8,82.7,919
COL0321,2022,86.7,80.7,92.3,5.5,13,78.0,84.4,87.6,957
COL0321,2023,83.4,81.7,95.6,5.9,11,80.0,81.8,79.9,1036
COL0321,2024,85.8,77.0,89.9,7.1,12,76.9,84.5,81.4,1240
COL0321,2025,89.7,83.6,95.3,4.6,13,81.6,83.7,88.4,928
COL0322,2021,92.3,88.5,100,3.4,11,84.4,88.2,86.7,681
COL0322,2022,90.2,87.6,99.1,3.9,12,92.9,88.2,92.1,626
COL0322,2023,93.9,86.1,98.5,2.6,9,89.7,92.0,87.9,634
COL0322,2024,88.6,89.2,100,4.0,11,90.3,89.8,96.3,656
COL0322,2025,95.4,92.1,100,3.5,12,85.6,92.8,93.6,534
COL0323,2021,92.8,89.5,100,2.8,13,87.1,91.5,83.4,590
COL0323,2022,94.2,89.8,100,3.9,11,84.5,94.8,93.0,577
COL0323,2023,93.5,86.7,100,4.5,10,90.8,91.8,93.8,654
COL0323,2024,97.5,96.0,100,0,8,93.1,99.9,92.5,137
COL0323,2025,94.0,90.0,100,1.2,10,91.0,90.5,91.4,516
COL0324,2021,78.3,73.0,83.7,10.1,18,68.6,73.0,81.7,1503
COL0324,2022,84.0,71.6,85.3,6.9,14,65.8,76.8,81.2,1474
COL0324,2023,79.0,67.0,78.8,10.6,14,67.2,78.3,74.3,1641
COL0324,2024,84.3,70.0,79.7,6.7,14,67.6,84.1,83.0,1406
COL0324,2025,79.0,70.3,86.7,8.4,16,65.4,79.3,78.9,1556
COL0325,2021,78.2,66.2,81.8,11.5,17,56.8,74.6,70.9,1796
COL0325,2022,77.1,73.0,82.0,10.2,17,61.1,76.2,77.5,1659
COL0325,2023,84.7,71.3,81.3,7.1,14,74.9,78.6,84.4,1301
COL0325,2024,79.3,73.6,93.0,7.2,13,75.5,78.5,84.0,1276
COL0325,2025,83.9,81.2,100,7.8,15,72.5,83.6,76.0,1287
COL0326,2021,82.5,77.8,88.7,7.8,13,74.9,80.1,83.2,1280
COL0326,2022,81.8,71.3,89.9,7.1,13,72.7,79.2,76.3,1386
COL0326,2023,82.1,72.7,92.5,8.6,13,70.2,84.3,82.2,1445
COL0326,2024,86.5,72.4,83.2,9.0,17,70.9,84.7,77.0,1427
COL0326,2025,83.2,79.9,96.8,5.7,16,73.2,83.5,80.7,1266
COL0327,2021,89.2,81.0,100,6.1,16,76.5,85.3,84.5,1013
COL0327,2022,86.4,70.8,83.5,8.1,14,73.0,78.3,83.9,1344
COL0327,2023,84.0,73.6,86.3,6.9,15,69.1,80.2,79.7,1358
COL0327,2024,84.1,79.0,99.6,7.4,14,71.5,86.6,85.1,1271
COL0327,2025,83.9,69.5,85.4,9.1,16,69.2,77.1,78.3,1516
COL0328,2021,99.0,95.2,100,0.6,9,100,96.2,95.7,41
COL0328,2022,98.0,98,100,1.3,9,100,100,94.9,105
COL0328,2023,93.3,94.9,100,2.3,8,100,98.2,90.0,250
COL0328,2024,91.7,98,100,3.5,8,100,91.8,92.7,337
COL0328,2025,94.3,91.6,100,0.2,9,100,96.9,87.8,327
COL0329,2021,80.2,66.0,83.5,12.5,19,71.1,71.3,77.0,1697
COL0329,2022,82.2,69.0,87.6,8.1,17,71.0,78.3,73.3,1487
COL0329,2023,73.0,64.2,72.2,11.0,18,65.4,71.3,67.8,1787
COL0329,2024,80.8,68.9,85.6,12.1,17,69.5,72.4,74.5,1725
COL0329,2025,79.5,65.2,84.2,9.3,20,61.4,74.0,69.2,1698
COL0330,2021,84.0,73.7,87.9,7.6,12,70.0,81.0,84.9,1366
COL0330,2022,82.2,72.0,82.7,5.6,13,72.1,81.2,83.2,1337
COL0330,2023,84.7,85.3,100,4.2,12,83.8,84.5,79.6,909
COL0330,2024,90.3,83.5,94.6,5.6,11,85.0,82.2,85.7,890
COL0330,2025,84.9,79.8,95.1,4.7,12,74.3,82.1,91.3,1033
COL0331,2021,85.9,79.3,89.3,6.6,16,73.8,83.2,83.4,1172
COL0331,2022,82.8,74.2,88.2,9.2,13,84.6,80.1,83.1,1335
COL0331,2023,84.2,78.6,92.0,8.3,14,77.0,76.3,84.4,1312
COL0331,2024,81.8,75.8,91.3,8.6,13,82.4,79.6,85.5,1270
COL0331,2025,82.2,80.1,95.3,6.5,14,78.9,85.3,78.0,1147
COL0332,2021,78.9,65.3,77.3,12.5,17,59.2,73.5,77.7,1827
COL0332,2022,78.4,67.1,76.6,9.1,17,59.2,69.9,74.5,1759
COL0332,2023,79.6,73.0,86.2,8.7,17,64.6,74.8,73.3,1531
COL0332,2024,81.1,71.3,81.0,6.8,17,63.5,81.5,72.5,1525
COL0332,2025,78.9,70.3,90.6,10.8,17,62.0,80.9,72.9,1708
COL0333,2021,78.1,66.8,84.9,10.5,19,56.8,69.8,71.3,1776
COL0333,2022,75.3,54.3,72.5,14.6,20,47.4,65.7,72.7,1976
COL0333,2023,73.0,55.9,70.8,12.8,16,52.1,69.2,74.8,1944
COL0333,2024,74.3,62.2,72.8,13.9,20,49.2,67.6,66.3,1964
COL0333,2025,73.0,53.9,63.8,15.1,21,40.2,66.6,66.2,1993
COL0334,2021,92.8,89.0,100,5.1,13,79.9,93.3,85.5,744
COL0334,2022,86.1,86.4,96.9,5.2,10,83.1,87.0,89.5,854
COL0334,2023,95.1,85.6,100,3.9,12,80.7,94.6,89.4,730
COL0334,2024,89.1,90.5,100,2.9,13,88.8,89.2,86.9,584
COL0334,2025,90.8,88.2,100,4.7,11,86.9,93.4,96.4,645
COL0335,2021,82.6,82.5,100,8.4,13,77.3,84.3,81.0,1165
COL0335,2022,80.6,75.5,85.2,8.8,13,77.8,81.2,77.8,1358
COL0335,2023,83.8,76.0,96.1,6.8,14,72.7,78.3,81.3,1294
COL0335,2024,85.7,77.3,96.2,6.1,14,70.8,82.6,82.6,1169
COL0335,2025,86.9,75.8,90.7,7.5,15,76.5,78.5,76.5,1364
COL0336,2021,89.3,79.8,99.3,4.4,12,83.4,89.3,81.9,802
COL0336,2022,87.7,77.4,94.3,4.3,14,75.8,84.9,77.6,1071
COL0336,2023,89.5,84.6,97.7,7.6,13,76.0,85.2,80.6,1123
COL0336,2024,84.6,83.7,94.4,7.1,13,72.2,87.2,84.2,1106
COL0336,2025,85.9,76.5,87.9,7.8,11,73.7,80.5,81.9,1314
COL0337,2021,79.2,72.8,81.3,8.9,17,74.0,78.8,74.5,1516
COL0337,2022,81.9,67.2,86.5,11.1,16,65.7,73.6,69.3,1679
COL0337,2023,79.2,63.9,81.3,11.6,17,70.1,72.6,71.8,1726
COL0337,2024,81.5,67.4,84.6,9.5,15,67.1,78.1,75.0,1648
COL0337,2025,80.0,67.5,84.8,7.9,18,76.1,75.9,76.0,1544
COL0338,2021,90.6,82.0,94.4,6.5,14,93.5,83.1,85.2,844
COL0338,2022,87.5,89.5,100,6.6,10,91.0,87.9,91.1,713
COL0338,2023,93.2,90.4,100,3.5,10,91.2,91.7,91.4,544
COL0338,2024,89.1,89.1,100,6.2,13,87.2,88.1,88.6,873
COL0338,2025,91.9,84.3,98.2,4.3,10,93.1,88.6,89.0,710
COL0339,2021,78.7,71.5,87.9,9.5,14,79.0,76.8,81.1,1432
COL0339,2022,78.8,67.0,79.9,8.2,15,66.9,80.8,81.9,1512
COL0339,2023,82.4,68.3,77.6,9.4,18,67.7,75.7,79.1,1583
COL0339,2024,79.4,78.8,87.5,7.9,15,77.0,76.7,75.0,1342
COL0339,2025,82.6,74.2,87.7,8.6,15,74.6,75.5,81.5,1442
COL0340,2021,89.4,79.0,88.8,3.7,13,81.0,90.7,87.6,834
COL0340,2022,88.4,77.8,94.6,3.7,11,79.9,86.8,86.8,913
COL0340,2023,88.7,75.4,95.9,5.2,12,77.4,83.6,88.1,1086
COL0340,2024,82.7,80.1,91.2,6.6,15,71.2,85.5,79.7,1302
COL0340,2025,88.2,79.8,99.9,6.6,13,77.4,86.8,81.2,1200
COL0341,2021,76.2,60.6,73.5,8.6,16,54.4,77.9,68.9,1789
COL0341,2022,74.1,66.7,82.3,10.6,16,55.8,68.7,72.5,1814
COL0341,2023,75.9,67.3,78.7,9.8,19,59.9,72.6,70.7,1773
COL0341,2024,75.2,66.9,79.3,11.0,18,55.8,76.5,69.2,1805
COL0341,2025,74.6,63.4,76.1,13.9,17,57.4,68.0,70.9,1909
COL0342,2021,78.8,61.3,72.9,10.0,18,53.6,74.1,70.4,1821
COL0342,2022,75.0,63.4,71.2,9.3,19,65.2,71.2,73.8,1761
COL0342,2023,76.8,63.7,82.2,8.1,16,61.3,78.2,76.3,1664
COL0342,2024,77.7,71.1,83.7,8.7,17,65.9,72.0,77.4,1562
COL0342,2025,81.1,71.0,90.4,7.7,14,67.0,80.1,81.6,1428
COL0343,2021,83.6,75.2,86.8,9.8,15,75.6,78.7,79.5,1411
COL0343,2022,79.2,71.6,86.6,6.6,14,67.5,77.7,78.8,1486
COL0343,2023,86.3,70.9,89.4,6.5,17,64.0,81.0,82.2,1350
COL0343,2024,83.4,70.9,89.6,9.2,15,70.5,84.5,76.6,1499
COL0343,2025,80.8,70.1,88.9,10.4,15,64.9,79.2,79.1,1562
COL0344,2021,85.5,69.5,80.0,5.9,17,65.8,84.4,78.4,1367
COL0344,2022,78.4,66.2,86.2,10.7,14,63.0,74.9,77.9,1662
COL0344,2023,83.2,76.4,90.5,6.7,14,71.4,86.6,79.3,1209
COL0344,2024,84.6,73.2,91.4,5.4,15,69.6,83.3,80.3,1320
COL0344,2025,84.5,75.3,85.9,5.4,15,75.1,78.6,77.0,1281
COL0345,2021,74.9,61.0,69.6,10.4,17,64.4,69.3,74.4,1794
COL0345,2022,72.5,60.6,75.0,14.3,17,62.1,66.9,67.0,1915
COL0345,2023,73.3,57.7,71.8,10.4,20,56.3,69.7,67.8,1894
COL0345,2024,79.5,71.5,81.3,12.7,16,73.1,70.9,72.0,1733
COL0345,2025,76.8,62.1,80.2,12.2,18,70.5,70.4,74.1,1817
COL0346,2021,98.3,93.8,100,0,9,99.0,99.3,90.9,33
COL0346,2022,99.1,91.0,100,0.6,10,97.1,93.9,93.2,237
COL0346,2023,94.5,93.0,100,0,10,100,95.7,100,132
COL0346,2024,100,98,100,0,9,99.3,99.7,93.1,44
COL0346,2025,96.9,97.1,100,0.9,10,100,94.9,97.7,46
COL0347,2021,84.9,75.6,84.2,9.4,14,69.4,81.0,79.1,1469
COL0347,2022,82.8,70.4,80.7,7.3,17,58.3,78.0,71.9,1610
COL0347,2023,82.8,68.8,88.6,7.6,17,71.3,83.0,71.9,1489
COL0347,2024,81.2,70.7,90.1,7.0,14,61.2,80.6,74.0,1470
COL0347,2025,81.9,67.4,86.8,7.7,14,63.5,76.5,72.3,1554
COL0348,2021,75.6,60.1,69.8,14.7,22,51.4,65.7,62.5,1942
COL0348,2022,71.3,61.6,72.3,13.2,19,46.8,69.4,70.4,1947
COL0348,2023,75.6,58.6,77.4,13.7,19,55.5,66.3,68.0,1949
COL0348,2024,71.5,58.3,76.4,15.0,19,50.1,62.9,62.1,1989
COL0348,2025,77.2,56.5,73.6,11.5,20,48.9,71.4,67.7,1910
COL0349,2021,82.0,73.7,90.4,9.9,13,71.6,75.7,78.5,1535
COL0349,2022,82.0,79.4,99.2,7.9,14,81.9,82.6,82.6,1118
COL0349,2023,83.8,77.4,91.8,6.8,14,80.0,78.4,75.2,1238
COL0349,2024,81.8,73.5,83.2,7.1,13,82.9,79.6,82.3,1264
COL0349,2025,83.1,70.6,82.5,9.3,13,82.8,76.6,79.2,1477
COL0350,2021,83.7,68.0,85.5,10.8,17,68.2,76.6,82.0,1526
COL0350,2022,83.9,77.8,88.0,8.6,14,68.7,83.5,78.0,1429
COL0350,2023,83.0,70.2,88.7,8.5,16,61.3,78.6,76.3,1536
COL0350,2024,78.0,67.2,82.2,7.5,15,65.8,80.2,73.3,1609
COL0350,2025,82.3,73.5,90.5,7.7,15,71.2,75.4,79.4,1453
COL0351,2021,90.2,84.5,99.9,5.3,12,87.7,87.7,94.2,653
COL0351,2022,94.9,94.5,100,4.0,9,90.0,93.0,94.3,475
COL0351,2023,92.0,94.6,100,4.0,8,91.8,96.0,88.2,442
COL0351,2024,95.1,93.5,100,4.0,8,92.0,92.6,92.0,457
COL0351,2025,97.9,91.4,100,1.7,11,98.1,93.1,90.0,243
COL0352,2021,92.4,93.7,100,0.0,9,100,95.7,94.6,162
COL0352,2022,98.3,96.7,100,2.0,10,100,100,93.7,152
COL0352,2023,97.2,93.8,100,0,10,100,94.1,97.8,85
COL0352,2024,98.0,96.0,100,2.9,9,100,93.5,99.1,178
COL0352,2025,94.9,98,100,0,10,100,96.1,91.4,153
COL0353,2021,82.3,68.6,78.9,8.6,16,65.0,75.0,78.2,1572
COL0353,2022,80.3,64.2,80.9,10.7,19,54.6,72.5,76.1,1758
COL0353,2023,77.1,61.3,69.0,13.6,20,60.8,68.6,76.3,1872
COL0353,2024,77.9,68.3,79.7,10.0,18,62.1,70.9,69.1,1776
COL0353,2025,72.8,61.6,72.1,11.3,16,54.3,71.8,75.5,1860
COL0354,2021,89.2,76.4,86.6,4.9,12,75.2,81.1,83.0,1048
COL0354,2022,85.6,81.2,99.9,4.8,15,78.6,85.9,86.5,925
COL0354,2023,87.9,81.1,100,6.7,14,77.6,88.4,78.7,1021
COL0354,2024,91.2,83.3,94.4,3.4,12,76.4,87.4,85.6,816
COL0354,2025,85.9,79.8,97.6,4.1,14,80.5,87.3,89.1,1021
COL0355,2021,91.9,93.5,100,1.6,11,100,89.8,93.7,244
COL0355,2022,96.3,90.8,100,2.5,8,100,98.5,90.9,213
COL0355,2023,95.2,89.9,100,1.7,10,100,94.5,93.2,319
COL0355,2024,88.5,95.2,100,3.4,10,100,90.3,94.8,366
COL0355,2025,96.7,98,100,0.9,11,100,94.9,87.5,191
COL0356,2021,94.1,98,100,0.7,9,97.4,100,100,13
COL0356,2022,96.2,87.5,100,2.4,10,92.7,92.6,93.9,476
COL0356,2023,91.2,88.7,100,3.3,12,91.7,89.5,87.2,523
COL0356,2024,97.4,93.2,100,0.3,8,99.6,95.4,93.7,247
COL0356,2025,95.7,91.5,100,2.1,11,94.4,94.7,90.2,425
COL0357,2021,84.0,82.9,94.3,5.7,14,90.7,84.8,84.4,914
COL0357,2022,86.2,82.3,96.6,8.1,14,92.4,83.8,82.7,953
COL0357,2023,86.2,82.4,94.7,5.2,11,88.7,87.3,82.9,944
COL0357,2024,86.5,90.1,100,5.8,11,96.7,88.7,89.7,643
COL0357,2025,84.3,82.9,97.1,5.9,12,91.3,81.8,85.0,1001
COL0358,2021,89.9,89.6,100,4.6,11,100,87.4,96.6,427
COL0358,2022,88.9,87.9,100,3.5,11,95.7,90.7,95.1,559
COL0358,2023,90.8,89.6,100,3.8,10,100,89.4,92.7,417
COL0358,2024,92.1,93.0,100,4.7,13,100,88.3,95.4,438
COL0358,2025,96.9,95.2,100,3.1,10,100,93.4,92.0,409
COL0359,2021,85.1,77.1,86.2,7.7,13,79.5,81.4,91.0,1176
COL0359,2022,88.1,77.9,98.0,7.3,13,76.7,86.0,79.7,1203
COL0359,2023,86.5,76.7,88.6,4.8,12,77.7,84.6,88.9,1069
COL0359,2024,88.9,82.2,100,3.4,13,84.4,86.0,82.3,809
COL0359,2025,88.1,83.9,95.8,5.5,13,81.6,90.1,90.7,922
COL0360,2021,90.6,88.3,100,4.3,12,90.5,94.0,95.5,543
COL0360,2022,86.2,81.5,97.8,5.9,13,82.3,84.4,85.6,950
COL0360,2023,92.0,93.2,100,2.4,11,90.1,93.5,93.5,444
COL0360,2024,91.4,89.6,100,3.6,13,85.5,87.5,94.0,659
COL0360,2025,92.9,89.3,100,2.3,12,82.4,92.4,89.7,651
COL0361,2021,87.6,86.3,100,2.8,10,93.2,88.7,93.3,481
COL0361,2022,86.9,87.1,100,4.5,10,94.8,88.7,86.7,657
COL0361,2023,87.0,86.4,100,5.5,12,92.9,85.2,90.8,810
COL0361,2024,92.6,82.2,100,2.7,12,90.3,86.7,83.4,653
COL0361,2025,88.6,90.3,100,5.4,12,98.1,92.9,88.0,635
COL0362,2021,79.2,72.8,85.2,11.1,17,65.2,76.7,75.1,1645
COL0362,2022,81.8,64.1,74.4,9.9,16,56.7,73.4,76.6,1727
COL0362,2023,79.1,71.1,88.9,8.8,14,65.4,78.2,72.3,1570
COL0362,2024,83.4,75.2,91.1,8.6,16,70.2,77.6,79.2,1486
COL0362,2025,77.5,62.5,80.1,9.4,15,63.2,73.0,74.6,1725
COL0363,2021,86.9,78.3,95.2,5.3,16,75.9,83.1,83.2,1010
COL0363,2022,88.1,73.4,85.9,6.7,14,70.6,82.1,76.5,1290
COL0363,2023,84.0,71.8,89.3,8.0,13,73.6,78.6,85.2,1323
COL0363,2024,81.1,71.5,87.2,7.4,14,66.5,83.2,82.5,1392
COL0363,2025,85.7,83.5,100,7.4,15,77.0,84.3,85.8,1107
COL0364,2021,97.6,90.4,100,0.3,8,100,91.2,99.6,212
COL0364,2022,97.6,98,100,1.2,8,100,100,90.9,78
COL0364,2023,97.2,89.8,100,2.6,8,100,92.1,94.4,376
COL0364,2024,91.7,92.2,100,3.6,8,100,93.2,95.3,358
COL0364,2025,95.8,98,100,1.9,9,100,99.4,100,102
COL0365,2021,86.8,81.5,93.5,3.9,12,98.5,85.1,81.2,788
COL0365,2022,87.3,84.9,98.8,5.2,11,92.8,90.0,91.4,726
COL0365,2023,84.3,80.9,98.8,5.2,13,91.9,81.1,89.9,914
COL0365,2024,87.1,83.2,100,5.7,12,94.3,90.9,86.0,834
COL0365,2025,86.9,80.4,97.0,7.4,12,84.6,80.6,84.6,1131
COL0366,2021,94.1,98,100,1.4,9,100,93.0,96.3,152
COL0366,2022,95.1,95.2,100,1.7,8,100,99.5,97.1,156
COL0366,2023,96.9,90.0,100,2.7,11,98.9,94.3,98.2,386
COL0366,2024,99.9,94.3,100,0,8,99.8,100,94.2,143
COL0366,2025,98.5,93.7,100,0,10,100,95.7,100,72
COL0367,2021,77.5,70.1,83.4,9.3,17,59.1,78.4,71.4,1691
COL0367,2022,75.4,61.8,75.1,10.3,17,53.2,73.3,76.6,1825
COL0367,2023,76.7,66.7,78.4,11.6,16,56.1,76.6,78.6,1797
COL0367,2024,79.6,71.4,80.6,9.1,17,62.3,75.6,69.0,1656
COL0367,2025,84.8,74.3,93.2,7.7,16,65.0,81.6,82.8,1423
COL0368,2021,80.0,68.7,86.6,8.0,16,72.9,75.0,82.3,1456
COL0368,2022,80.7,73.2,86.1,9.4,16,73.7,77.4,75.2,1501
COL0368,2023,89.0,81.2,96.0,4.2,15,72.8,86.5,85.3,1045
COL0368,2024,86.3,72.9,85.4,5.8,15,79.1,80.4,84.1,1206
COL0368,2025,84.5,82.5,99.9,5.8,12,74.2,86.8,89.1,1106
COL0369,2021,85.7,83.2,99.2,6.7,15,81.1,84.8,84.0,1078
COL0369,2022,85.7,80.1,90.3,6.1,14,89.1,80.0,78.1,1129
COL0369,2023,89.4,82.9,100,5.8,13,84.9,85.4,87.4,897
COL0369,2024,90.9,78.1,93.1,7.5,13,87.6,86.9,78.9,1085
COL0369,2025,86.8,80.5,97.0,8.9,14,90.1,79.4,85.8,1137
COL0370,2021,66.4,56.0,65.4,16.7,19,41.9,63.8,70.5,1994
COL0370,2022,71.5,57.6,67.4,15.0,21,47.7,64.4,60.6,1979
COL0370,2023,71.6,57.5,69.8,13.8,20,45.6,64.2,64.5,1968
COL0370,2024,68.5,50.0,67.2,13.0,20,44.7,63.8,69.9,1979
COL0370,2025,69.1,52.6,60,14.7,19,45.8,64.5,66.4,1987
COL0371,2021,99.2,93.1,100,0.1,8,100,97.1,100,39
COL0371,2022,91.4,92.4,100,3.3,8,100,92.1,95.0,403
COL0371,2023,94.9,98,100,0,8,100,92.7,95.2,119
COL0371,2024,99.1,96.2,100,0,10,100,94.5,92.2,149
COL0371,2025,94.6,92.3,100,2.2,10,100,96.3,91.4,360
COL0372,2021,90.0,85.2,100,6.0,11,91.8,85.2,82.3,845
COL0372,2022,87.9,88.2,100,6.2,14,93.0,86.0,86.8,800
COL0372,2023,86.2,84.9,100,6.9,15,90.2,79.3,80.1,959
COL0372,2024,89.5,81.3,95.1,6.4,12,85.9,85.4,88.6,1013
COL0372,2025,85.7,81.9,93.1,7.8,11,95.1,81.2,85.4,1010
COL0373,2021,74.5,57.5,72.3,13.1,21,42.1,68.1,63.4,1966
COL0373,2022,70.6,57.0,67.0,13.7,19,50.9,67.9,65.3,1958
COL0373,2023,71.3,53.5,66.2,15.1,21,43.8,66.0,66.1,1990
COL0373,2024,70.5,54.6,64.7,12.5,17,49.2,65.8,64.0,1973
COL0373,2025,71.8,56.9,65.5,11.0,17,51.0,66.4,72.3,1929
COL0374,2021,75.9,75.0,83.8,11.7,15,74.5,72.0,76.6,1630
COL0374,2022,76.5,72.5,88.4,10.4,18,69.2,78.9,73.3,1627
COL0374,2023,77.1,72.7,86.4,9.0,14,71.6,73.2,81.3,1502
COL0374,2024,78.0,71.4,90.1,11.0,18,75.0,71.2,72.1,1594
COL0374,2025,74.4,70.7,81.0,12.7,18,72.3,71.0,76.4,1737
COL0375,2021,84.4,77.3,92.1,9.2,15,74.3,78.0,74.9,1362
COL0375,2022,83.5,77.7,94.4,7.8,14,72.0,80.6,80.8,1318
COL0375,2023,76.2,70.4,84.7,10.5,15,61.5,73.9,74.1,1693
COL0375,2024,83.3,70.9,89.5,8.3,17,67.3,77.5,78.5,1439
COL0375,2025,81.3,76.5,89.9,8.2,14,70.6,78.7,79.0,1497
COL0376,2021,95.3,95.6,100,1.2,11,100,98.2,95.0,78
COL0376,2022,93.4,90.1,100,1.9,10,95.6,98.1,94.8,276
COL0376,2023,96.8,93.8,100,0.1,8,96.0,95.9,93.9,172
COL0376,2024,95.4,98,100,0.7,8,98.7,92.1,95.6,148
COL0376,2025,98.6,89.6,100,1.3,8,92.5,93.2,91.7,398
COL0377,2021,77.4,70.1,81.3,9.0,16,63.2,75.4,79.8,1613
COL0377,2022,78.9,73.3,83.5,8.3,14,62.3,77.7,76.6,1587
COL0377,2023,87.3,76.9,93.0,8.0,13,71.5,82.9,81.7,1256
COL0377,2024,83.6,75.4,93.2,7.0,13,72.7,79.2,75.3,1367
COL0377,2025,84.6,72.7,86.2,8.6,13,71.8,85.0,84.6,1381
COL0378,2021,79.8,62.6,75.8,12.6,19,71.6,69.7,77.1,1762
COL0378,2022,74.0,70.6,82.9,13.0,16,69.3,74.2,70.9,1737
COL0378,2023,77.7,61.7,79.9,10.7,18,57.6,68.2,71.9,1793
COL0378,2024,71.9,57.0,74.7,11.2,18,53.9,69.3,70.5,1896
COL0378,2025,75.5,66.9,78.1,10.7,16,63.9,71.8,65.5,1832
COL0379,2021,91.0,80.9,93.9,2.0,11,79.3,91.4,89.3,718
COL0379,2022,90.7,82.7,100,6.3,12,90.0,87.8,85.4,789
COL0379,2023,89.9,83.9,99.5,5.6,13,90.0,88.4,91.6,812
COL0379,2024,91.8,85.1,100,6.0,12,80.6,89.1,87.4,836
COL0379,2025,90.6,84.4,97.3,2.4,13,88.5,89.8,85.7,694
COL0380,2021,79.2,56.5,70.8,10.3,17,51.3,73.4,66.9,1847
COL0380,2022,71.8,63.0,70.2,14.4,19,48.6,70.0,74.6,1949
COL0380,2023,73.3,62.8,75.4,11.2,19,51.1,71.0,64.0,1922
COL0380,2024,71.7,59.2,74.4,10.9,21,47.2,70.8,75.0,1892
COL0380,2025,70.1,58.5,71.4,11.3,21,50.7,68.7,64.7,1922
COL0381,2021,82.3,74.6,90.4,7.4,16,68.2,78.3,83.0,1324
COL0381,2022,85.3,78.4,93.9,8.6,15,68.8,78.3,75.8,1436
COL0381,2023,86.3,73.6,92.1,5.7,11,73.3,84.2,81.4,1223
COL0381,2024,85.5,83.7,100,5.3,12,77.9,81.5,82.8,1086
COL0381,2025,90.7,76.0,93.6,5.5,15,78.2,86.7,87.7,1118
COL0382,2021,83.6,78.2,88.5,6.5,13,69.0,84.2,82.4,1279
COL0382,2022,82.8,77.9,88.5,5.7,15,76.6,87.4,87.5,1046
COL0382,2023,86.3,77.4,94.3,6.9,16,78.4,80.4,81.0,1210
COL0382,2024,80.7,77.8,98.0,9.6,15,71.7,79.5,83.5,1407
COL0382,2025,88.4,79.0,94.4,6.0,13,80.7,87.3,81.8,1096
COL0383,2021,72.8,65.0,73.6,10.3,20,53.0,71.7,69.5,1823
COL0383,2022,72.9,61.4,78.3,14.3,18,49.8,68.2,71.3,1917
COL0383,2023,71.7,58.4,71.1,13.0,20,58.9,69.7,74.9,1902
COL0383,2024,73.9,62.8,80.3,12.6,19,54.7,74.3,71.6,1865
COL0383,2025,70.6,58.5,77.1,12.4,20,49.7,68.6,65.6,1945
COL0384,2021,81.1,68.4,86.8,11.0,15,68.5,72.9,81.3,1650
COL0384,2022,77.3,63.8,77.9,8.8,16,64.8,75.5,77.3,1625
COL0384,2023,80.1,68.8,87.0,9.5,16,66.7,78.9,73.0,1563
COL0384,2024,83.4,72.1,88.9,8.0,15,65.8,79.3,79.4,1509
COL0384,2025,83.3,67.7,86.4,10.6,14,63.4,75.3,76.0,1657
COL0385,2021,80.8,69.4,78.4,12.4,17,61.1,73.6,67.4,1802
COL0385,2022,79.3,62.6,72.5,9.4,15,56.9,71.0,71.7,1777
COL0385,2023,79.1,65.3,73.1,9.3,18,57.9,71.0,79.2,1753
COL0385,2024,78.3,73.8,81.8,11.3,17,65.2,77.2,69.9,1668
COL0385,2025,76.6,71.7,89.2,10.4,16,65.0,79.1,78.1,1642
COL0386,2021,84.7,75.1,92.9,7.5,16,78.0,80.4,78.3,1301
COL0386,2022,82.2,79.3,91.4,6.1,16,80.5,83.4,75.8,1199
COL0386,2023,84.7,69.6,86.4,8.0,14,76.5,77.2,84.5,1363
COL0386,2024,88.0,73.6,93.4,7.4,13,81.4,82.4,80.9,1228
COL0386,2025,85.4,75.5,91.6,8.5,13,79.9,83.3,79.6,1367
COL0387,2021,82.6,79.8,88.2,8.3,15,82.3,76.7,76.5,1211
COL0387,2022,86.0,78.5,90.0,5.8,15,83.2,82.5,77.5,1124
COL0387,2023,83.9,73.4,89.6,7.5,15,75.3,83.4,79.9,1343
COL0387,2024,84.2,77.6,92.8,8.5,15,83.8,84.9,82.1,1221
COL0387,2025,81.7,78.4,92.2,8.2,15,82.1,77.5,83.1,1343
COL0388,2021,89.3,82.8,94.5,4.9,15,89.0,86.4,76.9,819
COL0388,2022,89.7,78.0,88.4,4.6,12,89.1,83.4,88.3,817
COL0388,2023,85.1,79.2,93.6,6.0,13,85.8,86.8,82.5,1072
COL0388,2024,82.3,83.1,93.5,5.9,15,89.7,80.2,77.6,1137
COL0388,2025,85.4,77.0,90.3,7.6,12,87.6,84.6,78.9,1199
COL0389,2021,77.8,68.9,77.2,11.5,19,62.0,70.9,67.8,1785
COL0389,2022,75.7,64.7,73.4,10.5,19,60.4,75.2,69.8,1787
COL0389,2023,74.1,59.9,77.3,12.7,17,58.9,71.6,73.2,1898
COL0389,2024,76.1,62.4,75.2,10.7,16,61.4,74.2,76.3,1774
COL0389,2025,78.9,64.7,75.7,12.0,18,60.2,69.3,68.2,1841
COL0390,2021,96.7,94.4,100,0,10,100,99.7,89.7,72
COL0390,2022,92.1,92.4,100,2.4,10,100,94.8,96.1,284
COL0390,2023,97.2,91.5,100,2.6,8,100,94.6,97.7,230
COL0390,2024,95.5,98,100,1.0,8,100,93.1,92.6,222
COL0390,2025,93.7,98,100,0.8,10,100,95.0,88.9,145
COL0391,2021,93.2,86.5,100,3.2,13,91.1,90.0,92.6,548
COL0391,2022,91.3,84.6,100,5.4,12,95.7,87.3,86.8,765
COL0391,2023,87.3,83.9,100,6.1,11,90.5,90.5,86.9,832
COL0391,2024,89.6,84.9,97.2,3.6,10,99.4,87.8,92.5,535
COL0391,2025,90.2,88.1,100,2.6,12,95.6,94.3,88.8,558
COL0392,2021,93.8,83.7,96.4,2.7,12,78.0,89.5,87.7,739
COL0392,2022,92.8,83.8,100,3.8,12,79.7,88.1,92.3,698
COL0392,2023,94.8,91.6,100,2.8,9,90.9,93.5,93.8,426
COL0392,2024,91.8,85.4,100,3.8,9,84.7,95.4,88.8,688
COL0392,2025,91.2,84.4,100,4.8,10,89.7,88.5,88.3,823
COL0393,2021,81.9,70.4,89.6,9.7,19,58.1,74.7,74.2,1633
COL0393,2022,79.9,72.6,84.6,11.0,16,63.0,76.8,81.5,1612
COL0393,2023,76.2,72.6,80.7,9.2,14,69.7,74.5,72.9,1596
COL0393,2024,79.1,70.7,87.4,8.6,15,71.2,80.2,82.7,1489
COL0393,2025,79.9,68.3,81.6,7.8,17,61.9,80.9,79.0,1581
COL0394,2021,97.3,98,100,0.4,9,100,100,93.9,89
COL0394,2022,94.0,93.4,100,0,10,100,98.7,99.9,64
COL0394,2023,95.2,92.7,100,0,9,100,99.8,100,10
COL0394,2024,93.9,98,100,0.9,10,100,97.0,92.0,172
COL0394,2025,100,98,100,0,8,100,100,100,1
COL0395,2021,87.7,79.8,97.2,7.9,15,72.7,83.8,83.1,1166
COL0395,2022,85.3,80.5,99.1,6.1,12,78.6,81.8,83.4,1115
COL0395,2023,89.1,75.8,94.1,5.2,16,79.2,85.2,84.1,1058
COL0395,2024,84.5,82.7,100,6.6,12,76.6,82.8,78.4,1193
COL0395,2025,86.6,84.4,100,5.7,14,73.6,89.3,80.0,1070
COL0396,2021,97.0,90.3,100,0.1,8,94.7,91.0,98.8,180
COL0396,2022,98.1,98,100,1.5,8,100,94.7,97.6,93
COL0396,2023,91.8,97.6,100,3.1,8,92.5,93.7,97.6,312
COL0396,2024,98.4,90.1,100,2.6,9,94.3,93.3,92.6,488
COL0396,2025,96.5,98,100,0,8,99.8,100,96.5,6
COL0397,2021,89.7,86.2,95.9,3.5,10,86.0,85.3,85.2,799
COL0397,2022,84.7,85.3,100,4.7,13,82.0,84.5,92.3,874
COL0397,2023,86.7,87.8,100,5.6,9,86.0,89.6,85.1,835
COL0397,2024,94.0,87.6,100,4.9,9,83.6,91.3,89.7,736
COL0397,2025,87.5,89.9,100,2.6,11,90.5,89.5,94.9,658
COL0398,2021,77.4,72.9,89.4,9.4,17,66.3,73.5,80.8,1538
COL0398,2022,76.5,63.5,83.1,9.8,17,62.4,75.1,76.9,1690
COL0398,2023,77.2,68.8,87.3,9.2,15,62.7,76.2,79.7,1589
COL0398,2024,79.0,68.8,77.4,7.8,17,69.0,80.7,80.7,1479
COL0398,2025,81.4,71.0,86.7,10.4,16,63.1,76.0,83.8,1618
COL0399,2021,94.2,90.8,100,1.1,11,86.9,94.4,92.2,349
COL0399,2022,86.9,89.7,100,5.7,10,84.8,91.1,91.8,684
COL0399,2023,93.4,92.0,100,5.0,12,83.1,94.5,93.7,641
COL0399,2024,86.8,85.4,99.1,5.8,12,80.7,85.8,89.1,871
COL0399,2025,85.8,82.4,96.1,6.5,13,86.8,84.0,92.2,959
COL0400,2021,68.9,55.2,63.9,12.4,19,53.5,65.9,72.9,1953
COL0400,2022,73.3,57.2,70.1,14.9,18,42.9,66.8,67.2,1987
COL0400,2023,73.1,49.8,60.3,13.7,21,48.1,61.1,61.1,1989
COL0400,2024,73.9,58.3,71.8,14.1,21,43.0,70.4,68.0,1984
COL0400,2025,69.8,60.2,75.0,14.3,20,46.8,70.4,60.3,1977
COL0401,2021,100,95.6,100,1.0,10,95.1,98.3,100,80
COL0401,2022,90.2,86.5,100,4.6,11,89.8,92.4,98.5,505
COL0401,2023,94.9,94.1,100,4.0,10,88.4,93.4,95.7,509
COL0401,2024,92.4,97.6,100,3.2,10,99.2,93.2,98.7,283
COL0401,2025,98.9,94.2,100,0,8,100,95.6,99.2,48
COL0402,2021,94.8,88.5,100,2.7,10,95.7,87.7,89.4,415
COL0402,2022,93.9,97.6,100,2.8,8,97.9,97.0,97.0,279
COL0402,2023,97.2,95.6,100,1.2,9,95.0,95.8,88.4,354
COL0402,2024,96.7,86.2,97.0,3.8,11,86.7,92.1,90.8,637
COL0402,2025,95.4,97.4,100,1.4,10,100,95.3,97.3,64
COL0403,2021,90.3,82.6,94.8,4.1,12,93.7,83.3,86.1,765
COL0403,2022,86.1,87.4,100,6.6,10,99.9,89.5,82.5,731
COL0403,2023,89.0,84.7,100,4.8,10,94.7,83.4,81.7,820
COL0403,2024,84.7,90.2,100,5.4,14,97.2,85.4,89.3,724
COL0403,2025,92.0,87.2,100,5.5,11,98.1,88.1,82.4,706
COL0404,2021,81.6,77.4,91.9,8.1,17,76.6,79.8,78.5,1299
COL0404,2022,84.9,77.6,87.7,6.7,17,73.5,80.0,83.2,1252
COL0404,2023,80.4,72.7,88.2,7.6,14,82.6,76.2,80.1,1265
COL0404,2024,86.7,81.7,100,9.1,15,83.5,82.8,77.1,1210
COL0404,2025,84.7,77.7,92.6,9.1,13,86.3,79.1,82.9,1273
COL0405,2021,94.1,96.3,100,1.7,9,89.6,97.2,91.2,322
COL0405,2022,97.3,90.2,100,2.1,9,87.5,96.8,89.8,465
COL0405,2023,93.7,88.7,100,4.2,10,89.0,90.7,99.7,618
COL0405,2024,96.3,92.7,100,1.6,8,89.8,97.4,95.0,420
COL0405,2025,96.5,89.0,100,0,9,91.7,95.5,95.2,366
COL0406,2021,85.7,82.6,100,4.6,12,87.5,88.0,79.4,888
COL0406,2022,85.1,78.1,94.7,7.3,14,86.6,86.6,80.5,1025
COL0406,2023,86.1,84.2,96.5,7.2,14,89.6,88.6,89.2,969
COL0406,2024,87.2,80.2,99.1,6.3,11,95.5,81.5,90.8,947
COL0406,2025,83.6,84.5,98.7,4.3,14,85.2,86.9,81.0,879
COL0407,2021,92.6,98,100,0,8,94.2,95.2,100,119
COL0407,2022,99.1,98,100,2.2,8,97.3,95.2,98.9,132
COL0407,2023,98.0,93.2,100,0,8,98.7,99.3,93.0,56
COL0407,2024,98.6,95.2,100,2.9,8,95.9,92.6,91.0,385
COL0407,2025,94.9,91.8,100,1.6,10,99.8,97.5,94.3,200
COL0408,2021,90.4,84.6,100,6.0,11,94.5,92.1,83.5,667
COL0408,2022,90.6,90.0,100,5.7,12,92.9,92.7,84.2,692
COL0408,2023,86.3,83.6,93.0,4.0,13,95.0,83.3,92.6,733
COL0408,2024,92.4,86.7,100,3.8,12,93.8,90.1,85.3,621
COL0408,2025,86.5,93.5,100,5.5,10,99.8,87.3,89.9,648
COL0409,2021,89.5,82.2,99.1,4.4,9,87.7,88.1,84.6,754
COL0409,2022,91.8,91.6,100,4.5,11,84.7,95.1,88.2,593
COL0409,2023,97.3,89.8,100,3.0,10,95.6,98.6,98.7,396
COL0409,2024,92.4,94.2,100,1.3,12,85.8,97.4,88.9,447
COL0409,2025,90.2,86.6,100,3.4,10,89.9,93.8,92.2,700
COL0410,2021,94.2,97.0,100,2.7,12,100,95.3,92.8,255
COL0410,2022,88.9,87.0,99.8,3.7,9,100,94.5,93.0,458
COL0410,2023,95.0,87.1,100,4.6,9,98.6,91.6,87.4,479
COL0410,2024,94.8,89.7,100,2.5,8,100,97.7,91.5,302
COL0410,2025,90.5,92.0,100,2.5,9,98.8,96.2,95.7,322
COL0411,2021,93.7,92.9,100,4.6,10,93.0,87.0,95.6,430
COL0411,2022,94.9,93.8,100,4.8,9,93.1,88.6,88.8,526
COL0411,2023,94.1,91.6,100,2.0,9,87.3,95.3,96.0,478
COL0411,2024,93.0,91.8,100,2.8,8,94.7,98.9,88.5,490
COL0411,2025,91.2,86.9,100,1.7,11,87.8,94.8,87.0,560
COL0412,2021,82.0,71.5,88.2,7.1,13,67.9,80.3,78.6,1416
COL0412,2022,82.2,71.3,82.5,7.7,14,73.5,82.5,83.3,1418
COL0412,2023,79.5,69.4,78.1,7.2,13,66.5,76.4,74.1,1544
COL0412,2024,86.9,80.0,90.7,7.9,13,74.8,77.8,83.1,1343
COL0412,2025,86.0,79.3,94.0,5.9,12,71.7,80.2,80.3,1225
COL0413,2021,80.3,66.2,81.8,10.3,19,65.3,73.4,78.7,1673
COL0413,2022,82.1,64.5,82.8,10.9,18,57.4,78.2,71.9,1697
COL0413,2023,78.8,63.5,75.6,11.3,18,59.9,68.1,67.6,1870
COL0413,2024,75.6,63.1,81.5,12.8,19,51.1,73.6,68.4,1907
COL0413,2025,80.9,65.8,74.2,10.9,19,61.3,79.0,79.6,1690
COL0414,2021,95.5,92.7,100,1.5,10,91.8,95.1,96.6,268
COL0414,2022,93.4,86.1,96.0,3.3,9,87.7,87.5,92.0,571
COL0414,2023,90.8,94.6,100,4.0,12,91.2,96.4,88.0,546
COL0414,2024,92.2,93.4,100,4.7,10,98.8,89.7,97.2,510
COL0414,2025,91.3,98,100,2.3,8,100,93.6,93.3,297
COL0415,2021,85.0,75.8,87.2,9.8,13,70.9,78.9,79.8,1409
COL0415,2022,84.8,74.6,89.3,7.4,16,71.5,76.9,83.2,1291
COL0415,2023,82.7,80.6,100,6.4,16,84.5,85.4,83.1,984
COL0415,2024,83.9,78.5,97.0,7.1,14,84.6,79.1,83.7,1146
COL0415,2025,83.8,73.1,87.9,6.7,14,78.3,80.1,76.6,1297
COL0416,2021,86.6,71.5,89.1,8.1,17,66.1,83.5,76.5,1429
COL0416,2022,82.0,73.6,93.1,7.3,17,61.7,80.4,79.1,1443
COL0416,2023,83.9,74.4,89.9,5.7,15,67.3,82.5,81.6,1258
COL0416,2024,82.5,76.2,91.2,8.6,13,74.1,77.9,80.9,1380
COL0416,2025,81.4,72.0,88.1,7.7,14,67.0,85.5,85.3,1421
COL0417,2021,92.6,95.2,100,2.7,11,100,97.7,95.9,288
COL0417,2022,97.6,95.3,100,0,8,100,92.8,95.8,63
COL0417,2023,94.0,97.7,100,0.6,8,100,95.2,95.1,111
COL0417,2024,97.4,94.8,100,2.9,10,100,96.6,99.6,281
COL0417,2025,95.5,90.6,100,4.3,9,100,91.6,90.8,599
COL0418,2021,79.9,72.4,88.0,9.1,14,80.7,80.1,79.2,1402
COL0418,2022,83.8,77.7,92.8,8.5,15,75.0,80.9,80.7,1300
COL0418,2023,82.2,76.9,85.7,9.4,13,79.9,76.3,80.3,1341
COL0418,2024,83.1,75.8,85.2,6.4,14,81.9,82.9,83.2,1207
COL0418,2025,79.2,77.1,93.1,9.1,16,83.5,80.3,82.6,1365
COL0419,2021,75.1,66.6,76.5,10.2,20,49.8,75.6,71.3,1787
COL0419,2022,78.5,66.8,83.1,12.7,18,59.0,73.5,68.6,1806
COL0419,2023,79.7,70.2,83.7,11.2,18,64.1,77.5,72.9,1717
COL0419,2024,75.9,60.8,75.3,10.4,19,50.7,71.1,70.3,1860
COL0419,2025,79.2,62.5,76.3,10.4,15,59.6,73.7,77.1,1740
COL0420,2021,80.5,66.1,82.1,10.7,14,61.0,79.6,72.1,1648
COL0420,2022,81.2,72.1,88.9,11.4,17,66.8,76.8,74.1,1657
COL0420,2023,73.3,63.5,79.4,10.5,16,57.6,70.1,73.6,1792
COL0420,2024,80.4,62.8,79.2,9.2,15,56.8,78.0,76.0,1707
COL0420,2025,81.8,64.6,75.3,9.4,16,59.1,76.8,68.5,1735
COL0421,2021,91.6,91.2,100,1.0,11,87.4,92.8,92.6,443
COL0421,2022,98.6,94.8,100,1.1,8,95.4,99.1,99.1,202
COL0421,2023,93.4,91.9,100,0.0,9,86.6,97.5,92.9,310
COL0421,2024,90.3,88.8,99.9,3.7,11,97.0,91.0,99.1,513
COL0421,2025,99.3,98,100,0,8,98.7,100,99.5,56
COL0422,2021,72.9,59.8,75.5,12.9,18,60.4,71.7,74.7,1838
COL0422,2022,79.9,63.1,81.7,12.9,17,63.4,69.2,78.0,1827
COL0422,2023,80.9,62.5,70.3,8.8,18,62.0,74.2,74.8,1705
COL0422,2024,75.4,67.0,83.8,10.4,18,68.6,74.9,65.6,1766
COL0422,2025,73.6,58.0,70.1,13.2,19,54.5,71.4,72.3,1905
COL0423,2021,95.0,98,100,3.2,9,99.2,95.0,89.5,239
COL0423,2022,100,97.5,100,0,9,100,100,98.3,32
COL0423,2023,91.2,91.0,100,3.8,9,90.4,91.0,99.3,516
COL0423,2024,94.3,93.6,100,3.2,11,89.0,97.3,90.1,526
COL0423,2025,96.6,90.8,100,0.1,9,100,93.4,93.4,138
COL0424,2021,88.3,84.9,98.1,3.2,11,86.4,91.5,91.6,595
COL0424,2022,89.5,87.7,100,3.9,10,83.5,87.9,93.5,656
COL0424,2023,90.9,86.5,98.5,4.8,13,80.8,89.8,88.8,844
COL0424,2024,90.0,85.3,100.0,2.5,11,84.8,87.6,86.2,777
COL0424,2025,92.0,86.5,100,5.2,13,79.7,88.3,90.3,924
COL0425,2021,77.9,68.5,82.5,9.2,16,66.9,75.9,67.5,1605
COL0425,2022,78.0,70.1,79.8,8.6,16,64.6,76.6,70.0,1598
COL0425,2023,80.0,71.8,89.8,12.3,17,75.6,71.3,80.9,1640
COL0425,2024,78.6,65.6,76.1,11.2,17,67.8,76.7,72.1,1713
COL0425,2025,79.9,71.7,88.9,8.7,15,71.1,71.0,81.0,1561
COL0426,2021,88.5,80.3,100,3.4,14,81.7,90.9,91.1,715
COL0426,2022,84.4,76.8,90.8,4.8,13,82.1,82.2,79.5,1144
COL0426,2023,89.6,87.3,100,5.4,12,88.0,85.1,83.0,764
COL0426,2024,85.6,81.9,91.4,6.8,14,75.0,82.2,83.3,1149
COL0426,2025,85.8,84.7,100,7.1,11,84.7,86.6,92.1,943
COL0427,2021,95.9,93.3,100,1.6,10,100,96.0,100,81
COL0427,2022,98.2,98,100,1.9,11,100,96.7,94.4,72
COL0427,2023,98.0,98,100,0.9,9,100,98.5,91.7,202
COL0427,2024,97.3,98,100,1.3,9,100,95.5,91.2,255
COL0427,2025,97.1,98,100,2.5,10,100,94.9,91.7,333
COL0428,2021,71.9,64.7,73.1,13.0,19,60.2,66.3,73.2,1849
COL0428,2022,74.1,63.2,80.0,10.0,19,59.3,75.8,67.0,1803
COL0428,2023,73.7,62.9,73.5,10.8,19,57.2,73.0,70.0,1819
COL0428,2024,69.7,58.1,73.5,11.3,19,57.8,66.8,66.8,1893
COL0428,2025,75.0,55.3,73.4,12.1,19,54.5,67.2,68.4,1943
COL0429,2021,79.8,64.3,74.9,9.8,17,57.3,78.2,70.3,1763
COL0429,2022,80.0,68.9,87.5,9.9,15,62.5,82.0,77.0,1574
COL0429,2023,86.3,69.0,88.6,9.0,15,66.5,82.4,74.8,1496
COL0429,2024,84.1,72.7,91.4,9.5,15,69.9,76.9,70.9,1534
COL0429,2025,81.1,73.8,93.5,7.5,17,68.0,78.0,74.3,1502
COL0430,2021,98.4,96.6,100,1.6,10,100,100,91.6,105
COL0430,2022,99.5,97.3,100,1.4,8,100,100,95.7,37
COL0430,2023,93.9,98,100,3.0,8,100,100,97.3,117
COL0430,2024,97.1,95.0,100,1.8,9,100,100,100,50
COL0430,2025,98.4,95.5,100,0.4,8,100,100,91.1,51
COL0431,2021,88.5,79.0,92.2,6.9,12,88.3,85.2,90.5,995
COL0431,2022,89.2,85.0,94.3,7.1,14,90.5,84.3,82.5,1002
COL0431,2023,89.9,82.4,99.6,4.8,14,93.0,88.4,88.8,738
COL0431,2024,89.8,88.1,100,3.5,14,89.9,88.8,81.8,666
COL0431,2025,90.8,88.0,98.8,3.6,13,90.3,90.3,90.5,662
COL0432,2021,80.5,69.7,86.9,8.8,13,69.9,77.1,81.8,1461
COL0432,2022,82.1,77.4,96.9,5.9,13,77.1,85.4,86.0,1079
COL0432,2023,86.8,75.1,87.1,5.2,11,70.2,82.3,88.4,1116
COL0432,2024,84.4,76.7,91.4,8.4,15,76.1,83.2,80.1,1297
COL0432,2025,87.5,79.8,96.5,8.8,12,69.8,79.9,80.4,1401
COL0433,2021,90.2,87.8,98.7,3.5,13,95.8,86.4,86.7,619
COL0433,2022,91.9,91.8,100,2.9,11,97.5,90.3,87.0,426
COL0433,2023,88.2,80.0,96.6,4.2,11,91.5,86.3,78.7,851
COL0433,2024,85.5,92.8,100,4.1,13,99.6,89.7,81.4,674
COL0433,2025,87.1,88.0,100,4.1,14,98.7,93.0,89.7,618
COL0434,2021,93.1,87.3,100,1.1,11,85.1,92.6,87.5,533
COL0434,2022,90.4,88.7,100,2.2,9,89.2,93.2,86.5,452
COL0434,2023,98.4,94.4,100,0.6,8,97.2,98.0,97.6,39
COL0434,2024,91.0,89.9,100,2.6,9,95.8,90.7,90.3,508
COL0434,2025,96.0,94.4,100,2.8,10,94.1,91.8,86.1,508
COL0435,2021,83.6,73.9,93.0,10.4,15,70.1,76.4,75.8,1544
COL0435,2022,78.8,71.1,88.9,11.2,17,58.8,72.2,74.8,1712
COL0435,2023,80.1,71.9,82.3,11.0,16,62.3,80.7,76.5,1683
COL0435,2024,81.4,67.9,85.6,8.4,18,57.6,78.7,77.8,1636
COL0435,2025,78.4,68.6,83.3,8.2,18,62.9,76.7,75.3,1639
COL0436,2021,98.0,97.5,100,0.1,9,100,95.7,98.3,62
COL0436,2022,93.2,95.4,100,3.4,9,93.9,93.6,100,335
COL0436,2023,100,98,100,0.2,8,99.6,100,100,2
COL0436,2024,97.0,92.6,100,0.8,8,100,97.2,96.1,230
COL0436,2025,92.9,93.7,100,0,9,100,97.5,93.9,205
COL0437,2021,74.7,64.0,77.0,13.6,20,57.0,71.5,66.2,1910
COL0437,2022,78.7,70.0,79.9,10.0,19,61.6,75.8,69.8,1649
COL0437,2023,81.2,60.8,70.9,12.0,17,61.7,73.9,67.4,1856
COL0437,2024,75.8,70.4,81.9,10.0,17,67.0,75.0,78.3,1681
COL0437,2025,77.2,71.7,88.9,9.3,17,71.4,77.1,70.8,1629
COL0438,2021,86.0,88.5,100,4.9,13,97.6,89.9,91.6,566
COL0438,2022,87.6,82.4,92.4,6.3,14,89.8,90.5,89.3,927
COL0438,2023,89.7,88.6,100,5.2,13,88.9,89.0,88.1,672
COL0438,2024,85.9,89.3,100,4.6,11,89.3,87.7,84.1,822
COL0438,2025,87.2,85.2,100,4.9,13,97.2,92.5,84.3,668
COL0439,2021,88.2,84.8,100,4.5,12,91.6,93.0,91.4,540
COL0439,2022,86.5,82.0,95.8,4.7,13,88.2,84.1,88.6,805
COL0439,2023,90.6,83.1,95.9,5.0,14,97.7,88.2,83.3,806
COL0439,2024,91.0,80.4,97.9,6.3,13,87.4,85.6,84.5,936
COL0439,2025,88.3,81.2,98.2,3.9,14,92.0,82.3,81.8,822
COL0440,2021,94.1,90.3,100,0.9,8,99.7,91.4,89.2,330
COL0440,2022,94.2,95.6,100,0,9,95.1,100,98.2,42
COL0440,2023,99.3,97.3,100,0,8,100,95.2,100,24
COL0440,2024,99.0,98,100,1.0,8,100,95.5,93.8,106
COL0440,2025,96.5,98,100,0.9,9,100,95.9,95.6,60
COL0441,2021,78.5,66.2,73.9,13.8,18,63.1,67.7,69.6,1868
COL0441,2022,79.7,61.1,79.6,12.0,17,63.1,75.8,72.4,1763
COL0441,2023,77.7,60.7,74.0,10.0,19,67.8,71.9,76.3,1703
COL0441,2024,75.8,58.4,67.5,12.0,17,59.8,69.3,73.7,1882
COL0441,2025,76.0,69.3,82.4,9.6,17,61.3,74.4,67.5,1713
COL0442,2021,95.2,90.0,100,2.7,11,100,96.3,91.5,350
COL0442,2022,98.6,90.3,100,1.4,9,100,97.1,90.6,183
COL0442,2023,97.6,98.0,100,1.7,11,100,95.2,93.7,139
COL0442,2024,96.3,96.6,100,0.2,9,100,99.3,100,83
COL0442,2025,96.0,93.9,100,3.6,11,100,92.1,97.9,329
COL0443,2021,97.2,89.6,100,1.4,10,100,94.8,88.2,210
COL0443,2022,93.7,98,100,2.4,11,100,98.6,91.5,184
COL0443,2023,92.8,96.1,100,1.8,8,100,97.2,94.1,240
COL0443,2024,94.3,96.7,100,1.0,8,100,98.4,96.9,80
COL0443,2025,97.3,96.4,100,2.3,10,100,93.0,99.7,288
COL0444,2021,91.4,90.2,100,4.4,8,100,92.1,94.8,453
COL0444,2022,92.3,96.7,100,1.2,8,100,90.1,89.7,263
COL0444,2023,90.7,90.5,100,4.4,9,100,93.2,89.3,512
COL0444,2024,96.5,95.8,100,2.0,11,100,94.0,97.7,144
COL0444,2025,96.4,98,100,0,8,100,96.2,90.5,129
COL0445,2021,97.3,98,100,0.2,8,100,100,90.7,107
COL0445,2022,98.3,91.0,100,3.0,9,100,95.0,91.1,292
COL0445,2023,92.4,96.2,100,2.1,8,100,95.5,95.0,187
COL0445,2024,96.0,98,100,2.9,8,100,93.5,96.6,268
COL0445,2025,96.2,98,100,0,8,100,99.2,97.6,38
COL0446,2021,75.8,69.0,79.9,9.6,17,56.0,71.1,69.8,1739
COL0446,2022,79.0,69.2,87.2,11.2,19,53.7,76.4,76.7,1750
COL0446,2023,80.6,65.6,84.3,10.9,16,55.8,75.1,79.1,1729
COL0446,2024,77.6,71.1,82.7,10.9,16,67.5,76.2,78.6,1671
COL0446,2025,79.6,68.6,83.3,9.1,16,55.9,80.4,69.5,1700
COL0447,2021,91.7,91.4,100,4.8,12,100,92.8,90.5,412
COL0447,2022,90.8,89.2,100,5.3,9,100,88.9,88.3,509
COL0447,2023,93.6,88.3,100,1.8,9,98.9,90.0,95.9,400
COL0447,2024,95.5,92.4,100,1.5,10,100,95.3,97.7,292
COL0447,2025,97.8,97.1,100,0.0,8,100,97.9,91.5,66
COL0448,2021,95.9,90.3,100,2.0,11,100,92.2,90.6,319
COL0448,2022,93.0,94.0,100,0.8,8,100,95.5,98.4,220
COL0448,2023,94.4,96.0,100,0,10,100,100,100,75
COL0448,2024,94.2,97.4,100,0.5,9,100,97.2,91.1,71
COL0448,2025,97.8,98,100,2.0,8,100,100,99.0,167
COL0449,2021,94.8,93.6,100,3.3,11,87.2,93.6,90.2,447
COL0449,2022,89.8,89.1,100,6.1,13,86.4,86.1,88.8,845
COL0449,2023,84.9,86.4,100,6.1,10,84.1,85.8,85.8,965
COL0449,2024,91.2,92.7,100,2.9,9,91.8,92.6,95.5,404
COL0449,2025,86.6,88.0,100,5.7,13,88.5,86.7,83.2,891
COL0450,2021,73.9,64.4,81.0,9.5,18,59.8,75.5,70.2,1734
COL0450,2022,72.5,60.7,77.2,13.1,17,64.4,68.3,70.7,1862
COL0450,2023,79.0,61.8,80.2,11.4,16,67.0,73.3,72.6,1803
COL0450,2024,74.6,62.3,70.7,12.3,19,55.6,70.7,73.4,1901
COL0450,2025,75.0,67.5,79.1,12.3,17,67.8,73.7,66.7,1844
COL0451,2021,77.0,55.5,73.2,13.6,19,51.0,70.1,71.4,1920
COL0451,2022,72.3,63.2,76.9,11.1,19,58.1,72.1,65.1,1879
COL0451,2023,75.7,64.9,73.6,11.6,20,62.3,72.0,70.3,1841
COL0451,2024,79.0,62.3,72.4,11.2,18,62.4,74.6,65.0,1851
COL0451,2025,75.9,65.5,84.6,11.0,19,62.4,73.8,67.4,1821
COL0452,2021,86.6,78.1,92.5,7.3,13,72.9,82.7,82.0,1210
COL0452,2022,84.2,74.7,87.3,6.7,15,65.5,81.8,80.7,1283
COL0452,2023,79.2,78.4,92.1,8.4,14,68.7,81.1,81.7,1339
COL0452,2024,80.2,71.6,82.9,7.9,16,61.5,77.0,73.0,1564
COL0452,2025,79.9,67.6,80.7,9.5,15,70.1,81.3,75.4,1605
COL0453,2021,87.4,84.2,100,5.7,13,86.5,86.5,83.2,870
COL0453,2022,92.7,87.5,100,4.2,9,84.6,95.2,91.1,655
COL0453,2023,88.1,86.5,100,5.7,13,87.6,92.5,90.7,769
COL0453,2024,92.0,91.2,100,5.0,10,81.5,91.1,92.6,670
COL0453,2025,90.0,93.9,100,2.9,10,90.0,94.3,92.9,453
COL0454,2021,82.9,81.4,90.8,7.8,13,74.4,82.8,79.8,1259
COL0454,2022,88.1,84.4,100,7.4,15,79.5,84.3,85.9,1049
COL0454,2023,86.1,79.2,88.2,7.2,12,80.4,80.3,82.4,1228
COL0454,2024,83.9,81.3,100,4.9,13,78.5,83.8,86.9,1019
COL0454,2025,88.1,74.0,88.1,7.8,11,73.2,81.5,88.3,1368
COL0455,2021,87.0,79.4,93.8,6.1,14,78.2,86.5,76.3,1097
COL0455,2022,84.3,74.7,84.0,9.3,15,71.6,78.7,82.5,1385
COL0455,2023,86.5,73.2,90.8,8.1,14,70.1,81.9,82.8,1394
COL0455,2024,83.7,75.7,87.4,4.9,13,74.0,86.0,86.4,1148
COL0455,2025,82.3,75.6,89.8,9.4,15,70.4,79.1,77.2,1471
COL0456,2021,93.9,85.8,100,3.2,12,92.2,92.2,94.9,518
COL0456,2022,93.7,91.3,100,3.7,8,87.6,94.7,93.4,436
COL0456,2023,95.0,85.9,100,1.5,11,92.5,90.9,91.3,460
COL0456,2024,91.7,89.2,100,4.5,9,93.5,91.8,93.1,553
COL0456,2025,97.3,94.7,100,3.7,11,88.6,94.1,87.9,633
COL0457,2021,97.0,89.4,100,0.8,8,93.2,95.7,94.7,297
COL0457,2022,100,90.2,100,0.2,8,91.8,97.2,100,222
COL0457,2023,100,95.0,100,1.0,8,100,100,91.5,86
COL0457,2024,97.1,98,100,0,8,94.1,95.9,95.3,213
COL0457,2025,99.3,90.4,100,0.9,8,100,92.9,98.5,117
COL0458,2021,86.1,78.4,98.1,8.9,16,81.7,83.8,73.9,1251
COL0458,2022,82.6,66.9,80.6,10.7,17,71.6,74.2,79.6,1609
COL0458,2023,83.9,79.7,90.7,6.7,16,82.1,80.4,81.3,1167
COL0458,2024,82.4,67.3,81.1,7.8,17,69.3,76.9,70.5,1586
COL0458,2025,84.1,71.3,87.8,8.2,16,75.0,77.3,81.2,1476
COL0459,2021,88.8,86.0,100,4.8,11,79.5,89.6,85.5,818
COL0459,2022,89.0,92.0,100,3.5,12,91.3,87.9,85.3,547
COL0459,2023,94.5,89.3,100,1.2,10,96.8,96.5,86.9,336
COL0459,2024,92.1,88.6,100,1.6,9,91.7,96.4,95.7,368
COL0459,2025,94.5,89.0,100,2.2,9,92.7,96.8,93.2,423
COL0460,2021,86.2,82.1,99.4,6.3,12,84.0,84.8,81.6,996
COL0460,2022,87.9,78.2,95.9,6.8,13,86.7,87.5,76.4,1062
COL0460,2023,82.3,81.8,96.2,6.1,14,89.4,86.5,86.5,931
COL0460,2024,87.9,84.8,94.8,5.0,14,84.9,80.6,79.7,1012
COL0460,2025,88.4,92.8,100,3.2,13,98.5,91.2,90.2,499
COL0461,2021,84.7,69.9,86.1,8.0,15,71.5,79.3,72.4,1436
COL0461,2022,82.7,71.0,84.4,8.8,16,67.1,77.1,73.0,1541
COL0461,2023,81.0,71.1,80.1,10.4,15,65.2,78.4,76.5,1619
COL0461,2024,77.0,63.5,77.7,8.5,18,57.9,71.6,77.3,1701
COL0461,2025,85.0,72.7,89.3,6.8,16,71.8,77.1,75.6,1392
COL0462,2021,75.7,66.8,76.6,12.3,19,50.2,76.0,66.4,1875
COL0462,2022,78.4,60.0,67.9,10.7,17,51.7,72.6,72.3,1889
COL0462,2023,73.9,63.8,78.4,11.5,17,50.2,69.9,72.9,1861
COL0462,2024,73.9,60.3,74.4,12.4,21,54.5,65.5,62.7,1918
COL0462,2025,70.0,63.1,78.3,14.1,20,53.4,65.9,68.0,1946
COL0463,2021,93.6,93.3,100,1.2,8,90.5,94.1,94.8,285
COL0463,2022,95.2,88.0,100,4.6,12,85.2,92.1,92.0,570
COL0463,2023,97.3,90.0,100,2.5,9,89.0,93.4,92.3,503
COL0463,2024,90.5,91.5,100,4.6,11,91.0,87.0,89.2,693
COL0463,2025,95.0,89.9,100,2.1,10,85.6,95.1,93.1,533
COL0464,2021,85.4,83.3,96.3,3.9,13,84.6,87.9,84.3,787
COL0464,2022,92.9,84.6,100,3.7,10,78.8,88.4,81.1,788
COL0464,2023,91.5,89.3,100,3.9,9,89.4,90.9,88.2,609
COL0464,2024,91.2,84.8,100,4.7,12,82.1,92.6,89.6,795
COL0464,2025,96.8,85.5,100,0.6,12,85.3,96.0,87.5,592
COL0465,2021,90.7,85.4,100,2.3,10,85.0,96.2,95.1,534
COL0465,2022,91.7,89.5,100,4.5,10,83.3,90.0,88.3,705
COL0465,2023,91.5,86.7,100,1.9,11,84.2,93.4,91.8,582
COL0465,2024,90.5,87.9,100,5.9,12,81.0,86.1,87.7,819
COL0465,2025,86.8,83.2,94.5,4.0,12,90.7,89.1,94.0,766
COL0466,2021,87.5,75.5,84.4,5.9,15,78.7,84.5,78.8,1187
COL0466,2022,82.8,82.6,96.9,8.0,13,79.9,84.5,81.6,1186
COL0466,2023,85.2,81.9,98.5,7.7,15,82.7,79.0,80.1,1185
COL0466,2024,85.3,77.2,89.1,7.7,16,81.5,76.9,73.8,1314
COL0466,2025,79.7,80.8,99.6,6.4,16,81.3,78.3,76.8,1193
COL0467,2021,96.4,91.1,100,0,10,100,96.1,90.1,125
COL0467,2022,99.1,98,100,0,8,100,100,94.1,3
COL0467,2023,95.0,98,100,1.4,9,100,100,90.6,161
COL0467,2024,93.9,98,100,0.1,8,100,100,92.1,111
COL0467,2025,96.8,93.6,100,1.5,9,100,99.0,96.5,93
COL0468,2021,83.4,78.1,94.9,8.3,17,71.7,78.8,74.2,1341
COL0468,2022,86.7,77.8,91.7,5.4,14,64.9,84.0,83.8,1220
COL0468,2023,83.3,73.4,86.1,9.7,15,71.5,78.9,81.9,1516
COL0468,2024,80.9,73.7,86.3,9.7,16,73.2,80.4,79.0,1540
COL0468,2025,88.0,81.3,92.8,4.4,14,67.7,85.1,82.2,1140
COL0469,2021,88.0,82.3,94.7,6.0,12,79.1,81.7,87.0,989
COL0469,2022,85.5,82.4,96.0,8.1,12,79.8,80.7,83.2,1205
COL0469,2023,86.5,77.4,92.5,4.9,14,79.4,82.8,88.2,1024
COL0469,2024,87.3,81.5,97.5,4.5,11,83.5,89.6,90.5,794
COL0469,2025,82.9,80.2,90.1,8.6,15,75.8,82.4,79.7,1395
COL0470,2021,86.4,78.5,98.9,4.9,13,74.8,86.3,87.2,902
COL0470,2022,88.3,72.3,86.8,6.2,16,71.2,85.5,77.1,1317
COL0470,2023,77.6,70.8,79.5,8.3,16,65.7,75.8,79.8,1611
COL0470,2024,84.6,78.8,94.6,9.7,16,75.2,77.1,85.5,1332
COL0470,2025,83.9,71.4,88.5,6.2,13,67.6,77.7,76.3,1431
COL0471,2021,84.2,72.8,89.5,8.7,16,73.8,77.9,74.1,1405
COL0471,2022,78.4,73.4,92.5,8.2,16,71.0,78.2,71.2,1481
COL0471,2023,81.3,77.2,95.1,10.5,17,74.7,76.3,79.4,1420
COL0471,2024,78.0,65.7,75.2,10.9,16,74.0,73.0,70.8,1757
COL0471,2025,82.1,66.4,86.1,10.6,18,74.0,76.0,79.7,1636
COL0472,2021,86.3,87.4,100,3.4,10,81.4,85.5,92.0,782
COL0472,2022,93.2,90.0,100,1.8,10,87.0,90.8,94.1,504
COL0472,2023,91.8,89.8,100,4.0,11,81.7,91.9,90.8,636
COL0472,2024,91.0,85.8,100,4.6,13,86.7,90.7,90.9,646
COL0472,2025,87.8,83.8,100,3.7,13,81.2,83.6,84.0,876
COL0473,2021,91.8,84.7,98.8,4.9,11,85.7,86.9,93.4,662
COL0473,2022,90.0,80.9,98.8,3.6,12,81.9,86.3,85.7,753
COL0473,2023,89.3,86.9,98.4,4.8,11,81.8,84.2,81.6,955
COL0473,2024,92.7,90.0,99.7,4.0,11,90.5,85.7,85.1,642
COL0473,2025,93.4,86.1,100,3.5,13,82.4,92.9,85.6,799
COL0474,2021,95.8,94.4,100,2.6,8,100,94.4,94.8,160
COL0474,2022,95.7,98.0,100,3.2,9,99.3,91.3,99.1,308
COL0474,2023,95.2,97.0,100,1.6,9,100,99.0,91.0,104
COL0474,2024,98.3,91.4,100,1.2,10,100,96.1,98.9,243
COL0474,2025,94.9,93.4,100,0,8,95.7,100,92.6,148
COL0475,2021,87.1,79.1,88.4,4.0,13,79.0,87.2,78.9,950
COL0475,2022,86.2,85.3,99.7,7.9,11,82.1,84.3,90.1,1054
COL0475,2023,89.9,78.8,92.6,5.1,11,74.2,87.1,84.4,1043
COL0475,2024,89.2,79.6,93.7,7.4,14,83.1,83.1,81.8,1121
COL0475,2025,90.4,83.6,95.3,4.9,9,87.9,90.9,94.4,743
COL0476,2021,85.3,72.6,87.7,6.7,17,66.0,79.4,83.5,1338
COL0476,2022,83.6,74.4,91.3,5.1,15,78.9,84.9,77.7,1137
COL0476,2023,83.1,78.8,97.3,9.0,16,73.5,78.9,77.3,1354
COL0476,2024,90.1,77.2,91.5,3.7,12,74.4,87.8,78.3,1055
COL0476,2025,85.8,80.0,92.2,8.2,15,77.4,82.5,89.2,1216
COL0477,2021,94.1,86.8,100,3.6,11,90.3,90.6,91.5,487
COL0477,2022,96.5,87.8,100,0.7,9,86.6,97.4,98.0,261
COL0477,2023,94.4,90.9,100,0.2,9,96.8,99.5,95.9,131
COL0477,2024,94.6,89.6,100,2.4,9,90.9,98.0,97.3,364
COL0477,2025,91.5,96.5,100,4.3,9,96.3,92.3,98.5,434
COL0478,2021,85.2,74.6,94.3,8.4,13,69.5,77.6,79.2,1342
COL0478,2022,83.8,67.0,76.5,7.2,14,64.2,79.0,76.8,1579
COL0478,2023,81.3,71.2,85.3,8.6,16,65.7,82.5,73.2,1495
COL0478,2024,83.8,77.2,89.2,9.0,15,71.7,79.4,78.9,1416
COL0478,2025,86.1,72.0,86.6,7.0,15,67.8,81.5,73.5,1509
COL0479,2021,82.2,64.6,73.5,10.8,14,62.4,73.9,81.2,1685
COL0479,2022,77.5,73.2,92.0,10.7,17,66.5,72.3,70.8,1655
COL0479,2023,78.9,69.6,83.3,10.1,16,68.6,81.6,79.2,1610
COL0479,2024,80.0,69.5,85.8,7.5,18,61.1,81.3,80.9,1506
COL0479,2025,81.2,64.7,79.3,8.9,16,58.2,72.9,78.8,1715
COL0480,2021,93.4,89.9,100,3.2,12,100,87.3,90.9,377
COL0480,2022,91.4,93.3,100,3.9,10,95.9,95.1,83.6,551
COL0480,2023,92.3,87.4,100,4.0,10,98.7,88.0,89.2,550
COL0480,2024,95.7,96.1,100,0.6,9,100,98.1,96.0,114
COL0480,2025,96.8,91.6,100,4.2,8,100,91.0,95.5,447
COL0481,2021,91.2,87.8,97.3,6.2,11,86.6,86.9,91.2,709
COL0481,2022,88.3,88.0,100,4.8,10,87.4,89.6,85.3,761
COL0481,2023,87.4,88.4,100,4.1,12,83.4,84.8,92.3,681
COL0481,2024,85.4,89.1,100,6.4,11,86.0,90.7,83.9,957
COL0481,2025,92.3,82.2,92.0,5.0,13,88.6,85.9,83.8,964
COL0482,2021,71.4,54.1,72.3,14.6,18,53.7,68.1,61.7,1972
COL0482,2022,70.4,58.2,69.7,11.6,20,55.1,64.6,71.9,1906
COL0482,2023,75.2,63.3,78.9,12.0,19,53.2,66.0,73.9,1889
COL0482,2024,71.5,57.1,70.2,13.0,18,49.4,70.2,63.7,1961
COL0482,2025,77.1,65.2,84.1,12.6,18,54.7,75.6,64.7,1865
COL0483,2021,96.8,92.3,100,3.5,12,95.6,95.2,90.1,396
COL0483,2022,88.8,93.1,100,3.6,13,100,85.8,90.5,506
COL0483,2023,92.3,89.7,100,2.0,12,100,88.7,86.1,485
COL0483,2024,91.0,89.0,99.7,5.6,13,93.2,86.7,88.8,715
COL0483,2025,91.1,83.6,98.7,2.6,13,93.4,90.7,90.6,565
COL0484,2021,94.1,94.3,100,1.9,10,89.9,92.8,89.8,444
COL0484,2022,88.5,90.8,100,3.7,10,90.0,87.7,92.0,578
COL0484,2023,95.0,91.4,100,1.7,8,95.1,93.3,97.5,276
COL0484,2024,98.3,94.1,100,0.6,11,96.3,96.1,89.9,173
COL0484,2025,89.8,93.9,100,2.3,10,93.6,88.0,85.1,591
COL0485,2021,71.7,51.7,62.0,13.0,20,39.7,63.5,64.5,1982
COL0485,2022,71.7,55.8,64.7,15.8,20,48.3,63.3,68.4,1984
COL0485,2023,72.0,58.1,73.6,14.4,21,47.0,65.2,65.7,1974
COL0485,2024,68.5,60.3,73.2,13.4,20,46.7,66.7,68.7,1955
COL0485,2025,73.9,62.6,79.8,11.0,19,49.2,69.2,64.6,1913
COL0486,2021,76.3,72.5,91.2,12.3,17,69.3,70.8,73.5,1653
COL0486,2022,78.9,62.6,72.5,10.4,18,70.1,70.2,74.2,1746
COL0486,2023,81.3,69.6,86.4,10.9,18,70.0,75.2,69.9,1665
COL0486,2024,81.1,71.9,90.6,9.3,18,73.8,77.2,68.8,1495
COL0486,2025,74.6,66.6,75.1,13.2,16,61.4,74.4,66.8,1852
COL0487,2021,86.6,84.2,96.3,6.5,14,91.1,89.1,84.8,860
COL0487,2022,87.8,78.9,88.4,7.6,11,89.5,84.6,87.4,1050
COL0487,2023,84.2,88.0,100,4.1,15,86.4,88.1,85.8,805
COL0487,2024,86.6,81.6,98.1,4.4,11,91.7,86.5,81.9,803
COL0487,2025,90.2,88.7,98.8,4.6,14,91.9,85.7,89.7,701
COL0488,2021,90.8,96.6,100,5.1,11,100,88.8,90.9,448
COL0488,2022,98.8,97.2,100,2.1,9,100,99.7,97.2,80
COL0488,2023,97.2,94.8,100,2.2,9,100,96.2,93.7,177
COL0488,2024,94.7,98,100,2.0,8,100,97.1,100,138
COL0488,2025,96.1,97.7,100,0,9,100,95.0,98.3,31
COL0489,2021,91.0,82.7,96.8,5.3,11,79.6,83.6,88.8,886
COL0489,2022,92.3,83.5,96.1,3.6,12,76.3,89.8,89.1,797
COL0489,2023,84.5,78.4,92.6,7.2,13,76.0,83.3,86.7,1195
COL0489,2024,85.7,84.9,100,4.1,13,86.1,86.3,86.6,792
COL0489,2025,88.9,83.4,100,7.1,13,74.9,85.5,86.0,1177
COL0490,2021,92.6,91.4,100,3.7,10,91.1,98.2,98.6,363
COL0490,2022,93.2,91.1,100,2.4,8,100,96.8,94.6,229
COL0490,2023,95.4,95.9,100,1.8,8,93.2,92.7,98.8,284
COL0490,2024,97.3,98,100,0.7,9,100,98.4,99.3,101
COL0490,2025,93.4,96.2,100,0,8,98.5,95.3,91.1,92
COL0491,2021,79.3,66.4,80.5,8.5,16,64.1,73.8,79.0,1557
COL0491,2022,76.6,66.7,81.4,11.3,17,63.9,74.7,77.2,1710
COL0491,2023,80.5,72.3,81.3,11.0,14,65.2,80.7,78.7,1574
COL0491,2024,76.7,68.8,86.7,8.7,17,61.2,74.2,80.6,1639
COL0491,2025,77.0,74.0,91.8,7.7,16,70.4,76.2,78.6,1429
COL0492,2021,80.2,72.7,86.0,9.9,15,72.6,82.1,79.5,1515
COL0492,2022,81.6,71.3,81.1,6.2,15,67.9,80.4,82.2,1381
COL0492,2023,79.8,77.7,97.8,9.7,13,69.9,78.6,76.8,1405
COL0492,2024,83.3,76.3,86.6,6.3,12,81.5,84.2,83.9,1195
COL0492,2025,84.8,77.7,94.2,5.0,13,71.6,82.4,77.6,1274
COL0493,2021,82.9,73.7,83.0,4.9,12,70.5,82.6,80.5,1292
COL0493,2022,85.4,83.0,99.5,4.7,12,84.2,86.0,84.1,868
COL0493,2023,85.5,80.8,92.4,5.5,15,72.8,81.2,83.6,1165
COL0493,2024,84.9,86.8,99.4,4.2,13,84.4,86.5,90.3,727
COL0493,2025,87.4,79.8,92.8,7.2,14,78.8,83.9,87.1,1201
COL0494,2021,82.9,74.2,92.9,7.8,16,68.1,75.9,71.8,1474
COL0494,2022,85.4,68.7,83.3,6.0,13,63.7,82.1,74.9,1458
COL0494,2023,79.2,73.6,90.0,9.8,16,65.6,82.1,73.3,1571
COL0494,2024,86.5,72.1,89.8,6.7,15,66.5,78.8,77.6,1356
COL0494,2025,87.4,74.3,94.1,8.0,12,70.2,82.8,76.6,1383
COL0495,2021,95.2,91.7,100,3.5,12,100,91.5,86.5,380
COL0495,2022,90.5,88.0,97.9,1.9,9,100,89.4,95.2,358
COL0495,2023,89.1,88.0,100,4.8,10,96.1,93.6,82.8,644
COL0495,2024,85.7,83.2,100,5.0,12,99.0,84.0,91.1,791
COL0495,2025,92.0,86.7,100,2.9,11,95.1,89.3,87.8,571
COL0496,2021,86.3,81.6,92.4,4.8,14,74.1,83.9,86.9,986
COL0496,2022,85.6,83.6,99.7,7.3,12,74.9,84.0,89.8,1084
COL0496,2023,86.0,75.6,92.9,5.6,12,76.9,80.0,82.4,1219
COL0496,2024,88.1,82.1,92.4,5.1,15,76.6,87.9,85.9,1044
COL0496,2025,89.2,78.8,96.8,4.7,12,75.9,86.3,85.5,1009
COL0497,2021,80.3,74.2,86.1,9.4,15,73.2,79.5,76.6,1482
COL0497,2022,80.7,68.6,87.7,8.0,16,71.1,81.3,72.5,1423
COL0497,2023,86.0,74.0,88.2,5.6,15,71.3,83.6,81.7,1267
COL0497,2024,87.9,83.3,97.8,5.4,15,81.5,86.1,82.7,1046
COL0497,2025,82.8,78.5,90.6,6.0,13,86.3,78.3,81.0,1169
COL0498,2021,89.8,90.8,100,4.2,10,83.3,91.6,84.5,592
COL0498,2022,94.0,83.8,96.0,2.8,10,85.1,89.8,93.7,597
COL0498,2023,91.6,92.4,100,3.2,12,89.9,88.9,88.2,559
COL0498,2024,90.9,86.8,100,1.5,11,86.3,95.2,91.4,569
COL0498,2025,89.9,84.6,100,3.5,8,83.3,87.3,91.0,809
COL0499,2021,83.2,79.7,88.8,7.2,15,85.8,85.1,83.9,1012
COL0499,2022,81.1,77.2,88.6,8.1,15,91.1,80.8,88.3,1104
COL0499,2023,90.8,78.6,97.8,5.4,13,88.6,85.7,81.5,888
COL0499,2024,86.4,85.5,99.6,7.5,14,89.8,81.0,78.2,1010
COL0499,2025,90.1,80.4,91.1,5.8,13,83.8,86.4,78.0,1055
COL0500,2021,95.5,85.7,100,2.2,13,93.1,94.3,92.7,461
COL0500,2022,92.3,93.3,100,4.0,11,98.0,95.6,89.6,440
COL0500,2023,93.5,85.5,100,5.9,10,100,86.1,95.4,541
COL0500,2024,91.9,94.0,100,3.5,11,100,89.6,95.7,353
COL0500,2025,94.6,95.8,100,1.2,10,100,93.8,91.9,294
COL0501,2021,83.9,75.8,86.1,4.9,14,76.3,82.9,84.9,1043
COL0501,2022,92.8,84.7,95.3,2.7,12,77.6,92.6,85.7,697
COL0501,2023,92.7,80.8,100,2.8,9,86.6,84.6,90.9,690
COL0501,2024,90.1,91.4,100,4.2,11,83.7,92.7,89.2,737
COL0501,2025,93.7,88.6,100,1.9,11,85.5,93.3,89.4,521
COL0502,2021,71.3,55.2,64.0,11.7,20,50.1,70.6,68.6,1930
COL0502,2022,78.4,59.8,74.9,10.2,19,45.4,72.5,70.9,1886
COL0502,2023,74.1,63.9,73.8,14.0,17,55.8,70.9,66.3,1916
COL0502,2024,73.4,59.5,70.0,10.1,18,56.8,68.6,77.1,1839
COL0502,2025,78.7,61.0,73.6,13.7,17,48.1,68.7,68.1,1937
COL0503,2021,86.7,77.4,94.3,6.2,15,74.2,83.3,80.0,1173
COL0503,2022,84.5,78.8,87.7,7.8,11,73.7,81.3,86.9,1197
COL0503,2023,89.4,78.4,88.5,5.1,14,75.1,86.2,86.2,1046
COL0503,2024,88.9,79.0,89.0,6.7,12,82.0,85.6,92.4,1084
COL0503,2025,92.7,81.6,94.1,6.1,11,76.0,89.7,86.1,1015
COL0504,2021,82.4,72.9,92.3,9.2,15,71.7,73.5,73.7,1492
COL0504,2022,83.1,78.5,95.2,8.1,15,78.5,78.2,79.9,1254
COL0504,2023,78.1,72.5,89.9,8.6,17,81.2,78.3,83.9,1364
COL0504,2024,83.5,72.9,92.0,10.6,16,76.8,75.9,74.3,1475
COL0504,2025,81.8,77.6,94.7,7.0,16,80.1,82.3,85.7,1277
COL0505,2021,81.9,66.2,75.8,9.9,17,77.8,72.9,71.1,1570
COL0505,2022,80.5,74.1,86.4,8.3,17,75.3,78.2,79.5,1328
COL0505,2023,79.0,71.7,83.0,7.5,16,71.1,79.2,77.5,1414
COL0505,2024,78.5,71.4,79.6,7.7,13,70.8,76.0,83.4,1452
COL0505,2025,79.0,78.1,86.4,9.9,15,75.8,78.9,74.7,1539
COL0506,2021,84.5,85.0,100,6.7,13,89.9,83.3,86.5,855
COL0506,2022,86.3,84.1,94.0,4.4,11,88.9,83.5,82.7,892
COL0506,2023,87.1,84.7,95.0,2.6,12,93.5,89.3,83.0,675
COL0506,2024,90.9,91.1,100,1.3,9,100,92.9,87.1,329
COL0506,2025,90.5,91.9,100,3.8,10,94.4,91.1,93.2,492
COL0507,2021,95.9,95.6,100,3.2,8,94.4,93.9,96.8,352
COL0507,2022,97.0,91.7,100,3.5,11,100,91.6,98.5,241
COL0507,2023,98.1,98,100,0.7,8,97.7,96.1,95.0,102
COL0507,2024,97.8,94.1,100,0,8,96.5,100,94.7,68
COL0507,2025,96.4,95.8,100,2.7,8,99.4,92.8,94.8,353
COL0508,2021,91.5,84.4,97.1,5.6,11,84.5,92.2,93.3,691
COL0508,2022,89.3,82.9,100,5.2,10,85.9,85.1,85.7,819
COL0508,2023,85.7,81.5,91.3,5.3,13,80.5,85.1,93.7,945
COL0508,2024,95.0,92.5,100,1.6,11,85.7,95.7,93.2,464
COL0508,2025,94.6,88.3,100,3.6,9,86.0,92.0,89.0,652
COL0509,2021,79.7,70.0,86.4,11.4,18,70.5,73.6,75.3,1586
COL0509,2022,78.3,75.7,84.9,10.0,16,74.3,79.3,68.1,1563
COL0509,2023,80.0,74.6,93.9,9.0,17,74.9,76.5,78.5,1376
COL0509,2024,84.0,71.7,91.3,10.0,16,75.5,75.6,75.3,1529
COL0509,2025,81.2,70.8,81.4,8.3,17,77.4,73.1,71.2,1494
COL0510,2021,93.7,88.8,100,4.9,9,93.9,90.5,92.6,483
COL0510,2022,94.6,94.7,100,3.1,10,92.1,91.8,96.9,359
COL0510,2023,91.4,88.4,100,2.6,12,94.9,95.0,91.3,520
COL0510,2024,90.7,84.9,98.4,2.0,11,89.2,90.2,91.8,548
COL0510,2025,94.6,86.0,100,4.0,11,95.6,88.4,95.0,604
COL0511,2021,91.8,86.8,100,3.6,13,100,88.5,89.1,439
COL0511,2022,92.8,86.4,100,3.3,9,100,88.3,92.5,446
COL0511,2023,89.7,93.2,100,4.6,11,100.0,87.7,85.7,567
COL0511,2024,89.7,88.8,100,2.5,9,100,86.7,96.1,503
COL0511,2025,87.7,94.0,100,5.8,12,100,93.8,87.7,606
COL0512,2021,88.6,84.3,96.1,4.0,13,90.0,90.2,92.6,686
COL0512,2022,89.8,84.8,94.7,5.5,9,98.4,89.6,93.1,710
COL0512,2023,88.1,86.6,100,6.6,11,97.0,87.9,83.3,729
COL0512,2024,86.2,87.8,99.3,4.7,11,100,83.3,88.7,738
COL0512,2025,91.8,87.5,100,5.3,11,100,88.2,90.5,677
COL0513,2021,90.5,89.0,100,3.6,11,85.7,87.8,90.7,643
COL0513,2022,88.7,88.7,100,3.7,9,85.0,88.0,92.3,709
COL0513,2023,86.7,85.0,98.4,4.8,11,89.6,87.3,89.6,788
COL0513,2024,93.2,92.0,100,2.8,9,92.6,95.3,96.3,470
COL0513,2025,91.0,86.7,98.9,2.8,9,91.2,95.8,96.3,498
COL0514,2021,82.7,72.5,92.2,8.0,14,71.9,76.3,71.9,1480
COL0514,2022,84.2,73.6,82.3,9.2,15,77.0,82.8,75.6,1388
COL0514,2023,80.8,79.6,92.8,6.3,17,79.1,79.0,73.7,1247
COL0514,2024,87.1,84.3,93.2,5.5,14,88.1,82.9,86.8,896
COL0514,2025,85.4,80.1,96.6,5.0,15,89.2,81.6,78.8,1073
COL0515,2021,76.7,56.8,66.2,13.5,18,56.4,71.5,68.9,1918
COL0515,2022,77.9,64.5,73.3,11.2,19,59.4,76.8,77.2,1772
COL0515,2023,73.1,62.1,75.0,9.8,19,65.9,74.0,75.3,1707
COL0515,2024,73.1,62.5,75.5,11.8,19,64.5,70.6,74.9,1818
COL0515,2025,72.7,62.9,71.8,12.3,19,71.1,70.4,67.7,1834
COL0516,2021,88.9,81.5,99.7,6.0,10,80.4,91.3,82.7,956
COL0516,2022,86.0,83.6,97.8,4.2,13,83.6,85.1,81.4,824
COL0516,2023,89.8,87.1,100,4.7,12,79.9,90.0,89.3,861
COL0516,2024,87.1,80.2,99.3,4.0,12,79.0,89.9,83.7,918
COL0516,2025,93.1,79.9,97.9,2.9,12,84.8,86.2,84.3,869
COL0517,2021,81.5,70.8,85.4,9.9,15,74.0,80.1,83.8,1371
COL0517,2022,82.3,70.8,87.3,6.6,14,77.7,78.0,85.1,1295
COL0517,2023,84.1,78.9,91.9,6.3,15,74.2,78.4,77.3,1255
COL0517,2024,87.0,83.0,100,8.2,16,84.8,86.2,83.8,1095
COL0517,2025,86.0,82.4,100,6.7,14,86.1,80.4,85.7,1082
COL0518,2021,89.7,93.2,100,1.5,9,100,89.5,91.5,382
COL0518,2022,89.7,92.4,100,2.7,10,100,91.3,91.9,400
COL0518,2023,97.3,90.4,100,1.1,9,100,91.9,98.2,275
COL0518,2024,93.8,95.1,100,2.0,11,100,92.8,88.8,370
COL0518,2025,91.9,96.6,100,2.7,8,100,90.2,94.8,424
COL0519,2021,98.9,98,100,2.1,8,100,100,95.1,131
COL0519,2022,96.7,98,100,0,8,100,96.5,99.4,59
COL0519,2023,100,98,100,1.8,8,100,98.8,98.1,67
COL0519,2024,99.8,92.3,100,0.1,8,100,100,91.7,104
COL0519,2025,90.8,95.1,100,1.6,11,100,94.5,93.2,380
COL0520,2021,86.9,77.2,89.7,7.5,12,77.1,89.1,88.6,1032
COL0520,2022,89.1,84.4,100,4.8,14,82.1,90.4,84.6,847
COL0520,2023,85.5,75.0,84.3,7.9,11,72.7,79.6,82.3,1300
COL0520,2024,87.6,88.1,100,4.0,13,86.2,86.8,87.0,802
COL0520,2025,87.3,84.2,100,5.8,13,81.3,84.7,89.7,999
COL0521,2021,92.0,86.4,96.1,6.4,14,84.3,88.2,88.6,753
COL0521,2022,89.5,84.0,94.9,4.8,13,85.2,89.6,83.6,818
COL0521,2023,84.9,80.6,96.9,6.5,11,82.4,82.0,89.4,960
COL0521,2024,93.6,81.9,94.8,5.2,11,87.3,90.1,85.7,904
COL0521,2025,91.4,84.3,100,4.5,11,79.8,85.1,86.5,939
COL0522,2021,89.9,88.5,100,2.8,12,81.8,90.4,85.8,603
COL0522,2022,88.5,85.7,98.3,5.8,12,85.7,85.3,85.3,836
COL0522,2023,87.0,83.7,97.3,2.6,12,77.8,92.8,91.8,670
COL0522,2024,89.0,84.4,100,3.3,11,87.8,87.6,93.7,716
COL0522,2025,85.5,80.4,92.8,5.5,13,81.7,86.9,84.3,1012
COL0523,2021,91.7,81.1,97.7,4.7,9,82.2,90.8,92.1,760
COL0523,2022,90.6,88.0,100,2.1,10,88.0,93.4,91.1,531
COL0523,2023,87.7,85.2,100,2.5,11,84.9,92.4,82.9,765
COL0523,2024,85.4,86.7,100,4.3,11,88.6,85.0,92.8,668
COL0523,2025,87.6,91.1,100,2.8,11,84.3,91.2,94.3,691
COL0524,2021,84.2,71.5,91.0,7.6,16,63.1,81.1,79.3,1472
COL0524,2022,82.1,73.8,93.1,7.6,15,72.6,78.5,75.9,1362
COL0524,2023,89.1,76.1,93.0,5.6,13,69.4,86.5,83.3,1171
COL0524,2024,88.2,75.3,94.3,6.1,15,69.1,84.1,78.7,1235
COL0524,2025,86.2,79.7,91.2,7.3,14,80.9,87.3,81.6,1181
COL0525,2021,88.3,82.7,95.7,6.8,12,84.5,86.8,93.4,822
COL0525,2022,83.1,76.4,86.7,4.8,14,78.3,82.2,90.3,1028
COL0525,2023,91.6,79.6,100,4.7,13,86.4,86.6,84.7,819
COL0525,2024,85.1,82.5,100,5.6,13,80.6,84.0,87.0,980
COL0525,2025,88.0,89.9,100,5.1,10,88.2,86.7,88.4,730
COL0526,2021,88.9,85.3,100,3.7,12,76.8,88.0,82.9,839
COL0526,2022,86.9,79.8,90.2,3.9,13,80.8,90.8,82.0,846
COL0526,2023,85.2,77.3,96.5,4.0,11,75.0,86.5,86.6,1051
COL0526,2024,90.1,78.4,94.0,4.9,12,75.3,90.2,86.4,993
COL0526,2025,90.4,84.4,100,4.8,12,82.4,88.7,82.7,987
COL0527,2021,75.1,67.5,80.3,11.6,18,58.7,74.4,72.9,1820
COL0527,2022,80.7,72.4,80.6,10.7,18,62.7,77.6,72.5,1685
COL0527,2023,72.6,64.0,71.8,14.3,19,50.4,67.2,66.5,1961
COL0527,2024,77.1,62.3,81.3,13.1,16,62.4,69.1,70.5,1856
COL0527,2025,72.4,64.9,76.2,12.5,19,56.3,70.2,66.0,1894
COL0528,2021,84.5,83.7,100,6.1,13,93.8,87.1,86.3,817
COL0528,2022,85.6,77.1,90.8,5.2,14,83.8,82.4,79.3,1023
COL0528,2023,86.9,84.7,94.6,6.9,12,86.8,87.7,85.2,933
COL0528,2024,83.4,76.3,96.7,6.5,12,84.8,85.7,86.4,1076
COL0528,2025,89.2,85.8,100,5.2,15,86.3,82.3,86.5,930
COL0529,2021,79.1,69.2,77.5,11.0,13,61.1,75.0,80.6,1640
COL0529,2022,78.8,75.8,94.9,10.5,14,69.5,81.9,73.0,1477
COL0529,2023,82.1,71.4,90.6,5.9,14,71.8,82.6,79.6,1333
COL0529,2024,83.1,70.1,83.6,7.7,14,70.5,81.2,81.4,1409
COL0529,2025,77.1,69.9,89.8,9.5,16,68.3,75.5,75.7,1569
COL0530,2021,95.9,90.8,100,2.6,10,100,95.7,95.0,323
COL0530,2022,97.1,92.6,100,2.7,8,100,94.6,98.2,317
COL0530,2023,97.1,93.5,100,0,9,100,93.1,88.5,160
COL0530,2024,92.8,97.7,100,3.6,10,100,92.9,90.1,443
COL0530,2025,92.2,90.4,100,2.3,8,100,93.4,90.6,378
COL0531,2021,94.2,98,100,1.2,9,100,93.6,90.8,206
COL0531,2022,91.3,90.0,100,3.9,10,100,91.2,92.5,397
COL0531,2023,100,98,100,1.1,8,100,100,96.4,49
COL0531,2024,97.7,98,100,0.9,8,100,97.3,96.2,170
COL0531,2025,94.2,95.7,100,0.6,10,100,100,91.3,103
COL0532,2021,93.8,85.7,100,1.3,11,96.0,88.1,95.0,336
COL0532,2022,93.0,92.9,100,3.4,11,95.7,89.0,94.9,497
COL0532,2023,95.2,86.5,100,4.5,10,86.2,93.1,91.9,597
COL0532,2024,92.8,89.3,100,1.7,9,90.1,92.9,96.9,482
COL0532,2025,90.5,88.6,100,4.7,9,84.0,94.6,91.7,741
COL0533,2021,81.3,77.1,96.7,10.8,14,79.8,75.6,75.3,1370
COL0533,2022,83.2,71.0,90.5,9.3,17,75.5,74.4,72.8,1482
COL0533,2023,77.7,70.3,84.0,11.4,15,77.9,75.4,76.6,1655
COL0533,2024,82.1,73.2,87.2,8.4,18,78.1,72.9,73.9,1417
COL0533,2025,80.0,69.5,84.3,7.1,16,74.0,76.5,78.6,1460
COL0534,2021,75.5,68.8,84.7,9.2,17,62.6,75.3,72.9,1597
COL0534,2022,81.1,63.6,77.7,12.1,16,63.4,74.6,71.2,1775
COL0534,2023,76.8,70.7,89.5,8.8,17,56.3,77.5,70.3,1618
COL0534,2024,80.6,61.1,79.7,12.4,15,57.4,72.7,74.8,1813
COL0534,2025,75.8,67.2,81.5,10.0,17,53.4,71.0,68.5,1813
COL0535,2021,81.8,71.5,86.2,7.7,16,54.8,79.9,72.7,1598
COL0535,2022,79.2,68.0,87.2,11.9,15,68.0,71.4,79.8,1695
COL0535,2023,78.6,74.8,88.4,7.7,16,65.4,79.9,76.8,1510
COL0535,2024,78.8,70.5,88.8,11.3,17,63.9,79.5,78.2,1684
COL0535,2025,74.9,67.6,83.7,11.5,15,57.6,74.8,79.7,1799
COL0536,2021,89.8,78.9,97.3,6.3,11,78.9,83.5,83.3,1045
COL0536,2022,86.9,85.6,100,3.8,12,79.5,86.8,88.8,723
COL0536,2023,94.3,83.9,100,2.2,11,87.6,92.5,89.7,607
COL0536,2024,86.0,87.6,100,4.8,10,80.7,86.4,89.1,889
COL0536,2025,91.3,90.2,100,3.9,10,94.8,95.4,93.6,585
COL0537,2021,87.9,88.8,100,2.8,12,97.8,90.3,90.5,503
COL0537,2022,92.6,91.5,100,2.7,11,100,90.5,90.1,347
COL0537,2023,95.0,91.3,100,4.3,11,100,89.6,85.0,465
COL0537,2024,91.4,91.4,100,3.0,10,100,89.8,96.8,374
COL0537,2025,92.4,94.4,100,5.4,10,100,87.5,93.1,639
COL0538,2021,81.2,79.1,96.4,6.4,13,73.2,81.9,86.4,1140
COL0538,2022,85.6,75.5,92.4,6.1,15,77.4,86.1,77.9,1116
COL0538,2023,80.3,76.0,88.3,6.2,13,72.9,81.0,75.9,1344
COL0538,2024,82.4,79.7,89.4,8.7,15,69.6,81.8,74.6,1478
COL0538,2025,83.2,78.1,93.3,7.3,16,75.0,78.2,74.6,1396
COL0539,2021,78.7,74.9,93.0,9.9,13,69.9,76.4,75.7,1513
COL0539,2022,78.5,70.6,86.6,7.6,16,64.4,77.1,78.3,1556
COL0539,2023,84.2,76.2,91.5,6.4,15,70.9,82.8,74.8,1233
COL0539,2024,83.6,72.3,86.2,9.2,14,61.8,76.9,76.5,1637
COL0539,2025,84.4,76.2,89.4,6.7,14,64.0,77.8,74.6,1420
COL0540,2021,84.1,79.9,93.7,4.4,14,81.2,87.1,80.7,968
COL0540,2022,86.0,81.8,92.5,5.4,12,76.2,83.3,78.7,1119
COL0540,2023,85.3,88.5,100,4.7,12,85.1,87.9,88.8,846
COL0540,2024,92.4,77.7,87.7,4.7,13,77.1,91.0,89.0,958
COL0540,2025,93.4,84.7,95.0,5.4,12,86.6,92.1,88.2,873
COL0541,2021,83.4,73.8,92.0,9.1,17,72.4,80.5,75.5,1384
COL0541,2022,82.3,74.5,88.7,7.7,14,67.6,78.1,72.2,1490
COL0541,2023,85.0,77.2,92.2,7.4,13,67.1,79.6,84.1,1284
COL0541,2024,84.4,71.1,81.4,6.3,14,69.9,77.7,79.9,1362
COL0541,2025,82.8,81.9,90.8,6.2,14,74.4,79.5,88.9,1246
COL0542,2021,75.9,62.5,78.9,12.3,18,61.0,70.8,73.3,1797
COL0542,2022,73.9,65.3,79.9,11.5,17,67.3,71.5,73.7,1798
COL0542,2023,76.6,56.8,69.7,13.1,18,58.3,70.1,70.1,1927
COL0542,2024,77.4,71.2,85.7,10.1,19,67.5,74.7,74.6,1615
COL0542,2025,71.1,62.4,75.1,14.3,20,59.4,69.7,64.2,1917
COL0543,2021,95.1,98,100,1.9,9,100,96.7,96.2,218
COL0543,2022,94.3,94.4,100,0.1,8,100,96.8,90.8,141
COL0543,2023,94.1,98,100,0,8,100,97.7,97.3,79
COL0543,2024,98.8,92.7,100,2.5,9,100,95.7,96.1,285
COL0543,2025,96.2,98,100,2.6,8,100,95.3,100,107
COL0544,2021,90.6,81.9,98.2,3.2,13,79.0,87.2,87.2,816
COL0544,2022,92.3,80.0,94.1,4.0,11,77.8,87.9,81.3,860
COL0544,2023,92.8,81.7,93.2,6.3,12,77.9,88.9,83.6,992
COL0544,2024,91.9,83.0,100,3.3,12,85.0,85.7,84.4,700
COL0544,2025,87.9,86.5,99.7,5.4,9,89.8,87.8,84.9,897
COL0545,2021,86.1,79.8,93.3,5.8,14,78.3,86.8,82.7,1065
COL0545,2022,83.8,79.1,91.7,4.8,13,74.0,85.6,85.1,1003
COL0545,2023,89.0,79.9,91.5,3.8,13,77.9,91.7,88.5,863
COL0545,2024,87.8,82.2,98.1,4.2,13,83.9,85.9,88.1,821
COL0545,2025,87.6,82.3,100,2.9,11,88.1,89.8,84.9,850
COL0546,2021,88.7,79.6,89.3,6.3,13,72.7,85.1,88.6,1134
COL0546,2022,92.3,86.0,100,3.9,12,78.0,88.6,82.2,772
COL0546,2023,88.9,85.7,100,4.2,12,83.6,90.3,81.1,837
COL0546,2024,87.5,85.7,100,3.0,14,86.0,88.9,81.3,820
COL0546,2025,89.6,80.8,93.1,4.0,10,85.7,89.5,91.8,771
COL0547,2021,93.3,96.6,100,0,8,98.9,98.9,94.3,63
COL0547,2022,98.2,94.9,100,0.5,9,100,92.2,98.8,102
COL0547,2023,100,97.8,100,0,8,100,99.0,91.5,31
COL0547,2024,92.8,98,100,0,9,94.2,96.7,90.5,127
COL0547,2025,94.9,98,100,0.5,10,100,97.8,97.9,76
COL0548,2021,82.7,76.1,88.1,9.1,14,66.5,80.7,79.1,1417
COL0548,2022,80.3,73.5,91.0,9.8,15,79.2,78.0,81.8,1391
COL0548,2023,84.0,74.0,94.0,8.9,14,65.9,80.3,74.6,1479
COL0548,2024,81.1,69.0,85.2,8.0,17,64.6,83.9,83.6,1463
COL0548,2025,80.4,70.7,83.0,8.6,14,64.6,83.7,80.2,1552
COL0549,2021,96.3,85.9,100,3.4,10,87.3,94.7,87.7,604
COL0549,2022,90.0,91.7,100,1.5,11,93.2,93.6,94.3,281
COL0549,2023,96.0,94.3,100,3.3,9,91.4,93.6,92.5,364
COL0549,2024,96.6,88.2,99.5,2.8,10,96.6,95.2,96.4,376
COL0549,2025,90.0,88.3,100,3.0,9,87.7,89.5,88.7,747
COL0550,2021,86.2,79.8,100,6.1,13,89.1,86.5,83.7,903
COL0550,2022,90.1,80.7,95.1,7.0,13,88.7,83.6,85.3,998
COL0550,2023,92.3,88.4,100,6.5,13,90.6,89.0,87.4,731
COL0550,2024,90.4,93.4,100,6.4,12,99.9,87.4,90.3,654
COL0550,2025,86.7,84.7,98.3,3.8,12,96.8,90.0,93.0,660
COL0551,2021,90.8,90.0,100,2.1,12,100,88.9,95.6,280
COL0551,2022,92.7,89.0,100,1.6,10,100,91.9,87.7,314
COL0551,2023,94.3,97.8,100,1.4,10,100,93.4,90.4,279
COL0551,2024,97.8,95.4,100,0.9,11,100,97.7,88.0,231
COL0551,2025,91.5,96.9,100,3.4,11,100,94.2,94.0,272
COL0552,2021,93.3,96.0,100,1.5,8,90.6,91.1,95.8,312
COL0552,2022,92.1,92.6,100,0.8,11,95.1,91.7,98.1,283
COL0552,2023,89.9,95.2,100,3.3,8,92.2,90.9,91.7,487
COL0552,2024,96.4,94.4,100,1.4,8,98.8,93.9,88.5,249
COL0552,2025,99.4,95.4,100,1.7,8,90.2,99.0,95.6,188
COL0553,2021,78.3,71.9,85.6,10.1,18,67.6,74.2,73.9,1592
COL0553,2022,81.2,75.9,92.8,9.5,16,75.0,81.0,78.3,1325
COL0553,2023,82.4,68.1,79.0,8.2,16,67.8,73.4,72.4,1630
COL0553,2024,76.8,64.6,82.8,11.6,18,69.9,72.0,75.5,1715
COL0553,2025,84.9,74.6,94.5,8.8,15,85.8,84.9,82.1,1241
COL0554,2021,73.0,59.1,76.5,16.1,20,50.3,62.4,70.2,1971
COL0554,2022,67.4,52.5,70.3,15.0,23,36.3,60.7,62.5,1995
COL0554,2023,67.8,49.9,60,14.2,19,48.5,61.6,64.8,1988
COL0554,2024,74.8,55.2,63.6,14.2,20,47.8,67.2,70.7,1985
COL0554,2025,73.2,58.4,65.8,15.4,19,44.3,63.5,69.4,1986
COL0555,2021,100,96.5,100,1.3,8,95.8,100,99.4,48
COL0555,2022,98.3,96.3,100,2.7,11,100,97.4,94.8,236
COL0555,2023,99.6,97.9,100,2.0,8,100,96.4,100,47
COL0555,2024,96.9,98,100,3.3,8,100,93.6,99.1,200
COL0555,2025,91.2,91.8,100,3.3,8,90.3,95.5,98.4,431
COL0556,2021,76.2,60.0,71.9,13.4,17,52.5,68.0,70.4,1904
COL0556,2022,76.1,67.8,82.4,11.2,16,57.0,72.8,72.7,1819
COL0556,2023,73.9,69.9,78.8,12.0,17,64.2,72.5,76.5,1780
COL0556,2024,76.6,66.0,77.5,13.2,19,57.0,71.2,71.7,1879
COL0556,2025,74.5,65.5,73.5,11.9,19,58.1,68.4,72.1,1876
COL0557,2021,90.6,84.2,100,5.3,12,91.6,83.0,85.8,767
COL0557,2022,85.8,82.9,93.9,6.5,12,93.9,90.5,88.9,811
COL0557,2023,88.0,83.6,94.6,5.0,10,97.2,86.4,84.5,830
COL0557,2024,88.1,79.5,99.4,3.6,14,87.1,86.6,86.5,826
COL0557,2025,90.2,81.4,90.7,6.7,11,94.9,82.9,81.4,1000
COL0558,2021,74.6,57.9,67.5,10.2,17,49.1,73.2,68.6,1892
COL0558,2022,73.0,62.1,76.9,11.0,18,57.4,72.9,72.4,1800
COL0558,2023,70.5,57.9,73.0,11.8,18,52.0,66.9,75.6,1908
COL0558,2024,74.4,58.4,72.1,13.3,18,56.9,68.9,68.2,1937
COL0558,2025,78.9,59.2,74.1,9.9,19,60.8,69.6,70.5,1807
COL0559,2021,81.2,80.5,90.8,8.0,14,80.6,82.1,72.8,1233
COL0559,2022,83.7,71.0,79.4,8.3,15,70.4,81.2,75.5,1506
COL0559,2023,80.6,74.9,94.6,9.0,13,75.2,80.8,78.2,1396
COL0559,2024,81.2,70.5,88.9,7.8,17,70.5,78.5,72.9,1526
COL0559,2025,83.3,77.5,88.2,9.0,15,77.0,79.0,82.2,1419
COL0560,2021,85.3,73.5,90.4,8.4,13,64.8,82.6,76.2,1459
COL0560,2022,85.7,75.2,88.1,7.5,16,63.9,78.2,84.1,1346
COL0560,2023,80.4,73.9,85.9,9.0,16,67.9,80.0,72.7,1551
COL0560,2024,83.0,74.2,87.4,9.3,14,67.5,79.5,76.1,1555
COL0560,2025,82.2,66.4,78.8,9.8,18,58.1,75.3,71.1,1774
COL0561,2021,85.2,68.3,78.2,9.3,14,63.7,80.8,78.0,1518
COL0561,2022,88.0,77.1,95.0,7.7,14,67.8,83.5,76.8,1319
COL0561,2023,79.4,71.5,81.1,9.4,13,66.6,81.1,78.8,1604
COL0561,2024,82.1,69.2,77.3,10.3,17,61.1,72.7,72.3,1708
COL0561,2025,79.0,75.1,90.5,7.4,14,70.7,82.6,79.0,1427
COL0562,2021,84.6,71.0,80.2,9.6,16,66.9,77.9,71.3,1547
COL0562,2022,83.6,68.4,79.9,8.8,16,66.7,79.7,82.8,1564
COL0562,2023,80.0,74.7,84.3,9.1,16,61.1,80.2,73.6,1633
COL0562,2024,85.1,72.9,93.1,7.4,15,70.9,82.2,76.3,1322
COL0562,2025,80.2,76.7,89.0,10.0,16,70.6,78.7,76.3,1527
COL0563,2021,83.8,79.1,91.1,8.0,15,87.2,86.4,85.6,992
COL0563,2022,89.9,87.4,100,3.4,13,87.4,88.4,79.3,774
COL0563,2023,90.9,88.0,100,3.8,12,89.2,91.3,86.7,604
COL0563,2024,87.8,90.4,100,4.5,10,100,92.9,86.7,638
COL0563,2025,91.0,88.8,100,5.3,13,97.0,85.4,84.2,718
COL0564,2021,91.1,86.3,100,6.2,12,96.3,89.7,83.9,749
COL0564,2022,85.9,88.3,100,6.1,13,95.9,88.3,90.4,649
COL0564,2023,84.0,83.9,98.5,6.8,14,92.2,83.6,87.1,917
COL0564,2024,88.8,75.5,96.2,6.8,13,84.9,80.0,84.5,1100
COL0564,2025,90.7,81.2,96.2,4.8,11,92.7,85.0,85.6,835
COL0565,2021,72.0,56.5,66.0,11.9,21,45.6,68.8,63.8,1951
COL0565,2022,70.5,60.7,71.0,14.1,20,53.7,69.9,71.4,1931
COL0565,2023,74.3,55.0,62.8,11.9,19,55.1,66.7,67.9,1946
COL0565,2024,77.3,59.9,68.4,13.1,16,54.6,71.9,67.1,1914
COL0565,2025,73.2,67.6,80.1,10.9,16,61.2,71.6,72.6,1787
COL0566,2021,93.3,87.5,100,3.2,13,87.6,89.9,88.7,555
COL0566,2022,88.1,80.4,90.6,5.7,11,86.3,85.0,85.9,881
COL0566,2023,88.1,89.5,100,4.4,11,89.6,85.6,91.5,673
COL0566,2024,95.0,92.3,100,1.3,9,92.5,92.8,87.2,352
COL0566,2025,94.4,81.9,96.6,1.6,10,86.1,91.9,87.3,682
COL0567,2021,88.1,75.7,94.7,7.4,15,73.3,80.8,81.8,1236
COL0567,2022,84.1,85.1,96.2,6.6,15,80.8,86.1,77.7,1007
COL0567,2023,87.7,80.7,100,8.0,12,73.8,79.9,79.7,1234
COL0567,2024,85.1,81.7,94.7,4.1,12,71.2,88.9,89.5,1031
COL0567,2025,86.5,74.4,86.0,5.6,16,76.6,81.4,79.1,1275
COL0568,2021,85.0,76.2,85.3,6.0,16,76.0,84.8,79.7,1139
COL0568,2022,82.3,64.2,77.3,9.7,16,62.5,76.5,78.0,1621
COL0568,2023,77.2,75.2,88.3,9.0,14,71.5,75.5,71.7,1565
COL0568,2024,78.7,67.1,79.1,8.1,16,64.0,79.7,82.2,1536
COL0568,2025,81.8,68.7,85.7,7.2,16,60.9,82.9,76.0,1522
COL0569,2021,73.4,62.5,77.7,14.1,19,56.2,71.5,65.1,1924
COL0569,2022,75.3,61.4,71.5,11.4,17,59.7,71.4,73.5,1822
COL0569,2023,78.6,67.5,75.5,11.6,17,61.1,71.1,80.4,1782
COL0569,2024,76.1,69.7,83.1,8.7,15,58.5,77.6,78.5,1673
COL0569,2025,77.8,62.4,80.0,8.8,15,55.6,77.5,76.4,1710
COL0570,2021,85.0,89.9,100,5.0,10,93.2,85.7,89.0,594
COL0570,2022,86.3,85.2,97.2,5.8,10,94.8,88.5,85.4,749
COL0570,2023,86.4,90.4,100,4.1,11,94.5,91.3,88.7,539
COL0570,2024,93.1,86.7,98.8,5.9,12,96.9,87.7,87.2,748
COL0570,2025,89.5,79.7,93.4,6.8,11,85.9,81.6,81.0,1146
COL0571,2021,79.3,71.2,83.1,9.2,14,75.0,76.9,77.6,1546
COL0571,2022,86.6,74.9,93.0,8.1,13,80.2,80.8,77.3,1284
COL0571,2023,84.6,77.9,96.9,8.6,15,83.3,82.1,79.5,1242
COL0571,2024,85.4,78.3,91.7,8.9,12,87.5,81.0,87.7,1156
COL0571,2025,88.4,78.8,91.3,7.4,14,88.6,84.7,87.4,1043
COL0572,2021,69.8,52.5,68.3,13.1,19,38.1,66.5,70.7,1988
COL0572,2022,76.6,55.0,72.6,11.0,18,45.5,70.9,65.9,1927
COL0572,2023,71.4,53.3,71.0,14.9,22,48.8,64.7,71.6,1986
COL0572,2024,72.6,58.4,77.3,11.5,20,43.6,68.6,69.9,1944
COL0572,2025,71.6,59.1,70.4,13.8,21,46.7,64.7,70.3,1975
COL0573,2021,90.8,94.9,100,3.9,10,94.0,94.7,87.5,497
COL0573,2022,91.5,89.0,100,4.2,9,89.9,89.8,88.8,598
COL0573,2023,96.3,96.6,100,2.1,8,91.9,95.8,88.7,384
COL0573,2024,92.6,93.2,100,0.6,9,93.7,92.0,92.7,315
COL0573,2025,95.2,93.4,100,0.3,10,94.7,97.5,91.0,206
COL0574,2021,91.7,76.5,91.4,4.2,14,73.5,89.8,80.5,1034
COL0574,2022,86.5,84.4,96.8,3.7,13,79.1,88.6,84.2,820
COL0574,2023,90.9,85.9,95.6,5.6,15,83.3,85.4,87.6,821
COL0574,2024,83.5,84.1,95.6,5.2,14,82.5,87.2,78.3,1090
COL0574,2025,85.6,86.7,100,4.9,13,78.0,87.0,84.7,1017
COL0575,2021,79.7,70.7,83.8,8.5,17,60.1,79.1,82.6,1543
COL0575,2022,85.7,69.4,87.9,8.4,15,65.3,83.6,85.1,1455
COL0575,2023,86.0,75.5,91.8,8.0,15,70.0,81.8,83.7,1248
COL0575,2024,84.6,68.9,82.8,8.3,14,67.0,80.6,75.9,1550
COL0575,2025,88.0,75.4,88.2,6.2,16,74.2,86.1,83.9,1191
COL0576,2021,81.8,67.8,85.0,10.5,15,70.1,72.9,73.3,1582
COL0576,2022,75.5,66.3,76.5,10.4,16,71.1,76.0,77.3,1661
COL0576,2023,77.8,61.0,71.2,13.2,16,65.9,70.2,75.4,1835
COL0576,2024,74.8,68.9,84.5,12.5,17,65.7,71.4,76.9,1778
COL0576,2025,72.1,68.6,87.2,13.4,16,62.3,69.0,77.8,1825
COL0577,2021,71.9,55.0,61.8,13.3,21,46.9,66.4,68.0,1983
COL0577,2022,76.2,63.4,75.7,14.3,19,58.5,67.9,64.1,1914
COL0577,2023,70.8,61.2,72.8,11.8,19,55.1,67.7,64.8,1914
COL0577,2024,77.9,58.6,71.3,13.7,19,58.5,71.9,65.2,1925
COL0577,2025,74.4,59.5,78.3,14.0,20,58.9,73.3,69.6,1916
COL0578,2021,88.9,79.0,98.1,5.8,13,74.6,87.7,80.9,1001
COL0578,2022,90.3,90.8,100,4.9,10,88.1,94.6,92.7,541
COL0578,2023,86.9,87.4,100,6.1,13,82.6,90.7,83.5,883
COL0578,2024,92.3,88.5,100,1.9,9,81.8,89.4,88.4,573
COL0578,2025,91.6,88.9,100,4.1,9,89.6,95.3,91.5,596
COL0579,2021,91.6,91.2,100,2.6,8,84.2,90.7,92.8,529
COL0579,2022,95.3,90.2,100,1.9,12,96.0,90.2,96.2,390
COL0579,2023,88.1,88.3,100,3.5,13,92.7,87.8,86.4,649
COL0579,2024,90.7,89.6,100,0.7,12,96.4,97.0,92.1,351
COL0579,2025,95.3,86.4,97.7,2.4,8,84.9,92.1,89.9,704
COL0580,2021,81.3,61.6,73.6,11.4,17,60.7,72.8,74.5,1778
COL0580,2022,76.3,67.1,82.4,11.3,17,61.4,71.7,75.6,1706
COL0580,2023,82.9,71.8,81.2,8.8,16,57.5,78.2,68.1,1690
COL0580,2024,83.0,66.2,77.2,7.9,18,66.2,76.2,74.3,1626
COL0580,2025,79.9,72.7,84.4,7.4,15,66.3,81.0,70.6,1579
COL0581,2021,93.6,91.1,100,3.2,9,98.3,95.6,92.4,320
COL0581,2022,100,91.8,100,0,8,95.4,100,99.0,68
COL0581,2023,99.2,90.7,100,2.0,9,100,94.4,97.8,242
COL0581,2024,96.8,95.4,100,3.0,8,100,93.7,97.6,204
COL0581,2025,96.8,93.2,100,1.1,10,97.9,99.5,98.9,165
COL0582,2021,82.1,70.8,88.8,9.6,18,72.3,79.0,75.4,1424
COL0582,2022,76.2,66.6,82.0,11.8,16,67.6,77.9,73.2,1681
COL0582,2023,80.5,72.2,82.5,9.8,15,69.8,77.1,76.4,1580
COL0582,2024,77.9,71.1,88.0,8.9,16,77.9,74.7,78.1,1519
COL0582,2025,76.9,74.9,83.8,10.2,15,75.4,73.7,79.6,1533
COL0583,2021,92.9,87.4,100,4.4,11,88.6,94.0,85.6,535
COL0583,2022,87.3,84.9,99.0,6.1,13,83.4,92.1,89.9,829
COL0583,2023,89.8,80.9,94.6,5.2,11,79.3,93.1,84.2,973
COL0583,2024,95.0,83.6,100,3.9,11,85.3,93.9,91.9,617
COL0583,2025,90.1,89.0,99.4,3.5,10,88.6,93.0,93.4,609
COL0584,2021,73.7,69.3,87.3,12.6,18,61.6,71.8,67.4,1819
COL0584,2022,81.0,64.3,76.2,8.8,16,55.2,78.9,70.9,1729
COL0584,2023,83.4,68.2,82.5,10.5,17,66.0,79.1,72.4,1672
COL0584,2024,80.9,70.0,84.8,9.8,15,60.6,77.2,73.0,1627
COL0584,2025,80.0,67.1,80.9,8.8,17,66.6,76.2,75.3,1614
COL0585,2021,86.8,76.6,95.7,5.2,14,75.3,86.9,86.7,961
COL0585,2022,85.4,79.4,99.5,4.6,13,77.1,85.8,82.9,1047
COL0585,2023,85.3,77.0,95.8,8.0,12,73.7,84.1,82.9,1246
COL0585,2024,88.7,82.1,99.5,4.4,11,83.4,91.6,85.6,811
COL0585,2025,86.4,86.9,100,7.0,11,80.2,88.9,90.8,926
COL0586,2021,88.7,90.9,100,5.4,11,92.6,89.5,90.4,625
COL0586,2022,89.2,86.3,96.8,5.6,10,95.4,88.6,86.6,666
COL0586,2023,92.2,90.0,100,4.3,9,100,94.5,93.9,438
COL0586,2024,90.2,91.2,100,5.4,11,94.0,86.5,92.7,629
COL0586,2025,91.8,95.2,100,1.5,8,100,94.5,95.6,242
COL0587,2021,87.6,82.9,100,5.0,12,78.2,88.5,82.2,916
COL0587,2022,84.9,82.7,100,4.4,13,76.9,88.2,88.0,914
COL0587,2023,87.5,75.2,93.0,7.7,16,73.9,84.3,79.4,1334
COL0587,2024,86.2,83.1,97.8,6.5,12,73.8,83.9,89.0,1057
COL0587,2025,88.5,81.5,97.5,6.3,14,72.9,83.5,85.9,1170
COL0588,2021,86.1,79.5,95.0,5.9,11,86.1,82.3,84.3,1047
COL0588,2022,85.7,80.9,91.1,7.0,11,83.6,87.7,82.9,1052
COL0588,2023,88.4,82.8,100,5.8,11,82.8,85.5,83.3,928
COL0588,2024,90.7,88.0,99.6,3.5,10,88.3,94.1,87.4,663
COL0588,2025,86.3,81.8,92.4,6.3,11,82.2,85.7,86.0,1101
COL0589,2021,94.6,92.2,100,2.6,8,100,100,98.2,149
COL0589,2022,93.5,91.6,100,1.6,11,100,91.0,99.6,297
COL0589,2023,93.9,96.0,100,0,8,100,98.9,97.1,103
COL0589,2024,100,94.6,100,2.2,9,100,98.4,98.6,156
COL0589,2025,94.1,91.2,100,2.4,9,100,94.6,100,343
COL0590,2021,84.3,76.3,94.7,7.7,14,67.9,87.4,78.3,1268
COL0590,2022,87.9,79.7,95.7,4.9,12,77.6,89.1,80.6,1039
COL0590,2023,86.8,79.9,89.1,8.8,12,71.9,79.1,83.4,1337
COL0590,2024,88.1,78.9,89.9,5.3,11,77.4,84.7,86.4,1152
COL0590,2025,87.5,83.7,97.3,6.5,13,82.4,88.2,85.5,988
COL0591,2021,90.0,85.0,100,3.6,11,88.4,88.4,91.5,574
COL0591,2022,93.3,94.7,100,2.8,12,94.1,93.5,87.5,435
COL0591,2023,90.2,85.4,100,5.3,9,84.3,92.5,87.6,757
COL0591,2024,94.1,88.7,100,4.6,12,84.2,93.3,83.1,672
COL0591,2025,86.3,82.1,100,6.4,13,87.1,87.4,92.3,863
COL0592,2021,96.2,93.9,100,1.5,10,91.3,96.2,94.1,237
COL0592,2022,96.8,93.4,100,1.2,8,93.5,97.9,96.6,266
COL0592,2023,95.6,92.5,100,2.4,8,99.9,100,89.7,269
COL0592,2024,96.2,98,100,1.8,8,97.1,93.4,97.4,232
COL0592,2025,91.8,95.8,100,3.0,9,95.2,92.4,96.9,344
COL0593,2021,97.4,91.0,100,1.9,9,100,91.9,93.7,216
COL0593,2022,97.0,96.7,100,1.0,10,100,93.3,96.1,69
COL0593,2023,93.5,93.8,100,4.9,9,97.4,86.6,94.1,522
COL0593,2024,90.3,90.5,100,3.2,12,97.0,91.3,93.3,521
COL0593,2025,91.8,94.3,100,1.6,12,100,96.5,85.9,332
COL0594,2021,83.1,83.7,97.2,6.6,15,80.0,84.9,79.0,1124
COL0594,2022,82.8,73.3,90.7,8.1,14,80.0,82.0,87.0,1218
COL0594,2023,83.4,81.1,94.1,5.5,13,82.9,81.4,81.4,1079
COL0594,2024,82.6,80.0,90.4,5.8,12,85.4,83.8,82.3,1150
COL0594,2025,83.4,76.6,85.8,7.3,14,88.2,81.3,84.4,1263
COL0595,2021,78.0,65.9,80.8,11.4,18,64.6,76.6,70.8,1761
COL0595,2022,73.7,66.1,74.3,12.1,16,66.1,71.2,75.1,1749
COL0595,2023,73.5,59.6,73.6,10.3,16,55.0,69.1,79.0,1853
COL0595,2024,78.0,59.5,78.5,10.3,19,56.2,75.6,73.0,1819
COL0595,2025,74.3,66.0,77.7,12.2,18,59.2,76.6,73.6,1851
COL0596,2021,85.8,77.7,94.5,5.8,17,70.6,82.6,78.9,1200
COL0596,2022,86.7,71.7,90.4,7.3,15,72.1,84.3,82.0,1257
COL0596,2023,80.6,76.8,93.4,7.1,17,70.6,79.8,82.8,1327
COL0596,2024,82.0,72.7,92.2,9.2,14,67.3,82.6,79.0,1500
COL0596,2025,82.1,78.5,90.6,6.4,16,71.9,81.3,76.8,1370
COL0597,2021,83.2,84.7,94.7,6.5,12,89.0,84.9,80.5,917
COL0597,2022,84.1,87.4,97.4,5.2,13,86.1,85.7,87.7,826
COL0597,2023,93.5,82.5,99.5,3.6,14,90.1,88.9,86.7,664
COL0597,2024,90.5,95.1,100,3.3,13,100,92.9,91.0,426
COL0597,2025,91.9,86.9,100,2.6,13,95.3,87.9,94.3,574
COL0598,2021,91.8,89.9,100,1.4,8,95.3,92.9,100,290
COL0598,2022,95.4,90.5,100,0.7,8,96.5,92.1,95.9,323
COL0598,2023,94.7,94.4,100,2.4,9,100,91.0,90.9,395
COL0598,2024,96.4,95.4,100,2.1,8,95.1,100,93.9,341
COL0598,2025,93.7,98,100,2.7,10,98.0,93.1,97.9,193
COL0599,2021,88.4,84.0,100,4.8,12,86.3,87.4,89.3,769
COL0599,2022,91.5,83.0,99.4,3.3,12,82.4,85.6,87.0,704
COL0599,2023,91.3,79.5,100,5.3,11,79.9,90.1,81.1,896
COL0599,2024,90.9,81.4,98.9,5.3,12,79.5,87.1,85.6,888
COL0599,2025,88.6,78.4,98.6,4.6,13,84.6,83.4,81.9,1061
COL0600,2021,89.4,80.0,89.5,4.6,12,77.8,84.2,91.2,962
COL0600,2022,86.5,77.2,88.5,3.8,13,76.3,85.9,89.7,940
COL0600,2023,90.6,80.5,96.2,6.5,14,84.8,87.7,87.1,989
COL0600,2024,85.2,80.2,95.3,6.8,14,79.7,87.2,88.8,1138
COL0600,2025,85.3,87.4,100,5.6,11,83.0,87.0,83.8,944
COL0601,2021,88.7,88.1,100,6.2,11,96.7,85.3,84.1,669
COL0601,2022,88.9,82.1,97.8,3.4,14,96.0,90.5,90.4,563
COL0601,2023,88.8,84.0,100,4.2,12,94.3,93.3,83.4,624
COL0601,2024,88.0,82.6,100,5.5,14,85.7,88.7,88.1,830
COL0601,2025,88.9,85.2,98.5,5.8,11,99.2,87.7,93.3,800
COL0602,2021,86.9,83.8,100,3.4,12,95.3,85.6,83.1,659
COL0602,2022,91.8,85.2,100,2.6,9,95.7,89.6,94.0,456
COL0602,2023,91.1,92.8,100,4.9,12,95.5,89.9,85.2,526
COL0602,2024,96.7,97.9,100,3.3,9,100,95.1,96.5,344
COL0602,2025,92.5,90.6,100,1.5,9,100,88.9,92.7,336
COL0603,2021,85.7,78.1,94.5,6.3,14,80.2,86.1,79.1,1115
COL0603,2022,84.6,76.6,88.8,7.4,13,70.1,84.0,85.3,1306
COL0603,2023,82.6,78.1,91.7,5.0,13,78.4,85.7,86.4,1067
COL0603,2024,84.9,80.5,96.9,5.6,12,74.7,82.0,78.2,1224
COL0603,2025,89.5,82.0,99.2,7.7,13,72.3,85.8,85.9,1176
COL0604,2021,97.7,92.7,100,0,8,99.2,93.6,98.8,22
COL0604,2022,97.7,98,100,0.8,8,94.3,98.7,99.5,29
COL0604,2023,98.3,95.4,100,1.3,10,100,97.1,90.9,154
COL0604,2024,94.6,95.1,100,2.7,10,97.1,94.7,97.5,251
COL0604,2025,92.7,91.9,100,0.9,10,100,96.3,96.1,120
COL0605,2021,82.5,82.8,98.9,8.5,14,80.3,81.8,80.8,1118
COL0605,2022,86.1,85.5,100,4.2,12,82.1,89.3,85.8,732
COL0605,2023,91.0,78.6,93.1,6.3,12,81.1,87.2,90.6,993
COL0605,2024,82.4,84.9,100,7.6,12,78.9,81.6,79.8,1172
COL0605,2025,89.6,80.2,93.2,3.5,11,82.5,84.3,91.5,892
COL0606,2021,73.1,63.3,82.4,13.8,18,58.5,72.7,68.7,1859
COL0606,2022,75.6,59.4,74.4,13.9,18,57.0,66.6,74.0,1925
COL0606,2023,74.3,59.8,71.8,10.3,19,54.1,72.7,69.3,1846
COL0606,2024,73.0,62.6,78.2,10.6,19,56.5,68.5,74.2,1857
COL0606,2025,76.4,56.2,69.1,11.7,18,51.9,67.4,73.2,1902
COL0607,2021,90.4,79.3,91.9,4.9,10,79.5,85.3,82.3,883
COL0607,2022,92.7,90.1,100,2.1,10,89.4,86.1,90.1,448
COL0607,2023,92.3,84.1,100,3.6,12,90.7,88.6,87.3,622
COL0607,2024,93.5,86.7,100,4.9,11,87.7,86.9,86.3,740
COL0607,2025,89.5,90.3,100,6.1,13,90.2,89.6,85.6,768
COL0608,2021,80.3,68.6,76.5,9.4,17,62.1,76.0,69.1,1623
COL0608,2022,78.4,69.9,85.0,8.6,17,62.3,74.1,74.0,1624
COL0608,2023,75.1,63.9,76.2,11.5,19,67.9,71.0,67.5,1829
COL0608,2024,77.6,67.6,78.8,11.7,18,60.9,74.9,67.7,1808
COL0608,2025,79.2,69.6,83.9,9.6,19,74.0,76.9,77.6,1628
COL0609,2021,77.7,69.1,77.5,9.0,15,78.9,76.4,83.1,1473
COL0609,2022,79.2,78.3,98.6,6.8,13,77.7,78.3,77.6,1256
COL0609,2023,83.4,77.9,96.9,7.1,15,80.3,79.7,83.8,1179
COL0609,2024,86.1,81.3,100,6.4,15,83.7,83.1,83.8,1016
COL0609,2025,85.8,81.0,100,7.5,15,87.1,87.8,85.6,1062
COL0610,2021,88.6,86.4,100,4.0,13,86.0,91.0,91.2,640
COL0610,2022,84.6,81.6,92.8,6.0,13,73.1,89.7,89.8,990
COL0610,2023,85.0,81.7,98.6,5.6,14,84.2,88.8,91.4,865
COL0610,2024,84.6,79.2,88.8,5.3,11,75.9,82.1,80.5,1166
COL0610,2025,85.5,82.2,92.4,7.6,13,80.9,83.5,82.2,1173
COL0611,2021,97.5,91.0,100,1.7,8,100,98.4,91.4,144
COL0611,2022,94.5,90.8,100,0.0,9,100,93.4,98.8,205
COL0611,2023,99.1,98,100,0.8,9,100,97.8,95.6,61
COL0611,2024,90.0,96.0,100,2.6,10,100,91.9,96.7,316
COL0611,2025,99.5,94.5,100,1.7,10,100,100,90.9,101
COL0612,2021,95.6,85.6,100,3.2,11,86.8,93.7,93.7,523
COL0612,2022,90.7,87.0,100,3.4,10,90.7,95.7,97.3,422
COL0612,2023,94.1,93.7,100,0,10,91.1,100,92.3,239
COL0612,2024,91.1,92.7,100,3.9,8,96.5,96.9,92.7,481
COL0612,2025,92.1,97.8,100,1.3,9,97.3,93.1,99.3,253
COL0613,2021,71.2,52.5,66.2,16.0,19,43.5,62.8,63.4,1995
COL0613,2022,70.9,57.6,67.0,12.2,21,45.0,64.9,72.4,1955
COL0613,2023,68.6,59.2,70.5,15.8,19,46.0,65.2,69.2,1975
COL0613,2024,74.7,63.8,79.6,14.9,19,55.3,65.2,68.4,1947
COL0613,2025,74.8,60.2,77.9,12.0,17,53.7,68.2,65.4,1931
COL0614,2021,85.3,70.4,84.6,6.3,14,70.1,82.3,78.7,1317
COL0614,2022,82.3,76.8,88.5,7.8,15,68.3,84.2,82.6,1296
COL0614,2023,84.3,77.5,96.6,8.5,16,71.8,86.7,85.3,1215
COL0614,2024,83.7,74.1,94.7,5.1,12,74.4,84.9,87.5,1102
COL0614,2025,84.4,74.8,93.0,5.5,12,75.0,81.1,88.2,1149
COL0615,2021,72.4,57.6,68.2,12.2,17,51.6,70.2,73.3,1905
COL0615,2022,76.4,69.8,87.6,11.0,16,62.4,77.8,74.7,1666
COL0615,2023,77.7,60.5,78.5,11.5,16,60.0,73.8,71.6,1788
COL0615,2024,77.7,58.9,73.1,11.8,16,55.8,72.2,72.8,1848
COL0615,2025,75.7,72.1,84.1,9.3,18,63.5,77.5,68.1,1644
COL0616,2021,86.6,87.5,100,3.8,12,87.1,85.8,87.9,675
COL0616,2022,90.5,80.3,94.3,4.7,14,91.9,86.8,88.2,798
COL0616,2023,90.7,80.4,96.5,4.3,14,93.0,89.5,84.1,720
COL0616,2024,84.3,85.1,100,4.5,12,86.7,87.1,82.1,887
COL0616,2025,90.3,81.7,95.3,3.2,11,88.1,89.7,88.5,748
COL0617,2021,93.4,83.8,100,2.2,9,81.8,87.7,95.0,568
COL0617,2022,88.0,85.5,100,4.3,11,78.7,88.4,82.6,931
COL0617,2023,89.0,84.1,100,4.3,11,87.1,90.2,85.8,775
COL0617,2024,87.2,79.6,94.6,4.7,10,76.4,87.6,87.1,952
COL0617,2025,89.6,84.7,100,6.1,11,87.0,88.0,82.5,965
COL0618,2021,88.3,84.4,100,5.5,13,93.3,90.6,90.0,696
COL0618,2022,85.0,78.0,87.4,7.1,14,90.9,82.2,91.1,1006
COL0618,2023,89.7,87.7,99.9,4.1,13,93.4,85.8,83.1,667
COL0618,2024,87.7,85.4,95.6,5.6,10,91.0,93.0,87.9,870
COL0618,2025,95.4,95.8,100,1.2,9,100,93.4,91.1,183
COL0619,2021,84.5,74.9,93.0,9.0,17,77.3,80.2,78.2,1352
COL0619,2022,78.1,76.7,92.0,7.7,16,73.1,80.5,83.1,1368
COL0619,2023,82.3,75.3,91.1,7.0,17,72.6,79.4,78.9,1381
COL0619,2024,78.1,72.4,83.9,9.9,13,82.5,74.5,74.2,1507
COL0619,2025,80.2,72.8,90.9,10.0,17,73.2,79.1,81.1,1479
COL0620,2021,86.1,80.0,98.2,5.7,12,70.1,84.6,79.4,1083
COL0620,2022,85.7,72.8,90.8,6.1,16,74.0,83.0,85.0,1176
COL0620,2023,81.3,76.6,95.0,8.6,14,73.6,76.8,74.7,1382
COL0620,2024,86.6,76.2,95.4,7.3,14,73.1,79.2,88.7,1189
COL0620,2025,87.7,78.5,94.1,6.6,14,73.3,83.9,76.8,1291
COL0621,2021,78.0,64.3,72.4,8.7,15,60.3,76.6,79.7,1716
COL0621,2022,82.5,66.8,82.6,9.9,17,61.9,81.6,79.3,1599
COL0621,2023,79.9,70.3,82.6,9.1,15,66.0,82.7,74.3,1559
COL0621,2024,86.0,78.3,87.7,6.1,15,74.0,88.8,86.0,1101
COL0621,2025,88.6,83.3,100,6.3,13,80.4,85.8,87.2,949
COL0622,2021,83.7,70.0,81.6,7.5,18,66.0,78.7,81.8,1437
COL0622,2022,80.3,64.9,78.9,11.7,18,63.9,71.6,72.1,1733
COL0622,2023,75.3,68.6,88.0,9.3,19,56.8,78.5,74.2,1699
COL0622,2024,77.4,66.3,78.3,10.8,16,57.3,74.6,77.9,1730
COL0622,2025,79.9,63.6,82.1,11.4,16,57.7,75.8,71.6,1793
COL0623,2021,89.5,81.3,90.7,5.2,14,90.2,83.9,83.1,838
COL0623,2022,85.5,82.7,99.0,3.8,13,92.2,84.4,88.1,786
COL0623,2023,94.2,88.9,100,3.8,12,94.7,92.7,87.2,549
COL0623,2024,93.0,85.1,100,2.8,12,96.2,90.0,92.3,496
COL0623,2025,89.4,90.7,100,5.6,10,100,90.8,89.3,634
COL0624,2021,80.1,72.7,90.0,11.7,16,68.9,75.8,75.9,1589
COL0624,2022,79.1,65.5,74.4,10.0,18,67.7,76.2,74.8,1678
COL0624,2023,76.9,64.6,84.0,12.1,18,63.9,78.7,71.8,1748
COL0624,2024,74.2,69.9,77.6,12.8,16,72.4,72.2,76.1,1777
COL0624,2025,75.9,65.0,78.1,10.6,15,64.8,79.1,72.5,1726
COL0625,2021,78.6,72.8,90.5,7.2,16,59.2,80.6,82.1,1375
COL0625,2022,80.2,71.9,81.8,9.7,18,67.4,79.5,76.5,1514
COL0625,2023,83.0,70.6,79.8,8.4,14,60.0,73.9,74.1,1680
COL0625,2024,78.4,64.2,79.2,10.1,15,67.5,75.2,75.7,1745
COL0625,2025,79.3,72.1,91.2,8.8,17,64.7,76.1,76.9,1570
COL0626,2021,88.5,77.6,86.9,6.4,14,71.0,85.2,88.7,1127
COL0626,2022,80.7,74.2,88.3,8.9,13,79.2,79.4,80.4,1316
COL0626,2023,85.2,80.3,89.4,7.9,13,74.2,79.8,84.5,1227
COL0626,2024,87.0,74.2,87.7,7.8,12,68.4,77.9,86.8,1394
COL0626,2025,85.5,78.4,91.9,5.4,15,73.9,86.0,76.1,1284
COL0627,2021,84.3,84.0,95.5,6.1,14,77.4,88.1,79.0,1074
COL0627,2022,87.3,78.5,95.1,5.8,13,73.3,89.4,80.8,1044
COL0627,2023,81.5,80.0,91.6,8.5,13,79.6,80.9,88.3,1226
COL0627,2024,85.2,83.3,99.8,7.5,13,78.5,88.3,80.9,1108
COL0627,2025,89.5,75.2,95.4,5.4,13,72.6,86.8,82.6,1125
COL0628,2021,90.3,85.2,100,5.1,11,99.3,86.7,92.7,524
COL0628,2022,87.8,86.3,99.6,2.6,10,93.0,90.2,82.7,552
COL0628,2023,87.3,84.0,100,4.5,10,94.6,91.8,87.0,615
COL0628,2024,90.6,94.8,100,1.7,12,100,96.3,88.0,359
COL0628,2025,89.7,94.2,100,4.8,12,99.6,91.8,90.0,581
COL0629,2021,75.4,58.2,73.9,11.4,19,61.2,69.5,69.3,1872
COL0629,2022,80.1,63.7,74.7,11.3,18,67.7,75.5,70.8,1719
COL0629,2023,72.2,62.3,80.7,13.9,20,64.0,66.0,68.4,1920
COL0629,2024,78.1,57.5,73.2,10.2,20,57.9,69.9,69.0,1834
COL0629,2025,76.1,66.7,85.9,11.7,18,67.4,75.8,71.9,1759
COL0630,2021,80.6,66.9,82.4,7.4,14,65.4,75.7,75.7,1579
COL0630,2022,82.1,72.2,91.5,8.1,16,72.5,81.6,76.3,1380
COL0630,2023,88.1,72.6,84.9,7.9,16,69.4,84.8,78.9,1404
COL0630,2024,80.4,74.8,88.9,9.6,16,73.8,76.1,76.0,1542
COL0630,2025,80.8,78.8,98.2,6.8,14,72.6,77.6,80.8,1270
COL0631,2021,90.2,75.2,85.0,5.2,15,73.1,85.9,79.1,1104
COL0631,2022,92.7,81.4,91.2,3.6,13,77.2,90.8,80.8,920
COL0631,2023,91.2,78.9,93.4,3.3,13,84.2,84.0,92.3,739
COL0631,2024,90.6,79.7,90.5,6.0,10,81.3,86.8,86.6,998
COL0631,2025,87.2,90.6,100,6.4,10,88.0,89.0,85.4,885
COL0632,2021,91.2,90.9,100,1.9,10,93.6,91.1,89.9,423
COL0632,2022,89.8,90.8,100,3.2,12,92.7,90.0,93.0,486
COL0632,2023,90.4,87.0,98.4,2.9,9,84.7,93.9,85.3,688
COL0632,2024,90.9,92.9,100,4.8,11,88.1,94.4,91.7,648
COL0632,2025,94.5,82.3,96.4,2.8,9,86.8,88.3,84.5,793
COL0633,2021,87.9,91.0,100,5.5,11,93.8,85.8,94.5,613
COL0633,2022,91.9,92.3,100,4.2,11,100,85.7,94.6,494
COL0633,2023,92.8,87.6,99.2,6.2,10,99.4,85.7,94.6,663
COL0633,2024,88.8,94.3,100,3.7,11,100,92.6,93.6,511
COL0633,2025,88.7,88.1,99.5,5.7,11,98.2,86.8,91.6,722
COL0634,2021,89.1,75.6,88.9,4.1,11,76.3,85.3,87.5,1011
COL0634,2022,88.4,82.6,100,4.4,13,86.6,91.3,90.4,707
COL0634,2023,84.0,81.2,100,4.9,13,87.4,83.8,82.1,963
COL0634,2024,86.8,81.3,95.3,5.2,10,78.8,85.3,87.8,976
COL0634,2025,93.5,90.3,100,3.3,10,81.2,93.0,92.5,676
COL0635,2021,92.6,93.9,100,3.5,8,97.9,93.9,93.5,361
COL0635,2022,93.8,92.5,100,0.2,8,98.1,95.5,97.1,140
COL0635,2023,93.9,90.8,100,0.6,8,96.9,92.7,95.9,236
COL0635,2024,95.6,96.4,100,0,8,95.7,97.4,100,63
COL0635,2025,98.6,95.7,100,0,8,100,100,91.4,82
COL0636,2021,92.5,88.5,100,5.1,8,100,89.3,89.7,572
COL0636,2022,92.6,89.8,100,4.9,11,100,89.5,94.6,451
COL0636,2023,93.9,89.1,100,3.8,11,100,89.7,91.8,521
COL0636,2024,91.2,94.6,100,2.4,9,100,96.0,91.7,345
COL0636,2025,93.7,88.8,98.7,2.0,11,100,87.3,96.1,500
COL0637,2021,93.0,88.8,100,2.5,11,92.7,89.1,88.1,512
COL0637,2022,91.0,90.3,100,4.5,11,93.1,89.4,91.9,604
COL0637,2023,93.4,85.4,100,3.0,8,92.2,87.0,97.0,484
COL0637,2024,90.2,96.1,100,2.2,9,94.3,96.3,89.4,324
COL0637,2025,90.5,91.4,100,3.5,10,95.4,92.9,90.6,579
COL0638,2021,93.7,89.8,100,1.6,12,84.0,91.6,92.6,516
COL0638,2022,87.1,85.7,99.9,3.0,13,88.7,87.7,90.4,617
COL0638,2023,93.6,88.5,100,1.3,10,88.4,91.8,92.4,401
COL0638,2024,90.8,89.2,100,3.7,10,88.9,93.0,83.1,607
COL0638,2025,96.7,94.2,100,2.8,10,91.0,95.1,91.5,479
COL0639,2021,87.4,88.3,100,2.8,12,96.3,90.7,82.9,489
COL0639,2022,94.2,93.1,100,3.2,10,100,91.2,83.1,492
COL0639,2023,85.2,82.9,93.4,7.3,11,94.4,85.8,88.9,858
COL0639,2024,93.9,90.5,100,2.5,12,92.4,89.3,87.4,527
COL0639,2025,88.3,85.9,100,5.3,13,93.1,89.4,81.9,907
COL0640,2021,90.7,92.6,100,3.7,8,93.9,94.7,89.2,431
COL0640,2022,94.6,89.4,100,1.6,12,90.1,89.2,90.4,362
COL0640,2023,98.6,97.4,100,0.3,8,95.4,95.9,94.1,137
COL0640,2024,92.8,92.0,100,2.8,10,91.5,95.4,98.2,480
COL0640,2025,95.5,95.6,100,1.6,8,91.6,91.5,95.9,396
COL0641,2021,78.4,71.2,88.3,11.2,17,56.4,80.4,79.3,1692
COL0641,2022,76.3,62.4,80.5,10.2,15,63.7,73.5,69.4,1723
COL0641,2023,75.2,63.6,82.9,10.6,17,63.5,72.8,80.6,1696
COL0641,2024,82.0,76.3,91.0,10.0,15,64.2,80.3,81.1,1491
COL0641,2025,80.8,65.9,77.5,7.4,14,59.5,78.5,75.2,1621
COL0642,2021,92.6,90.9,100,0.4,10,95.8,95.1,98.4,256
COL0642,2022,92.6,90.9,100,0.5,9,91.0,96.3,95.4,341
COL0642,2023,97.9,94.8,100,0.7,8,95.6,94.9,94.4,186
COL0642,2024,99.1,93.6,100,0.3,8,98.9,94.3,92.9,91
COL0642,2025,100,93.3,100,2.2,8,96.2,98.4,90.9,400
COL0643,2021,88.0,83.7,94.3,4.9,15,78.6,88.2,84.3,912
COL0643,2022,87.0,74.8,94.5,7.4,14,73.8,85.7,79.5,1224
COL0643,2023,87.1,78.8,96.3,5.8,11,74.6,85.0,87.2,1077
COL0643,2024,90.6,78.0,89.4,4.0,13,74.6,87.0,89.2,1062
COL0643,2025,93.6,86.6,100,4.8,13,89.1,93.7,89.6,646
COL0644,2021,90.8,88.9,100,2.2,9,89.1,95.4,96.4,473
COL0644,2022,90.6,86.8,100,1.2,10,88.6,91.5,89.0,474
COL0644,2023,95.1,86.1,100,3.2,12,85.7,93.5,91.9,553
COL0644,2024,95.9,86.8,100,2.5,11,91.8,90.4,89.3,574
COL0644,2025,89.4,90.2,100,2.7,9,86.8,90.6,93.7,535
COL0645,2021,89.8,85.6,96.6,4.7,10,100,89.8,82.5,636
COL0645,2022,88.0,90.0,100,6.4,13,89.5,90.4,91.7,754
COL0645,2023,90.6,83.5,99.6,4.7,10,95.7,84.8,82.2,774
COL0645,2024,87.3,89.7,100,3.9,12,97.9,89.5,88.0,628
COL0645,2025,89.0,91.4,100,5.0,11,93.9,92.7,85.2,736
COL0646,2021,86.8,84.8,100,6.9,13,83.6,86.9,91.0,874
COL0646,2022,93.6,91.0,100,5.0,12,86.6,91.1,93.8,558
COL0646,2023,87.9,89.5,99.5,2.5,13,87.7,91.1,89.5,640
COL0646,2024,86.7,84.0,99.0,6.0,11,78.6,87.7,91.3,996
COL0646,2025,92.6,82.5,100,2.6,12,78.0,90.4,86.5,852
COL0647,2021,93.2,95.7,100,0,8,97.7,99.2,92.3,59
COL0647,2022,96.0,98,100,0.1,8,100,97.1,95.8,10
COL0647,2023,97.9,95.4,100,0.5,8,95.4,100,98.5,36
COL0647,2024,99.0,98,100,2.4,8,100,94.2,96.0,263
COL0647,2025,91.7,94.5,100,1.1,11,91.2,96.2,99.3,318
COL0648,2021,79.3,76.7,88.7,9.3,17,74.2,78.8,81.9,1377
COL0648,2022,80.7,72.8,85.4,6.8,15,70.3,81.9,74.2,1448
COL0648,2023,82.2,73.8,82.3,8.5,15,76.1,73.5,78.2,1453
COL0648,2024,74.8,69.7,80.4,11.4,15,65.2,72.6,71.8,1788
COL0648,2025,77.4,65.0,82.4,11.5,16,69.7,71.0,69.3,1748
COL0649,2021,93.3,90.5,100,5.1,12,97.3,93.2,89.9,552
COL0649,2022,90.1,85.6,100,4.2,13,100,88.9,84.6,623
COL0649,2023,90.7,87.9,100,5.6,12,96.3,90.8,88.1,721
COL0649,2024,89.8,96.3,100,3.4,11,100,94.4,93.8,391
COL0649,2025,92.3,89.9,100,4.7,11,99.6,93.2,89.9,559
COL0650,2021,91.3,85.6,99.7,4.5,12,85.2,92.4,86.2,672
COL0650,2022,90.7,84.4,97.4,5.8,10,89.0,86.1,89.4,748
COL0650,2023,89.8,86.8,100,5.0,10,88.1,85.6,91.5,763
COL0650,2024,88.1,87.7,98.3,2.1,11,85.3,89.8,85.8,626
COL0650,2025,89.6,94.4,100,2.3,11,93.8,96.0,93.8,466
COL0651,2021,93.8,90.8,100,0.4,10,100,91.1,89.7,173
COL0651,2022,97.0,98,100,0.4,8,100,100,93.4,53
COL0651,2023,95.6,97.4,100,2.9,8,100,96.0,95.2,292
COL0651,2024,92.0,88.9,100,3.6,11,100,92.3,88.3,442
COL0651,2025,100,96.9,100,0,8,100,100,95.7,23
COL0652,2021,85.2,71.5,86.4,8.7,12,69.1,81.3,75.5,1485
COL0652,2022,86.9,74.5,92.9,7.8,16,75.5,79.9,79.3,1234
COL0652,2023,82.3,72.2,86.9,5.5,15,71.0,84.0,78.0,1229
COL0652,2024,89.9,74.3,85.4,7.8,12,72.4,87.5,86.4,1287
COL0652,2025,83.8,80.0,94.9,6.5,15,68.8,84.8,75.6,1267
COL0653,2021,85.5,73.0,83.6,8.7,16,83.1,83.2,75.0,1329
COL0653,2022,85.8,76.1,85.5,6.5,15,77.9,80.6,78.5,1228
COL0653,2023,85.0,78.5,93.8,6.3,13,85.4,81.9,82.9,1049
COL0653,2024,85.4,82.5,100,8.0,15,87.9,78.3,79.4,1107
COL0653,2025,82.0,78.8,94.0,7.8,16,83.5,77.9,84.8,1247
COL0654,2021,70.6,57.8,68.5,13.7,19,38.9,70.9,68.2,1961
COL0654,2022,75.4,61.4,69.3,14.5,18,50.2,70.5,70.1,1951
COL0654,2023,67.4,53.7,64.7,15.7,21,51.2,64.6,71.3,1981
COL0654,2024,74.0,58.4,70.5,12.3,20,41.6,69.1,59.4,1958
COL0654,2025,69.0,50.8,60,14.1,21,38.4,61.3,69.8,1994
COL0655,2021,85.4,81.9,99.8,6.7,14,83.9,81.6,80.5,1054
COL0655,2022,85.3,80.7,91.8,6.4,11,91.1,89.1,87.5,867
COL0655,2023,85.4,82.1,98.6,6.0,11,95.2,85.1,81.7,848
COL0655,2024,85.1,85.8,100,8.1,13,89.0,81.3,84.1,1122
COL0655,2025,85.2,86.9,100,4.5,12,93.1,84.0,86.1,737
COL0656,2021,90.1,84.6,100,6.6,14,88.3,88.2,85.9,873
COL0656,2022,88.4,84.7,100,7.9,12,88.9,83.1,79.5,1045
COL0656,2023,88.6,80.8,94.0,7.2,14,91.6,85.2,84.2,1035
COL0656,2024,84.5,81.9,100,6.2,11,86.6,81.4,90.0,919
COL0656,2025,91.5,81.7,92.0,6.7,14,93.7,86.6,80.1,997
COL0657,2021,84.1,73.1,88.8,6.5,17,78.9,82.4,82.5,1244
COL0657,2022,77.3,77.5,92.7,11.2,16,74.0,79.8,76.8,1520
COL0657,2023,76.9,70.6,82.9,9.8,14,69.9,76.0,71.7,1632
COL0657,2024,84.0,74.5,87.2,7.3,17,74.2,82.7,78.5,1379
COL0657,2025,79.9,71.9,81.7,10.0,15,68.0,81.1,80.2,1609
COL0658,2021,82.4,73.2,91.8,8.4,15,79.4,80.0,78.0,1297
COL0658,2022,89.7,77.6,96.9,5.2,14,82.6,88.1,85.5,926
COL0658,2023,83.0,80.1,91.1,7.8,14,77.6,82.6,82.8,1170
COL0658,2024,83.6,80.1,98.8,5.1,13,72.2,86.2,79.3,1161
COL0658,2025,87.7,84.0,99.7,3.7,11,87.9,87.5,87.2,851
COL0659,2021,93.4,90.7,100,1.5,11,100,87.5,88.9,379
COL0659,2022,96.9,98,100,1.5,8,100,94.2,93.9,118
COL0659,2023,96.9,98,100,0,9,100,95.9,87.9,210
COL0659,2024,94.2,93.2,100,3.3,10,100,89.8,93.2,471
COL0659,2025,90.7,92.7,100,3.8,11,100,95.8,94.1,525
COL0660,2021,92.9,88.6,100,3.5,11,83.7,88.6,89.2,551
COL0660,2022,89.2,83.9,100,2.6,12,89.4,89.8,93.3,512
COL0660,2023,89.8,81.4,100,4.9,11,86.5,85.7,90.9,893
COL0660,2024,94.9,89.8,100,5.1,9,90.4,89.6,86.0,649
COL0660,2025,92.3,87.0,100,1.6,12,82.7,90.6,88.0,666
COL0661,2021,89.3,83.8,97.1,5.2,11,92.1,88.6,84.7,776
COL0661,2022,96.0,91.5,100,2.2,11,97.2,97.1,94.0,273
COL0661,2023,88.5,88.0,100,4.6,12,84.9,90.0,84.5,755
COL0661,2024,95.1,87.3,100,1.0,10,95.2,94.9,89.0,407
COL0661,2025,92.5,95.9,100,2.4,9,95.1,91.8,89.7,417
COL0662,2021,93.6,93.3,100,1.6,8,94.6,90.2,87.4,369
COL0662,2022,92.1,91.1,100,4.3,9,93.4,92.4,93.3,583
COL0662,2023,95.3,95.9,100,0,10,100,99.8,94.1,44
COL0662,2024,93.3,91.6,100,0.4,10,100,96.6,99.2,199
COL0662,2025,97.4,97.4,100,0.9,9,98.7,97.8,93.8,111
COL0663,2021,91.1,94.2,100,4.9,9,100,90.3,93.2,470
COL0663,2022,93.6,92.4,100,2.0,10,100,94.6,88.9,312
COL0663,2023,88.9,88.7,99.8,3.0,11,99.9,91.7,89.9,439
COL0663,2024,89.4,90.1,100,2.1,10,97.7,89.8,87.2,499
COL0663,2025,96.9,93.5,100,2.6,8,100,93.9,98.4,347
COL0664,2021,86.0,69.6,82.7,8.6,17,74.7,80.4,77.6,1438
COL0664,2022,80.0,74.7,89.7,9.8,16,74.8,82.8,83.3,1451
COL0664,2023,79.0,76.0,87.4,8.2,15,83.1,76.7,80.6,1340
COL0664,2024,81.2,80.9,90.2,8.3,15,79.5,81.9,75.8,1317
COL0664,2025,85.1,72.6,83.9,6.3,15,84.5,79.8,75.4,1302
COL0665,2021,80.3,69.9,83.3,7.1,16,77.4,77.0,79.0,1368
COL0665,2022,85.5,82.1,100,8.5,13,81.9,82.3,79.4,1122
COL0665,2023,85.0,79.8,92.7,9.4,14,76.5,78.2,82.9,1366
COL0665,2024,87.0,75.1,94.5,8.5,14,80.7,81.1,80.0,1277
COL0665,2025,80.5,83.6,99.0,8.6,14,84.1,81.5,86.1,1215
COL0666,2021,79.6,68.4,81.0,9.5,14,59.8,79.0,70.9,1637
COL0666,2022,82.0,71.1,90.2,8.2,18,66.9,74.6,81.1,1438
COL0666,2023,78.1,68.7,82.3,9.3,15,61.7,75.1,75.2,1668
COL0666,2024,75.0,61.5,77.8,10.5,18,58.1,74.3,76.3,1782
COL0666,2025,75.5,69.9,81.8,11.1,16,59.8,77.3,78.0,1705
COL0667,2021,94.3,97.5,100,0,9,90.0,99.5,92.0,192
COL0667,2022,88.7,90.9,100,4.2,10,98.5,89.0,89.3,587
COL0667,2023,98.7,94.1,100,0,10,92.2,97.5,94.4,162
COL0667,2024,95.9,88.1,100,2.8,12,84.8,90.7,88.0,655
COL0667,2025,88.7,92.6,100,5.5,10,94.9,87.8,97.2,693
COL0668,2021,89.7,83.2,95.3,5.5,11,93.0,91.7,82.9,689
COL0668,2022,83.5,89.5,100,7.9,14,98.2,83.8,82.3,932
COL0668,2023,88.6,86.9,100,5.7,14,90.3,86.2,87.7,816
COL0668,2024,86.2,80.2,96.6,6.8,14,82.4,81.4,86.5,1123
COL0668,2025,90.3,86.2,100,7.0,13,91.6,88.7,89.3,796
COL0669,2021,98.3,98,100,1.9,8,96.2,100,100,120
COL0669,2022,93.4,96.9,100,3.0,11,97.8,98.0,93.4,351
COL0669,2023,97.5,98,100,0.7,9,100,100,95.1,13
COL0669,2024,99.2,98,100,0.2,9,97.4,100,96.7,58
COL0669,2025,93.9,98,100,2.5,8,95.3,100,94.1,212
COL0670,2021,92.8,87.1,100,1.9,11,97.6,93.8,83.9,394
COL0670,2022,91.4,91.5,100,4.5,10,100,92.3,90.2,385
COL0670,2023,95.2,98,100,3.0,11,100,98.1,95.4,266
COL0670,2024,91.5,95.9,100,4.6,9,100,93.0,87.9,530
COL0670,2025,89.6,89.3,100,4.2,11,100,92.2,97.3,482
COL0671,2021,84.9,85.2,95.4,4.5,12,83.8,85.9,86.0,780
COL0671,2022,91.3,86.1,100,3.7,10,83.1,86.6,83.0,744
COL0671,2023,91.2,87.6,100,3.4,11,79.2,88.7,87.2,679
COL0671,2024,90.3,82.3,100,3.6,13,82.6,89.4,94.4,723
COL0671,2025,94.1,90.7,100,4.3,12,91.7,91.7,96.9,566
COL0672,2021,74.8,65.9,85.4,9.7,17,57.9,74.2,70.5,1779
COL0672,2022,76.2,66.3,73.8,11.6,19,58.8,70.6,70.7,1838
COL0672,2023,78.3,72.3,81.7,10.1,14,58.2,81.4,74.9,1625
COL0672,2024,74.8,69.0,79.0,9.8,15,60.9,74.9,77.1,1674
COL0672,2025,84.0,71.5,91.9,9.3,16,65.6,82.5,79.3,1553
COL0673,2021,95.8,97.6,100,2.7,12,100,94.7,96.7,265
COL0673,2022,94.2,88.2,100,1.2,10,100,91.3,88.2,396
COL0673,2023,95.8,94.3,100,3.2,12,100,89.8,94.0,318
COL0673,2024,91.8,92.3,100,3.8,11,100,96.0,100,384
COL0673,2025,94.1,88.2,100,0.7,10,100,92.9,91.7,371
COL0674,2021,87.2,83.7,96.7,3.2,12,95.9,86.1,84.1,641
COL0674,2022,84.0,89.5,100,4.1,13,96.6,83.5,86.3,622
COL0674,2023,90.6,87.6,100,3.4,10,97.6,87.8,89.0,499
COL0674,2024,96.3,91.2,100,2.6,12,100,93.2,87.8,394
COL0674,2025,93.8,94.7,100,3.3,11,100,91.6,90.6,421
COL0675,2021,91.6,86.4,100,4.6,11,81.1,88.0,87.8,795
COL0675,2022,93.7,82.7,93.4,3.9,9,80.9,86.7,85.4,884
COL0675,2023,89.8,94.6,100,4.9,10,95.2,89.0,92.8,531
COL0675,2024,90.0,89.3,100,2.6,13,93.5,89.7,91.2,505
COL0675,2025,95.4,91.8,100,3.1,12,86.2,94.9,93.9,553
COL0676,2021,78.3,69.6,88.2,11.9,17,63.0,76.9,70.0,1743
COL0676,2022,75.5,67.7,79.6,8.7,18,61.5,77.2,68.8,1674
COL0676,2023,75.4,63.9,75.6,9.6,18,59.6,75.8,66.5,1795
COL0676,2024,79.8,62.3,79.7,11.8,19,58.9,76.5,68.5,1817
COL0676,2025,76.1,65.8,77.2,13.7,17,58.2,71.6,72.0,1906
COL0677,2021,76.0,63.0,73.7,8.7,18,64.7,71.5,71.8,1759
COL0677,2022,77.7,68.4,87.5,10.8,15,71.2,74.1,76.2,1660
COL0677,2023,77.2,70.9,83.8,11.7,18,61.6,76.0,71.8,1722
COL0677,2024,85.3,76.0,92.8,7.2,14,60.8,82.3,81.6,1444
COL0677,2025,80.2,66.8,84.7,10.0,17,68.9,73.5,71.1,1682
COL0678,2021,81.4,81.9,91.5,8.0,16,85.2,82.7,76.4,1192
COL0678,2022,85.0,83.3,92.1,5.5,13,83.8,83.6,78.8,1030
COL0678,2023,82.0,71.7,86.4,6.8,13,82.8,76.2,74.9,1305
COL0678,2024,83.0,71.2,87.1,9.9,14,80.3,76.0,74.1,1554
COL0678,2025,82.6,79.4,89.6,9.3,16,77.1,83.6,75.8,1448
COL0679,2021,84.8,72.6,81.1,9.8,15,66.8,76.2,82.4,1458
COL0679,2022,85.5,78.3,95.9,8.3,13,69.4,84.1,78.9,1351
COL0679,2023,87.0,73.2,89.4,5.3,12,74.1,79.4,83.0,1157
COL0679,2024,88.7,77.6,92.7,7.0,12,77.3,85.7,77.2,1153
COL0679,2025,85.2,77.6,93.8,5.1,11,78.6,81.9,83.4,1194
COL0680,2021,80.6,63.8,73.4,10.2,17,63.9,74.5,79.4,1741
COL0680,2022,78.3,69.9,81.9,9.2,15,62.4,80.0,73.1,1628
COL0680,2023,83.5,64.3,79.5,11.2,17,57.0,76.5,72.4,1772
COL0680,2024,83.0,72.6,92.1,8.4,16,72.9,81.9,73.2,1412
COL0680,2025,79.1,72.2,88.9,7.8,14,64.6,79.7,84.7,1529
COL0681,2021,87.7,82.6,100,7.2,14,83.0,83.1,81.6,964
COL0681,2022,87.9,79.7,89.2,4.9,13,72.4,84.6,86.0,1016
COL0681,2023,89.7,76.2,90.6,7.7,15,75.7,83.2,88.6,1122
COL0681,2024,85.3,86.4,95.7,4.3,14,83.7,87.4,86.2,891
COL0681,2025,82.5,83.3,96.3,5.7,14,77.6,82.4,84.9,1144
COL0682,2021,94.3,96.5,100,2.5,9,100,92.8,96.2,224
COL0682,2022,95.9,97.8,100,0.9,9,100,100,99.8,7
COL0682,2023,94.5,92.6,100,3.0,11,100,97.2,93.7,387
COL0682,2024,99.5,98,100,0,8,100,99.4,91.9,105
COL0682,2025,99.7,92.6,100,0,9,100,97.7,95.4,109
COL0683,2021,83.4,70.9,87.7,6.7,14,74.2,76.9,79.1,1331
COL0683,2022,81.5,78.9,89.1,9.7,15,70.5,80.7,83.2,1372
COL0683,2023,86.7,81.1,100,5.2,14,76.5,83.9,78.7,1010
COL0683,2024,84.0,73.5,84.2,8.7,12,77.2,81.0,87.5,1335
COL0683,2025,88.7,73.5,83.8,7.9,12,79.1,80.3,82.0,1310
COL0684,2021,89.1,80.8,97.6,6.6,14,81.2,82.1,86.0,949
COL0684,2022,89.1,82.0,100,2.7,11,77.4,91.8,86.9,783
COL0684,2023,91.5,82.5,93.5,2.8,13,80.0,86.7,90.8,842
COL0684,2024,88.2,79.8,96.8,6.0,14,85.7,85.4,88.5,1037
COL0684,2025,85.7,76.8,92.1,6.5,13,78.1,83.3,90.0,1151
COL0685,2021,90.1,86.5,100,3.4,11,98.4,90.8,89.3,432
COL0685,2022,89.8,88.1,100,3.0,10,90.8,88.7,85.9,536
COL0685,2023,94.2,88.4,100,4.9,12,90.3,91.9,92.1,627
COL0685,2024,88.8,86.4,100,7.8,12,88.7,82.9,88.1,935
COL0685,2025,88.4,88.3,100,7.4,11,96.4,84.2,85.9,927
COL0686,2021,85.9,86.3,96.7,7.7,15,89.0,86.8,78.3,985
COL0686,2022,90.9,84.8,98.5,4.4,15,91.9,89.0,81.1,681
COL0686,2023,81.4,79.7,88.8,5.6,14,86.9,83.2,81.6,1094
COL0686,2024,85.5,78.1,92.2,5.2,15,81.4,83.9,76.0,1130
COL0686,2025,88.8,80.6,95.1,7.5,15,83.0,85.2,78.6,1162
COL0687,2021,86.9,84.4,100,3.1,10,83.3,87.6,89.2,742
COL0687,2022,85.8,85.6,99.9,4.6,14,85.0,84.8,86.3,813
COL0687,2023,89.9,86.1,95.9,2.7,14,81.6,91.3,83.9,718
COL0687,2024,87.2,76.1,90.8,6.7,13,77.0,82.7,86.0,1171
COL0687,2025,88.2,87.2,100,5.5,13,83.9,92.1,83.3,834
COL0688,2021,100,94.8,100,2.0,8,100,99.5,91.4,96
COL0688,2022,98.8,98,100,0,9,100,95.5,100,26
COL0688,2023,91.1,90.4,100,2.1,9,100,94.2,96.2,385
COL0688,2024,97.8,92.6,100,1.0,9,100,96.4,93.2,119
COL0688,2025,95.7,89.7,100,2.8,11,100,93.0,90.0,379
COL0689,2021,87.9,81.6,97.3,5.5,11,91.3,87.7,87.5,812
COL0689,2022,91.2,87.3,100,2.8,11,94.4,89.5,83.4,549
COL0689,2023,90.3,89.3,99.1,5.4,10,95.1,84.9,91.9,632
COL0689,2024,90.7,84.2,96.8,5.5,10,90.3,83.3,92.0,852
COL0689,2025,89.9,89.2,100,3.0,12,95.2,91.8,90.9,490
COL0690,2021,93.9,87.9,100,5.1,11,94.3,90.3,84.0,593
COL0690,2022,93.4,85.8,96.6,5.7,10,91.9,90.1,85.7,689
COL0690,2023,90.4,93.0,100,3.6,9,100,91.6,94.7,446
COL0690,2024,90.5,93.0,100,4.0,10,100,94.1,96.0,500
COL0690,2025,88.3,91.6,100,5.1,8,100,90.6,90.5,554
COL0691,2021,88.9,82.1,94.1,5.6,11,84.8,87.3,83.9,840
COL0691,2022,91.0,84.0,97.3,3.1,12,81.7,85.7,90.4,769
COL0691,2023,89.4,90.5,100,3.8,9,88.2,94.0,86.3,610
COL0691,2024,93.7,95.1,100,2.9,9,91.5,89.5,92.7,475
COL0691,2025,95.2,90.0,100,2.0,10,92.2,93.4,92.4,514
COL0692,2021,86.1,76.7,95.5,7.3,16,68.7,83.8,79.4,1303
COL0692,2022,77.1,66.1,75.0,9.5,15,63.0,76.0,80.0,1693
COL0692,2023,79.0,78.5,93.2,7.5,16,74.3,76.2,84.1,1367
COL0692,2024,87.6,74.0,91.8,6.7,15,75.0,84.7,76.2,1255
COL0692,2025,85.8,79.3,94.3,7.8,11,71.6,84.4,80.0,1252
COL0693,2021,86.0,81.5,95.9,5.7,12,93.6,83.3,85.5,832
COL0693,2022,92.8,87.7,100,5.4,11,90.3,92.5,87.7,615
COL0693,2023,91.1,90.3,100,4.4,11,100,88.0,89.3,476
COL0693,2024,92.1,82.0,97.6,6.0,10,90.8,89.8,81.6,838
COL0693,2025,90.9,90.2,100,2.9,10,100,86.5,92.5,480
COL0694,2021,71.2,64.8,76.5,13.8,20,52.1,71.2,68.5,1906
COL0694,2022,77.2,62.7,73.7,10.4,21,46.7,72.2,69.9,1871
COL0694,2023,73.3,64.3,76.0,11.5,19,51.8,72.0,70.4,1867
COL0694,2024,74.0,61.6,71.9,10.5,17,57.4,70.0,72.5,1875
COL0694,2025,73.9,65.3,72.9,11.4,16,51.3,71.6,72.2,1859
COL0695,2021,95.4,89.7,100,2.2,12,88.0,89.1,93.9,452
COL0695,2022,93.6,97.7,100,2.0,10,93.3,98.9,90.7,246
COL0695,2023,90.8,92.8,100,2.1,10,95.9,94.6,87.4,480
COL0695,2024,98.3,96.0,100,3.3,10,91.0,94.6,96.9,365
COL0695,2025,92.5,90.2,100,1.4,11,89.7,97.3,91.4,442
COL0696,2021,94.2,94.9,100,4.0,12,100,93.9,96.6,325
COL0696,2022,90.3,90.5,100,5.0,12,98.6,92.1,92.5,515
COL0696,2023,87.4,79.8,91.9,5.8,14,90.4,84.5,85.8,938
COL0696,2024,90.0,88.2,100,4.4,11,100,93.0,92.7,525
COL0696,2025,91.6,85.7,100,5.7,11,93.0,92.1,84.0,842
COL0697,2021,87.8,86.5,100,4.2,11,95.7,87.9,89.2,557
COL0697,2022,93.8,91.1,100,0.9,8,96.5,93.8,96.5,303
COL0697,2023,88.4,89.4,100,5.6,11,93.3,89.6,86.1,760
COL0697,2024,94.6,97.7,100,0.0,8,93.7,97.3,91.7,270
COL0697,2025,96.3,93.0,100,3.9,9,89.7,92.4,88.9,582
COL0698,2021,96.5,97.3,100,1.5,10,100,92.7,91.8,102
COL0698,2022,96.9,98,100,2.2,10,100,94.6,100,86
COL0698,2023,98.0,98,100,0.9,8,100,95.2,93.2,143
COL0698,2024,94.2,91.3,100,3.4,8,100,95.4,95.9,371
COL0698,2025,97.9,95.9,100,0,8,100,94.2,95.5,149
COL0699,2021,79.6,57.7,65.2,12.3,18,51.9,72.4,68.9,1914
COL0699,2022,77.2,61.7,80.2,12.9,16,59.8,71.7,76.5,1855
COL0699,2023,75.9,62.7,75.8,11.9,20,53.6,75.8,71.7,1871
COL0699,2024,78.2,68.8,86.4,10.5,16,58.3,75.0,77.4,1696
COL0699,2025,80.2,62.7,76.5,8.5,16,62.7,77.8,68.3,1744
COL0700,2021,92.7,98,100,1.1,8,100,98.8,91.2,92
COL0700,2022,96.6,98,100,0,8,100,99.0,96.3,18
COL0700,2023,100,98,100,1.9,8,100,100,100,149
COL0700,2024,92.4,91.8,100,0.8,9,100,91.5,92.2,387
COL0700,2025,94.2,98,100,3.5,8,100,93.2,95.3,394
COL0701,2021,85.7,72.5,87.7,5.7,16,70.0,80.4,87.8,1237
COL0701,2022,84.0,83.0,91.8,8.4,13,80.8,81.0,81.9,1239
COL0701,2023,89.8,83.9,96.1,4.9,12,79.2,81.8,80.7,980
COL0701,2024,87.3,74.7,88.6,8.1,12,78.6,81.0,84.3,1313
COL0701,2025,88.1,87.7,98.2,4.8,11,84.4,88.6,79.7,896
COL0702,2021,91.3,95.0,100,0.9,11,99.7,92.3,95.4,176
COL0702,2022,92.3,96.0,100,0.8,10,100,96.5,90.3,114
COL0702,2023,94.0,92.1,100,3.9,10,100,94.1,92.7,431
COL0702,2024,94.0,98,100,0,8,100,99.5,95.4,55
COL0702,2025,97.1,98,100,0,8,100,100,97.1,5
COL0703,2021,82.3,82.0,98.7,6.0,12,86.1,82.4,89.0,924
COL0703,2022,84.8,74.0,90.0,7.5,15,87.7,77.9,79.3,1251
COL0703,2023,86.0,84.4,93.9,7.1,11,88.8,88.3,89.1,911
COL0703,2024,84.0,79.3,93.7,8.5,14,86.2,83.1,79.2,1194
COL0703,2025,86.3,88.4,100,5.7,13,92.4,86.3,78.1,843
COL0704,2021,87.5,71.5,90.8,7.4,16,75.7,82.0,75.8,1351
COL0704,2022,85.5,80.0,99.7,6.9,12,85.1,85.8,85.6,1036
COL0704,2023,83.5,71.7,80.8,9.6,16,80.5,77.2,77.2,1432
COL0704,2024,87.0,84.9,100,6.9,14,88.4,83.6,85.1,971
COL0704,2025,82.3,80.7,92.6,8.4,15,82.3,82.8,86.7,1219
COL0705,2021,93.9,91.2,100,1.9,9,100,97.1,90.7,230
COL0705,2022,98.2,95.8,100,1.4,9,100,99.2,100,50
COL0705,2023,91.9,93.7,100,0.0,10,100,92.8,100,180
COL0705,2024,94.0,93.4,100,2.5,9,100,97.1,98.2,346
COL0705,2025,99.7,95.1,100,0.7,8,100,96.1,90.9,239
COL0706,2021,84.9,85.2,94.7,7.1,15,87.3,83.4,87.6,994
COL0706,2022,82.4,83.9,100,8.8,15,91.2,80.5,78.9,1095
COL0706,2023,85.3,79.5,92.7,6.7,15,89.2,87.7,83.2,1000
COL0706,2024,86.4,86.2,100,7.5,14,84.9,86.6,82.4,1080
COL0706,2025,85.9,91.1,100,4.7,11,93.0,90.9,91.8,733
COL0707,2021,88.0,87.7,100,5.6,11,78.8,91.0,85.2,862
COL0707,2022,88.7,85.1,98.5,3.3,12,81.1,88.7,85.9,739
COL0707,2023,85.1,84.5,100,7.1,12,79.6,89.0,87.4,1054
COL0707,2024,90.3,85.6,100,3.7,11,87.7,89.0,90.6,698
COL0707,2025,90.1,83.6,93.5,2.2,9,87.9,90.9,93.8,684
COL0708,2021,95.0,90.0,100,0.5,9,92.8,97.1,91.9,229
COL0708,2022,94.4,98,100,0,9,96.4,98.1,94.7,65
COL0708,2023,93.6,98,100,2.9,8,95.4,95.4,92.0,296
COL0708,2024,99.5,93.8,100,0,8,100,98.0,92.9,56
COL0708,2025,94.3,93.7,100,2.8,8,100,95.7,100,289
COL0709,2021,83.8,69.4,85.0,9.1,15,63.0,79.6,74.5,1568
COL0709,2022,79.3,69.6,86.5,10.1,17,68.9,77.9,74.0,1557
COL0709,2023,82.9,72.9,91.6,9.9,15,66.2,76.4,81.6,1537
COL0709,2024,85.4,69.4,78.4,8.0,14,67.8,80.6,78.0,1552
COL0709,2025,83.0,75.1,94.2,6.5,15,69.4,83.8,74.8,1371
COL0710,2021,88.2,78.5,97.5,6.8,14,82.3,82.4,84.9,969
COL0710,2022,89.5,83.6,99.9,3.9,11,78.5,90.1,88.3,766
COL0710,2023,87.1,78.0,88.9,4.6,14,79.5,86.9,92.2,916
COL0710,2024,94.4,83.7,98.2,2.5,13,81.7,92.3,91.4,620
COL0710,2025,89.0,80.2,100,5.8,13,86.0,86.2,89.0,886
COL0711,2021,83.6,73.7,83.7,7.6,18,67.7,76.8,78.8,1403
COL0711,2022,79.4,71.1,85.7,11.6,15,66.4,75.1,72.6,1664
COL0711,2023,78.7,66.0,79.3,6.9,14,59.3,81.8,71.3,1645
COL0711,2024,84.4,71.0,86.6,10.4,16,65.2,78.2,78.0,1543
COL0711,2025,76.5,72.2,81.1,11.4,14,67.7,73.9,82.1,1634
COL0712,2021,81.3,64.4,72.6,8.6,18,62.0,73.4,78.9,1616
COL0712,2022,82.3,73.0,88.2,10.7,17,65.2,72.8,80.2,1573
COL0712,2023,81.1,70.7,81.4,9.0,14,63.1,77.1,74.5,1572
COL0712,2024,79.5,70.5,88.5,9.9,16,75.4,78.8,79.6,1456
COL0712,2025,85.8,77.6,88.3,6.5,17,67.5,82.4,81.2,1345
COL0713,2021,73.7,54.3,70.0,14.9,20,52.7,65.7,71.7,1946
COL0713,2022,76.5,60.3,70.5,12.4,18,55.6,68.2,74.0,1904
COL0713,2023,75.5,60.9,70.6,13.1,18,52.2,66.1,63.5,1957
COL0713,2024,77.4,59.5,70.4,12.4,17,45.4,72.1,74.1,1910
COL0713,2025,73.9,57.3,66.4,12.7,19,54.2,71.2,67.0,1939
COL0714,2021,100,98,100,1.3,10,98.3,97.7,95.9,23
COL0714,2022,98.8,97.6,100,0,9,98.5,94.4,98.6,45
COL0714,2023,94.1,96.8,100,0.1,8,100,100,94.6,66
COL0714,2024,100,97.6,100,0.2,8,95.4,100,100,6
COL0714,2025,96.6,93.6,100,0.8,8,95.1,99.0,94.3,126
COL0715,2021,86.3,88.7,100,6.4,12,98.6,86.5,87.1,615
COL0715,2022,89.0,89.5,100,4.5,12,99.5,85.2,92.2,638
COL0715,2023,83.0,86.8,100,6.6,14,87.1,84.8,77.7,1053
COL0715,2024,89.9,78.9,93.4,6.1,14,88.9,84.8,85.5,950
COL0715,2025,90.8,90.0,100,3.4,11,87.4,90.4,83.6,759
COL0716,2021,90.1,81.8,92.3,6.8,12,86.3,86.4,91.7,831
COL0716,2022,85.3,87.1,100,5.9,13,85.7,83.8,84.4,861
COL0716,2023,86.0,85.7,100,4.3,12,78.3,88.7,89.2,813
COL0716,2024,90.8,84.9,98.6,5.5,13,85.1,92.9,89.3,741
COL0716,2025,92.9,93.2,100,2.4,11,88.7,95.7,88.4,563
COL0717,2021,89.6,90.8,100,4.9,10,91.6,91.8,92.0,553
COL0717,2022,96.9,92.7,100,0.4,9,90.7,96.6,91.6,255
COL0717,2023,98.2,93.1,100,1.7,10,92.5,99.0,88.5,349
COL0717,2024,94.0,92.6,100,3.1,11,92.7,95.7,93.5,519
COL0717,2025,99.1,93.4,100,1.9,9,100,96.0,97.0,118
COL0718,2021,71.3,64.3,80.8,14.2,21,59.9,72.8,68.3,1860
COL0718,2022,74.2,65.6,79.5,13.7,18,60.3,67.0,74.4,1858
COL0718,2023,76.3,60.8,74.7,11.0,17,56.5,69.3,67.2,1888
COL0718,2024,76.4,65.1,72.9,13.7,18,56.4,67.8,74.9,1878
COL0718,2025,75.7,65.7,80.1,11.6,19,56.4,69.7,76.0,1811
COL0719,2021,92.3,80.4,98.2,4.3,14,82.9,89.2,81.9,807
COL0719,2022,90.8,84.5,100,4.2,12,85.8,84.4,85.4,821
COL0719,2023,88.7,83.5,95.3,2.7,13,88.1,89.1,89.9,759
COL0719,2024,86.9,78.9,94.5,5.9,12,77.6,87.4,90.5,1038
COL0719,2025,86.0,81.3,92.4,3.1,11,78.6,86.1,88.1,903
COL0720,2021,96.3,93.7,100,0,9,95.9,99.0,99.5,122
COL0720,2022,99.8,98,100,0.8,8,99.4,100,95.4,66
COL0720,2023,96.0,95.5,100,0,9,96.4,100,94.2,89
COL0720,2024,92.9,97.0,100,2.2,10,99.6,98.7,92.6,207
COL0720,2025,98.1,97.0,100,0.8,9,94.2,98.8,90.1,274
COL0721,2021,84.0,70.3,82.4,9.3,14,64.3,74.2,82.3,1487
COL0721,2022,81.2,72.1,83.8,11.2,17,64.2,74.6,75.5,1644
COL0721,2023,83.4,74.8,85.2,8.6,16,72.0,75.9,85.8,1415
COL0721,2024,82.8,69.6,80.2,7.1,14,67.4,76.5,85.9,1429
COL0721,2025,87.7,72.3,89.6,6.0,14,66.6,83.3,75.3,1382
COL0722,2021,70.4,50.6,64.6,15.4,20,44.0,63.5,67.2,1990
COL0722,2022,71.9,49.2,67.6,12.4,22,41.8,66.2,70.1,1973
COL0722,2023,72.5,56.4,66.4,13.2,22,40.9,62.5,63.9,1977
COL0722,2024,69.3,54.2,70.8,13.6,20,51.6,63.3,68.5,1960
COL0722,2025,70.7,49.2,63.0,13.5,21,43.4,63.3,65.4,1998
COL0723,2021,77.1,68.2,84.2,11.6,16,55.0,77.4,70.7,1773
COL0723,2022,80.2,68.7,76.9,8.8,15,58.5,77.3,73.2,1652
COL0723,2023,81.5,74.4,93.5,8.1,14,67.9,80.6,75.9,1406
COL0723,2024,77.9,71.3,86.6,10.1,17,60.6,73.5,80.9,1661
COL0723,2025,76.6,61.1,79.5,11.4,16,59.5,70.4,68.6,1842
COL0724,2021,96.8,94.5,100,1.3,9,98.5,100,100,45
COL0724,2022,99.9,96.6,100,1.5,8,93.2,98.2,91.8,147
COL0724,2023,91.2,90.9,100,3.1,8,91.1,92.5,95.3,416
COL0724,2024,95.8,90.7,100,1.7,9,93.6,90.3,99.0,342
COL0724,2025,96.2,92.1,100,1.0,11,100,94.3,100,197
COL0725,2021,86.3,81.0,97.1,6.1,13,86.8,83.0,85.8,909
COL0725,2022,80.0,72.9,91.8,8.2,13,82.4,81.0,76.5,1338
COL0725,2023,82.2,81.3,98.2,7.3,12,86.6,80.3,88.4,1006
COL0725,2024,84.1,85.8,100,6.7,13,93.2,88.0,83.4,931
COL0725,2025,84.4,81.2,99.0,7.6,13,89.5,83.7,86.6,1075
COL0726,2021,74.8,61.0,79.5,13.7,20,57.4,68.4,73.4,1900
COL0726,2022,67.9,53.5,68.1,13.6,18,49.8,63.5,65.0,1985
COL0726,2023,76.7,59.4,76.0,12.5,19,59.1,71.5,64.3,1917
COL0726,2024,71.4,62.1,79.8,14.2,18,55.7,70.4,71.1,1895
COL0726,2025,73.9,63.4,71.4,10.8,19,62.0,68.7,63.8,1888
COL0727,2021,73.4,55.4,62.7,14.0,20,45.4,68.3,63.9,1985
COL0727,2022,76.0,58.7,70.4,12.3,20,51.0,66.1,65.4,1936
COL0727,2023,71.2,55.4,66.3,13.9,20,46.3,66.4,68.1,1979
COL0727,2024,75.1,61.7,75.0,10.2,20,51.8,72.0,66.4,1855
COL0727,2025,72.5,66.5,82.9,10.9,17,57.1,71.2,66.1,1830
COL0728,2021,92.8,96.2,100,3.4,8,96.6,90.5,92.0,437
COL0728,2022,96.9,96.4,100,3.3,11,91.1,94.4,98.2,360
COL0728,2023,95.6,93.5,100,2.0,8,97.6,92.8,94.8,305
COL0728,2024,97.4,94.6,100,0.6,10,94.8,98.3,91.9,276
COL0728,2025,96.2,92.2,100,1.9,9,100,98.0,100.0,250
COL0729,2021,76.1,60.2,75.6,10.5,19,52.3,72.7,71.9,1833
COL0729,2022,72.0,57.4,68.3,12.6,19,54.9,66.8,67.4,1922
COL0729,2023,76.1,63.6,74.6,11.2,20,57.5,73.9,67.5,1832
COL0729,2024,74.6,61.5,76.5,10.9,20,56.0,67.5,76.2,1822
COL0729,2025,78.9,59.4,72.5,11.5,17,62.6,68.4,69.8,1872
COL0730,2021,97.8,87.7,100,2.2,10,85.9,97.0,95.5,467
COL0730,2022,94.6,89.6,100,1.1,9,93.4,97.5,90.4,319
COL0730,2023,98.2,90.5,100,0.1,9,89.5,99.6,95.9,220
COL0730,2024,91.4,96.0,100,2.3,8,91.1,92.2,92.7,492
COL0730,2025,90.9,92.7,100,2.3,10,94.7,93.2,90.1,485
COL0731,2021,74.4,61.3,78.9,12.2,17,59.7,71.8,71.1,1873
COL0731,2022,78.3,65.1,77.5,8.6,17,60.8,76.1,70.6,1670
COL0731,2023,78.3,64.4,75.1,8.4,16,57.6,78.1,77.9,1716
COL0731,2024,82.2,68.3,78.5,9.9,16,59.6,75.9,73.8,1726
COL0731,2025,81.5,64.8,79.9,10.5,18,56.9,74.6,80.8,1749
COL0732,2021,91.3,85.7,98.7,2.9,10,81.1,92.6,86.4,631
COL0732,2022,89.7,91.8,100,1.4,10,93.9,93.7,92.0,431
COL0732,2023,94.2,87.4,100,3.7,11,87.2,94.0,91.5,621
COL0732,2024,92.3,92.8,100,1.6,8,97.3,97.0,90.3,269
COL0732,2025,92.6,96.9,100,1.3,10,97.6,95.3,89.9,311
COL0733,2021,93.7,85.1,100,4.0,12,90.7,92.4,90.9,520
COL0733,2022,90.4,92.7,100,5.2,12,93.6,93.1,93.2,625
COL0733,2023,94.7,91.0,100,1.7,12,100,94.1,86.8,415
COL0733,2024,87.7,82.7,98.0,5.7,9,93.9,86.3,92.9,782
COL0733,2025,91.0,93.0,100,3.1,9,100,87.2,94.3,520
COL0734,2021,79.5,68.5,88.5,10.7,15,66.0,79.7,75.9,1571
COL0734,2022,77.9,68.6,81.7,8.7,15,69.6,76.9,82.6,1567
COL0734,2023,79.5,70.9,90.6,8.3,18,62.6,75.5,79.9,1557
COL0734,2024,76.4,64.9,78.2,10.3,15,56.3,74.4,73.0,1756
COL0734,2025,75.8,71.2,90.9,11.1,16,59.7,75.6,79.0,1697
COL0735,2021,86.0,74.6,88.0,9.7,14,64.7,78.8,74.7,1457
COL0735,2022,80.4,69.8,89.5,9.9,16,70.4,80.6,76.9,1507
COL0735,2023,84.5,77.7,94.7,5.8,15,73.5,83.7,79.3,1176
COL0735,2024,84.5,76.2,94.8,5.9,14,78.4,81.8,79.3,1263
COL0735,2025,83.1,84.6,100,5.6,14,81.7,83.3,89.5,972
COL0736,2021,92.1,91.0,100,0,9,100,96.8,99.8,74
COL0736,2022,94.5,93.3,100,0.5,9,100,96.8,89.0,249
COL0736,2023,95.1,98,100,0.6,9,100,100,93.7,45
COL0736,2024,91.3,96.5,100,0.5,10,100,93.7,93.0,275
COL0736,2025,99.1,92.9,100,0,8,100,100,90.2,185
COL0737,2021,83.5,77.4,86.2,8.2,15,77.6,81.8,78.6,1234
COL0737,2022,80.8,74.4,92.2,9.8,15,79.2,75.0,77.9,1404
COL0737,2023,81.5,73.8,82.8,7.5,14,74.1,77.0,80.5,1407
COL0737,2024,84.7,75.8,90.1,6.7,16,75.2,78.1,80.2,1286
COL0737,2025,80.2,71.5,90.9,6.3,13,75.6,80.8,80.3,1402
COL0738,2021,95.7,96.0,100,1.5,8,94.5,100,99.7,135
COL0738,2022,99.2,98,100,0.9,8,100,99.7,95.1,22
COL0738,2023,94.7,98,100,0,8,94.1,99.8,98.9,140
COL0738,2024,100,98,100,0,8,94.6,96.5,100,136
COL0738,2025,95.8,96.6,100,3.5,9,92.4,93.6,99.8,436
COL0739,2021,87.6,88.8,100,3.6,11,93.5,83.0,82.5,697
COL0739,2022,90.1,81.7,98.4,6.6,13,90.3,89.0,80.7,922
COL0739,2023,92.8,90.7,100,4.8,11,93.0,88.4,86.9,694
COL0739,2024,86.9,82.5,99.2,3.2,13,92.3,85.8,84.8,758
COL0739,2025,91.5,89.5,100,4.0,11,100,93.0,84.8,637
COL0740,2021,82.0,82.3,100,6.8,12,78.2,83.1,87.5,1066
COL0740,2022,83.3,82.5,91.6,6.0,14,79.4,79.6,79.2,1101
COL0740,2023,88.2,76.2,92.7,7.0,15,77.8,87.6,85.9,1097
COL0740,2024,79.8,71.2,83.1,9.2,14,66.1,81.2,79.5,1541
COL0740,2025,80.8,77.9,98.3,8.6,15,69.7,79.8,79.2,1378
COL0741,2021,95.2,93.1,100,0.8,10,100,94.5,91.4,223
COL0741,2022,91.5,94.6,100,0.8,11,100,94.4,91.0,154
COL0741,2023,89.4,94.4,100,1.5,11,99.3,94.1,97.1,309
COL0741,2024,92.3,87.8,100,2.9,12,100,88.0,88.9,549
COL0741,2025,87.7,91.1,100,2.2,11,100,89.2,88.2,556
COL0742,2021,87.0,89.2,100,5.9,12,85.3,90.2,82.5,735
COL0742,2022,90.3,78.6,95.6,3.6,11,78.0,84.5,91.5,908
COL0742,2023,89.5,76.2,92.4,4.8,13,71.8,83.4,83.9,1096
COL0742,2024,89.8,82.4,97.7,3.9,12,78.6,86.4,82.1,985
COL0742,2025,88.4,84.5,100,5.7,13,77.5,89.7,87.4,985
COL0743,2021,92.3,93.2,100,0.7,9,96.6,93.3,94.2,226
COL0743,2022,96.8,94.0,100,1.2,11,90.6,94.0,93.8,289
COL0743,2023,100,94.1,100,0,9,100,100,95.6,118
COL0743,2024,92.9,98,100,3.7,8,99.3,92.2,98.6,272
COL0743,2025,95.4,94.4,100,1.1,8,100,95.2,97.6,90
COL0744,2021,86.0,72.3,82.1,6.4,14,64.7,81.2,83.1,1337
COL0744,2022,81.0,66.9,85.3,10.7,17,63.8,80.3,73.3,1640
COL0744,2023,84.4,74.9,85.3,7.0,14,67.0,81.1,81.9,1374
COL0744,2024,84.4,70.7,87.2,8.1,13,71.8,77.1,76.1,1414
COL0744,2025,88.8,77.6,97.1,7.3,15,77.6,85.3,77.2,1168
COL0745,2021,94.2,96.0,100,1.9,11,100,98.4,97.4,76
COL0745,2022,96.0,98,100,3.2,10,100,95.1,96.1,265
COL0745,2023,98.4,98,100,2.4,10,100,98.5,99.7,170
COL0745,2024,100,94.2,100,1.9,8,100,100,100,189
COL0745,2025,92.4,98,100,1.5,8,100,94.6,93.0,267
COL0746,2021,81.1,72.3,89.2,6.9,13,70.6,79.5,76.8,1374
COL0746,2022,89.9,73.7,83.6,6.0,12,74.3,84.1,81.2,1236
COL0746,2023,86.4,76.4,88.0,8.3,12,77.1,84.4,82.5,1322
COL0746,2024,83.9,78.1,93.7,5.5,14,74.2,81.2,84.4,1181
COL0746,2025,87.9,76.9,87.7,5.4,12,82.8,83.7,81.6,1068
COL0747,2021,93.5,92.8,100,0,9,91.6,100,91.5,213
COL0747,2022,92.3,97.6,100,3.3,9,91.6,98.9,88.7,338
COL0747,2023,94.4,98,100,1.3,8,100,98.1,95.0,225
COL0747,2024,95.8,94.6,100,0.2,9,100,100,95.2,125
COL0747,2025,93.3,94.8,100,2.8,8,99.7,95.5,90.2,361
COL0748,2021,91.2,78.9,91.8,5.8,12,85.6,84.7,80.1,930
COL0748,2022,91.7,84.9,96.9,6.0,14,82.4,88.2,90.5,776
COL0748,2023,86.1,84.1,100,3.9,12,79.6,84.1,85.1,913
COL0748,2024,91.9,80.0,89.7,3.0,14,84.0,87.1,89.5,882
COL0748,2025,93.0,86.2,100,2.5,13,83.6,89.6,83.1,789
COL0749,2021,73.8,66.5,77.5,11.0,20,59.0,71.8,74.3,1771
COL0749,2022,74.4,57.5,64.8,12.6,17,58.5,73.1,69.3,1921
COL0749,2023,71.5,55.1,70.6,15.0,21,56.3,65.8,72.6,1960
COL0749,2024,74.8,58.6,76.7,10.3,18,56.6,71.3,70.6,1872
COL0749,2025,74.9,59.1,72.1,10.3,17,61.2,72.6,66.5,1846
COL0750,2021,94.1,98,100,0,8,100,97.9,100,7
COL0750,2022,95.6,93.3,100,2.2,8,100,95.2,89.8,271
COL0750,2023,99.0,94.2,100,0.6,8,100,94.4,100,169
COL0750,2024,99.0,92.1,100,1.1,10,100,95.9,98.8,171
COL0750,2025,92.9,93.4,100,0,8,100,96.8,93.3,249
COL0751,2021,81.0,69.6,84.1,8.6,16,71.0,75.1,73.9,1466
COL0751,2022,82.2,70.7,80.7,8.6,18,68.9,80.0,70.1,1549
COL0751,2023,75.8,63.1,72.4,10.8,16,66.5,73.6,78.1,1761
COL0751,2024,74.7,65.2,82.2,12.0,16,74.2,75.4,70.1,1760
COL0751,2025,79.7,75.1,88.8,9.6,16,74.5,77.5,75.4,1484
COL0752,2021,94.1,87.5,99.7,3.2,9,100,94.3,88.5,454
COL0752,2022,89.9,92.1,100,5.8,11,100,89.4,87.7,573
COL0752,2023,92.7,94.3,100,1.3,10,100,89.8,93.6,221
COL0752,2024,88.6,89.8,100,4.2,11,100,92.3,89.3,547
COL0752,2025,88.7,91.3,100,4.8,11,100,91.9,84.6,612
COL0753,2021,84.2,77.6,96.3,6.4,15,63.4,82.8,77.1,1312
COL0753,2022,77.4,70.3,87.9,11.4,15,61.2,77.3,72.3,1734
COL0753,2023,83.3,72.5,91.6,8.6,13,72.8,81.1,76.2,1465
COL0753,2024,77.9,69.3,78.4,7.7,16,67.0,79.7,70.9,1598
COL0753,2025,83.8,71.6,84.1,7.3,16,62.7,80.0,78.5,1532
COL0754,2021,89.1,80.9,100,8.2,14,72.3,85.7,85.5,1121
COL0754,2022,89.9,85.4,97.5,6.7,11,84.7,90.3,82.5,909
COL0754,2023,90.2,79.8,93.6,4.5,12,79.5,86.6,87.1,884
COL0754,2024,85.9,78.5,97.4,4.2,11,83.5,84.8,88.0,1000
COL0754,2025,87.6,85.8,100,5.2,13,82.6,85.3,83.6,967
COL0755,2021,80.3,70.6,80.6,8.1,14,73.7,75.1,84.4,1365
COL0755,2022,87.0,78.3,97.1,9.4,17,76.1,83.7,75.4,1327
COL0755,2023,79.7,67.1,76.4,11.2,15,72.4,76.0,74.0,1646
COL0755,2024,78.5,76.5,85.0,10.4,17,75.0,75.1,75.0,1592
COL0755,2025,81.5,70.4,87.4,7.9,17,74.6,72.6,81.5,1462
COL0756,2021,94.5,93.5,100,2.0,8,100,94.3,89.5,328
COL0756,2022,95.9,98,100,2.7,10,100,97.5,95.9,187
COL0756,2023,99.6,98,100,0.0,10,100,93.8,91.2,82
COL0756,2024,94.8,98,100,2.5,8,100,100,93.5,129
COL0756,2025,100,98,100,0,10,100,100,97.6,11
COL0757,2021,79.0,71.9,89.1,8.1,18,66.7,76.4,74.8,1493
COL0757,2022,82.9,74.3,93.9,8.4,17,67.7,76.4,75.1,1409
COL0757,2023,82.8,67.5,77.6,8.1,16,56.4,75.9,75.0,1649
COL0757,2024,76.2,70.7,83.5,12.1,16,60.5,74.1,74.1,1799
COL0757,2025,82.8,66.8,75.9,10.1,16,56.3,78.2,69.6,1743
COL0758,2021,100,94.8,100,1.0,9,99.4,100,97.1,53
COL0758,2022,98.7,90.4,100,1.9,9,94.9,92.6,89.6,331
COL0758,2023,100,98,100,0.1,9,96.4,100,100,35
COL0758,2024,93.4,93.6,100,0.7,8,100,98.5,94.4,128
COL0758,2025,98.5,91.6,100,2.7,8,99.0,95.3,92.8,401
COL0759,2021,88.2,80.4,99.2,5.1,12,79.8,82.6,80.7,1006
COL0759,2022,88.7,87.6,100,3.6,13,83.2,88.0,86.7,688
COL0759,2023,90.3,79.7,90.7,6.1,13,82.1,89.4,89.5,970
COL0759,2024,88.0,83.7,99.2,6.6,11,76.3,89.9,80.3,1064
COL0759,2025,92.8,82.0,92.1,4.4,12,80.0,93.8,84.5,845
COL0760,2021,87.2,83.9,100,6.5,13,79.1,86.0,88.1,980
COL0760,2022,89.6,87.5,100,4.1,11,87.1,86.3,85.3,668
COL0760,2023,87.0,80.7,100,5.4,10,82.8,90.9,84.5,935
COL0760,2024,90.1,89.5,100,5.0,12,80.2,91.5,92.2,708
COL0760,2025,85.3,79.5,98.4,4.7,10,86.3,84.6,90.0,1011
COL0761,2021,95.6,92.0,100,0.3,10,100,90.8,88.7,250
COL0761,2022,100,98,100,0,8,100,100,97.9,6
COL0761,2023,95.8,98,100,0,9,100,100,100,29
COL0761,2024,99.7,98,100,0,9,100,95.8,98.2,3
COL0761,2025,95.7,95.5,100,1.3,8,100,92.5,97.2,264
COL0762,2021,86.4,81.6,92.0,5.5,12,84.6,84.1,88.5,896
COL0762,2022,88.0,85.2,100,4.6,11,79.7,85.7,83.0,809
COL0762,2023,84.9,81.1,94.0,4.0,11,83.6,88.7,88.4,898
COL0762,2024,85.7,86.0,100,6.7,13,81.5,83.9,87.2,1063
COL0762,2025,87.6,85.8,97.0,5.1,11,88.7,89.0,86.5,846
COL0763,2021,96.2,93.2,100,1.0,10,100,93.3,100,207
COL0763,2022,96.0,96.4,100,1.2,9,100,99.0,97.2,103
COL0763,2023,95.1,98,100,0.4,8,100,92.0,100,163
COL0763,2024,92.4,95.9,100,3.7,11,100,91.8,91.5,451
COL0763,2025,97.9,94.3,100,0,10,100,99.3,96.8,87
COL0764,2021,93.1,84.2,94.6,2.3,12,88.2,90.2,91.5,561
COL0764,2022,91.2,90.5,100,4.0,12,86.5,92.5,85.5,708
COL0764,2023,87.9,84.2,99.7,4.0,11,85.2,91.0,94.2,660
COL0764,2024,90.8,93.8,100,4.6,9,91.2,93.8,95.2,486
COL0764,2025,91.8,90.9,100,3.0,11,95.7,89.4,95.3,437
COL0765,2021,72.3,57.4,73.4,13.5,18,49.0,71.2,67.2,1960
COL0765,2022,76.0,58.7,72.9,12.9,18,54.4,69.7,67.3,1895
COL0765,2023,79.2,60.9,78.6,9.4,18,53.2,73.1,70.6,1774
COL0765,2024,72.2,59.2,66.5,11.8,18,41.0,71.0,66.8,1932
COL0765,2025,74.5,60.8,70.8,13.9,19,56.5,64.4,67.6,1944
COL0766,2021,71.4,65.4,74.8,13.2,18,59.1,68.5,70.9,1864
COL0766,2022,75.1,66.6,77.4,12.0,16,57.3,71.0,65.1,1840
COL0766,2023,72.1,67.1,81.3,12.5,17,53.9,72.7,65.1,1892
COL0766,2024,78.4,66.3,80.4,9.6,18,53.1,73.1,72.1,1755
COL0766,2025,72.3,63.8,76.3,12.8,17,49.7,67.5,72.7,1903
COL0767,2021,92.3,82.8,100,3.0,11,90.5,87.6,88.9,637
COL0767,2022,86.0,84.5,100,6.1,10,98.1,88.1,88.4,734
COL0767,2023,91.5,85.6,100,3.2,11,97.4,90.6,83.7,534
COL0767,2024,89.5,91.8,100,3.0,11,96.8,89.0,87.2,493
COL0767,2025,91.0,88.3,100,6.3,11,99.7,88.5,83.8,780
COL0768,2021,94.4,92.0,100,0.9,11,100,95.9,89.8,234
COL0768,2022,96.0,96.1,100,0,10,100,98.2,97.2,100
COL0768,2023,94.3,98,100,0.5,8,100,100,100,60
COL0768,2024,95.7,96.6,100,1.1,8,100,99.6,96.7,154
COL0768,2025,96.1,92.1,100,0.6,9,100,98.2,90.7,139
COL0769,2021,75.8,74.1,91.3,9.2,14,70.6,75.0,82.1,1502
COL0769,2022,85.2,73.0,91.7,8.5,16,78.7,80.9,70.5,1377
COL0769,2023,84.4,78.8,93.8,6.8,14,81.4,81.6,77.3,1199
COL0769,2024,77.1,73.0,92.8,10.0,15,69.3,74.8,72.4,1629
COL0769,2025,81.7,76.6,86.1,10.3,17,71.6,79.7,73.0,1555
COL0770,2021,78.9,74.6,83.2,10.1,14,65.0,80.5,80.0,1491
COL0770,2022,81.2,73.4,86.2,8.9,18,65.6,78.3,70.7,1555
COL0770,2023,76.5,63.6,82.9,11.0,18,63.7,73.9,69.9,1809
COL0770,2024,77.1,66.7,85.0,11.5,16,60.7,72.4,78.6,1741
COL0770,2025,83.3,74.5,91.6,10.3,15,62.8,79.0,72.5,1599
COL0771,2021,82.3,73.1,86.9,7.8,14,82.6,83.6,75.1,1256
COL0771,2022,80.3,78.4,89.0,10.1,16,76.2,81.6,81.3,1410
COL0771,2023,82.5,80.2,97.2,7.1,15,81.2,84.6,78.0,1128
COL0771,2024,87.3,77.1,89.4,6.8,14,79.2,79.9,78.3,1283
COL0771,2025,88.0,80.9,96.4,5.5,15,92.5,85.7,85.4,894
COL0772,2021,80.4,74.9,87.1,8.7,15,78.1,82.0,79.5,1290
COL0772,2022,89.8,78.5,90.3,7.4,13,86.2,86.8,86.7,1089
COL0772,2023,85.4,81.2,97.2,6.8,13,87.2,80.6,77.1,1103
COL0772,2024,86.0,80.1,97.2,5.0,14,93.4,81.4,85.1,903
COL0772,2025,84.7,78.5,94.0,8.3,16,85.9,86.3,80.8,1250
COL0773,2021,81.5,77.6,91.0,7.6,17,70.0,79.7,73.3,1398
COL0773,2022,79.4,70.1,82.9,6.8,15,72.6,79.1,78.6,1397
COL0773,2023,84.2,71.9,82.5,9.4,16,75.5,80.3,81.5,1421
COL0773,2024,82.6,67.8,83.3,6.8,15,62.8,79.1,79.5,1505
COL0773,2025,81.8,72.9,87.1,6.6,14,75.9,78.8,78.1,1326
COL0774,2021,78.8,63.8,81.0,8.1,18,59.0,75.2,75.7,1686
COL0774,2022,76.6,69.5,86.7,10.5,15,56.8,77.4,76.0,1736
COL0774,2023,75.8,66.1,76.2,10.4,18,64.3,72.6,75.2,1710
COL0774,2024,82.7,69.4,79.6,11.0,19,64.3,78.5,75.1,1678
COL0774,2025,77.4,64.9,78.5,10.7,16,58.9,78.6,73.2,1755
COL0775,2021,96.6,91.2,100,1.2,10,84.2,95.5,95.5,346
COL0775,2022,95.5,93.0,100,1.5,9,84.7,94.3,88.9,470
COL0775,2023,95.1,89.5,100,4.6,9,91.5,89.7,89.9,601
COL0775,2024,91.6,93.5,100,2.1,10,85.9,96.9,95.8,414
COL0775,2025,95.8,92.7,100,4.1,8,92.3,90.9,91.3,539
COL0776,2021,78.7,63.3,71.5,9.8,16,69.1,75.0,70.9,1701
COL0776,2022,73.0,68.6,82.5,12.2,19,66.8,72.4,70.4,1757
COL0776,2023,81.2,65.3,81.3,11.2,17,67.4,74.5,75.4,1709
COL0776,2024,81.4,63.7,83.0,11.0,19,65.0,74.7,78.4,1677
COL0776,2025,72.7,61.2,70.8,11.8,19,70.0,70.5,73.4,1833
COL0777,2021,92.4,86.4,100,1.6,9,100,89.0,87.6,468
COL0777,2022,92.7,98,100,3.5,12,100,97.2,86.8,370
COL0777,2023,97.5,94.7,100,1.0,8,100,92.1,95.1,253
COL0777,2024,96.9,95.4,100,2.5,9,100,97.5,94.6,310
COL0777,2025,93.6,94.3,100,1.3,8,100,93.3,94.1,341
COL0778,2021,73.1,63.4,71.2,12.3,18,58.5,69.6,75.3,1870
COL0778,2022,80.5,60.7,70.0,12.4,16,57.6,73.8,72.0,1875
COL0778,2023,77.1,67.2,84.8,11.3,18,61.9,76.3,70.9,1714
COL0778,2024,81.9,68.9,84.2,9.8,16,64.8,72.0,77.3,1646
COL0778,2025,77.6,70.4,84.9,10.2,15,59.3,73.7,76.2,1733
COL0779,2021,91.0,86.2,100,4.6,11,90.3,90.1,91.1,647
COL0779,2022,92.6,89.1,100,0.8,10,94.7,93.6,91.0,379
COL0779,2023,91.2,93.6,100,2.5,11,96.1,96.6,91.2,298
COL0779,2024,100,92.7,100,2.4,8,99.4,98.2,90.1,356
COL0779,2025,98.3,92.2,100,2.0,8,91.2,93.6,92.5,362
COL0780,2021,83.9,76.1,87.2,7.1,16,69.4,83.0,80.5,1245
COL0780,2022,80.2,77.7,96.5,8.0,17,63.1,84.2,82.0,1304
COL0780,2023,81.0,72.0,88.9,7.1,16,69.0,77.7,77.3,1442
COL0780,2024,86.4,79.0,98.4,6.1,13,67.5,84.0,80.9,1219
COL0780,2025,84.4,71.1,80.6,8.4,13,63.5,76.2,82.7,1511
COL0781,2021,94.7,90.1,100,2.0,12,91.3,97.3,90.3,421
COL0781,2022,97.6,93.1,100,1.6,8,100,96.3,100,127
COL0781,2023,93.0,96.1,100,0.4,8,96.6,93.4,100,215
COL0781,2024,97.4,98,100,0,8,97.3,100,93.3,32
COL0781,2025,99.6,93.4,100,0,8,100,100,98.4,14
COL0782,2021,87.2,77.0,95.9,4.0,13,75.7,85.9,89.9,988
COL0782,2022,91.8,89.0,100,3.1,10,89.1,91.9,82.3,659
COL0782,2023,87.6,82.8,94.7,5.5,10,84.9,91.6,90.7,785
COL0782,2024,89.1,84.3,100,2.5,10,85.3,94.3,85.3,692
COL0782,2025,89.5,82.6,97.9,2.8,11,84.1,93.6,86.0,839
COL0783,2021,82.5,75.0,95.7,8.4,13,82.5,84.1,74.6,1302
COL0783,2022,86.0,87.3,100,5.6,14,90.5,87.9,83.0,782
COL0783,2023,82.4,85.0,100,7.5,14,85.8,86.9,76.7,1078
COL0783,2024,86.8,85.7,98.5,5.3,13,92.1,81.0,88.0,927
COL0783,2025,88.6,81.0,90.4,3.4,13,95.1,86.9,86.1,745
COL0784,2021,88.6,90.0,100,5.7,11,86.3,88.5,95.8,656
COL0784,2022,91.8,86.9,98.1,4.2,10,93.1,92.5,89.9,581
COL0784,2023,97.6,97.6,100,2.4,9,97.1,95.1,95.4,277
COL0784,2024,87.4,89.4,100,5.4,11,89.0,87.2,94.2,761
COL0784,2025,93.9,92.5,100,2.3,11,94.9,97.6,89.5,414
COL0785,2021,94.4,95.5,100,1.4,8,98.2,92.3,93.0,294
COL0785,2022,99.6,98,100,1.5,10,100,97.5,100,17
COL0785,2023,94.8,90.7,100,0,8,93.1,96.1,94.6,280
COL0785,2024,96.7,97.1,100,2.8,8,100,94.9,94.1,191
COL0785,2025,100,98,100,0,8,99.0,100,91.0,55
COL0786,2021,94.2,96.5,100,1.6,9,100,94.9,97.8,104
COL0786,2022,94.0,98,100,2.8,10,93.5,99.6,92.9,248
COL0786,2023,95.5,98,100,0.5,8,100,94.0,93.7,90
COL0786,2024,93.6,96.4,100,0.5,10,94.2,96.9,92.1,168
COL0786,2025,98.9,97.3,100,0,8,95.0,97.1,99.6,75
COL0787,2021,94.2,96.3,100,0.6,11,98.6,95.0,98.2,148
COL0787,2022,94.9,95.2,100,0.7,8,93.7,100,95.6,212
COL0787,2023,98.4,93.1,100,1.4,10,96.3,97.7,94.9,274
COL0787,2024,94.7,91.4,100,2.4,8,92.7,93.3,96.6,430
COL0787,2025,93.4,96.3,100,1.8,11,98.3,99.3,93.6,317
COL0788,2021,78.3,60.4,77.5,9.7,18,64.5,75.2,70.7,1676
COL0788,2022,78.1,65.0,82.4,10.0,16,57.6,68.7,70.9,1809
COL0788,2023,75.5,70.3,86.4,12.3,19,68.0,72.6,73.5,1697
COL0788,2024,76.3,61.3,77.0,11.4,16,62.0,69.6,72.4,1843
COL0788,2025,80.5,67.1,75.4,10.4,17,67.6,73.6,67.4,1721
COL0789,2021,79.3,64.8,74.2,10.8,18,64.7,74.1,76.1,1757
COL0789,2022,76.2,70.4,86.8,11.2,17,59.6,73.8,76.2,1732
COL0789,2023,75.2,67.7,77.2,8.7,16,58.5,73.0,76.3,1694
COL0789,2024,75.6,63.4,80.5,10.9,17,59.9,74.2,78.2,1785
COL0789,2025,78.9,73.0,93.2,8.9,18,66.9,81.6,76.9,1567
COL0790,2021,83.5,81.4,98.9,8.4,12,90.7,85.2,87.7,1069
COL0790,2022,88.8,80.1,99.7,4.0,12,94.5,82.8,82.4,831
COL0790,2023,86.3,86.6,96.3,6.7,12,92.2,85.2,77.9,977
COL0790,2024,86.1,83.1,100,7.7,14,85.7,87.5,79.0,1109
COL0790,2025,87.9,88.9,99.9,4.0,13,97.9,83.7,88.0,711
COL0791,2021,93.2,91.2,100,4.5,12,100,88.2,94.2,414
COL0791,2022,88.1,91.2,100,3.6,11,92.3,92.5,90.4,459
COL0791,2023,86.0,86.4,100,5.1,9,100,86.8,88.7,661
COL0791,2024,87.8,93.2,100,2.5,9,100,86.7,84.6,456
COL0791,2025,90.6,94.4,100,2.6,13,100,92.0,95.1,382
COL0792,2021,85.2,79.3,92.5,4.6,12,79.2,90.3,82.6,975
COL0792,2022,88.6,83.8,99.4,7.1,11,75.8,83.5,85.4,1068
COL0792,2023,87.6,81.9,100,7.8,14,75.7,81.5,84.9,1172
COL0792,2024,82.2,77.1,89.9,8.2,15,71.5,82.6,77.9,1403
COL0792,2025,86.5,78.4,92.0,4.8,13,73.5,82.4,83.6,1098
COL0793,2021,85.4,85.6,100,4.7,13,88.2,85.0,90.5,777
COL0793,2022,84.8,78.1,87.4,5.2,13,87.5,83.0,83.2,954
COL0793,2023,87.8,80.7,100,7.1,14,78.6,83.7,87.2,1095
COL0793,2024,87.2,79.8,94.7,3.5,11,84.1,86.0,83.5,892
COL0793,2025,87.7,82.5,95.8,3.7,14,74.3,84.6,84.2,1020
COL0794,2021,88.9,88.0,100,3.6,13,81.8,88.2,87.4,644
COL0794,2022,92.3,86.7,97.3,5.0,11,80.4,90.3,83.8,793
COL0794,2023,92.2,86.5,100,3.8,10,79.1,91.9,91.4,746
COL0794,2024,91.3,80.8,98.1,5.8,13,89.4,84.6,86.2,846
COL0794,2025,91.4,89.7,100,3.6,13,86.9,87.5,86.3,763
COL0795,2021,90.9,87.0,100,5.0,10,84.9,91.9,92.0,703
COL0795,2022,86.6,81.6,93.7,5.8,10,85.1,88.2,86.5,880
COL0795,2023,86.9,79.2,99.9,6.4,13,80.3,86.6,80.6,1121
COL0795,2024,93.1,81.5,94.5,3.5,12,79.4,88.7,83.0,833
COL0795,2025,84.7,84.8,100,5.2,13,89.2,84.0,83.8,856
COL0796,2021,79.0,60.8,75.1,8.9,17,51.2,73.0,77.0,1784
COL0796,2022,75.4,65.3,73.6,9.1,18,56.2,77.2,71.5,1751
COL0796,2023,78.5,63.0,82.1,9.7,18,53.5,76.7,73.1,1799
COL0796,2024,77.6,61.6,79.0,10.0,18,61.0,74.1,68.0,1762
COL0796,2025,80.2,67.4,75.2,11.2,19,57.9,72.1,68.1,1789
COL0797,2021,81.7,76.9,93.6,7.3,13,77.2,82.3,84.4,1175
COL0797,2022,85.9,73.1,87.3,6.0,13,78.2,79.5,80.1,1264
COL0797,2023,81.6,73.2,82.7,7.3,13,77.4,83.0,77.4,1304
COL0797,2024,82.8,81.8,94.5,7.6,15,78.7,84.0,80.9,1259
COL0797,2025,80.7,81.0,97.6,6.1,13,81.4,83.0,78.8,1207
COL0798,2021,72.2,60.0,76.3,13.2,17,58.0,70.6,76.1,1852
COL0798,2022,80.8,67.5,84.8,9.3,15,56.4,70.2,69.5,1699
COL0798,2023,77.0,61.3,75.4,9.7,18,52.4,72.6,76.1,1815
COL0798,2024,76.0,68.9,85.5,9.1,15,61.3,75.8,71.8,1663
COL0798,2025,75.8,67.7,84.6,11.7,17,59.9,75.5,79.9,1788
COL0799,2021,85.1,78.7,96.9,7.0,13,73.4,80.4,86.9,1204
COL0799,2022,88.6,78.7,89.6,7.2,12,71.5,84.3,87.8,1233
COL0799,2023,82.3,76.5,94.2,5.0,15,77.5,81.9,84.4,1133
COL0799,2024,85.6,85.8,100,6.3,12,78.1,90.6,87.6,987
COL0799,2025,91.7,83.6,99.8,3.2,13,88.8,87.1,88.1,760
COL0800,2021,95.9,87.8,100,1.5,10,91.5,91.9,93.0,387
COL0800,2022,96.7,98,100,2.1,8,97.2,96.5,94.0,170
COL0800,2023,94.6,87.0,100,2.0,8,90.8,92.1,95.2,390
COL0800,2024,100,96.6,100,0.4,8,98.8,100,97.4,74
COL0800,2025,94.0,98,100,2.2,8,100,99.3,92.5,230
COL0801,2021,83.8,80.5,94.9,7.8,12,71.2,82.1,80.3,1248
COL0801,2022,85.8,80.9,99.5,6.1,14,69.4,83.7,83.7,1140
COL0801,2023,83.3,74.5,90.0,6.4,14,69.6,85.4,87.1,1295
COL0801,2024,88.8,82.9,100,5.9,15,75.9,86.6,86.7,1071
COL0801,2025,81.0,78.0,97.4,9.1,12,77.8,83.5,82.5,1380
COL0802,2021,96.5,90.5,100,3.7,9,97.8,92.5,93.2,335
COL0802,2022,95.6,89.0,99.8,3.3,9,95.1,95.4,98.4,302
COL0802,2023,93.1,90.9,100,1.6,8,94.9,92.3,97.0,365
COL0802,2024,96.9,93.7,100,2.4,8,97.8,95.7,99.2,295
COL0802,2025,94.6,97.3,100,0,8,96.1,99.6,94.2,112
COL0803,2021,90.0,88.0,100,3.6,13,78.6,91.1,82.1,707
COL0803,2022,88.7,85.0,100,4.0,11,82.4,83.0,81.8,869
COL0803,2023,92.2,84.1,100,6.5,13,81.1,85.3,81.8,920
COL0803,2024,89.4,87.7,100,3.6,11,78.7,90.2,90.4,772
COL0803,2025,91.3,84.6,100,2.9,11,81.0,92.8,94.1,716
COL0804,2021,79.2,73.0,81.4,7.9,17,72.0,80.4,69.4,1537
COL0804,2022,78.9,73.2,90.4,6.9,16,73.1,81.7,78.0,1395
COL0804,2023,82.9,73.8,86.7,8.7,14,70.8,79.1,79.8,1400
COL0804,2024,76.3,68.1,80.7,10.4,17,68.2,76.1,76.1,1650
COL0804,2025,78.4,70.4,82.2,7.1,13,73.2,78.5,79.1,1473
COL0805,2021,73.6,64.5,73.5,14.1,16,51.3,69.1,72.9,1901
COL0805,2022,81.6,68.7,85.9,12.2,19,54.6,75.1,71.4,1742
COL0805,2023,78.1,65.1,73.8,9.0,19,64.2,71.1,73.2,1684
COL0805,2024,79.6,69.9,77.7,9.8,17,64.1,69.9,78.0,1680
COL0805,2025,78.8,59.2,69.6,9.4,16,54.8,69.7,68.6,1866
COL0806,2021,83.5,68.9,86.1,6.4,16,65.8,83.2,73.5,1383
COL0806,2022,78.7,75.4,94.7,8.7,14,68.4,76.9,81.9,1411
COL0806,2023,83.6,75.9,91.9,9.1,17,69.5,75.2,73.9,1508
COL0806,2024,80.5,72.4,90.8,7.7,15,65.9,82.0,83.5,1382
COL0806,2025,86.3,76.4,96.6,5.5,16,69.1,80.5,76.0,1361
COL0807,2021,85.0,75.8,90.4,7.4,13,66.2,85.6,82.7,1343
COL0807,2022,84.5,72.8,88.0,7.3,14,63.2,77.5,83.8,1457
COL0807,2023,80.5,73.7,92.3,8.9,15,73.7,83.6,83.6,1385
COL0807,2024,80.4,73.3,85.9,8.4,13,63.7,78.0,84.1,1468
COL0807,2025,83.5,68.2,80.5,8.2,15,64.4,81.0,81.2,1580
COL0808,2021,95.3,98,100,0.1,9,97.7,98.9,93.9,21
COL0808,2022,96.2,90.5,100,1.6,8,91.6,96.9,93.3,346
COL0808,2023,95.9,94.8,100,0.9,9,93.1,99.9,99.1,98
COL0808,2024,95.2,95.7,100,0,8,94.8,99.4,100,87
COL0808,2025,96.1,95.8,100,2.7,8,97.5,93.3,96.7,373
COL0809,2021,89.5,87.5,100,5.5,14,98.9,87.2,86.8,657
COL0809,2022,87.7,87.3,100,6.3,11,92.6,84.1,88.3,859
COL0809,2023,89.6,93.2,100,4.8,13,94.7,90.8,85.7,532
COL0809,2024,88.2,84.9,100,4.5,10,95.0,89.8,89.0,711
COL0809,2025,86.9,88.9,100,3.5,11,93.9,86.1,89.3,655
COL0810,2021,97.7,92.2,100,0.2,8,100,97.4,94.2,129
COL0810,2022,96.8,92.5,100,3.1,8,100,93.5,98.3,290
COL0810,2023,92.7,98,100,0,8,100,95.6,90.7,181
COL0810,2024,100,94.5,100,1.5,8,99.3,100,100,53
COL0810,2025,95.5,98,100,2.5,10,98.3,94.8,97.4,346
COL0811,2021,89.1,74.7,93.4,4.8,12,74.3,84.2,88.4,970
COL0811,2022,88.4,74.2,93.0,7.5,15,76.0,86.7,83.4,1162
COL0811,2023,83.3,81.6,96.4,6.4,13,72.1,81.1,82.1,1169
COL0811,2024,87.1,81.5,100,5.4,12,77.8,85.9,85.7,989
COL0811,2025,87.4,75.7,87.1,8.6,12,67.9,83.2,83.1,1416
COL0812,2021,78.4,62.6,75.8,12.5,20,55.0,72.3,63.1,1882
COL0812,2022,73.3,60.8,78.0,11.3,19,52.9,69.3,69.9,1866
COL0812,2023,78.6,58.9,70.4,9.7,19,58.6,72.0,70.0,1845
COL0812,2024,74.2,56.9,73.1,10.9,19,50.5,69.6,72.0,1890
COL0812,2025,75.4,66.0,76.6,9.8,18,62.5,72.9,76.6,1771
COL0813,2021,91.7,93.6,100,2.6,8,93.4,96.1,97.6,270
COL0813,2022,92.8,90.1,100,2.4,9,89.6,95.6,94.9,472
COL0813,2023,92.5,92.6,100,2.1,8,90.7,94.6,97.1,362
COL0813,2024,96.7,96.8,100,0.1,8,89.1,97.0,98.7,257
COL0813,2025,97.2,91.6,100,0.4,10,90.7,99.1,98.6,143
COL0814,2021,87.8,82.7,99.5,3.9,11,78.7,85.0,86.1,865
COL0814,2022,88.3,79.9,93.6,6.0,13,77.2,83.4,84.7,1123
COL0814,2023,90.2,83.9,97.5,4.7,11,75.6,83.4,84.4,921
COL0814,2024,86.0,82.4,94.6,5.8,12,86.9,87.7,85.2,1024
COL0814,2025,92.7,84.6,100,2.7,12,84.5,90.0,83.3,740
COL0815,2021,89.4,87.0,100,2.9,12,100,87.7,87.6,488
COL0815,2022,92.2,97.3,100,1.7,11,100,96.6,90.4,228
COL0815,2023,94.1,96.2,100,3.2,12,100,94.4,86.2,359
COL0815,2024,95.9,97.0,100,2.0,11,100,95.6,93.6,233
COL0815,2025,97.1,91.2,100,1.6,10,100,90.2,95.1,387
COL0816,2021,88.7,94.3,100,2.0,12,100,89.5,96.3,221
COL0816,2022,90.7,92.0,100,3.6,13,100,92.4,88.2,384
COL0816,2023,94.6,84.9,100,2.2,11,97.8,92.4,90.7,474
COL0816,2024,93.5,86.1,100,5.7,10,100,86.7,82.8,768
COL0816,2025,89.1,87.7,100,3.7,13,100,86.1,92.3,548
COL0817,2021,83.0,79.4,99.6,6.9,14,83.3,84.0,84.0,978
COL0817,2022,87.0,88.0,98.9,4.4,13,92.1,86.4,80.1,677
COL0817,2023,85.1,77.7,93.2,4.9,14,82.4,81.1,80.3,1118
COL0817,2024,83.0,84.4,100,5.7,15,84.8,83.5,86.9,894
COL0817,2025,93.4,86.6,96.9,4.5,13,93.4,91.6,90.9,641
COL0818,2021,85.8,79.5,92.5,5.8,11,75.7,89.3,83.4,967
COL0818,2022,90.4,82.5,93.0,3.8,13,73.6,86.5,83.4,986
COL0818,2023,85.1,74.7,93.9,7.0,12,76.2,79.7,87.9,1155
COL0818,2024,85.0,74.8,85.1,4.2,14,75.3,86.4,82.4,1179
COL0818,2025,87.1,84.5,100,4.9,13,78.1,86.4,81.1,1041
COL0819,2021,86.1,81.5,91.8,8.0,12,71.7,86.7,87.3,1158
COL0819,2022,88.0,78.5,87.4,6.1,12,75.3,83.5,84.0,1153
COL0819,2023,85.7,77.5,97.1,3.6,14,76.2,89.8,84.8,934
COL0819,2024,89.0,85.1,100,6.0,12,74.3,90.9,86.4,984
COL0819,2025,87.5,76.7,92.5,4.7,11,73.6,90.8,86.6,1091
COL0820,2021,94.9,92.2,100,3.6,10,92.4,88.8,89.6,545
COL0820,2022,92.6,87.2,100,1.1,8,96.3,90.0,92.0,444
COL0820,2023,97.5,98,100,0,8,100,99.0,98.7,1
COL0820,2024,91.2,95.9,100,0.2,9,92.4,97.5,93.8,266
COL0820,2025,92.8,95.9,100,1.8,10,89.0,98.0,91.9,358
COL0821,2021,90.7,82.5,100,4.6,13,81.8,87.1,93.0,779
COL0821,2022,91.0,81.7,99.4,4.8,13,85.9,90.5,92.2,767
COL0821,2023,88.5,79.6,89.2,6.8,12,77.6,87.7,82.9,1047
COL0821,2024,88.9,82.8,97.6,5.8,13,80.1,87.9,88.1,970
COL0821,2025,90.4,82.0,100,7.5,14,81.1,83.3,81.0,1134
COL0822,2021,72.3,58.4,71.7,14.2,18,50.5,67.2,71.7,1925
COL0822,2022,78.0,65.9,82.5,10.4,18,57.7,71.0,74.4,1776
COL0822,2023,76.6,58.7,68.0,13.7,18,46.3,67.2,74.6,1951
COL0822,2024,72.7,64.7,78.3,11.9,17,49.7,72.4,65.3,1889
COL0822,2025,73.2,64.6,81.1,11.6,19,51.0,68.0,69.1,1878
COL0823,2021,79.9,67.3,83.5,11.7,14,59.5,72.8,78.9,1710
COL0823,2022,83.4,76.7,88.5,8.6,14,71.2,81.4,74.4,1343
COL0823,2023,83.1,71.2,80.6,9.6,16,73.7,77.1,79.4,1542
COL0823,2024,77.3,70.4,80.7,7.8,14,67.8,74.7,79.5,1508
COL0823,2025,78.9,69.0,80.0,10.2,13,60.9,76.3,75.8,1754
COL0824,2021,87.4,87.4,98.9,6.9,11,88.7,88.1,83.7,824
COL0824,2022,85.1,84.6,100,4.7,14,95.3,83.1,82.3,717
COL0824,2023,88.6,85.4,100,4.6,13,85.3,87.5,78.8,885
COL0824,2024,84.3,83.5,100,4.0,10,90.4,86.1,90.2,690
COL0824,2025,92.0,90.9,100,2.6,13,93.4,90.9,88.0,519
COL0825,2021,79.3,69.7,78.9,10.8,16,56.7,77.1,67.8,1708
COL0825,2022,77.6,66.1,74.5,12.5,17,56.6,71.0,77.2,1841
COL0825,2023,75.2,66.7,82.6,10.1,16,59.8,69.2,78.4,1742
COL0825,2024,80.8,66.2,74.9,11.6,17,60.0,71.3,70.6,1840
COL0825,2025,76.7,73.1,84.3,11.4,15,65.5,75.6,74.6,1668
COL0826,2021,78.1,63.5,74.3,11.1,17,68.4,76.4,68.6,1717
COL0826,2022,74.2,59.3,78.4,12.7,16,58.4,68.2,66.8,1908
COL0826,2023,77.4,62.4,72.6,9.7,17,63.2,75.0,74.1,1747
COL0826,2024,78.5,61.9,78.1,12.6,19,70.5,69.8,78.3,1753
COL0826,2025,79.9,72.0,87.0,11.3,17,72.6,73.5,72.4,1620
COL0827,2021,89.8,86.5,100,6.2,12,88.5,87.7,85.0,747
COL0827,2022,90.3,87.3,100,2.7,11,91.8,92.1,89.0,513
COL0827,2023,90.1,91.1,100,2.1,8,90.0,94.2,89.5,469
COL0827,2024,95.8,85.6,100,2.0,10,92.0,89.5,87.5,543
COL0827,2025,97.9,94.0,100,1.6,11,88.8,97.4,97.9,331
COL0828,2021,79.1,74.1,92.7,6.4,14,82.0,79.6,80.2,1226
COL0828,2022,81.4,75.7,91.7,7.6,14,73.6,77.4,75.5,1353
COL0828,2023,79.2,76.5,90.2,9.4,16,78.5,76.8,74.7,1478
COL0828,2024,77.9,68.5,77.7,8.6,16,79.3,76.5,77.6,1563
COL0828,2025,78.5,69.1,86.3,10.1,17,75.4,78.0,72.4,1627
COL0829,2021,96.1,93.1,100,2.2,10,86.5,93.1,89.7,364
COL0829,2022,94.0,94.4,100,2.1,9,90.6,93.0,86.4,417
COL0829,2023,89.1,83.8,99.1,5.3,10,86.0,94.8,84.2,776
COL0829,2024,87.3,83.2,100,4.6,12,78.8,90.3,84.4,991
COL0829,2025,89.9,82.6,97.0,6.5,13,79.5,87.2,81.8,1026
COL0830,2021,95.6,98,100,0,9,100,100,100,4
COL0830,2022,97.6,90.6,100,0.8,9,100,94.6,97.6,194
COL0830,2023,92.7,95.8,100,0.6,8,100,94.2,90.9,258
COL0830,2024,91.3,95.8,100,3.7,10,100,90.0,89.2,534
COL0830,2025,97.1,90.3,100,3.0,10,100,91.3,93.0,321
COL0831,2021,92.3,97.2,100,1.6,8,98.5,97.2,99.4,172
COL0831,2022,95.5,92.0,100,0,8,100,94.9,100,137
COL0831,2023,99.8,98,100,0,8,93.5,98.0,97.5,48
COL0831,2024,93.6,91.9,100,2.4,8,99.1,93.3,100,309
COL0831,2025,96.9,98,100,1.1,9,100,100,96.3,50
COL0832,2021,81.1,69.1,88.5,11.4,16,61.4,76.1,76.9,1684
COL0832,2022,80.7,64.9,83.1,9.7,16,64.3,75.8,80.5,1642
COL0832,2023,80.7,67.6,77.8,10.9,18,51.4,76.3,74.4,1811
COL0832,2024,76.6,64.0,82.5,10.2,18,54.1,72.7,77.0,1781
COL0832,2025,77.1,62.1,77.3,11.8,17,57.1,77.2,77.9,1849
COL0833,2021,82.2,74.5,91.3,8.3,14,80.2,84.0,74.9,1235
COL0833,2022,81.7,74.2,92.1,9.2,13,84.2,78.8,75.9,1384
COL0833,2023,79.8,76.6,89.0,9.8,15,81.9,80.8,75.4,1433
COL0833,2024,80.9,79.7,97.9,7.2,15,83.7,80.1,76.3,1248
COL0833,2025,81.8,80.3,92.8,5.9,16,79.7,83.6,84.6,1089
COL0834,2021,72.2,52.4,71.0,13.5,21,43.4,68.3,63.6,1981
COL0834,2022,72.5,65.7,74.0,14.3,17,55.9,72.8,62.5,1912
COL0834,2023,74.0,60.1,67.5,13.2,19,50.1,70.9,73.1,1919
COL0834,2024,78.3,63.8,81.2,10.2,20,53.8,72.7,64.2,1842
COL0834,2025,72.1,59.9,77.0,11.8,18,57.3,67.4,68.7,1920
COL0835,2021,78.8,71.9,86.3,9.3,15,63.1,80.7,70.7,1549
COL0835,2022,84.2,70.0,82.6,6.8,17,66.0,78.7,78.2,1500
COL0835,2023,76.1,65.1,78.1,9.1,17,57.9,73.8,78.1,1724
COL0835,2024,85.8,70.4,80.0,6.2,17,69.2,82.8,80.0,1435
COL0835,2025,82.5,71.5,83.3,9.3,14,68.8,84.3,73.2,1584
COL0836,2021,96.5,89.9,100,2.0,8,100,97.1,96.4,274
COL0836,2022,95.2,89.8,100,1.1,11,100,89.7,98.9,217
COL0836,2023,94.8,93.4,100,0.7,9,100,100,100,112
COL0836,2024,95.4,94.5,100,2.1,8,100,99.8,94.0,223
COL0836,2025,96.9,98,100,0,8,100,100,91.1,53
COL0837,2021,94.1,96.5,100,2.7,9,100,94.4,97.4,208
COL0837,2022,97.5,91.4,100,0,8,100,99.8,97.7,119
COL0837,2023,89.9,94.9,100,2.8,11,100,93.4,92.3,352
COL0837,2024,89.3,91.9,100,4.3,10,100,88.2,87.8,639
COL0837,2025,92.3,90.6,100,0.6,9,100,95.0,87.5,300
COL0838,2021,73.5,68.0,77.8,11.1,16,62.4,68.8,75.9,1803
COL0838,2022,76.5,65.4,78.1,12.4,16,54.4,73.5,74.0,1833
COL0838,2023,79.4,68.6,87.4,9.3,15,64.6,75.5,72.9,1671
COL0838,2024,77.7,66.5,81.6,11.7,16,62.1,74.4,74.1,1770
COL0838,2025,79.1,75.0,90.3,11.1,15,64.4,80.0,70.9,1648
COL0839,2021,96.9,97.7,100,2.2,8,95.3,95.1,99.0,232
COL0839,2022,93.9,96.4,100,0,9,100,92.1,98.6,49
COL0839,2023,96.3,98,100,1.5,8,100,100,95.2,145
COL0839,2024,99.5,88.8,100,0.4,8,91.7,94.9,99.7,304
COL0839,2025,100,98,100,0.1,8,100,100,94.2,95
COL0840,2021,83.1,79.4,100,7.9,12,81.0,83.9,88.4,1071
COL0840,2022,89.1,80.6,92.8,5.0,12,81.4,89.8,82.9,910
COL0840,2023,86.7,77.2,87.5,6.6,11,77.2,84.9,82.6,1142
COL0840,2024,88.8,77.8,98.9,3.3,12,77.2,89.2,88.4,839
COL0840,2025,90.7,84.2,96.9,5.4,12,85.8,92.4,89.4,804
COL0841,2021,76.2,73.7,86.7,8.5,17,67.1,74.4,73.9,1542
COL0841,2022,76.5,73.0,86.4,8.1,17,64.2,76.0,70.9,1559
COL0841,2023,77.7,64.2,72.6,11.0,17,65.9,71.7,75.7,1760
COL0841,2024,77.0,65.9,79.8,9.0,17,66.4,74.8,74.3,1670
COL0841,2025,81.4,72.1,86.9,9.3,18,64.0,74.4,80.2,1616
COL0842,2021,70.1,58.3,69.0,15.0,18,49.3,67.2,66.3,1969
COL0842,2022,72.2,61.4,69.9,14.7,21,52.8,64.9,72.0,1932
COL0842,2023,71.8,62.7,79.7,11.5,20,66.3,69.3,65.2,1838
COL0842,2024,77.2,61.5,73.5,11.1,21,55.7,72.4,67.7,1847
COL0842,2025,77.8,62.4,73.2,11.8,18,57.8,72.1,65.4,1898
COL0843,2021,89.1,82.3,94.5,6.9,15,73.6,81.6,82.7,1112
COL0843,2022,85.8,82.8,92.5,8.1,14,81.3,85.1,82.0,1108
COL0843,2023,88.9,83.0,99.6,3.8,14,79.0,88.7,87.3,828
COL0843,2024,84.7,71.7,85.3,6.4,15,70.3,82.2,83.3,1378
COL0843,2025,83.1,80.4,100,7.8,12,77.3,81.2,81.6,1272
COL0844,2021,83.0,71.1,88.5,8.4,16,68.2,80.9,75.1,1410
COL0844,2022,80.1,69.8,84.3,9.0,14,68.8,81.2,78.2,1523
COL0844,2023,77.8,67.4,77.1,8.4,16,63.8,73.3,75.2,1695
COL0844,2024,78.2,74.3,82.8,9.1,17,71.5,81.2,78.7,1521
COL0844,2025,78.4,65.0,74.8,8.7,16,63.1,72.6,81.3,1724
COL0845,2021,86.2,77.0,95.5,6.4,12,76.9,87.5,84.6,1098
COL0845,2022,85.3,72.9,86.9,5.6,14,75.7,82.9,83.3,1149
COL0845,2023,88.1,80.0,98.9,4.7,13,75.4,86.7,78.0,1064
COL0845,2024,88.9,78.4,98.6,7.4,15,71.2,84.7,76.0,1284
COL0845,2025,86.0,72.0,85.8,5.2,14,68.4,83.7,77.4,1410
COL0846,2021,81.0,74.4,91.4,8.0,17,69.0,75.2,75.9,1428
COL0846,2022,80.3,73.3,83.3,11.9,15,75.3,74.0,79.9,1591
COL0846,2023,79.0,76.0,85.9,9.4,15,78.5,78.4,74.7,1466
COL0846,2024,83.4,76.8,96.8,8.7,16,72.3,77.9,81.6,1329
COL0846,2025,78.1,70.3,88.5,7.9,14,74.3,73.6,72.5,1587
COL0847,2021,69.9,59.7,71.9,14.3,19,45.2,64.4,63.4,1964
COL0847,2022,71.3,56.3,68.2,13.5,21,50.0,64.0,68.1,1959
COL0847,2023,72.4,54.2,68.3,11.8,18,46.4,63.6,69.2,1956
COL0847,2024,74.2,58.5,65.8,14.2,19,57.2,68.8,70.0,1927
COL0847,2025,80.9,67.2,85.4,10.6,17,54.4,77.1,75.3,1704
COL0848,2021,88.2,79.9,95.7,4.5,11,81.8,87.0,82.2,859
COL0848,2022,89.6,84.7,100,6.7,13,82.5,87.2,90.3,807
COL0848,2023,86.2,86.4,100,5.3,13,81.8,86.2,83.2,986
COL0848,2024,89.2,79.8,97.8,4.3,15,80.5,86.3,79.7,928
COL0848,2025,84.0,83.1,94.0,7.1,13,77.1,84.4,82.9,1178
COL0849,2021,91.7,86.8,100,6.2,12,88.9,88.4,80.3,775
COL0849,2022,91.2,84.4,100,5.1,12,85.2,87.4,89.6,838
COL0849,2023,85.9,88.4,99.9,3.5,13,94.1,88.2,90.5,656
COL0849,2024,86.3,88.6,100,6.6,14,95.0,83.8,83.6,908
COL0849,2025,88.1,84.6,100,5.5,11,90.1,89.9,79.7,844
COL0850,2021,75.3,73.4,86.4,9.2,16,75.3,73.0,80.1,1439
COL0850,2022,83.0,74.7,85.6,7.9,16,74.3,76.7,76.9,1433
COL0850,2023,77.8,77.2,91.2,8.9,15,78.2,77.8,78.5,1401
COL0850,2024,83.7,73.2,86.4,8.6,16,77.0,76.9,73.0,1431
COL0850,2025,77.3,69.1,85.5,11.5,18,77.7,79.1,79.1,1640
COL0851,2021,90.4,78.2,94.5,5.1,11,77.1,84.9,88.8,928
COL0851,2022,85.1,77.6,98.5,5.8,14,75.8,84.6,90.0,1066
COL0851,2023,92.1,83.6,93.8,5.1,11,82.9,88.2,80.0,979
COL0851,2024,90.9,83.8,98.8,4.2,13,85.4,85.7,89.3,719
COL0851,2025,87.9,88.0,97.8,4.6,13,82.6,87.5,90.8,865
COL0852,2021,85.3,80.9,94.5,4.2,15,92.5,88.8,90.0,755
COL0852,2022,87.2,85.7,100,6.2,14,88.1,82.4,83.7,894
COL0852,2023,83.4,86.2,100,8.4,11,88.7,81.6,83.7,1028
COL0852,2024,92.3,90.6,100,4.2,12,95.4,89.0,89.9,551
COL0852,2025,91.6,85.5,100,5.4,15,93.6,89.7,84.6,715
COL0853,2021,73.3,56.2,64.2,14.2,22,39.4,65.9,65.2,1989
COL0853,2022,69.9,53.7,67.8,15.3,19,43.2,60.0,60.7,1996
COL0853,2023,69.3,53.4,60.0,15.2,21,47.5,64.5,61.8,1994
COL0853,2024,69.9,50.4,63.0,15.2,21,45.7,64.5,60.2,1998
COL0853,2025,71.2,55.0,65.2,14.3,20,45.1,67.0,68.6,1979
COL0854,2021,98.0,87.9,100,0.9,10,94.0,93.3,98.0,156
COL0854,2022,92.4,91.7,100,0.2,10,92.8,98.2,88.5,211
COL0854,2023,94.0,88.3,100,2.4,11,91.2,97.8,91.2,418
COL0854,2024,93.7,92.7,100,0.4,9,94.9,96.3,91.1,313
COL0854,2025,94.1,90.3,100,1.6,11,92.6,97.9,97.2,276
COL0855,2021,95.0,93.5,100,3.4,12,100,96.8,95.0,278
COL0855,2022,88.9,95.4,100,4.2,9,99.8,93.8,94.8,380
COL0855,2023,89.9,94.5,100,4.0,10,100,95.2,94.2,320
COL0855,2024,91.7,93.6,100,2.7,11,100,97.4,96.9,378
COL0855,2025,92.5,98,100,3.0,8,100,91.5,94.0,254
COL0856,2021,85.4,81.8,96.3,7.4,13,74.8,83.6,79.6,1137
COL0856,2022,79.7,70.3,83.7,8.7,16,69.9,82.6,79.8,1529
COL0856,2023,85.2,75.0,92.9,7.6,16,68.6,80.4,78.3,1409
COL0856,2024,82.8,73.6,86.5,8.6,15,68.6,79.9,73.0,1545
COL0856,2025,82.4,64.5,78.2,8.6,16,62.2,77.8,79.5,1598
COL0857,2021,97.5,98,100,2.8,8,100,94.7,100,85
COL0857,2022,96.8,93.2,100,2.2,11,94.2,98.9,96.8,196
COL0857,2023,99.0,92.5,100,0.2,8,96.9,100,92.4,147
COL0857,2024,96.8,95.3,100,2.4,11,99.5,98.6,92.8,226
COL0857,2025,99.7,98,100,1.8,9,93.7,97.9,97.8,252
COL0858,2021,92.8,84.5,100,2.7,12,85.8,87.1,86.9,623
COL0858,2022,89.9,84.3,99.9,5.6,12,90.4,89.2,87.6,791
COL0858,2023,90.9,81.6,94.5,2.8,10,84.4,86.8,90.3,695
COL0858,2024,89.8,87.0,100,5.3,10,83.3,89.7,85.7,787
COL0858,2025,86.6,90.1,99.9,4.0,10,88.7,87.6,94.7,697
COL0859,2021,86.1,74.4,83.8,4.5,15,76.8,84.4,87.8,1052
COL0859,2022,86.2,71.5,83.4,5.9,14,71.9,79.1,75.2,1352
COL0859,2023,82.2,80.5,90.8,5.2,14,75.8,81.2,81.4,1200
COL0859,2024,86.1,78.5,95.5,6.8,14,72.6,80.3,82.0,1272
COL0859,2025,88.3,81.0,100,4.8,11,83.1,88.4,84.3,993
COL0860,2021,92.8,97.2,100,0,9,100,95.3,97.1,26
COL0860,2022,100,95.9,100,0,11,100,100,92.0,39
COL0860,2023,92.7,98,100,0.1,8,100,95.3,90.9,168
COL0860,2024,97.5,95.8,100,1.3,11,100,93.4,97.9,117
COL0860,2025,94.2,98,100,1.4,11,100,95.9,89.5,310
COL0861,2021,82.7,74.9,86.1,7.6,11,83.9,80.7,85.6,1243
COL0861,2022,86.7,83.8,100,6.9,11,97.0,86.1,82.4,779
COL0861,2023,89.1,80.9,93.0,3.4,14,91.4,88.4,86.8,799
COL0861,2024,89.5,83.4,93.9,4.5,14,96.9,88.8,89.8,703
COL0861,2025,85.9,82.8,93.7,4.8,13,94.1,89.2,90.9,881
COL0862,2021,85.5,74.7,91.2,8.0,16,76.8,80.6,75.4,1358
COL0862,2022,86.1,76.9,95.9,5.4,15,72.4,83.1,76.7,1171
COL0862,2023,80.8,80.7,89.5,6.7,13,72.3,81.7,77.4,1235
COL0862,2024,87.2,75.5,90.2,6.6,14,70.6,88.8,77.4,1203
COL0862,2025,88.5,75.8,91.6,4.4,12,71.5,89.1,87.4,1031
COL0863,2021,99.2,89.3,100,2.3,8,93.3,94.5,98.1,310
COL0863,2022,100,96.3,100,0,8,100.0,100,90.8,41
COL0863,2023,94.6,93.1,100,3.1,10,92.3,92.4,89.2,519
COL0863,2024,97.0,98,100,0.6,10,98.2,99.4,90.2,61
COL0863,2025,94.4,91.2,100,2.2,8,95.7,98.4,98.3,235
COL0864,2021,94.2,97.6,100,0,8,100,96.5,93.9,100
COL0864,2022,93.9,98,100,0.7,10,100,95.9,100,145
COL0864,2023,94.1,98,100,0,8,100,100,97.5,5
COL0864,2024,93.5,95.7,100,0.6,8,100,98.8,96.2,146
COL0864,2025,97.9,98,100,0.8,8,100,97.4,99.2,83
COL0865,2021,87.1,82.8,93.1,6.3,12,85.8,88.3,83.0,923
COL0865,2022,90.5,78.0,88.4,6.1,14,72.7,87.3,85.9,1094
COL0865,2023,85.2,80.0,94.3,5.4,12,78.5,85.5,86.8,1039
COL0865,2024,88.0,89.7,100,2.5,10,87.6,88.3,89.5,597
COL0865,2025,85.9,86.2,100,5.0,11,83.4,88.7,89.3,840
COL0866,2021,96.7,88.9,99.3,0.4,11,100,92.6,89.0,142
COL0866,2022,94.3,95.7,100,0,8,100,96.7,95.6,108
COL0866,2023,96.5,88.8,100,2.6,11,100,92.0,92.3,325
COL0866,2024,95.6,96.8,100,0.7,8,100,89.8,92.3,317
COL0866,2025,94.0,93.3,100,2.1,8,100,97.0,91.5,241
COL0867,2021,80.9,70.0,83.7,8.1,17,58.2,73.7,81.1,1584
COL0867,2022,76.4,65.7,77.5,12.9,18,65.7,71.2,72.5,1820
COL0867,2023,80.0,68.7,76.8,10.1,15,68.8,77.0,77.5,1635
COL0867,2024,82.8,67.8,85.0,9.1,17,68.3,75.5,73.5,1605
COL0867,2025,77.9,71.1,87.9,8.9,15,70.5,79.5,81.0,1574
COL0868,2021,96.5,96.2,100,1.9,9,100,97.5,90.8,109
COL0868,2022,92.0,91.9,100,0.2,8,100,95.8,92.4,171
COL0868,2023,93.4,92.6,100,0.7,9,100,93.9,97.0,209
COL0868,2024,98.5,95.5,100,2.7,10,100,93.4,90.2,305
COL0868,2025,94.9,92.4,100,4.2,8,100.0,90.2,97.6,507
COL0869,2021,80.3,67.5,77.1,11.1,16,61.4,71.7,72.7,1755
COL0869,2022,83.3,66.0,76.5,8.9,19,60.1,77.9,79.2,1592
COL0869,2023,80.1,68.6,82.6,9.4,15,61.3,74.3,80.9,1660
COL0869,2024,80.1,67.2,81.5,7.7,14,66.8,79.8,73.6,1611
COL0869,2025,74.6,66.9,84.8,12.1,19,53.7,74.9,68.9,1877
COL0870,2021,79.9,73.5,86.2,8.9,15,66.2,77.0,82.8,1511
COL0870,2022,81.5,77.9,95.7,8.3,16,72.4,81.4,82.7,1266
COL0870,2023,88.5,81.0,92.4,7.8,13,75.5,84.6,83.6,1230
COL0870,2024,84.8,75.8,95.5,7.2,12,78.5,85.6,85.0,1253
COL0870,2025,90.9,79.2,92.9,3.2,12,83.6,87.4,82.2,991
COL0871,2021,84.7,72.6,83.9,6.8,12,69.5,81.3,77.3,1334
COL0871,2022,84.4,76.9,93.0,6.3,15,74.7,82.0,78.0,1214
COL0871,2023,85.7,77.0,93.5,7.6,13,69.8,79.4,77.2,1370
COL0871,2024,82.9,75.9,94.9,9.8,15,72.7,78.5,80.0,1460
COL0871,2025,88.4,82.6,91.5,6.0,14,78.1,83.6,79.6,1154
COL0872,2021,64.2,50.4,66.9,17.5,22,37.3,61.4,66.3,2000
COL0872,2022,64.4,47.7,60,18.4,20,41.6,58.0,61.9,2000
COL0872,2023,68.9,46.1,61.3,15.9,23,34.4,60.0,61.0,1999
COL0872,2024,67.7,43.8,60,18.1,25,35.0,58.2,58.5,2000
COL0872,2025,69.3,47.6,63.2,17.5,20,39.2,56.4,58.0,2000
COL0873,2021,91.4,86.9,100,4.6,11,88.6,86.4,82.9,648
COL0873,2022,88.4,83.9,99.5,5.8,14,85.5,89.5,86.8,891
COL0873,2023,93.7,90.6,100,4.6,11,88.8,90.8,87.0,639
COL0873,2024,87.5,86.3,100,4.8,12,91.6,83.3,85.1,729
COL0873,2025,84.0,83.6,100,5.6,12,91.9,86.5,80.5,882
COL0874,2021,80.1,73.3,93.0,9.7,15,68.8,76.9,73.4,1510
COL0874,2022,79.7,76.0,86.0,8.7,13,68.8,76.5,85.4,1463
COL0874,2023,83.0,74.4,90.5,8.3,14,74.2,81.2,76.4,1423
COL0874,2024,85.8,75.1,87.8,5.4,13,76.8,82.0,83.1,1233
COL0874,2025,84.0,84.4,96.5,5.3,11,81.3,82.6,81.3,1060
COL0875,2021,93.4,86.9,100,2.6,11,99.0,93.1,89.6,465
COL0875,2022,91.1,86.7,100,2.1,12,94.7,90.7,86.7,532
COL0875,2023,92.1,89.5,100,1.8,8,100,93.1,92.0,428
COL0875,2024,90.1,90.8,100,4.1,10,100,90.7,97.2,509
COL0875,2025,97.4,88.9,100,3.7,11,100,95.7,86.1,501
COL0876,2021,94.2,88.4,100,4.0,10,93.2,93.4,85.3,494
COL0876,2022,96.2,87.0,97.5,3.1,13,94.4,94.8,90.6,434
COL0876,2023,90.2,94.0,100,3.2,10,100,93.6,89.7,467
COL0876,2024,91.9,96.3,100,1.4,10,100,94.6,86.4,347
COL0876,2025,95.3,95.2,100,1.5,9,100,92.1,93.3,233
COL0877,2021,83.8,84.1,100,7.8,11,90.9,82.3,88.1,948
COL0877,2022,89.1,83.7,100,5.2,11,89.3,91.4,87.0,760
COL0877,2023,88.4,83.3,100,3.9,13,89.3,89.2,85.1,703
COL0877,2024,93.4,90.7,100,4.6,12,95.9,93.2,90.2,559
COL0877,2025,88.4,83.7,99.3,3.6,12,93.4,90.4,83.8,670
COL0878,2021,83.6,85.0,97.9,5.8,13,89.6,81.4,88.7,893
COL0878,2022,86.2,79.6,91.6,8.1,15,88.4,86.0,78.4,1136
COL0878,2023,81.2,78.6,90.0,7.3,12,82.2,77.8,78.1,1260
COL0878,2024,86.3,77.2,93.1,6.6,15,78.0,83.1,77.8,1187
COL0878,2025,87.7,74.4,87.5,5.3,14,79.5,79.7,76.5,1283
COL0879,2021,83.6,75.8,93.4,4.9,12,74.2,81.8,80.8,1090
COL0879,2022,80.4,81.2,99.2,9.1,15,74.6,79.3,78.5,1301
COL0879,2023,88.2,76.5,88.7,6.0,13,78.0,87.5,86.6,1041
COL0879,2024,88.3,75.1,92.8,5.9,13,77.3,85.1,85.5,1162
COL0879,2025,87.9,80.7,95.3,4.3,12,76.9,84.1,85.5,982
COL0880,2021,79.7,66.6,80.6,10.3,16,68.1,73.8,72.1,1698
COL0880,2022,82.3,69.2,86.5,10.6,17,63.3,77.4,82.0,1553
COL0880,2023,83.3,65.8,76.0,7.1,14,65.1,75.1,78.1,1524
COL0880,2024,78.7,70.0,78.6,7.9,15,71.4,75.7,79.3,1518
COL0880,2025,83.1,66.6,85.8,7.1,18,65.2,78.7,80.6,1536
COL0881,2021,92.2,86.2,100,3.6,10,90.8,93.3,94.0,521
COL0881,2022,98.9,93.9,100,2.1,11,90.5,97.0,98.0,316
COL0881,2023,93.9,88.2,100,3.7,10,89.4,92.9,84.7,594
COL0881,2024,89.5,87.6,100,4.7,10,96.9,90.0,91.8,678
COL0881,2025,94.7,87.8,100,3.6,11,82.3,89.9,84.8,788
COL0882,2021,93.2,94.7,100,2.7,8,100,97.8,98.7,211
COL0882,2022,97.2,98,100,0,8,100,99.4,97.7,2
COL0882,2023,97.7,98,100,0,8,100,100,100,46
COL0882,2024,98.9,98,100,0,9,100,100,95.2,85
COL0882,2025,97.1,96.5,100,0,8,100,100,95.7,30
COL0883,2021,83.2,71.3,82.5,9.8,15,78.5,81.3,82.8,1363
COL0883,2022,87.3,74.5,93.2,8.1,16,80.1,84.8,78.6,1276
COL0883,2023,85.2,77.1,90.2,5.1,15,81.0,85.7,75.2,1092
COL0883,2024,85.2,83.3,94.2,5.8,12,86.4,79.6,79.9,1104
COL0883,2025,85.4,73.1,92.9,7.3,12,80.6,79.5,81.9,1363
COL0884,2021,96.5,95.2,100,3.2,12,100,93.2,95.0,247
COL0884,2022,90.5,91.1,100,4.6,10,98.5,90.6,93.4,569
COL0884,2023,96.3,89.9,100,1.9,11,100,92.6,95.3,293
COL0884,2024,98.5,91.8,100,2.0,8,100,98.5,93.8,212
COL0884,2025,92.2,94.7,100,4.2,12,100,89.3,86.4,493
COL0885,2021,81.1,68.0,87.2,9.4,17,61.4,71.9,74.6,1681
COL0885,2022,80.2,66.0,74.2,8.2,17,67.8,78.0,77.6,1540
COL0885,2023,85.9,71.2,81.3,8.9,13,63.7,79.6,75.7,1498
COL0885,2024,78.3,72.3,87.2,8.5,15,60.8,77.7,79.6,1576
COL0885,2025,81.2,71.0,79.5,8.8,17,69.7,82.6,77.7,1526
COL0886,2021,97.8,94.7,100,0,10,100,98.7,92.5,54
COL0886,2022,93.7,96.1,100,0.6,9,100,93.6,91.8,163
COL0886,2023,99.4,98,100,0.1,8,100,100,93.5,30
COL0886,2024,94.2,98,100,2.1,8,100,92.4,100,163
COL0886,2025,100,97.3,100,1.9,10,100,100,100,141
COL0887,2021,94.9,89.3,100,2.2,12,100,97.4,86.2,368
COL0887,2022,94.6,90.8,100,3.6,9,100,93.4,94.1,401
COL0887,2023,91.5,98,100,1.2,8,100,94.5,97.9,238
COL0887,2024,96.4,93.1,100,1.9,9,100,96.3,97.9,165
COL0887,2025,91.8,90.5,100,2.3,8,100,92.4,98.2,335
COL0888,2021,77.7,62.7,81.5,13.0,17,56.2,69.3,70.8,1877
COL0888,2022,78.2,65.5,82.0,9.3,18,55.2,74.4,70.2,1726
COL0888,2023,76.2,63.8,80.6,10.0,16,54.9,72.9,68.0,1827
COL0888,2024,75.7,71.7,80.9,10.2,16,61.0,78.7,71.1,1717
COL0888,2025,79.3,71.8,90.4,10.4,18,59.1,80.0,74.9,1651
COL0889,2021,72.8,57.8,74.0,14.1,17,55.4,70.3,66.5,1913
COL0889,2022,79.0,62.9,79.3,13.3,20,53.6,72.5,74.2,1861
COL0889,2023,76.4,60.9,68.4,13.7,20,60.9,67.3,62.9,1933
COL0889,2024,69.1,53.2,63.2,12.8,18,58.1,63.7,72.8,1940
COL0889,2025,75.2,54.3,71.3,13.2,21,54.7,69.2,71.1,1930
COL0890,2021,87.7,82.9,96.7,2.6,10,81.3,91.7,84.6,655
COL0890,2022,95.9,90.7,100,0.6,10,85.7,95.1,89.8,357
COL0890,2023,92.3,86.8,100,3.7,12,86.3,88.8,85.9,715
COL0890,2024,91.6,86.5,100,6.1,11,85.2,86.0,90.5,842
COL0890,2025,84.3,84.2,100,4.6,12,81.1,82.8,81.8,953
COL0891,2021,86.2,80.9,100,7.4,13,89.4,86.1,84.3,891
COL0891,2022,89.8,85.0,96.0,5.8,15,81.9,85.3,83.3,982
COL0891,2023,91.3,81.7,94.3,6.5,12,85.1,90.0,79.2,912
COL0891,2024,82.6,84.6,100,8.1,15,82.0,82.6,80.9,1118
COL0891,2025,83.7,81.5,97.4,6.4,13,82.3,86.2,78.1,1110
COL0892,2021,73.9,57.9,74.6,14.9,18,58.6,64.1,64.1,1959
COL0892,2022,74.5,64.7,77.5,12.7,19,61.3,74.1,66.4,1830
COL0892,2023,75.2,58.4,68.3,12.0,18,51.1,66.1,68.1,1937
COL0892,2024,78.3,63.1,80.3,12.5,17,61.3,69.4,73.1,1828
COL0892,2025,75.9,56.6,70.2,12.2,17,57.3,65.1,72.0,1900
COL0893,2021,91.2,83.9,100,4.5,12,85.6,86.0,92.8,649
COL0893,2022,91.9,86.6,99.6,5.4,10,79.6,88.2,82.9,815
COL0893,2023,87.8,85.3,100,4.8,12,77.7,92.3,87.5,802
COL0893,2024,93.7,87.8,100,3.2,11,84.0,92.5,89.3,566
COL0893,2025,86.4,88.4,100,2.9,11,89.5,86.1,89.0,698
COL0894,2021,87.4,87.3,100,3.5,10,86.2,91.8,82.8,597
COL0894,2022,90.0,88.5,100,3.1,13,81.0,92.8,88.5,680
COL0894,2023,84.6,86.7,100,5.1,15,83.8,86.3,83.7,930
COL0894,2024,84.8,82.8,95.6,6.3,11,84.5,85.7,92.3,930
COL0894,2025,86.0,81.4,100,4.3,12,85.4,86.4,89.3,857
COL0895,2021,78.8,72.8,92.0,11.6,17,64.9,76.9,79.4,1593
COL0895,2022,74.2,66.8,80.5,12.9,19,69.8,71.8,75.4,1795
COL0895,2023,77.6,72.8,85.7,9.4,17,77.7,80.5,79.3,1491
COL0895,2024,80.9,67.8,86.9,9.6,18,64.2,72.7,73.3,1652
COL0895,2025,83.2,71.0,83.1,7.6,17,65.7,79.0,78.6,1524
COL0896,2021,71.1,62.9,79.5,13.8,20,52.1,66.7,68.9,1916
COL0896,2022,68.4,53.0,68.7,15.5,21,44.0,64.8,63.6,1993
COL0896,2023,76.2,62.9,74.0,11.7,20,52.3,72.9,67.1,1903
COL0896,2024,75.8,57.9,66.3,11.8,17,48.5,71.4,67.9,1928
COL0896,2025,74.9,60.7,75.6,10.4,19,53.1,68.2,74.4,1861
COL0897,2021,73.8,55.0,66.7,11.3,20,44.3,67.1,66.2,1933
COL0897,2022,67.6,61.8,75.3,14.0,20,53.2,64.0,64.1,1971
COL0897,2023,69.8,54.3,69.1,15.8,21,47.4,63.5,63.0,1992
COL0897,2024,68.5,50.8,68.4,13.9,18,46.2,64.8,65.7,1988
COL0897,2025,68.9,55.9,70.5,15.3,22,48.2,64.8,62.6,1996
COL0898,2021,77.9,70.5,84.3,11.1,17,62.7,78.0,76.4,1703
COL0898,2022,80.5,66.1,74.1,11.4,15,65.1,72.9,75.7,1769
COL0898,2023,79.6,65.0,75.7,11.6,17,62.9,72.9,74.7,1759
COL0898,2024,77.0,66.8,75.7,10.5,16,58.4,78.2,70.6,1811
COL0898,2025,77.9,67.6,79.2,9.2,17,60.5,81.2,71.9,1671
COL0899,2021,85.6,73.0,82.7,8.3,15,70.0,82.0,77.1,1361
COL0899,2022,84.5,79.2,97.8,9.2,14,70.5,83.6,85.4,1241
COL0899,2023,85.7,81.1,95.1,5.2,16,70.1,86.1,74.8,1145
COL0899,2024,79.1,67.2,85.8,10.2,17,66.0,75.4,77.6,1606
COL0899,2025,84.7,74.5,90.9,9.3,15,64.1,82.3,84.0,1468
COL0900,2021,82.4,79.5,96.3,9.8,16,82.3,80.6,81.5,1181
COL0900,2022,81.8,68.9,82.7,8.2,16,70.9,75.9,77.6,1459
COL0900,2023,81.7,79.3,89.2,7.9,17,82.1,79.9,83.3,1207
COL0900,2024,82.9,75.3,91.7,7.9,16,88.0,79.5,86.3,1184
COL0900,2025,84.5,79.1,99.9,8.5,13,79.0,85.4,84.4,1293
COL0901,2021,77.8,58.4,74.5,10.4,17,59.2,72.3,68.2,1813
COL0901,2022,76.6,60.9,78.8,12.4,16,61.4,69.3,72.0,1824
COL0901,2023,73.7,69.8,77.8,13.4,18,64.5,69.6,78.2,1848
COL0901,2024,78.2,65.8,85.0,9.8,16,52.6,76.1,77.8,1718
COL0901,2025,75.3,67.5,82.5,12.4,16,57.7,73.1,75.7,1794
COL0902,2021,86.5,71.3,85.7,7.7,16,73.8,80.8,75.8,1345
COL0902,2022,87.7,77.5,97.5,6.5,15,74.5,84.8,76.6,1169
COL0902,2023,80.9,73.7,88.1,8.2,13,74.3,83.9,79.6,1375
COL0902,2024,85.0,81.0,93.5,7.0,14,72.8,84.6,86.8,1226
COL0902,2025,89.8,84.3,100,6.8,15,80.0,84.2,80.6,1112
COL0903,2021,83.0,70.7,87.7,7.0,16,81.5,74.6,73.1,1340
COL0903,2022,88.9,81.0,97.3,6.0,14,81.1,86.3,86.7,1024
COL0903,2023,84.8,74.1,94.7,7.2,13,75.5,81.9,83.2,1212
COL0903,2024,86.5,81.5,97.6,7.6,16,85.3,84.0,80.1,1045
COL0903,2025,85.6,82.2,94.4,5.3,13,86.7,79.9,87.8,1057
COL0904,2021,87.5,79.2,92.7,6.7,12,80.7,80.0,86.6,1007
COL0904,2022,85.7,83.9,100,6.7,13,78.6,88.4,88.6,1017
COL0904,2023,82.5,79.2,96.6,7.0,13,74.7,86.6,76.2,1285
COL0904,2024,88.9,76.5,91.3,5.4,16,70.8,86.0,78.9,1239
COL0904,2025,80.7,76.1,95.9,8.2,14,67.8,84.0,75.8,1470
COL0905,2021,82.2,76.6,90.5,8.8,15,83.8,86.1,82.6,1247
COL0905,2022,89.8,89.1,100,4.0,13,89.9,88.5,80.6,751
COL0905,2023,86.1,81.5,92.6,6.9,14,89.7,88.1,84.2,926
COL0905,2024,87.5,84.0,93.8,5.3,13,89.2,83.4,88.3,940
COL0905,2025,84.8,81.2,98.1,5.4,11,88.8,82.5,80.1,1003
COL0906,2021,78.8,76.6,91.5,9.5,17,76.8,75.5,72.3,1463
COL0906,2022,82.2,74.8,92.3,10.4,15,70.4,75.3,76.7,1543
COL0906,2023,82.4,70.1,88.7,7.5,16,77.4,81.9,72.7,1345
COL0906,2024,79.4,74.9,92.6,9.1,16,74.5,79.4,75.4,1461
COL0906,2025,81.0,76.4,93.7,10.3,15,73.7,75.0,81.5,1488
COL0907,2021,82.0,63.0,81.8,10.3,17,60.4,76.5,79.2,1660
COL0907,2022,83.8,70.2,87.2,8.6,16,69.7,77.2,79.7,1513
COL0907,2023,80.1,60.8,76.6,10.4,15,54.9,72.4,78.4,1771
COL0907,2024,82.4,71.5,84.9,7.2,17,65.5,78.9,76.8,1523
COL0907,2025,80.2,66.4,79.0,9.4,18,60.3,74.3,72.0,1763
COL0908,2021,82.5,76.8,89.2,8.1,15,67.5,83.3,84.5,1255
COL0908,2022,76.7,69.4,79.7,9.3,17,65.6,73.9,78.6,1604
COL0908,2023,79.4,77.7,87.0,8.8,15,69.6,81.4,80.2,1439
COL0908,2024,82.7,77.3,97.1,6.4,15,68.8,82.4,83.7,1215
COL0908,2025,84.5,74.4,84.8,5.6,15,67.3,86.1,77.9,1387
COL0909,2021,88.4,89.8,100,2.5,8,89.5,88.3,87.2,544
COL0909,2022,94.0,84.0,99.5,3.9,11,80.4,91.9,84.5,724
COL0909,2023,97.1,92.0,100,1.2,12,89.5,95.4,95.6,294
COL0909,2024,97.7,98,100,0.9,8,97.5,98.2,87.9,162
COL0909,2025,92.9,90.4,100,2.1,9,92.7,90.4,87.2,598
COL0910,2021,73.7,54.8,71.1,11.3,20,48.5,68.0,76.4,1926
COL0910,2022,74.2,68.3,85.1,12.0,16,54.6,74.4,71.3,1832
COL0910,2023,73.4,60.0,78.3,11.5,18,55.0,70.6,69.5,1906
COL0910,2024,79.1,65.6,79.4,9.7,17,58.9,72.6,69.0,1761
COL0910,2025,74.0,69.5,85.4,12.4,15,58.0,70.5,69.9,1836
COL0911,2021,79.6,70.8,86.2,11.5,19,69.4,74.5,74.1,1649
COL0911,2022,82.2,69.7,86.7,11.5,15,70.3,76.3,72.0,1607
COL0911,2023,79.0,66.5,85.8,11.1,18,75.7,72.1,80.7,1642
COL0911,2024,78.5,71.7,80.8,7.6,17,73.3,80.6,77.6,1419
COL0911,2025,82.2,76.0,87.1,8.9,17,74.2,74.1,80.8,1434
COL0912,2021,85.5,88.9,100,4.4,10,100,85.9,86.8,605
COL0912,2022,88.4,86.2,99.3,2.8,9,97.7,87.9,88.7,602
COL0912,2023,92.1,94.4,100,2.5,10,100,88.6,91.3,409
COL0912,2024,92.3,89.7,100,1.9,10,97.7,88.2,90.5,469
COL0912,2025,93.0,88.5,100,3.6,12,95.7,93.9,85.3,625
COL0913,2021,88.2,87.6,99.0,4.0,11,79.9,91.7,92.2,734
COL0913,2022,95.5,83.6,94.5,1.3,9,86.1,93.1,85.4,590
COL0913,2023,90.3,93.6,100,4.8,9,87.2,94.4,90.3,538
COL0913,2024,87.4,83.9,99.4,2.8,10,87.5,86.4,84.3,815
COL0913,2025,89.7,87.2,100,3.7,12,89.3,86.0,87.7,753
COL0914,2021,78.1,64.8,76.6,10.9,16,69.9,70.6,68.0,1774
COL0914,2022,77.4,64.1,82.3,11.7,18,70.5,71.2,71.1,1701
COL0914,2023,73.7,60.3,68.9,13.9,17,68.1,68.0,67.2,1883
COL0914,2024,79.0,72.4,84.4,11.7,18,70.1,75.2,73.3,1686
COL0914,2025,76.2,64.6,82.3,12.7,17,70.3,75.0,75.8,1766
COL0915,2021,85.9,74.3,86.9,6.3,14,81.0,81.9,82.6,1105
COL0915,2022,84.1,78.7,97.6,5.0,14,84.2,81.6,87.8,935
COL0915,2023,89.5,86.0,100,6.3,13,91.5,83.9,89.6,809
COL0915,2024,89.9,85.2,97.6,5.7,14,94.7,91.8,92.6,634
COL0915,2025,85.7,88.4,100,5.1,14,93.4,89.4,81.0,826
COL0916,2021,74.7,68.4,87.5,11.4,18,62.3,76.1,74.6,1657
COL0916,2022,77.9,70.0,81.6,9.3,18,56.6,76.0,69.8,1730
COL0916,2023,78.0,66.5,75.4,12.0,19,52.8,73.2,73.2,1855
COL0916,2024,74.7,61.2,75.9,10.4,16,62.4,69.5,77.6,1793
COL0916,2025,79.2,69.4,79.3,12.3,19,62.4,77.3,71.4,1761
COL0917,2021,83.3,76.4,88.1,9.5,16,75.7,77.9,73.3,1372
COL0917,2022,76.7,68.2,83.5,9.6,17,76.1,73.2,79.5,1594
COL0917,2023,76.6,72.1,85.8,8.6,15,74.2,78.2,79.2,1477
COL0917,2024,81.4,76.4,92.3,9.6,16,85.0,76.2,76.3,1420
COL0917,2025,84.9,75.4,85.4,7.4,15,73.3,78.5,80.7,1358
COL0918,2021,80.3,66.9,78.3,9.6,16,66.9,75.2,76.7,1667
COL0918,2022,82.7,76.4,95.9,9.7,14,71.2,77.0,72.4,1444
COL0918,2023,77.8,68.3,87.0,7.5,16,71.0,77.8,72.4,1558
COL0918,2024,82.0,66.7,80.1,10.7,17,65.1,75.3,79.1,1721
COL0918,2025,83.0,77.5,87.8,6.3,13,74.6,82.5,77.2,1323
COL0919,2021,96.4,93.4,100,2.4,11,100,96.5,93.3,308
COL0919,2022,94.5,93.8,100,0.0,9,100,98.2,94.5,179
COL0919,2023,93.2,97.2,100,2.0,8,100,93.2,92.8,340
COL0919,2024,97.6,98,100,1.6,8,100,99.3,98.4,109
COL0919,2025,94.3,93.7,100,2.4,8,100,93.2,90.5,279
COL0920,2021,98.9,93.3,100,0,9,100,96.4,100,5
COL0920,2022,96.0,98,100,0,8,100,99.5,95.9,58
COL0920,2023,95.6,91.2,100,1.6,8,93.1,93.4,100,351
COL0920,2024,98.2,92.1,100,2.5,8,100,92.4,100,237
COL0920,2025,95.0,98,100,0.3,8,94.5,97.4,91.2,225
COL0921,2021,95.3,98,100,1.2,11,99.7,94.4,90.3,198
COL0921,2022,88.4,88.5,100,2.0,10,95.3,89.3,93.9,412
COL0921,2023,94.4,88.4,100,0.4,9,89.7,97.9,92.8,301
COL0921,2024,93.4,92.0,100,1.1,11,91.9,91.7,94.1,362
COL0921,2025,94.4,86.4,97.3,1.7,10,94.7,93.7,91.6,448
COL0922,2021,93.3,84.0,97.0,2.9,11,93.4,89.3,89.8,596
COL0922,2022,86.1,89.8,100,4.8,11,98.9,85.7,91.2,648
COL0922,2023,91.2,92.1,100,5.0,10,92.6,92.3,84.4,599
COL0922,2024,92.2,85.5,100,2.4,13,97.2,85.3,84.0,552
COL0922,2025,94.6,87.7,97.8,4.1,10,100,92.8,84.7,545
COL0923,2021,87.6,81.8,96.8,6.5,10,92.7,85.9,92.7,861
COL0923,2022,91.4,82.5,96.2,6.1,11,90.6,83.7,86.2,901
COL0923,2023,88.8,90.7,100,5.2,12,100,91.1,88.1,501
COL0923,2024,87.2,84.1,98.6,2.9,10,94.5,90.4,82.0,660
COL0923,2025,90.8,84.7,100,2.3,10,93.6,89.9,90.8,659
COL0924,2021,84.0,77.6,90.9,5.3,14,68.8,84.4,84.4,1138
COL0924,2022,81.1,69.9,82.7,6.6,15,65.4,85.6,77.5,1389
COL0924,2023,83.1,77.7,90.6,5.8,16,74.1,85.0,87.0,1143
COL0924,2024,78.4,73.1,87.1,9.6,13,66.6,77.2,76.8,1573
COL0924,2025,85.1,78.6,88.9,6.5,14,66.9,81.6,85.2,1336
COL0925,2021,83.9,81.0,89.8,8.0,12,80.5,78.6,83.6,1178
COL0925,2022,87.7,84.5,100,5.6,12,85.3,82.7,86.2,937
COL0925,2023,90.9,85.0,95.2,6.5,13,84.5,89.2,80.8,948
COL0925,2024,86.1,80.9,93.8,7.3,15,77.1,83.9,85.4,1124
COL0925,2025,84.4,84.2,100,5.7,15,86.7,84.5,79.2,1047
COL0926,2021,80.0,70.3,81.1,8.7,18,72.3,77.3,69.9,1575
COL0926,2022,81.8,73.6,93.0,8.7,16,78.7,77.5,81.9,1356
COL0926,2023,83.9,71.4,80.7,8.9,16,75.8,75.9,83.3,1490
COL0926,2024,81.0,67.5,80.6,9.1,17,70.7,75.0,81.4,1575
COL0926,2025,80.9,74.1,91.9,10.8,14,70.0,76.0,80.0,1521
COL0927,2021,82.5,81.7,99.4,6.9,14,88.9,83.0,78.0,1050
COL0927,2022,88.3,85.3,99.1,4.6,12,91.9,88.9,81.3,691
COL0927,2023,84.2,89.4,100,5.7,14,98.1,85.1,85.9,791
COL0927,2024,91.1,89.2,100,4.3,13,92.2,85.5,92.6,587
COL0927,2025,86.5,91.1,100,4.1,12,99.1,88.6,88.2,664
COL0928,2021,85.1,77.1,91.1,5.0,12,85.4,82.1,87.4,935
COL0928,2022,84.2,81.9,99.1,5.6,12,91.5,84.5,86.0,799
COL0928,2023,85.0,81.3,92.4,5.9,14,90.4,87.9,90.1,836
COL0928,2024,85.7,85.7,97.0,5.7,13,86.5,89.2,84.4,905
COL0928,2025,85.4,86.1,96.8,4.7,13,88.3,87.5,85.0,888
COL0929,2021,83.2,82.1,93.3,8.8,14,84.9,82.1,79.6,1180
COL0929,2022,84.2,83.3,96.9,5.3,14,89.1,84.5,86.4,858
COL0929,2023,89.5,80.3,98.3,6.3,12,94.5,81.3,80.7,1005
COL0929,2024,90.0,85.7,98.4,5.6,14,93.0,87.3,85.9,732
COL0929,2025,90.0,86.7,100,6.3,11,98.0,87.0,89.7,803
COL0930,2021,82.1,62.4,81.9,11.3,16,60.2,76.2,69.6,1731
COL0930,2022,78.8,67.8,80.0,11.5,18,67.5,76.1,73.4,1676
COL0930,2023,76.7,67.9,76.5,10.3,15,66.2,75.8,77.4,1644
COL0930,2024,78.4,63.1,71.9,9.8,15,58.3,72.9,76.4,1803
COL0930,2025,77.9,65.6,78.3,11.6,19,63.1,73.0,68.4,1776
COL0931,2021,86.3,79.5,94.7,6.0,11,78.6,90.6,83.9,1028
COL0931,2022,84.7,85.1,100,5.6,12,87.4,86.8,90.4,792
COL0931,2023,93.6,78.5,92.0,3.3,12,77.7,91.2,90.7,872
COL0931,2024,88.8,79.1,90.0,3.6,12,80.1,90.2,82.7,946
COL0931,2025,89.7,82.1,95.3,5.2,13,84.1,88.7,89.8,884
COL0932,2021,75.4,65.5,80.6,10.2,16,67.2,75.0,75.0,1665
COL0932,2022,73.7,69.2,86.7,10.8,18,70.1,72.6,71.9,1711
COL0932,2023,76.9,74.6,91.5,10.7,16,75.0,79.1,79.5,1505
COL0932,2024,74.2,65.2,82.0,11.3,15,68.2,73.1,78.9,1694
COL0932,2025,76.8,67.0,82.0,9.2,17,64.9,80.2,71.6,1699
COL0933,2021,87.2,78.9,93.3,4.8,12,82.0,85.2,87.3,971
COL0933,2022,91.0,86.0,98.0,6.2,12,78.8,86.8,90.1,941
COL0933,2023,92.3,85.7,100,2.4,11,80.9,87.1,90.5,648
COL0933,2024,97.0,85.8,100,0.9,8,84.6,95.1,88.3,529
COL0933,2025,91.5,86.4,97.8,1.0,11,89.9,94.7,94.7,435
COL0934,2021,80.8,63.5,75.5,11.9,17,54.4,77.6,67.8,1832
COL0934,2022,72.0,58.9,75.6,12.0,18,55.5,73.0,65.6,1902
COL0934,2023,76.8,63.4,76.1,12.1,17,64.3,72.3,75.2,1791
COL0934,2024,79.6,57.4,71.2,13.2,17,52.6,68.7,74.1,1924
COL0934,2025,76.8,69.9,84.5,11.0,17,58.6,79.8,69.4,1770
COL0935,2021,93.2,94.9,100,1.8,8,97.1,93.1,94.6,293
COL0935,2022,95.3,92.1,100,1.9,8,95.8,93.1,92.8,256
COL0935,2023,94.7,94.4,100,1.2,9,100,99.7,93.2,122
COL0935,2024,94.6,97.0,100,0,9,100,93.6,96.3,164
COL0935,2025,95.5,92.2,100,2.4,8,100,96.8,91.9,337
COL0936,2021,92.8,91.5,100,2.7,11,89.5,93.0,96.2,413
COL0936,2022,90.5,93.6,100,3.2,11,94.0,94.2,96.0,467
COL0936,2023,94.7,92.7,100,0,8,99.6,96.8,98.0,171
COL0936,2024,97.7,98,100,1.7,9,98.5,99.2,97.9,110
COL0936,2025,92.7,95.1,100,3.0,10,99.2,94.0,99.3,305
COL0937,2021,93.8,86.1,100,3.1,12,81.7,89.8,94.7,539
COL0937,2022,89.2,87.2,99.7,4.1,8,95.3,88.7,93.8,609
COL0937,2023,88.1,86.1,100,3.6,9,87.9,90.2,94.2,704
COL0937,2024,96.8,93.5,100,3.8,10,93.8,90.0,98.2,375
COL0937,2025,91.7,98,100,2.0,8,100,95.5,97.8,125
COL0938,2021,91.1,78.6,99.7,6.5,10,74.9,85.6,84.8,1041
COL0938,2022,89.7,86.3,100,2.5,11,90.2,92.8,91.6,479
COL0938,2023,91.0,87.4,100,3.9,9,91.9,88.2,93.6,580
COL0938,2024,94.1,86.9,100,3.1,11,87.0,93.2,88.5,590
COL0938,2025,93.6,86.8,100,1.4,10,88.5,93.4,93.2,439
COL0939,2021,74.7,57.0,74.7,12.4,23,44.0,68.7,57.9,1968
COL0939,2022,67.0,47.4,60.2,17.1,23,41.6,63.3,62.2,1999
COL0939,2023,68.6,58.5,67.1,16.6,21,54.7,61.2,59.2,1993
COL0939,2024,67.8,59.1,70.0,12.3,21,54.7,68.8,64.1,1943
COL0939,2025,69.8,59.0,68.9,13.6,21,47.3,68.3,60.3,1980
COL0940,2021,89.1,80.2,95.8,4.9,14,96.8,85.0,88.7,740
COL0940,2022,84.0,85.3,98.4,6.5,14,89.8,83.7,87.0,963
COL0940,2023,85.8,83.5,98.1,6.4,15,89.9,78.6,80.9,1032
COL0940,2024,81.3,77.7,91.3,5.9,14,83.0,83.7,84.6,1082
COL0940,2025,83.0,76.9,86.8,7.9,13,85.0,81.0,79.3,1373
COL0941,2021,92.8,95.1,100,3.0,9,98.9,92.2,97.3,342
COL0941,2022,97.3,94.3,100,2.1,10,92.6,100,97.7,227
COL0941,2023,98.3,90.2,100,0.9,9,91.4,92.9,100,328
COL0941,2024,99.7,94.5,100,0,10,100,100,100,20
COL0941,2025,90.9,95.3,100,4.4,8,91.6,93.2,92.1,527
COL0942,2021,93.0,96.4,100,2.7,12,99.9,90.8,93.0,305
COL0942,2022,94.2,96.2,100,1.9,8,100,99.1,98.3,110
COL0942,2023,96.8,89.9,100,1.4,11,100,91.6,96.9,212
COL0942,2024,98.4,94.8,100,0.1,9,100,96.6,93.3,180
COL0942,2025,96.6,98,100,1.9,8,100,94.2,98.5,211
COL0943,2021,77.7,68.0,83.3,11.8,18,70.9,78.2,76.1,1632
COL0943,2022,81.0,70.5,87.1,10.8,19,62.6,78.6,78.3,1645
COL0943,2023,79.3,62.5,75.0,10.3,15,64.2,71.2,75.0,1749
COL0943,2024,76.5,67.9,86.5,7.8,17,68.2,78.8,70.2,1587
COL0943,2025,78.3,76.3,84.8,9.9,15,79.9,75.2,78.4,1530
COL0944,2021,87.0,77.3,97.8,8.0,12,83.8,83.3,87.0,1081
COL0944,2022,86.3,82.0,93.0,7.7,13,90.5,84.9,79.0,1048
COL0944,2023,86.3,80.8,90.2,5.4,13,86.5,85.0,83.5,925
COL0944,2024,81.9,79.8,93.0,7.4,12,82.3,78.6,87.2,1227
COL0944,2025,91.5,80.1,99.0,6.4,14,93.4,88.6,82.4,868
COL0945,2021,81.7,69.8,78.7,9.3,16,70.0,76.9,72.6,1527
COL0945,2022,77.5,67.2,76.0,13.1,16,72.7,70.2,72.8,1748
COL0945,2023,80.2,63.7,80.1,9.6,17,67.0,73.8,69.3,1674
COL0945,2024,77.6,68.1,82.9,10.8,18,69.3,70.2,67.0,1738
COL0945,2025,72.2,66.1,73.3,11.0,18,66.9,68.1,71.2,1806
COL0946,2021,78.7,70.9,78.9,11.9,18,57.5,77.6,74.0,1740
COL0946,2022,76.1,73.4,89.6,8.7,17,64.8,76.5,70.0,1582
COL0946,2023,79.6,66.9,75.1,11.7,15,56.1,71.5,80.1,1790
COL0946,2024,78.4,67.0,83.5,8.6,17,58.2,79.4,70.6,1662
COL0946,2025,77.4,66.0,84.7,11.8,17,60.4,74.6,80.7,1768
COL0947,2021,75.2,63.7,82.8,10.7,18,60.2,74.6,74.2,1792
COL0947,2022,75.0,61.0,75.7,12.9,17,61.4,73.0,77.4,1859
COL0947,2023,78.4,60.5,74.4,10.7,17,55.8,72.0,78.2,1794
COL0947,2024,75.2,68.0,80.2,10.6,19,60.0,75.8,66.2,1769
COL0947,2025,76.3,63.7,73.6,11.0,18,57.1,74.7,73.1,1857
COL0948,2021,98.0,95.9,100,0.6,8,100,93.9,92.2,132
COL0948,2022,96.8,94.0,100,2.1,8,100,95.2,100,130
COL0948,2023,94.6,94.0,100,0,9,100,97.6,93.5,69
COL0948,2024,98.0,97.0,100,0,8,100,96.5,97.3,45
COL0948,2025,95.7,94.1,100,1.5,9,100,100,100,100
COL0949,2021,87.4,77.7,91.2,8.4,12,74.1,81.5,83.2,1219
COL0949,2022,83.9,78.9,98.9,9.2,13,77.5,79.2,80.0,1303
COL0949,2023,88.5,72.8,82.0,6.8,13,73.8,84.4,86.3,1214
COL0949,2024,87.1,78.2,90.2,7.7,14,70.0,82.3,77.8,1285
COL0949,2025,84.7,77.9,87.6,7.7,13,72.5,88.5,89.4,1253
COL0950,2021,84.8,79.6,94.8,6.0,16,87.0,80.5,85.6,993
COL0950,2022,85.2,82.4,94.5,7.7,16,83.1,82.9,76.6,1174
COL0950,2023,81.4,73.0,83.7,8.2,14,85.1,78.6,78.2,1335
COL0950,2024,84.1,76.8,95.2,9.6,14,72.7,76.3,83.7,1430
COL0950,2025,82.4,75.1,92.1,7.7,15,81.3,80.5,81.7,1265
COL0951,2021,93.3,92.3,100,2.6,9,100,99.5,97.8,139
COL0951,2022,96.4,98,100,3.2,11,100,97.1,94.4,192
COL0951,2023,97.4,96.7,100,3.5,8,100,92.2,93.0,373
COL0951,2024,93.5,95.2,100,2.8,8,100,99.9,99.0,332
COL0951,2025,93.9,94.2,100,3.5,8,100,93.9,97.2,375
COL0952,2021,84.5,66.1,80.9,7.8,16,64.3,81.1,75.0,1507
COL0952,2022,84.3,71.1,87.0,7.2,14,58.8,80.1,71.8,1572
COL0952,2023,82.0,72.6,82.7,8.5,17,61.7,76.2,79.1,1519
COL0952,2024,79.9,69.2,88.8,9.8,15,58.3,71.7,73.5,1752
COL0952,2025,84.3,76.3,87.8,7.0,15,71.0,76.7,73.3,1465
COL0953,2021,88.4,81.2,92.5,2.7,13,81.7,91.2,91.2,661
COL0953,2022,92.4,90.8,100,2.0,10,90.7,91.1,87.5,450
COL0953,2023,90.0,83.5,100,3.5,12,87.7,86.4,88.1,756
COL0953,2024,92.8,80.7,93.5,2.4,10,85.9,87.1,83.0,788
COL0953,2025,92.9,81.5,94.5,4.8,12,83.3,89.3,89.1,963
COL0954,2021,77.3,67.7,80.4,8.3,18,73.1,78.2,70.2,1551
COL0954,2022,81.6,64.8,73.9,10.8,18,65.1,76.7,77.9,1721
COL0954,2023,75.5,72.2,81.9,9.8,18,74.0,76.9,78.0,1607
COL0954,2024,78.7,67.3,77.4,10.5,14,69.6,76.7,77.9,1688
COL0954,2025,78.0,69.3,85.0,8.8,15,75.1,74.7,75.9,1534
COL0955,2021,81.7,78.9,88.4,9.3,15,75.8,82.3,77.6,1313
COL0955,2022,80.2,71.2,90.3,8.9,17,72.3,76.9,72.6,1545
COL0955,2023,81.5,71.0,86.5,11.9,16,74.5,71.8,77.8,1656
COL0955,2024,80.8,68.2,78.9,6.8,14,73.1,81.8,73.5,1480
COL0955,2025,81.8,70.3,80.3,11.4,19,63.8,75.2,69.5,1752
COL0956,2021,88.4,74.7,84.9,5.0,14,82.9,84.3,75.8,1151
COL0956,2022,83.4,83.0,100,6.5,15,86.0,83.9,77.2,1076
COL0956,2023,82.7,78.8,94.3,8.5,15,83.2,80.1,78.8,1193
COL0956,2024,87.3,76.0,91.1,5.5,15,81.6,84.3,84.1,1092
COL0956,2025,78.8,73.0,89.8,8.7,13,77.9,77.5,83.8,1454
COL0957,2021,71.2,56.7,67.4,13.8,20,55.1,68.8,71.9,1936
COL0957,2022,77.9,62.9,81.1,9.6,17,59.1,74.2,67.6,1791
COL0957,2023,77.4,61.9,73.2,10.3,19,59.1,67.6,66.2,1858
COL0957,2024,73.4,58.9,72.9,12.5,19,59.4,69.6,70.1,1913
COL0957,2025,80.9,66.0,79.3,8.8,18,53.7,76.0,69.1,1785
COL0958,2021,78.0,72.7,83.5,10.2,15,78.0,75.9,80.2,1462
COL0958,2022,83.2,67.7,82.4,9.5,14,70.0,75.5,74.0,1526
COL0958,2023,78.0,76.2,86.8,8.4,16,79.1,77.2,77.6,1422
COL0958,2024,80.7,76.6,96.4,9.9,16,81.7,78.1,74.2,1373
COL0958,2025,83.4,75.4,94.5,9.3,14,84.8,84.8,75.4,1290
COL0959,2021,85.7,75.4,92.2,7.7,12,74.4,86.4,87.1,1224
COL0959,2022,82.3,76.5,86.3,8.0,12,79.9,82.7,81.4,1208
COL0959,2023,83.1,77.2,93.8,8.2,11,82.1,85.4,78.3,1268
COL0959,2024,88.1,83.0,93.2,4.2,13,84.1,84.4,87.8,884
COL0959,2025,84.3,85.8,99.4,6.4,13,85.5,83.3,82.3,1108
COL0960,2021,95.2,93.6,100,0.2,10,100,95.6,92.5,67
COL0960,2022,96.2,98,100,0.3,8,100,96.0,95.2,25
COL0960,2023,99.0,98,100,0.5,8,100,96.8,91.9,135
COL0960,2024,91.7,97.9,100,2.6,8,100,92.5,92.9,299
COL0960,2025,96.2,89.4,100,3.3,8,100,94.1,88.6,407
COL0961,2021,94.7,98,100,2.6,8,100,96.5,94.8,258
COL0961,2022,97.3,96.0,100,3.3,10,100,91.2,95.2,349
COL0961,2023,93.2,96.4,100,2.2,8,100,92.7,100,261
COL0961,2024,96.5,93.6,100,1.8,9,100,98.4,91.7,203
COL0961,2025,93.4,93.7,100,0,10,100,99.3,90.0,147
COL0962,2021,95.5,94.4,100,0,8,100,99.0,95.4,91
COL0962,2022,91.0,90.0,100,1.2,9,100,94.3,95.6,214
COL0962,2023,94.6,89.4,100,3.1,10,100,93.6,88.1,380
COL0962,2024,91.8,92.2,100,0.2,8,100,97.4,90.8,166
COL0962,2025,94.8,97.5,100,2.0,10,98.7,96.4,90.1,268
COL0963,2021,83.7,68.7,80.1,7.5,15,57.0,80.2,77.4,1560
COL0963,2022,83.1,68.2,85.4,8.9,17,57.9,77.7,71.8,1668
COL0963,2023,80.5,67.0,75.7,8.4,18,59.9,80.3,79.0,1584
COL0963,2024,78.1,64.7,78.8,9.9,16,60.4,80.4,80.9,1704
COL0963,2025,82.4,67.7,76.6,10.5,16,71.9,76.0,79.7,1588
COL0964,2021,83.8,76.1,93.1,7.9,13,78.2,82.0,79.6,1191
COL0964,2022,83.2,76.9,93.6,9.0,14,68.7,83.0,78.2,1408
COL0964,2023,87.0,81.2,99.8,6.8,13,84.3,90.7,81.6,952
COL0964,2024,88.3,87.2,100,3.2,12,82.1,89.4,90.3,797
COL0964,2025,84.5,81.8,100,5.7,11,81.9,87.2,90.7,1002
COL0965,2021,82.9,79.1,89.9,8.3,13,81.4,82.6,84.9,1131
COL0965,2022,87.4,77.0,95.8,7.0,12,86.7,85.4,79.4,1135
COL0965,2023,80.6,76.6,89.2,5.8,12,85.6,80.3,77.2,1131
COL0965,2024,88.1,72.7,90.8,7.0,13,78.0,82.7,86.9,1208
COL0965,2025,85.1,87.9,100,7.0,13,89.6,88.4,84.5,911
COL0966,2021,90.7,79.7,92.7,6.3,12,81.5,88.1,81.9,998
COL0966,2022,84.8,79.8,99.7,8.6,13,81.7,79.8,81.1,1219
COL0966,2023,90.5,84.3,100,4.8,13,84.4,83.2,80.5,901
COL0966,2024,83.5,84.1,100,5.4,14,79.5,83.6,88.2,1015
COL0966,2025,83.4,82.2,100,5.7,12,71.2,84.8,80.3,1122
COL0967,2021,87.5,82.0,93.1,6.1,12,98.5,86.3,83.6,801
COL0967,2022,88.0,89.0,100,4.0,10,94.5,84.1,92.5,647
COL0967,2023,87.1,87.3,100,5.3,11,99.7,92.2,82.8,687
COL0967,2024,89.7,85.4,100,4.1,12,100,87.1,89.1,682
COL0967,2025,90.6,94.3,100,2.3,10,100,94.2,90.3,388
COL0968,2021,80.1,74.2,85.4,7.0,16,70.0,78.4,75.0,1400
COL0968,2022,82.8,74.0,90.6,8.8,16,62.8,81.5,78.9,1509
COL0968,2023,81.7,78.0,94.8,5.8,15,67.6,83.0,85.0,1244
COL0968,2024,82.3,76.3,86.1,8.9,16,64.8,84.0,75.4,1482
COL0968,2025,81.0,75.7,90.3,5.9,13,68.4,82.9,85.3,1320
COL0969,2021,95.5,94.2,100,0,10,100,95.6,99.9,36
COL0969,2022,97.7,91.8,100,0.3,10,100,92.8,100,84
COL0969,2023,98.0,93.7,100,0.7,8,100,100,91.2,157
COL0969,2024,97.8,93.0,100,0,9,100,95.6,94.8,49
COL0969,2025,97.7,94.7,100,2.1,8,100,96.6,92.5,163
COL0970,2021,88.2,80.1,92.5,6.0,12,78.5,81.2,86.6,999
COL0970,2022,90.0,76.9,94.3,6.1,11,78.7,87.2,83.0,1038
COL0970,2023,87.3,73.8,86.4,8.4,12,77.4,81.5,87.0,1269
COL0970,2024,85.3,84.6,100,6.1,14,76.4,88.6,82.6,1032
COL0970,2025,85.1,86.8,100,3.6,14,79.3,89.7,89.5,821
COL0971,2021,84.6,75.9,85.1,7.3,17,71.1,79.9,82.9,1330
COL0971,2022,78.8,72.5,86.5,9.8,15,73.6,76.0,77.1,1494
COL0971,2023,84.7,68.5,87.7,7.6,14,69.0,81.9,78.5,1390
COL0971,2024,86.2,78.4,90.6,9.5,16,78.1,80.0,81.8,1312
COL0971,2025,84.9,79.4,95.3,7.1,16,82.4,83.2,83.6,1209
COL0972,2021,86.6,82.3,100,3.1,13,81.3,85.3,86.9,830
COL0972,2022,91.9,88.6,100,2.2,11,82.2,93.7,86.3,632
COL0972,2023,93.3,84.1,94.0,3.5,11,85.6,86.9,89.2,686
COL0972,2024,91.8,85.2,100,5.7,12,82.4,85.5,84.5,983
COL0972,2025,89.5,89.5,100,5.2,11,86.0,91.3,82.3,828
COL0973,2021,96.3,95.6,100,1.3,10,93.1,97.6,96.5,201
COL0973,2022,92.4,94.0,100,1.5,8,99.4,93.6,90.7,223
COL0973,2023,97.7,92.0,100,0.9,8,91.6,98.9,90.9,255
COL0973,2024,95.2,92.7,100,0,10,100,95.7,94.5,192
COL0973,2025,100,95.4,100,1.7,8,95.7,100,91.6,196
COL0974,2021,80.8,76.9,87.8,8.6,16,85.5,75.6,79.2,1350
COL0974,2022,86.5,83.6,92.8,5.2,12,80.1,83.4,78.5,952
COL0974,2023,84.4,82.5,100,9.2,15,83.8,79.4,79.5,1237
COL0974,2024,84.3,73.6,86.8,7.3,13,81.3,79.0,86.5,1205
COL0974,2025,85.8,81.0,95.4,6.3,14,89.0,87.2,81.7,970
COL0975,2021,94.3,90.0,100,4.2,12,100,95.6,96.6,362
COL0975,2022,94.7,91.3,100,3.9,11,100,97.3,89.4,462
COL0975,2023,90.6,93.3,100,4.0,11,100,95.5,87.2,468
COL0975,2024,88.6,91.8,100,2.9,12,99.8,93.0,91.0,462
COL0975,2025,91.5,94.4,100,2.2,11,100,88.0,94.2,481
COL0976,2021,89.9,87.6,100,2.5,9,100,94.9,85.8,449
COL0976,2022,88.5,92.6,100,2.8,12,100,91.3,89.9,432
COL0976,2023,96.6,96.2,100,0.1,9,100,97.5,88.1,150
COL0976,2024,94.2,96.1,100,0.5,11,99.5,95.2,93.3,227
COL0976,2025,96.1,98,100,0,11,100,98.4,95.5,122
COL0977,2021,80.9,68.1,77.8,9.9,16,63.0,78.4,70.9,1611
COL0977,2022,80.1,70.1,86.5,8.7,18,62.0,75.2,72.0,1620
COL0977,2023,84.4,74.4,84.6,7.0,15,66.4,79.2,80.0,1377
COL0977,2024,78.1,72.9,87.8,10.0,16,60.1,81.3,76.9,1635
COL0977,2025,83.1,66.9,82.5,6.9,14,61.7,81.2,77.9,1514
COL0978,2021,80.7,68.9,82.8,8.9,17,67.5,76.3,72.6,1563
COL0978,2022,78.4,67.0,77.3,9.1,14,62.9,77.7,82.9,1639
COL0978,2023,81.0,74.5,83.3,6.8,16,70.9,76.9,80.6,1424
COL0978,2024,86.3,77.8,93.9,7.8,15,70.2,78.5,85.5,1298
COL0978,2025,87.6,72.1,83.3,8.9,13,68.8,82.5,74.9,1546
COL0979,2021,93.5,87.9,100,4.3,13,78.6,89.2,92.0,608
COL0979,2022,83.8,85.3,100,5.8,11,75.4,86.5,86.9,939
COL0979,2023,87.9,82.6,100,3.8,13,83.1,87.6,82.8,789
COL0979,2024,86.7,83.6,97.2,6.2,13,84.6,82.0,81.5,1069
COL0979,2025,86.1,84.4,100,5.3,12,78.1,87.7,85.7,986
COL0980,2021,83.4,67.2,84.4,9.9,16,62.5,75.9,80.9,1588
COL0980,2022,81.2,65.5,79.4,9.0,14,62.5,81.4,75.3,1581
COL0980,2023,81.5,72.7,83.9,10.2,17,68.4,80.5,77.0,1593
COL0980,2024,80.8,66.2,80.1,7.3,15,67.1,80.4,71.0,1528
COL0980,2025,82.3,71.6,82.8,11.0,16,66.4,77.9,71.1,1631
COL0981,2021,93.1,90.5,100,3.2,9,96.8,93.7,94.3,388
COL0981,2022,95.8,92.8,100,1.1,10,92.9,95.7,100,286
COL0981,2023,99.3,91.4,100,0.0,8,92.7,93.6,100,165
COL0981,2024,98.1,96.0,100,2.5,9,100,98.4,96.5,245
COL0981,2025,94.5,97.7,100,0.2,8,100,100,91.8,68
COL0982,2021,92.8,90.7,100,2.7,11,100,93.9,90.0,327
COL0982,2022,89.8,90.0,100,3.3,11,97.8,92.1,90.8,383
COL0982,2023,92.8,91.3,100,4.8,10,100,85.5,83.5,651
COL0982,2024,91.3,91.1,100,3.4,12,100,89.2,95.8,528
COL0982,2025,87.0,90.3,100,3.0,10,98.3,86.6,95.0,577
COL0983,2021,68.3,54.5,72.6,13.7,18,41.8,62.4,68.9,1967
COL0983,2022,68.5,56.0,65.7,16.1,20,41.9,67.2,70.3,1994
COL0983,2023,71.5,61.5,74.6,12.4,20,43.8,70.2,72.3,1950
COL0983,2024,75.8,58.1,71.2,13.0,21,43.6,69.7,69.2,1934
COL0983,2025,76.9,54.8,66.2,11.6,20,47.6,71.7,67.4,1926
COL0984,2021,87.6,76.6,91.0,4.0,11,75.6,82.0,85.9,944
COL0984,2022,90.4,80.9,97.3,3.3,14,85.0,87.7,89.6,700
COL0984,2023,88.7,81.6,93.7,3.8,13,80.3,84.1,86.1,950
COL0984,2024,90.2,80.8,96.9,6.0,15,72.9,85.3,86.1,1140
COL0984,2025,91.8,88.1,100,5.3,11,84.2,89.3,89.8,752
COL0985,2021,91.4,92.3,100,2.3,11,91.6,88.8,88.8,405
COL0985,2022,92.7,85.5,100,1.2,11,84.9,90.6,86.1,637
COL0985,2023,98.1,88.1,100,0.3,10,95.3,96.8,89.4,199
COL0985,2024,93.6,96.1,100,2.1,10,93.9,97.5,89.9,306
COL0985,2025,91.9,81.9,98.9,3.8,12,83.5,88.0,93.5,841
COL0986,2021,77.6,62.5,71.5,10.0,18,57.4,75.5,70.0,1786
COL0986,2022,76.2,60.1,79.1,11.9,18,62.2,69.0,79.1,1779
COL0986,2023,80.0,67.7,83.5,9.6,17,59.2,71.2,71.6,1713
COL0986,2024,78.9,66.9,76.9,9.1,18,56.6,71.2,66.7,1743
COL0986,2025,78.5,61.2,69.0,11.4,19,59.1,72.1,70.3,1854
COL0987,2021,84.9,75.7,91.7,8.8,14,72.0,80.3,83.7,1281
COL0987,2022,81.8,70.8,82.5,9.5,13,71.8,82.8,74.9,1464
COL0987,2023,88.0,74.3,83.3,8.1,12,69.5,82.5,86.9,1308
COL0987,2024,87.1,79.5,99.9,6.3,13,72.8,82.6,84.1,1185
COL0987,2025,81.8,79.8,89.0,5.5,12,75.1,84.5,81.1,1280
COL0988,2021,93.4,93.4,100,2.4,8,100,95.8,92.6,253
COL0988,2022,98.6,98,100,0,8,100,95.2,95.5,44
COL0988,2023,100,98,100,0,10,100,98.1,99.6,32
COL0988,2024,96.0,92.9,100,0,8,100,100,97.7,19
COL0988,2025,99.0,96.0,100,0.2,10,100,95.5,100,24
COL0989,2021,86.3,78.8,98.5,6.6,14,84.5,83.1,83.6,1025
COL0989,2022,91.3,83.2,96.6,4.1,11,78.1,84.0,86.5,919
COL0989,2023,87.0,86.4,99.3,7.3,11,83.8,86.1,80.9,941
COL0989,2024,85.6,77.5,88.6,6.2,13,77.6,85.6,83.3,1157
COL0989,2025,84.9,80.7,91.8,4.8,13,80.7,85.9,84.9,1102
COL0990,2021,89.5,83.9,93.3,4.4,12,88.9,85.6,85.6,700
COL0990,2022,85.3,80.0,95.6,4.1,14,85.6,85.9,83.1,964
COL0990,2023,84.7,76.8,88.6,5.4,12,81.9,87.0,77.5,1112
COL0990,2024,88.0,86.0,99.3,4.3,12,95.7,88.2,86.4,640
COL0990,2025,82.3,83.6,100,8.5,12,92.6,80.6,88.9,1109
COL0991,2021,88.4,85.5,100,2.2,9,86.3,91.5,84.6,583
COL0991,2022,93.0,95.2,100,3.7,9,92.4,94.1,90.4,489
COL0991,2023,92.6,89.8,100,4.2,11,86.8,93.1,96.5,551
COL0991,2024,91.1,91.2,100,3.3,9,92.6,90.7,94.0,593
COL0991,2025,98.1,91.7,100,0,9,91.3,97.1,92.7,328
COL0992,2021,75.9,64.9,83.8,10.9,18,71.7,70.8,69.4,1666
COL0992,2022,80.5,67.1,83.4,10.3,16,67.6,77.0,72.0,1651
COL0992,2023,77.6,62.6,72.2,9.5,16,62.1,75.7,70.4,1796
COL0992,2024,76.2,67.9,82.1,13.1,19,67.3,72.1,75.4,1812
COL0992,2025,77.5,71.3,86.9,11.1,17,63.7,77.1,66.7,1728
COL0993,2021,100,96.4,100,0,10,98.6,98.6,99.5,14
COL0993,2022,92.6,97.3,100,3.0,9,92.4,98.1,100,209
COL0993,2023,93.3,98,100,0,8,96.4,96.3,93.7,73
COL0993,2024,93.2,92.6,100,2.1,8,100,95.0,96.9,338
COL0993,2025,97.6,96.1,100,2.6,9,100,93.7,100,229
COL0994,2021,90.0,87.0,100,3.5,14,85.2,87.3,80.7,773
COL0994,2022,85.4,75.1,85.1,5.4,13,71.1,86.3,86.5,1159
COL0994,2023,89.9,77.6,98.6,4.7,13,78.1,84.4,88.5,954
COL0994,2024,92.0,86.9,97.7,5.2,12,84.7,86.7,90.5,886
COL0994,2025,86.6,79.1,97.8,7.8,13,78.8,83.2,90.6,1135
COL0995,2021,88.6,89.7,100,5.4,11,94.9,89.7,92.6,587
COL0995,2022,93.2,85.8,100,3.2,10,93.1,90.3,93.1,553
COL0995,2023,95.8,90.6,100,2.1,9,91.0,92.3,85.4,424
COL0995,2024,90.8,94.3,100,3.0,11,88.0,92.7,93.5,554
COL0995,2025,95.1,87.9,100,3.9,10,87.9,92.5,93.6,636
COL0996,2021,86.4,77.7,94.2,6.5,11,77.9,89.5,90.6,953
COL0996,2022,87.1,78.9,94.4,7.6,14,73.2,84.5,89.4,1190
COL0996,2023,89.6,79.8,100,4.4,13,77.8,88.6,83.0,919
COL0996,2024,91.6,82.9,100,5.7,12,81.5,89.0,85.8,895
COL0996,2025,89.4,81.6,93.3,3.5,13,81.7,85.1,85.2,875
COL0997,2021,94.4,88.4,100,4.0,12,100,95.1,88.2,385
COL0997,2022,91.0,86.1,97.1,3.1,11,100,89.1,88.8,560
COL0997,2023,92.1,92.9,100,3.5,13,100,85.5,92.8,423
COL0997,2024,86.9,88.7,100,4.8,13,86.5,88.5,84.8,722
COL0997,2025,89.9,84.4,100,5.5,11,93.9,83.5,86.1,848
COL0998,2021,78.1,73.9,89.1,9.6,15,67.0,77.9,77.2,1524
COL0998,2022,80.4,68.2,78.6,7.6,18,73.5,78.9,73.9,1440
COL0998,2023,76.3,69.1,88.2,10.4,17,71.1,75.2,77.7,1585
COL0998,2024,73.9,66.6,79.1,11.6,18,72.6,71.4,80.4,1722
COL0998,2025,83.3,71.4,84.6,7.7,17,65.0,77.0,71.4,1595
COL0999,2021,90.9,76.4,91.2,5.8,13,71.9,86.2,78.0,1135
COL0999,2022,89.6,82.1,92.5,6.5,13,83.9,81.5,83.2,970
COL0999,2023,90.3,82.1,93.3,6.1,13,81.4,83.5,86.1,1015
COL0999,2024,89.2,77.7,88.5,4.3,14,75.7,86.9,83.4,1006
COL0999,2025,92.3,79.2,99.6,6.2,15,82.4,89.4,79.7,1032
COL1000,2021,83.6,77.7,88.7,9.7,14,76.0,81.6,71.2,1389
COL1000,2022,75.7,73.5,85.3,8.7,17,76.5,72.9,81.3,1504
COL1000,2023,81.3,75.2,90.1,8.2,16,80.9,76.6,76.7,1399
COL1000,2024,83.1,69.6,85.6,8.1,16,70.5,76.7,75.7,1514
COL1000,2025,83.3,74.6,92.5,8.3,15,82.4,74.7,77.0,1347
COL1001,2021,92.1,94.5,100,2.5,10,90.4,96.0,88.4,375
COL1001,2022,92.4,87.0,100,2.6,10,88.1,89.9,94.3,537
COL1001,2023,96.1,92.4,100,1.3,11,91.1,92.6,90.5,331
COL1001,2024,94.7,94.3,100,2.6,10,96.2,98.1,92.3,331
COL1001,2025,98.5,93.3,100,0.0,11,87.0,98.0,95.6,246
COL1002,2021,90.2,88.9,100,2.9,8,94.6,89.4,89.1,547
COL1002,2022,90.7,86.2,100,1.0,10,91.7,96.3,90.7,398
COL1002,2023,95.5,88.9,100,1.4,11,87.3,89.1,89.1,507
COL1002,2024,92.9,86.1,100,2.3,9,90.4,93.5,87.8,568
COL1002,2025,96.9,94.9,100,0.7,10,86.4,97.3,92.1,411
COL1003,2021,88.5,73.4,82.6,5.9,13,74.1,86.0,86.1,1128
COL1003,2022,86.6,78.8,89.4,5.8,15,79.4,82.9,87.2,1099
COL1003,2023,83.6,73.8,83.8,8.8,13,71.2,82.5,80.4,1475
COL1003,2024,81.0,73.1,85.7,6.6,12,73.8,80.0,77.6,1366
COL1003,2025,84.5,77.9,90.5,9.0,16,78.1,79.3,88.0,1388
COL1004,2021,78.1,63.8,80.0,10.8,16,60.0,68.7,76.4,1788
COL1004,2022,73.8,57.8,76.5,12.2,18,55.1,70.8,75.7,1878
COL1004,2023,74.5,62.0,75.2,13.1,19,52.1,74.8,66.4,1925
COL1004,2024,78.4,65.1,76.9,11.7,19,52.6,71.2,75.3,1833
COL1004,2025,76.6,62.3,76.7,10.1,19,53.2,75.7,77.8,1797
COL1005,2021,86.3,78.5,97.4,4.5,14,77.5,83.4,82.5,952
COL1005,2022,85.5,79.4,100,5.3,12,83.7,88.4,82.6,876
COL1005,2023,83.8,82.0,99.1,5.1,13,79.5,88.5,83.3,971
COL1005,2024,84.4,84.2,100,7.5,11,82.0,88.7,84.3,1067
COL1005,2025,84.9,76.0,93.8,5.0,11,78.5,83.6,84.5,1069
COL1006,2021,84.7,86.6,100,6.2,12,91.5,85.7,82.5,882
COL1006,2022,84.8,83.8,100,5.3,12,86.0,82.7,84.0,980
COL1006,2023,89.4,91.0,100,3.7,13,99.5,86.5,81.7,566
COL1006,2024,87.7,89.9,100,3.3,14,89.9,89.5,82.5,760
COL1006,2025,92.8,89.0,100,3.1,10,93.4,91.9,86.3,542
COL1007,2021,79.1,72.3,80.6,11.3,16,68.0,75.2,81.2,1636
COL1007,2022,82.4,76.1,94.4,11.0,16,77.9,73.3,81.4,1422
COL1007,2023,77.9,74.3,91.4,10.2,15,75.2,74.6,74.9,1511
COL1007,2024,79.5,74.0,84.5,9.3,16,75.4,79.8,74.5,1497
COL1007,2025,80.4,77.7,96.3,6.1,14,79.0,83.0,83.5,1130
COL1008,2021,84.9,71.0,87.0,5.9,13,68.8,78.7,79.7,1277
COL1008,2022,86.0,77.7,98.5,6.3,12,79.4,86.8,88.7,1004
COL1008,2023,82.5,75.7,89.6,7.2,13,73.3,82.1,86.4,1321
COL1008,2024,83.2,77.6,97.4,9.3,14,70.4,79.1,85.4,1396
COL1008,2025,86.4,82.0,100,4.5,12,81.3,85.1,87.0,974
COL1009,2021,94.8,90.7,100,1.8,10,97.1,89.9,95.3,257
COL1009,2022,93.1,85.8,99.8,2.6,9,93.7,89.3,88.9,487
COL1009,2023,98.6,91.7,100,3.0,10,93.8,96.2,91.9,421
COL1009,2024,97.0,91.6,100,1.6,8,96.9,98.9,100,217
COL1009,2025,96.4,98,100,0,8,100,100,100,7
COL1010,2021,88.0,86.7,100,4.7,10,84.7,88.4,87.5,726
COL1010,2022,87.4,85.6,100,4.7,9,80.5,86.1,94.5,762
COL1010,2023,91.2,89.2,100,2.4,9,92.5,96.0,91.5,397
COL1010,2024,95.7,94.1,100,0.6,9,90.2,93.3,96.8,373
COL1010,2025,94.0,83.8,93.6,2.1,10,82.1,88.7,95.1,650
COL1011,2021,97.6,97.6,100,0.6,8,100,99.5,92.5,83
COL1011,2022,98.0,91.3,100,1.2,10,100,92.5,93.2,148
COL1011,2023,95.4,92.7,100,0.4,9,100,100,96.3,54
COL1011,2024,95.4,98,100,0.5,10,100,96.5,90.7,64
COL1011,2025,91.8,98,100,1.8,10,100,94.1,96.1,312
COL1012,2021,74.2,64.9,77.7,10.8,18,51.2,74.0,64.0,1874
COL1012,2022,76.6,55.9,70.2,10.8,18,49.2,71.7,71.1,1920
COL1012,2023,75.3,52.3,65.1,11.9,18,44.1,67.3,63.0,1964
COL1012,2024,71.6,59.0,77.3,14.1,19,45.9,68.1,63.9,1959
COL1012,2025,69.6,57.6,72.0,14.9,20,50.4,68.9,68.2,1965
COL1013,2021,82.2,83.1,94.5,8.5,12,77.3,82.4,88.7,1186
COL1013,2022,84.9,77.7,98.4,7.4,14,82.1,81.2,84.9,1090
COL1013,2023,85.4,78.6,91.9,6.9,13,73.6,84.7,85.3,1243
COL1013,2024,89.8,78.1,96.0,8.0,12,74.8,85.1,80.2,1202
COL1013,2025,84.0,77.0,89.9,5.6,12,79.5,88.0,85.8,1085
COL1014,2021,96.3,95.5,100,0.9,10,99.8,95.8,89.6,110
COL1014,2022,96.0,95.0,100,0.8,11,100,98.1,89.1,172
COL1014,2023,97.6,98,100,1.9,9,100,96.6,92.0,217
COL1014,2024,87.8,93.1,100,5.0,10,97.7,89.7,94.4,630
COL1014,2025,88.7,94.7,100,2.1,9,100,93.1,90.9,418
COL1015,2021,86.8,81.0,100,6.8,16,78.6,81.7,74.5,1123
COL1015,2022,84.4,75.5,85.1,7.8,16,78.8,77.3,72.8,1416
COL1015,2023,82.1,71.5,91.3,10.6,16,79.3,76.1,78.0,1451
COL1015,2024,78.5,70.0,89.8,10.0,16,80.7,78.9,80.4,1437
COL1015,2025,82.8,77.9,88.3,9.7,14,76.2,79.8,77.1,1405
COL1016,2021,91.8,94.4,100,4.1,8,93.5,92.5,90.6,426
COL1016,2022,98.5,98,100,2.1,8,96.2,99.6,90.9,251
COL1016,2023,98.2,96.0,100,0,10,94.6,95.8,90.4,153
COL1016,2024,98.0,96.6,100,0.1,10,100,99.5,91.0,28
COL1016,2025,95.7,97.3,100,0,10,100,92.8,91.1,144
COL1017,2021,65.9,51.5,61.6,17.0,20,42.2,66.1,59.1,1999
COL1017,2022,73.1,53.9,64.0,14.4,20,42.0,65.7,63.9,1988
COL1017,2023,73.3,52.6,70.5,11.8,18,42.5,66.2,64.3,1971
COL1017,2024,71.8,56.9,68.8,13.3,21,42.8,65.7,64.9,1976
COL1017,2025,69.9,52.5,68.5,12.5,21,43.7,66.6,70.4,1966
COL1018,2021,92.0,87.8,100,1.9,10,100,92.1,91.8,313
COL1018,2022,93.4,90.0,100,1.8,9,100,91.1,95.2,305
COL1018,2023,90.4,92.5,100,3.2,10,100,88.3,91.2,394
COL1018,2024,92.1,89.8,100,1.6,11,100,92.5,88.0,423
COL1018,2025,94.2,94.4,100,2.3,11,100,95.9,90.4,256
COL1019,2021,83.1,74.8,91.7,9.1,14,70.5,76.5,75.9,1433
COL1019,2022,84.2,73.6,92.2,9.4,13,69.8,75.1,74.2,1437
COL1019,2023,82.5,71.9,81.9,6.1,15,70.5,81.8,76.8,1357
COL1019,2024,79.6,78.2,96.3,7.5,16,66.0,83.9,78.2,1377
COL1019,2025,82.0,69.8,81.7,9.4,13,62.8,79.7,81.9,1638
COL1020,2021,90.3,81.9,100,6.1,10,81.2,87.8,89.9,843
COL1020,2022,88.9,84.6,100,4.9,12,86.9,91.3,80.7,796
COL1020,2023,91.9,88.3,99.7,3.0,12,89.6,85.5,87.2,593
COL1020,2024,89.0,77.9,93.6,5.8,11,80.0,88.0,88.5,956
COL1020,2025,85.0,86.3,97.1,4.0,10,88.0,85.3,88.1,830
COL1021,2021,77.4,61.2,69.8,9.3,17,63.4,71.8,70.9,1780
COL1021,2022,75.3,59.4,70.2,13.1,19,50.3,72.3,69.6,1913
COL1021,2023,77.0,60.8,77.4,12.7,18,55.2,76.8,77.0,1844
COL1021,2024,79.2,61.0,75.4,10.4,15,55.9,73.2,78.8,1758
COL1021,2025,78.5,61.1,70.8,10.0,18,51.6,68.9,68.5,1892
COL1022,2021,93.5,91.0,100,2.9,10,97.8,94.2,91.6,392
COL1022,2022,94.1,94.5,100,3.4,9,97.2,89.6,86.8,419
COL1022,2023,91.0,88.0,99.5,1.9,10,95.6,93.6,98.3,321
COL1022,2024,91.8,90.1,100,1.6,9,94.1,89.9,87.6,439
COL1022,2025,98.0,95.2,100,0.9,9,94.6,97.9,97.9,81
COL1023,2021,77.7,65.6,77.0,10.0,16,60.3,78.6,73.1,1683
COL1023,2022,80.7,69.1,84.0,11.4,15,60.0,74.5,79.7,1682
COL1023,2023,76.3,59.0,78.2,9.7,18,52.5,72.8,77.0,1783
COL1023,2024,77.5,70.0,87.3,11.4,17,55.5,75.5,70.0,1800
COL1023,2025,80.2,63.9,77.5,9.5,16,62.5,74.1,72.3,1767
COL1024,2021,86.4,72.6,82.4,6.7,12,71.9,85.5,80.0,1240
COL1024,2022,80.3,75.4,91.8,9.3,14,69.4,77.5,75.5,1537
COL1024,2023,84.2,77.2,97.4,9.1,16,74.6,85.2,78.3,1279
COL1024,2024,86.7,73.8,83.3,5.9,16,70.0,79.4,76.3,1381
COL1024,2025,84.2,76.5,92.9,5.2,13,73.2,85.1,80.2,1187
COL1025,2021,87.0,82.9,100,4.3,11,86.2,85.8,83.1,833
COL1025,2022,90.9,81.6,91.3,5.2,14,76.9,86.5,85.1,988
COL1025,2023,87.5,87.3,100,3.7,13,81.0,90.0,78.7,796
COL1025,2024,84.6,77.2,94.3,4.7,13,78.4,81.0,85.1,1098
COL1025,2025,84.1,84.4,100,6.3,14,77.2,87.5,87.8,1054
COL1026,2021,92.3,85.2,100,3.0,13,76.2,87.6,83.7,793
COL1026,2022,89.5,77.2,91.7,7.5,13,71.7,83.4,84.9,1195
COL1026,2023,85.8,81.6,93.4,5.8,13,79.7,88.6,88.0,988
COL1026,2024,82.7,73.9,90.8,6.5,13,80.6,80.5,78.5,1318
COL1026,2025,86.8,74.2,91.5,4.9,11,72.5,80.2,85.0,1167
COL1027,2021,87.0,74.6,87.5,7.2,12,78.3,77.6,78.9,1263
COL1027,2022,86.4,75.9,96.0,7.3,13,71.0,81.5,77.8,1308
COL1027,2023,88.2,75.7,95.5,5.7,13,74.6,81.7,79.6,1225
COL1027,2024,85.4,76.1,87.2,4.9,12,79.4,82.9,81.1,1131
COL1027,2025,87.8,81.9,94.7,4.0,13,81.7,89.4,80.3,955
COL1028,2021,78.7,54.9,69.3,10.0,20,48.9,73.1,66.6,1866
COL1028,2022,70.8,58.4,67.7,13.7,19,43.0,62.3,67.1,1974
COL1028,2023,73.8,56.4,74.9,15.6,21,50.0,64.8,66.6,1966
COL1028,2024,71.2,53.2,67.0,14.3,19,49.5,61.1,63.4,1993
COL1028,2025,73.0,55.4,68.6,13.2,20,51.3,72.0,72.1,1952
COL1029,2021,84.7,80.6,95.0,4.0,13,81.1,86.9,82.1,959
COL1029,2022,91.3,83.0,100,4.5,11,83.1,83.9,89.4,816
COL1029,2023,87.1,89.4,100,3.6,10,82.5,88.9,83.2,838
COL1029,2024,85.2,84.9,100,7.2,11,87.3,85.1,83.3,981
COL1029,2025,92.2,81.7,97.4,3.4,10,78.9,91.5,84.4,912
COL1030,2021,72.7,59.0,73.9,11.0,19,55.4,72.8,69.9,1887
COL1030,2022,76.2,61.6,78.8,12.6,20,49.8,69.7,68.9,1877
COL1030,2023,77.9,61.5,71.0,12.4,18,48.4,70.6,66.3,1942
COL1030,2024,74.3,57.0,75.9,12.7,16,50.4,73.1,75.8,1909
COL1030,2025,75.2,61.4,74.1,13.9,20,47.9,70.9,73.6,1935
COL1031,2021,94.9,89.5,100,3.9,10,100,91.9,87.3,445
COL1031,2022,91.0,89.2,100,2.6,11,100,90.6,90.9,415
COL1031,2023,91.3,90.6,100,2.7,13,97.3,89.2,87.2,527
COL1031,2024,94.4,95.5,100,5.1,9,98.5,90.6,95.5,555
COL1031,2025,94.9,95.0,100,1.4,11,99.5,91.1,86.5,402
COL1032,2021,84.8,76.4,90.8,8.2,13,85.0,81.8,79.1,1145
COL1032,2022,91.2,90.5,100,5.9,12,93.9,90.1,83.1,763
COL1032,2023,88.7,85.1,95.8,4.5,13,97.6,83.7,89.5,671
COL1032,2024,85.5,84.1,96.0,3.1,10,91.2,88.2,81.8,824
COL1032,2025,89.7,81.9,100,4.8,14,95.3,85.7,85.7,735
COL1033,2021,92.8,86.2,96.6,4.6,13,77.0,91.9,87.7,736
COL1033,2022,91.5,82.2,100,6.3,10,80.9,87.0,90.6,903
COL1033,2023,91.7,84.3,100,5.0,11,86.7,92.8,88.8,747
COL1033,2024,88.7,90.6,100,5.2,10,86.2,88.1,90.4,750
COL1033,2025,90.1,91.1,100,3.1,9,88.1,89.9,97.1,642
COL1034,2021,90.1,85.5,98.9,7.3,11,85.7,84.3,80.5,938
COL1034,2022,86.2,85.9,98.6,4.3,13,80.2,83.7,89.3,905
COL1034,2023,91.0,78.6,90.5,3.2,13,84.0,87.5,81.6,850
COL1034,2024,90.8,86.8,100,3.2,11,84.9,84.5,88.2,710
COL1034,2025,90.0,84.4,96.8,4.3,13,80.3,85.9,82.8,914
COL1035,2021,81.6,73.9,84.7,9.5,14,61.6,80.8,74.2,1506
COL1035,2022,82.4,71.6,82.4,11.5,15,63.6,72.8,82.1,1641
COL1035,2023,82.7,68.8,83.2,8.8,17,65.8,80.0,73.6,1556
COL1035,2024,82.0,72.5,84.6,6.3,15,70.5,84.5,77.7,1363
COL1035,2025,84.4,75.7,89.5,8.3,16,75.2,82.5,79.9,1411
COL1036,2021,94.0,84.9,100,2.9,12,87.8,95.1,94.2,531
COL1036,2022,87.7,89.4,100,4.9,11,83.9,87.2,83.1,839
COL1036,2023,90.9,81.1,98.1,3.3,12,81.4,88.8,88.6,749
COL1036,2024,89.9,81.0,99.7,2.9,11,77.5,92.0,82.2,901
COL1036,2025,90.9,86.0,100,3.5,12,86.0,86.9,85.7,791
COL1037,2021,81.1,73.2,82.5,9.6,16,58.9,78.5,75.6,1566
COL1037,2022,82.7,73.8,91.5,9.2,16,70.1,73.8,79.2,1521
COL1037,2023,77.1,69.3,89.1,10.5,15,68.9,73.1,74.6,1634
COL1037,2024,84.7,76.3,96.2,9.3,17,67.2,79.9,77.0,1454
COL1037,2025,80.0,68.1,86.3,7.0,15,70.3,77.2,76.9,1466
COL1038,2021,82.4,73.2,82.7,10.2,14,72.7,76.0,74.0,1520
COL1038,2022,78.5,77.2,94.7,8.9,16,79.4,80.3,78.3,1287
COL1038,2023,81.9,75.9,93.4,10.2,17,71.3,80.3,75.2,1499
COL1038,2024,79.9,78.4,97.5,8.1,15,75.9,81.6,78.7,1358
COL1038,2025,77.6,72.0,90.1,10.1,16,79.2,74.6,71.3,1575
COL1039,2021,79.0,63.7,77.7,8.7,17,54.2,75.2,76.1,1677
COL1039,2022,78.1,67.0,76.1,10.6,18,57.2,72.1,67.8,1781
COL1039,2023,80.0,61.9,78.6,12.7,19,58.3,72.7,66.2,1899
COL1039,2024,73.2,65.7,74.2,12.1,17,58.6,69.4,65.9,1867
COL1039,2025,75.1,56.0,69.7,10.4,19,55.5,67.1,65.3,1914
COL1040,2021,91.2,90.6,100,1.2,11,96.8,97.3,93.7,217
COL1040,2022,95.6,92.0,100,3.5,8,92.4,91.7,97.9,414
COL1040,2023,92.0,89.2,100,1.7,9,95.3,90.4,99.3,350
COL1040,2024,98.1,94.2,100,1.5,8,88.8,97.6,92.6,410
COL1040,2025,92.5,92.0,100,3.1,10,92.4,94.0,91.0,576
COL1041,2021,88.8,77.2,95.6,7.2,15,87.6,84.2,86.4,1058
COL1041,2022,88.1,75.7,89.6,7.2,16,83.6,82.0,84.0,1191
COL1041,2023,87.7,81.1,100,6.8,14,81.8,80.2,83.2,1017
COL1041,2024,82.4,79.1,91.3,5.9,13,82.5,86.0,83.1,1068
COL1041,2025,81.9,74.3,92.8,9.6,14,78.5,77.5,82.4,1385
COL1042,2021,76.7,60.2,74.8,12.4,18,51.0,69.1,75.3,1867
COL1042,2022,72.6,60.3,74.3,12.8,17,53.8,71.4,72.5,1899
COL1042,2023,73.6,64.3,76.9,11.4,19,54.9,75.0,72.3,1857
COL1042,2024,78.4,63.7,81.6,10.6,19,56.5,75.0,71.6,1792
COL1042,2025,72.6,55.7,70.8,14.1,18,50.3,70.3,76.9,1955
COL1043,2021,86.2,83.6,98.0,3.0,11,88.3,88.4,89.8,650
COL1043,2022,90.1,90.0,100,5.1,9,89.7,91.3,87.2,601
COL1043,2023,93.3,88.9,100,4.4,9,89.7,85.9,93.1,586
COL1043,2024,97.5,89.2,100,3.9,11,92.8,95.8,96.2,537
COL1043,2025,95.4,95.5,100,2.1,9,95.5,92.8,95.8,413
COL1044,2021,84.9,83.8,100,4.3,12,80.6,86.8,87.9,869
COL1044,2022,83.7,84.5,99.5,6.6,15,88.5,87.2,87.2,883
COL1044,2023,82.8,83.9,100,5.9,14,86.1,83.6,84.9,990
COL1044,2024,88.2,78.6,88.4,7.8,15,85.5,81.2,88.8,1191
COL1044,2025,88.3,86.7,100,4.7,12,95.5,81.0,90.6,742
COL1045,2021,80.5,71.6,85.9,10.0,16,64.8,79.9,82.1,1567
COL1045,2022,80.4,70.2,87.8,9.2,17,68.2,79.4,72.7,1525
COL1045,2023,81.5,72.1,84.7,9.3,13,73.5,82.5,79.7,1429
COL1045,2024,79.3,69.7,83.0,7.6,13,66.2,81.1,78.4,1469
COL1045,2025,81.5,68.2,84.2,8.0,14,63.5,82.2,82.6,1585
COL1046,2021,79.3,72.1,85.2,7.5,15,71.0,80.9,75.9,1450
COL1046,2022,79.6,76.0,95.8,8.9,14,70.5,76.2,79.8,1367
COL1046,2023,85.7,73.0,84.9,6.8,15,72.8,82.5,77.9,1331
COL1046,2024,82.1,67.2,85.6,8.0,17,67.3,78.3,76.9,1585
COL1046,2025,81.2,74.6,90.2,10.3,15,63.3,81.6,77.4,1607
COL1047,2021,95.3,98,100,1.1,9,100,98.8,99.1,84
COL1047,2022,97.9,92.7,100,1.9,8,100,98.3,91.3,215
COL1047,2023,96.6,96.7,100,0,8,100,96.7,100,94
COL1047,2024,94.1,98,100,0.0,10,100,95.3,100,57
COL1047,2025,92.6,94.3,100,2.6,9,100,93.3,94.1,438
COL1048,2021,80.9,69.8,85.0,9.7,15,59.3,74.3,78.3,1658
COL1048,2022,81.3,67.6,77.7,9.2,18,67.2,72.2,79.6,1635
COL1048,2023,78.0,70.4,81.6,9.1,17,61.2,75.6,76.9,1601
COL1048,2024,79.1,66.1,81.9,9.1,18,52.3,71.8,77.6,1771
COL1048,2025,78.6,67.5,85.0,11.7,16,58.4,76.3,76.8,1795
COL1049,2021,98.0,95.7,100,2.6,8,95.7,99.8,95.5,178
COL1049,2022,96.5,98,100,0.6,8,100,100,100,9
COL1049,2023,93.3,97.6,100,0.0,9,97.4,100,90.4,52
COL1049,2024,93.7,98,100,1.3,8,100,100,94.1,89
COL1049,2025,97.5,91.8,100,1.0,8,95.5,94.3,92.3,275
COL1050,2021,81.2,68.2,79.9,10.2,16,69.3,75.9,76.7,1643
COL1050,2022,76.2,68.8,84.0,11.6,18,71.6,78.6,73.2,1613
COL1050,2023,76.8,70.5,79.9,11.7,15,76.1,71.2,76.9,1677
COL1050,2024,80.8,63.3,82.7,9.6,16,67.0,75.7,68.7,1682
COL1050,2025,79.8,72.7,82.3,11.1,16,70.6,73.7,72.9,1711
COL1051,2021,73.5,70.0,89.2,10.5,18,66.7,73.1,69.9,1654
COL1051,2022,77.2,64.9,75.0,12.1,19,59.3,73.4,73.2,1811
COL1051,2023,75.8,63.4,82.0,12.8,20,62.7,67.3,69.7,1864
COL1051,2024,77.0,68.8,84.9,10.0,18,66.1,72.9,71.6,1702
COL1051,2025,81.5,63.0,74.3,9.0,16,67.3,73.8,73.0,1734
COL1052,2021,91.2,88.7,100,3.5,10,88.8,90.1,90.4,492
COL1052,2022,87.3,87.4,100,3.3,13,96.5,88.5,84.5,582
COL1052,2023,92.1,91.3,100,3.6,13,100,91.6,86.1,548
COL1052,2024,89.2,92.2,100,2.0,13,94.4,93.0,87.6,479
COL1052,2025,94.1,92.4,100,3.0,11,100,90.0,95.0,487
COL1053,2021,85.4,86.0,96.2,4.2,12,76.7,89.1,83.4,872
COL1053,2022,90.6,85.2,95.5,5.7,10,77.0,88.1,88.2,929
COL1053,2023,91.0,83.6,94.3,3.3,11,81.4,91.2,89.2,770
COL1053,2024,91.4,83.3,100,5.8,12,81.1,91.5,88.1,885
COL1053,2025,84.3,83.9,99.1,7.6,13,81.4,84.2,88.3,1150
COL1054,2021,94.8,96.4,100,2.3,8,100,92.0,92.7,190
COL1054,2022,97.8,98,100,1.9,8,100,94.3,97.0,113
COL1054,2023,94.3,91.4,100,3.0,9,100,94.2,92.8,289
COL1054,2024,94.2,98.0,100,0.8,10,100,98.5,92.9,187
COL1054,2025,96.2,98,100,0.3,8,100,97.8,92.0,59
COL1055,2021,89.8,92.0,100,3.5,9,93.0,95.7,92.4,463
COL1055,2022,90.0,88.8,100,2.2,10,89.3,95.8,86.9,555
COL1055,2023,95.0,86.3,96.8,1.2,9,84.7,94.7,93.5,440
COL1055,2024,95.6,90.0,100,2.2,9,86.2,96.6,89.1,538
COL1055,2025,94.7,88.6,100,0.8,8,86.2,93.2,90.6,524
COL1056,2021,80.2,62.1,77.8,12.7,17,53.8,75.5,76.3,1805
COL1056,2022,72.5,66.7,81.5,13.5,17,54.4,73.1,67.0,1849
COL1056,2023,77.7,66.2,78.4,10.1,18,57.6,70.3,73.0,1801
COL1056,2024,78.2,60.7,72.4,12.4,19,52.7,74.2,73.0,1905
COL1056,2025,80.4,66.1,80.1,7.9,16,55.0,76.4,70.7,1686
COL1057,2021,80.0,73.4,83.1,6.4,13,77.4,82.8,84.8,1238
COL1057,2022,79.5,76.0,92.3,6.8,13,82.3,77.8,81.6,1185
COL1057,2023,84.2,78.1,97.2,8.6,14,77.1,79.4,76.8,1262
COL1057,2024,80.3,68.0,77.7,9.4,14,78.1,74.4,73.5,1577
COL1057,2025,81.8,75.1,85.2,7.7,16,72.7,81.2,83.0,1418
COL1058,2021,94.5,93.2,100,0.9,12,92.0,96.0,94.0,329
COL1058,2022,87.7,83.7,100,6.1,11,92.8,87.0,85.8,742
COL1058,2023,89.4,95.5,100,3.8,12,95.9,93.7,97.4,403
COL1058,2024,90.3,88.9,100,4.4,10,88.2,94.8,96.2,658
COL1058,2025,89.5,96.7,100,3.8,8,97.4,91.1,96.5,511
COL1059,2021,90.8,89.4,100,2.4,10,100,94.3,89.1,408
COL1059,2022,98.4,90.6,100,0.8,9,100,96.5,90.0,142
COL1059,2023,90.4,87.8,100,4.4,9,100,90.0,86.7,573
COL1059,2024,96.7,96.6,100,4.0,9,100,91.0,94.4,320
COL1059,2025,94.2,92.9,100,3.2,9,100,98.8,92.5,262
COL1060,2021,97.7,90.9,100,1.5,10,98.5,92.0,94.8,289
COL1060,2022,95.2,95.2,100,0,8,95.6,93.0,90.8,232
COL1060,2023,94.5,91.4,100,3.3,10,93.5,93.2,94.3,452
COL1060,2024,94.1,98,100,1.1,9,99.9,98.7,99.2,34
COL1060,2025,96.1,98,100,1.0,9,98.9,100,99.2,63
COL1061,2021,84.5,80.5,91.8,5.7,13,82.7,80.8,77.6,1036
COL1061,2022,84.7,81.2,94.4,5.5,12,82.0,84.5,78.0,989
COL1061,2023,84.6,79.1,97.5,6.0,12,87.9,79.9,80.3,1066
COL1061,2024,86.9,80.8,100,6.5,12,87.7,82.5,86.7,1034
COL1061,2025,88.1,85.8,100,7.9,14,92.2,86.1,81.9,946
COL1062,2021,91.2,78.5,91.8,4.4,13,81.3,83.5,92.0,887
COL1062,2022,86.2,81.5,92.6,4.5,11,86.7,84.5,81.9,978
COL1062,2023,93.3,89.5,100,4.4,13,80.6,94.4,89.2,662
COL1062,2024,85.2,84.7,96.0,5.0,13,84.8,85.2,88.6,923
COL1062,2025,90.0,84.5,100,3.2,13,88.0,92.8,92.4,673
COL1063,2021,79.6,68.7,85.2,10.7,14,74.4,75.4,72.4,1617
COL1063,2022,82.1,77.7,89.0,10.4,15,75.4,77.7,79.4,1421
COL1063,2023,79.7,76.3,90.8,8.5,14,72.1,83.9,83.5,1418
COL1063,2024,82.7,69.7,82.8,9.8,15,72.7,78.7,78.1,1502
COL1063,2025,85.6,73.3,91.6,7.4,15,81.1,80.0,80.7,1355
COL1064,2021,80.4,64.2,80.7,10.6,15,57.7,78.1,80.5,1639
COL1064,2022,75.9,67.6,85.0,9.9,17,64.9,77.9,77.9,1672
COL1064,2023,78.4,67.3,77.8,9.7,16,59.3,74.2,79.1,1669
COL1064,2024,78.3,62.2,77.3,10.1,17,56.1,72.0,75.8,1815
COL1064,2025,79.9,67.4,75.4,8.9,16,64.8,77.3,78.0,1677
COL1065,2021,84.3,79.4,99.3,6.3,15,70.7,82.8,82.1,1117
COL1065,2022,86.4,79.0,95.0,5.1,12,77.9,89.6,81.7,956
COL1065,2023,86.7,74.6,88.1,4.9,13,74.1,83.2,88.9,1071
COL1065,2024,87.3,81.6,99.9,4.5,10,76.2,83.5,91.0,938
COL1065,2025,85.0,86.1,98.8,4.8,12,78.8,89.1,80.1,951
COL1066,2021,84.5,79.6,97.5,7.9,12,87.2,81.1,80.3,1084
COL1066,2022,86.9,74.3,94.8,7.6,13,84.4,84.3,81.2,1098
COL1066,2023,81.2,81.6,98.5,6.9,13,83.7,77.4,83.1,1175
COL1066,2024,82.6,79.8,97.8,6.8,13,87.9,85.7,80.6,1142
COL1066,2025,86.1,78.2,94.0,8.1,13,79.9,83.4,79.2,1316
COL1067,2021,94.8,97.8,100,0.6,9,100,94.1,96.2,44
COL1067,2022,95.4,92.0,100,1.7,8,100,92.3,94.7,270
COL1067,2023,91.3,92.6,100,0.7,9,100,91.3,90.4,295
COL1067,2024,92.8,92.4,100,2.8,9,100,97.1,94.7,312
COL1067,2025,89.8,95.0,100,2.0,8,100,89.7,97.6,298
COL1068,2021,96.3,92.5,100,0.3,10,96.9,95.0,91.2,118
COL1068,2022,98.9,98,100,2.2,9,100,100,95.7,48
COL1068,2023,93.1,89.3,100,0.5,9,93.9,95.8,92.7,287
COL1068,2024,96.4,98,100,2.7,8,95.1,98.1,100,311
COL1068,2025,97.6,89.8,100,0,10,99.0,92.4,95.3,169
COL1069,2021,88.5,86.9,100,6.6,12,89.0,87.9,87.9,712
COL1069,2022,89.7,82.1,92.4,6.5,10,84.7,85.8,84.2,947
COL1069,2023,88.6,84.0,97.5,5.3,11,86.2,93.3,93.4,824
COL1069,2024,87.3,85.7,100,5.6,13,81.2,84.5,88.9,942
COL1069,2025,87.5,75.9,94.8,4.7,12,74.6,83.0,80.1,1222
COL1070,2021,87.5,86.5,98.1,4.6,14,95.3,89.2,90.9,610
COL1070,2022,86.6,87.7,100,4.2,13,87.3,86.4,79.9,746
COL1070,2023,84.4,82.8,99.9,6.2,15,88.2,86.7,78.9,1025
COL1070,2024,84.4,87.4,100,6.2,13,90.6,86.1,89.3,916
COL1070,2025,80.0,74.1,86.0,7.1,12,80.2,79.1,81.9,1369
COL1071,2021,78.0,75.1,92.6,8.0,14,63.0,77.8,83.5,1395
COL1071,2022,82.6,74.7,91.4,6.8,15,60.9,80.8,80.5,1339
COL1071,2023,78.9,72.0,84.3,11.7,15,60.5,73.8,74.7,1752
COL1071,2024,77.9,65.2,84.9,8.9,18,59.4,78.8,76.8,1655
COL1071,2025,79.6,67.6,75.5,9.5,16,55.4,73.3,70.5,1745
COL1072,2021,80.5,68.3,87.9,11.5,19,63.2,76.6,70.5,1670
COL1072,2022,76.7,62.6,77.0,10.2,17,67.0,75.9,68.6,1720
COL1072,2023,80.9,69.0,83.3,8.8,18,64.3,76.1,74.8,1576
COL1072,2024,82.2,67.3,79.7,10.1,18,72.7,78.0,71.7,1620
COL1072,2025,79.8,71.8,80.1,10.5,17,73.9,80.9,71.6,1622
COL1073,2021,82.8,67.4,80.0,8.2,15,62.8,75.0,76.2,1612
COL1073,2022,84.6,69.2,86.2,7.0,16,70.9,78.1,76.6,1413
COL1073,2023,81.5,70.2,82.7,9.7,16,70.0,76.1,83.7,1568
COL1073,2024,80.8,71.5,90.5,10.2,16,71.5,82.8,78.2,1511
COL1073,2025,83.4,72.4,80.9,7.1,14,73.8,78.8,83.5,1444
COL1074,2021,72.7,58.5,72.4,13.4,17,56.8,71.0,75.4,1886
COL1074,2022,72.9,57.1,68.9,14.2,19,52.1,66.9,68.9,1964
COL1074,2023,79.5,64.2,76.7,11.0,19,57.3,73.9,71.7,1778
COL1074,2024,75.4,60.4,72.3,12.7,18,50.2,75.2,69.9,1904
COL1074,2025,71.7,56.4,71.4,11.3,18,52.5,67.2,68.6,1938
COL1075,2021,89.2,94.8,100,2.7,10,95.6,93.9,91.7,442
COL1075,2022,88.4,90.2,100,2.9,12,100,88.2,88.4,406
COL1075,2023,87.6,88.1,100,3.5,11,100,88.4,93.3,540
COL1075,2024,92.0,91.6,100,3.8,11,100,96.7,88.2,461
COL1075,2025,96.5,94.7,100,3.2,9,97.4,94.1,91.9,455
COL1076,2021,100,95.2,100,0.5,10,100,95.6,91.6,127
COL1076,2022,96.1,98,100,2.5,9,100,98.0,100,164
COL1076,2023,100,95.5,100,0,10,100,97.9,97.1,34
COL1076,2024,99.9,95.4,100,0.0,10,100,100,99.6,24
COL1076,2025,95.0,98,100,0,10,100,98.7,96.5,29
COL1077,2021,85.5,86.7,97.8,6.9,14,77.7,89.2,82.2,984
COL1077,2022,87.4,82.3,95.3,7.2,11,82.1,82.4,85.4,985
COL1077,2023,87.0,80.9,100,6.1,11,79.4,88.4,86.8,966
COL1077,2024,89.5,79.8,96.5,4.9,14,81.3,87.0,80.7,1056
COL1077,2025,87.6,83.8,100,4.6,11,77.5,90.4,83.1,915
COL1078,2021,67.0,55.1,72.8,16.8,20,36.4,64.1,68.3,1996
COL1078,2022,72.7,57.6,73.4,12.4,20,42.9,68.5,67.5,1946
COL1078,2023,73.7,62.4,72.4,14.4,21,53.2,70.9,72.7,1911
COL1078,2024,70.5,62.3,72.2,15.0,18,46.2,68.4,71.7,1969
COL1078,2025,73.9,55.0,67.9,13.1,18,44.6,69.6,62.1,1971
COL1079,2021,85.3,74.3,83.3,8.0,14,63.9,79.4,81.0,1484
COL1079,2022,80.2,76.3,87.8,9.2,16,66.5,80.3,84.7,1387
COL1079,2023,82.3,75.8,93.9,7.6,14,72.6,79.9,83.9,1338
COL1079,2024,80.6,70.4,90.5,7.7,14,69.9,80.1,74.6,1446
COL1079,2025,78.2,76.0,94.1,7.5,13,67.7,75.8,82.2,1450
COL1080,2021,84.7,74.6,84.4,7.4,14,67.2,83.5,85.6,1326
COL1080,2022,85.8,76.7,96.7,7.4,14,75.7,83.9,80.1,1255
COL1080,2023,85.6,73.2,90.0,7.2,14,74.6,85.3,78.8,1266
COL1080,2024,87.7,80.7,95.3,8.1,14,71.9,81.7,89.4,1260
COL1080,2025,89.9,87.7,100,5.8,11,85.4,91.1,81.5,864
COL1081,2021,88.9,85.2,100,6.7,14,83.2,84.8,82.0,920
COL1081,2022,86.2,79.9,91.3,7.4,12,73.5,87.2,85.4,1125
COL1081,2023,84.8,79.7,88.8,4.6,12,78.2,85.0,78.9,1124
COL1081,2024,88.4,79.4,94.4,6.0,12,86.1,87.3,90.9,917
COL1081,2025,89.0,77.7,94.3,7.2,15,73.4,82.7,86.2,1228
COL1082,2021,91.4,81.5,99.4,3.3,12,82.8,86.3,90.9,668
COL1082,2022,83.1,82.3,100,6.3,11,73.9,82.0,89.8,1080
COL1082,2023,88.1,81.6,100,7.7,11,76.8,84.1,86.2,1033
COL1082,2024,88.4,80.4,100,5.5,14,75.3,83.7,86.2,1025
COL1082,2025,80.3,77.1,90.9,8.0,14,69.9,79.0,84.8,1412
COL1083,2021,94.1,90.5,100,3.7,8,100,96.4,94.7,341
COL1083,2022,90.3,88.5,100,3.0,10,100,94.5,95.8,416
COL1083,2023,95.9,92.5,100,1.8,8,100,93.3,86.8,327
COL1083,2024,88.5,94.9,100,4.0,11,100,89.5,95.4,408
COL1083,2025,95.9,90.7,100,1.5,9,100,93.1,94.7,351
COL1084,2021,87.0,82.7,97.1,4.0,10,86.5,89.8,84.0,774
COL1084,2022,94.0,85.5,100,2.0,11,94.3,89.8,93.8,388
COL1084,2023,97.9,91.6,100,3.5,9,94.8,95.3,97.0,412
COL1084,2024,94.4,87.5,100,1.6,9,90.7,92.9,94.7,484
COL1084,2025,95.8,91.8,100,3.0,9,95.2,97.3,97.5,280
COL1085,2021,92.7,84.2,96.5,2.4,11,93.7,90.5,83.7,580
COL1085,2022,88.5,93.5,100,2.8,10,99.9,91.0,92.1,337
COL1085,2023,92.0,87.9,100.0,2.9,12,97.1,89.9,91.9,448
COL1085,2024,92.5,91.8,100,3.3,9,100,86.1,87.1,463
COL1085,2025,90.9,93.9,100,2.5,13,100,91.2,87.3,474
COL1086,2021,90.0,82.0,97.7,4.9,14,91.6,88.7,89.5,784
COL1086,2022,87.0,85.9,97.4,7.1,13,90.1,85.6,81.5,1008
COL1086,2023,88.5,86.3,100,5.7,14,95.6,82.4,80.3,845
COL1086,2024,92.9,91.9,100,5.6,13,100,89.2,88.7,647
COL1086,2025,90.8,85.6,100,3.5,10,91.4,89.6,87.2,687
COL1087,2021,89.0,85.3,95.9,2.8,12,89.3,87.5,90.2,607
COL1087,2022,91.4,86.0,100,4.6,11,89.7,91.6,93.1,661
COL1087,2023,88.5,81.3,95.5,4.3,12,85.9,84.1,86.3,826
COL1087,2024,87.4,80.9,95.4,6.1,11,87.8,87.1,90.0,877
COL1087,2025,95.1,95.9,100,3.9,8,94.8,95.0,88.3,552
COL1088,2021,81.0,65.2,81.4,8.0,16,62.1,75.5,78.0,1602
COL1088,2022,80.7,69.8,79.3,10.7,17,69.4,78.9,80.2,1636
COL1088,2023,83.1,73.4,92.4,9.1,15,65.3,74.4,76.9,1543
COL1088,2024,82.2,75.2,87.8,7.5,16,64.8,80.3,77.4,1426
COL1088,2025,83.0,74.4,85.8,6.5,18,64.7,82.1,73.6,1430
COL1089,2021,97.0,88.4,99.7,3.9,12,90.9,95.0,85.5,563
COL1089,2022,97.4,95.2,100,3.1,11,90.0,94.9,93.2,348
COL1089,2023,90.1,82.8,92.7,3.9,10,83.5,89.8,94.1,777
COL1089,2024,87.9,83.5,96.9,3.0,10,84.5,89.9,85.5,823
COL1089,2025,91.7,97.2,100,3.0,11,92.1,97.9,91.4,458
COL1090,2021,96.3,87.5,100,1.2,12,87.8,95.4,95.2,303
COL1090,2022,90.9,91.0,100,3.9,9,89.1,89.3,90.6,564
COL1090,2023,91.3,89.2,100,4.5,12,87.2,88.5,91.4,726
COL1090,2024,86.3,82.0,92.9,5.9,13,80.5,88.0,82.6,1126
COL1090,2025,87.6,77.3,98.3,4.3,12,78.5,84.5,84.8,1056
COL1091,2021,73.2,60.7,73.9,12.7,16,61.1,71.2,75.5,1876
COL1091,2022,77.0,63.5,78.8,10.4,15,66.7,71.5,80.6,1646
COL1091,2023,82.7,66.6,80.9,10.8,18,60.4,78.3,69.6,1720
COL1091,2024,83.1,71.9,91.4,7.3,15,61.9,80.2,73.2,1462
COL1091,2025,80.7,70.6,83.9,10.7,16,64.3,77.9,75.5,1702
COL1092,2021,90.7,93.7,100,2.6,10,95.9,88.2,96.4,383
COL1092,2022,94.5,88.3,100,2.0,11,94.7,91.9,94.7,402
COL1092,2023,95.8,95.4,100,0,10,92.6,99.1,96.8,108
COL1092,2024,92.6,95.6,100,1.8,10,92.0,91.7,98.5,380
COL1092,2025,97.0,98,100,0.9,8,98.4,100,90.5,114
COL1093,2021,98.3,95.1,100,1.5,9,100,98.3,89.0,133
COL1093,2022,93.7,95.8,100,1.0,10,100,92.1,99.6,189
COL1093,2023,93.2,96.9,100,2.4,8,100,99.8,95.6,129
COL1093,2024,89.7,87.8,100,1.3,12,100,91.1,98.0,372
COL1093,2025,95.7,98,100,1.0,8,100,97.6,86.8,258
COL1094,2021,81.3,69.8,85.5,11.0,15,69.6,74.9,82.0,1596
COL1094,2022,79.5,69.3,89.2,10.4,16,61.1,76.1,79.6,1593
COL1094,2023,79.2,65.6,80.6,8.4,15,61.1,78.4,82.0,1658
COL1094,2024,81.1,70.6,85.7,6.8,15,62.9,82.7,72.5,1520
COL1094,2025,80.2,75.5,84.1,7.6,15,62.2,81.8,76.7,1545
COL1095,2021,94.8,89.7,100,2.1,10,94.9,96.5,95.8,266
COL1095,2022,97.8,96.5,100,1.7,9,94.4,93.7,97.5,268
COL1095,2023,92.7,88.0,100,0.6,8,94.6,92.5,93.0,346
COL1095,2024,92.7,95.2,100,2.4,8,88.9,94.7,96.3,377
COL1095,2025,98.8,97.9,100,0.1,8,100,100,91.1,77
COL1096,2021,89.8,76.1,85.0,7.7,14,82.1,81.3,87.0,1119
COL1096,2022,92.5,85.2,94.9,4.9,11,79.9,88.6,80.0,865
COL1096,2023,86.9,88.2,100,4.9,11,85.6,89.6,91.4,684
COL1096,2024,88.0,87.5,100,5.1,11,80.7,90.3,87.6,866
COL1096,2025,86.2,80.3,89.6,6.3,11,81.4,79.9,83.2,1232
COL1097,2021,80.2,68.5,81.6,8.8,16,64.0,73.1,80.3,1608
COL1097,2022,76.5,68.1,85.1,11.2,16,63.0,76.6,79.2,1696
COL1097,2023,73.9,71.9,90.8,11.7,17,66.3,72.5,72.7,1670
COL1097,2024,81.5,70.9,79.8,8.7,18,57.8,79.5,68.4,1679
COL1097,2025,77.7,64.6,79.7,9.2,17,63.0,75.1,73.8,1742
COL1098,2021,95.3,94.1,100,3.8,8,100,92.8,92.2,410
COL1098,2022,89.6,92.7,100,5.7,10,100,88.5,93.5,473
COL1098,2023,95.6,93.9,100,3.9,10,100,92.4,95.1,392
COL1098,2024,87.4,94.4,100,3.4,10,98.5,89.1,85.0,567
COL1098,2025,90.1,90.8,100,4.6,13,100,93.7,90.8,497
COL1099,2021,91.8,98,100,0.8,9,100,92.7,100,34
COL1099,2022,92.3,97.1,100,0.4,8,100,94.1,97.4,158
COL1099,2023,97.2,95.7,100,2.1,9,100,100,100,65
COL1099,2024,94.7,98,100,0,8,100,100,100,5
COL1099,2025,95.7,92.9,100,0,9,100,99.2,100,21
COL1100,2021,93.9,95.4,100,0.7,9,100,94.9,89.3,228
COL1100,2022,93.3,92.6,100,2.5,9,100,99.6,90.0,352
COL1100,2023,94.7,92.0,100,2.8,8,100,98.0,100,302
COL1100,2024,93.1,98,100,1.9,9,100,92.4,96.3,186
COL1100,2025,93.2,93.1,100,0.6,8,100,96.5,93.2,177
COL1101,2021,82.4,75.5,92.6,5.7,13,83.2,86.5,79.7,1029
COL1101,2022,86.8,78.9,91.4,7.0,15,81.3,80.1,81.6,1206
COL1101,2023,87.3,76.0,93.4,7.7,13,81.9,78.1,78.7,1286
COL1101,2024,88.5,80.9,91.2,4.9,14,87.4,85.1,81.3,1036
COL1101,2025,88.0,85.6,100,6.2,13,91.9,82.8,85.0,860
COL1102,2021,80.6,65.7,82.2,11.6,18,68.1,75.7,71.0,1711
COL1102,2022,82.0,72.2,89.6,8.7,17,77.8,83.3,75.8,1373
COL1102,2023,78.9,76.9,94.8,11.2,15,81.3,73.9,75.5,1546
COL1102,2024,77.8,68.8,78.2,11.0,17,74.0,79.3,81.9,1633
COL1102,2025,76.5,66.4,86.2,8.3,18,69.3,77.0,79.4,1583
COL1103,2021,98.6,96.0,100,1.1,11,94.2,95.3,91.2,167
COL1103,2022,90.4,88.2,100,1.3,9,89.8,91.3,91.1,399
COL1103,2023,93.8,98,100,2.4,8,95.2,94.6,96.7,290
COL1103,2024,90.8,98,100,0.5,9,100,91.8,100,67
COL1103,2025,96.8,93.7,100,2.4,9,100,94.6,92.6,365
COL1104,2021,71.3,50.0,60,14.5,20,40.1,68.3,69.4,1987
COL1104,2022,67.7,55.2,64.3,15.0,20,36.8,61.2,68.0,1997
COL1104,2023,71.3,58.7,68.8,15.5,19,46.2,64.9,68.7,1985
COL1104,2024,68.6,54.3,67.5,13.4,19,49.9,63.4,70.9,1956
COL1104,2025,68.4,51.3,69.6,15.2,20,46.6,67.4,65.9,1985
COL1105,2021,75.0,62.1,76.8,9.4,17,63.5,72.3,72.8,1718
COL1105,2022,78.7,71.0,86.2,11.1,17,63.5,74.0,70.3,1694
COL1105,2023,82.2,61.7,72.1,9.0,16,55.0,78.0,70.7,1733
COL1105,2024,80.0,64.5,74.6,11.6,17,60.5,72.0,67.8,1835
COL1105,2025,78.2,69.7,83.9,11.4,16,63.1,73.7,79.3,1709
COL1106,2021,83.2,72.2,81.9,9.8,16,74.0,75.3,75.4,1479
COL1106,2022,82.3,76.9,88.7,7.8,15,79.2,73.3,77.1,1288
COL1106,2023,83.8,66.6,75.3,8.1,17,67.8,80.5,71.1,1608
COL1106,2024,82.9,66.1,79.9,9.3,14,73.1,74.6,80.9,1601
COL1106,2025,82.1,70.9,84.0,7.9,15,73.9,77.0,77.7,1438
COL1107,2021,80.6,60.5,79.1,9.7,19,51.7,76.4,77.3,1768
COL1107,2022,74.1,64.7,74.5,11.7,18,54.5,73.8,73.1,1863
COL1107,2023,73.6,68.1,86.9,13.2,16,58.4,71.7,74.9,1851
COL1107,2024,79.8,61.6,75.5,11.6,17,49.9,71.9,65.5,1908
COL1107,2025,73.0,63.9,75.8,10.4,19,58.5,73.8,71.0,1856
COL1108,2021,92.7,92.4,100,5.1,12,89.2,94.5,86.8,633
COL1108,2022,86.6,81.9,100,3.7,9,80.5,85.0,94.1,719
COL1108,2023,88.0,80.9,96.3,5.2,13,83.6,83.2,83.4,978
COL1108,2024,85.2,81.3,92.7,7.3,12,80.1,88.2,85.3,1154
COL1108,2025,89.4,80.3,90.5,3.5,12,82.5,89.0,84.7,917
COL1109,2021,79.8,73.6,88.0,10.5,17,73.8,73.8,72.2,1591
COL1109,2022,82.9,69.6,79.1,9.3,15,78.4,74.8,80.2,1452
COL1109,2023,82.9,80.2,96.2,8.5,15,74.7,81.4,73.7,1346
COL1109,2024,77.9,74.6,94.2,8.7,16,78.7,76.8,83.0,1388
COL1109,2025,82.4,74.7,87.5,6.9,17,71.9,78.2,81.4,1400
COL1110,2021,80.9,66.7,86.4,9.2,15,59.8,75.0,72.6,1647
COL1110,2022,77.5,61.4,69.5,12.3,16,58.1,71.2,72.6,1885
COL1110,2023,79.6,69.5,79.2,9.9,15,61.2,77.0,77.6,1626
COL1110,2024,78.4,66.3,83.6,9.6,17,57.1,75.6,68.9,1742
COL1110,2025,82.7,65.7,74.4,10.6,15,58.3,79.9,77.3,1753
COL1111,2021,75.9,66.1,85.2,10.9,15,59.5,75.3,81.1,1702
COL1111,2022,77.8,71.9,88.0,9.2,18,66.8,73.2,71.8,1602
COL1111,2023,80.5,69.1,81.1,8.5,14,71.0,79.8,79.7,1506
COL1111,2024,85.1,71.4,83.7,8.4,17,60.5,79.5,76.7,1574
COL1111,2025,83.0,65.7,83.3,9.7,15,64.6,77.6,78.4,1666
COL1112,2021,73.8,54.0,62.4,12.7,20,59.9,63.1,68.1,1922
COL1112,2022,69.1,59.9,69.2,16.4,19,57.3,63.0,65.2,1975
COL1112,2023,67.5,50.1,61.7,12.8,21,45.3,67.1,67.9,1970
COL1112,2024,70.0,62.1,80.5,12.3,20,49.3,69.3,67.4,1912
COL1112,2025,67.1,56.1,73.4,14.1,19,46.7,64.2,63.2,1982
COL1113,2021,97.0,95.3,100,1.8,8,100,98.4,90.7,225
COL1113,2022,98.6,98,100,0,9,100,96.2,98.1,34
COL1113,2023,99.1,94.3,100,0,9,100,100,98.3,63
COL1113,2024,97.0,98,100,0.6,9,100,100,100,25
COL1113,2025,99.3,97.4,100,1.4,8,100,94.0,99.0,164
COL1114,2021,85.5,82.4,96.0,7.5,11,94.5,81.4,80.6,1021
COL1114,2022,90.7,82.8,100,5.3,12,89.2,85.4,92.2,745
COL1114,2023,87.6,85.7,100,6.9,13,95.6,85.5,89.5,852
COL1114,2024,90.5,79.0,99.3,6.9,15,89.4,86.3,83.6,954
COL1114,2025,91.1,88.3,100,6.3,10,90.1,83.8,92.1,784
COL1115,2021,77.8,67.8,87.4,8.3,18,57.1,76.7,77.0,1578
COL1115,2022,75.4,70.4,84.0,9.2,15,64.7,76.5,79.6,1586
COL1115,2023,80.5,66.7,74.9,8.6,17,64.6,72.2,70.7,1673
COL1115,2024,74.5,68.2,83.5,12.5,17,55.8,70.8,68.7,1827
COL1115,2025,80.6,72.6,90.4,7.3,15,62.5,79.5,69.7,1551
COL1116,2021,79.9,64.4,76.3,10.6,15,68.6,73.3,76.2,1705
COL1116,2022,75.2,70.4,88.7,8.8,18,66.9,77.9,75.2,1561
COL1116,2023,81.7,68.6,76.6,8.3,15,68.7,76.2,71.9,1603
COL1116,2024,76.8,67.1,76.7,7.6,16,72.0,75.8,75.4,1579
COL1116,2025,79.7,76.3,92.7,9.3,14,83.3,77.0,75.7,1404
COL1117,2021,78.7,57.3,69.9,11.8,21,56.4,71.9,65.9,1893
COL1117,2022,78.0,63.4,81.9,12.2,20,56.3,68.1,68.0,1835
COL1117,2023,77.7,62.9,78.7,11.8,17,52.7,74.9,77.6,1806
COL1117,2024,76.8,61.1,72.3,12.4,17,57.8,73.3,79.8,1853
COL1117,2025,80.8,63.6,80.8,9.3,15,56.6,75.0,71.3,1764
COL1118,2021,91.2,96.8,100,1.5,9,97.8,95.2,91.0,314
COL1118,2022,97.4,93.9,100,4.0,11,100,95.7,88.3,367
COL1118,2023,93.7,90.7,100,4.3,11,100,91.9,91.3,510
COL1118,2024,89.2,84.6,95.6,5.1,12,94.1,88.7,93.7,734
COL1118,2025,86.5,93.1,100,4.6,13,100,87.6,92.6,665
COL1119,2021,82.9,75.4,94.8,6.2,16,66.1,85.5,85.2,1205
COL1119,2022,80.3,72.7,90.3,8.1,13,63.2,81.0,76.8,1483
COL1119,2023,83.6,78.0,97.5,7.7,15,77.3,82.7,79.5,1174
COL1119,2024,84.7,73.1,87.9,6.8,15,71.1,84.3,76.6,1408
COL1119,2025,81.4,75.9,92.6,9.2,16,64.2,84.2,76.8,1542
COL1120,2021,84.3,74.1,87.0,6.8,16,63.5,77.9,78.2,1394
COL1120,2022,81.3,70.4,80.2,10.5,13,69.3,76.4,80.2,1614
COL1120,2023,85.3,76.0,85.4,7.6,14,71.7,78.7,82.6,1411
COL1120,2024,82.8,69.8,84.8,6.0,15,68.5,79.2,86.8,1385
COL1120,2025,86.7,83.3,100,8.1,14,79.3,84.7,87.5,1079
COL1121,2021,76.6,65.4,77.4,11.2,17,54.5,71.4,68.3,1856
COL1121,2022,79.9,70.5,88.0,9.6,15,55.9,75.0,73.7,1686
COL1121,2023,75.2,62.6,76.9,9.8,16,56.5,71.3,74.8,1813
COL1121,2024,77.3,65.5,78.4,10.5,19,55.9,69.9,70.7,1824
COL1121,2025,75.7,67.5,78.6,11.0,18,59.9,71.3,70.3,1775
COL1122,2021,78.4,72.9,92.5,9.2,15,73.8,73.8,76.8,1505
COL1122,2022,83.1,76.6,94.1,8.9,16,80.2,81.4,82.1,1240
COL1122,2023,87.1,81.4,100,7.1,14,82.7,82.9,77.0,1125
COL1122,2024,87.7,82.2,97.9,6.4,13,80.7,84.1,80.9,1004
COL1122,2025,79.5,76.8,89.8,10.2,16,83.6,77.4,77.4,1425
COL1123,2021,76.2,64.7,80.2,9.8,18,54.8,74.1,70.7,1791
COL1123,2022,78.4,63.3,82.2,11.7,19,51.4,76.9,73.7,1834
COL1123,2023,79.6,58.5,71.8,10.1,18,57.2,73.7,73.4,1826
COL1123,2024,81.2,70.5,88.0,10.6,18,62.9,74.1,75.7,1640
COL1123,2025,76.7,69.0,78.5,11.3,19,62.5,75.0,70.5,1782
COL1124,2021,92.4,82.7,100,4.6,13,84.7,92.5,91.4,695
COL1124,2022,93.9,93.0,100,1.3,12,85.3,96.4,90.8,340
COL1124,2023,96.6,88.7,100,2.1,10,99.3,93.3,93.8,262
COL1124,2024,98.8,92.5,100,2.1,9,97.0,94.6,92.5,264
COL1124,2025,92.5,91.6,100,2.3,8,91.9,96.4,94.0,368
COL1125,2021,84.7,71.6,83.6,8.8,15,68.5,76.6,81.4,1413
COL1125,2022,80.4,77.7,93.5,6.1,16,65.7,82.0,84.8,1274
COL1125,2023,82.3,79.0,97.7,7.9,15,71.5,82.0,75.6,1373
COL1125,2024,82.8,74.6,91.7,9.9,14,67.1,78.5,78.2,1532
COL1125,2025,82.7,74.8,90.6,7.8,13,73.7,83.0,80.0,1393
COL1126,2021,81.4,68.2,87.1,9.5,16,67.9,77.6,74.5,1569
COL1126,2022,84.1,69.4,88.2,8.4,17,67.4,77.0,71.4,1497
COL1126,2023,85.5,72.8,86.2,6.5,15,65.3,82.8,75.9,1361
COL1126,2024,80.4,72.4,83.7,9.1,18,69.4,78.5,75.1,1504
COL1126,2025,80.9,69.3,79.9,10.6,17,60.5,78.4,83.0,1674
COL1127,2021,73.0,61.9,69.7,12.1,18,52.3,69.7,65.7,1915
COL1127,2022,73.0,58.3,67.6,12.4,16,55.0,67.8,65.7,1909
COL1127,2023,78.1,64.4,80.4,9.9,17,56.0,72.5,72.5,1777
COL1127,2024,80.2,60.9,68.8,9.1,18,58.3,75.5,76.5,1798
COL1127,2025,75.0,70.5,87.6,10.7,16,60.6,75.2,74.7,1739
COL1128,2021,93.4,89.1,100,3.8,11,98.8,85.4,90.1,425
COL1128,2022,88.5,90.7,100,5.1,12,95.8,88.6,85.5,660
COL1128,2023,88.2,90.1,100,2.8,9,100,87.9,85.7,506
COL1128,2024,90.8,93.0,100,1.0,9,100,96.5,90.4,296
COL1128,2025,91.8,88.2,100,3.8,9,100,88.9,84.4,661
COL1129,2021,87.4,78.8,96.3,5.6,13,78.5,86.9,85.8,1027
COL1129,2022,88.1,82.8,94.2,4.9,15,74.8,85.9,81.4,974
COL1129,2023,83.3,82.3,98.6,5.3,12,78.8,80.0,88.2,1030
COL1129,2024,87.5,75.8,85.3,7.3,14,73.9,84.5,80.3,1294
COL1129,2025,87.0,79.5,100,8.4,13,75.3,79.2,76.8,1264
COL1130,2021,89.7,88.8,100,4.3,10,87.2,88.0,82.8,710
COL1130,2022,89.8,82.8,100,4.3,11,89.5,86.1,88.7,715
COL1130,2023,89.9,86.9,100,4.9,9,90.3,89.2,85.2,758
COL1130,2024,90.2,89.5,100,4.1,10,91.0,88.3,91.1,606
COL1130,2025,90.7,82.5,92.1,4.9,11,80.0,85.6,91.7,929
COL1131,2021,87.0,78.4,94.1,6.4,14,73.7,82.0,84.2,1110
COL1131,2022,93.1,86.7,100,5.9,11,77.3,89.2,83.3,936
COL1131,2023,85.1,76.1,94.2,6.3,12,78.5,80.0,87.4,1108
COL1131,2024,91.4,81.1,94.5,3.9,12,79.4,90.2,86.1,850
COL1131,2025,89.2,80.5,98.3,4.5,11,75.4,82.3,90.8,1014
COL1132,2021,93.0,88.4,98.4,3.1,12,79.9,91.6,90.1,620
COL1132,2022,85.6,82.2,91.9,7.7,14,79.1,82.2,87.1,1132
COL1132,2023,87.0,76.9,86.8,5.1,14,79.3,82.2,78.6,1073
COL1132,2024,86.0,83.1,96.2,4.3,15,73.1,88.4,78.4,994
COL1132,2025,84.9,73.9,92.7,7.8,13,69.9,85.2,81.3,1390
COL1133,2021,87.6,76.0,96.7,7.6,12,76.3,87.6,82.7,1120
COL1133,2022,88.0,77.4,96.0,7.7,13,80.3,85.4,80.9,1100
COL1133,2023,83.9,79.9,96.7,5.0,13,74.5,87.5,78.6,1052
COL1133,2024,83.0,76.8,87.3,5.8,14,73.5,81.4,79.5,1303
COL1133,2025,88.0,84.4,100,5.8,14,79.0,88.5,87.7,1028
COL1134,2021,92.5,93.3,100,3.0,10,87.2,92.2,87.6,538
COL1134,2022,93.6,80.5,100,4.1,10,82.0,88.8,85.0,875
COL1134,2023,96.6,92.9,100,2.3,9,95.0,92.4,87.2,464
COL1134,2024,88.8,85.6,100,5.6,10,84.5,91.9,91.8,753
COL1134,2025,86.5,83.5,98.7,5.8,12,90.5,88.2,90.7,933
COL1135,2021,84.0,77.5,90.6,4.1,13,79.0,85.0,89.3,1023
COL1135,2022,87.6,84.0,100,4.8,11,77.8,87.0,82.6,981
COL1135,2023,94.4,83.4,100,3.0,10,80.9,92.3,91.9,674
COL1135,2024,86.7,85.1,100,5.5,11,84.0,85.4,90.3,813
COL1135,2025,95.0,85.7,97.0,2.1,11,86.3,94.9,84.2,575
COL1136,2021,83.6,69.8,79.7,9.2,17,61.9,78.6,79.6,1564
COL1136,2022,78.8,63.9,72.1,9.2,17,59.1,76.6,69.9,1745
COL1136,2023,79.2,66.5,79.9,12.7,18,57.9,68.4,67.8,1865
COL1136,2024,81.8,67.0,80.5,11.2,19,60.4,76.7,68.9,1772
COL1136,2025,78.6,61.7,72.7,9.3,19,54.8,77.3,73.4,1791
COL1137,2021,79.8,57.5,73.1,9.6,18,50.7,70.1,69.8,1840
COL1137,2022,77.7,63.2,79.0,12.1,17,52.3,71.8,76.8,1823
COL1137,2023,74.8,61.8,77.7,12.9,16,53.2,71.2,75.0,1890
COL1137,2024,75.1,70.5,78.6,9.1,15,62.0,73.9,75.5,1665
COL1137,2025,81.3,68.7,80.2,11.8,18,65.5,75.0,70.9,1781
COL1138,2021,87.6,76.1,90.5,5.1,16,80.3,80.7,79.5,1049
COL1138,2022,84.1,81.9,92.4,5.5,14,79.4,84.3,86.7,1103
COL1138,2023,85.5,82.4,95.9,4.9,13,87.3,85.1,76.6,908
COL1138,2024,84.2,71.9,90.6,8.1,12,77.4,80.3,81.2,1346
COL1138,2025,85.0,79.7,96.1,6.4,15,75.2,81.8,78.4,1304
COL1139,2021,80.9,67.5,85.0,8.4,15,71.1,79.1,78.9,1499
COL1139,2022,79.3,75.8,93.4,8.1,16,74.0,77.6,82.3,1412
COL1139,2023,77.8,68.5,83.1,10.3,16,73.8,79.8,80.3,1545
COL1139,2024,76.0,69.2,87.5,9.3,17,76.1,72.4,76.1,1558
COL1139,2025,82.4,72.9,82.5,11.0,16,72.9,76.4,70.8,1655
COL1140,2021,91.2,84.1,97.7,4.6,11,85.3,92.2,89.1,770
COL1140,2022,95.6,85.4,97.6,4.4,10,89.9,95.4,94.6,498
COL1140,2023,86.9,84.4,100,5.1,9,83.6,85.7,84.5,843
COL1140,2024,91.5,87.0,100,2.6,11,87.1,92.5,93.6,596
COL1140,2025,87.8,83.9,100,2.4,9,83.0,92.5,82.4,801
COL1141,2021,78.6,65.8,82.2,9.9,17,71.6,73.9,79.0,1603
COL1141,2022,83.1,77.3,86.1,10.0,14,76.6,82.1,79.0,1396
COL1141,2023,82.6,71.2,81.4,7.3,16,75.4,78.2,82.5,1426
COL1141,2024,88.2,79.1,92.4,6.8,13,86.7,85.1,78.7,1075
COL1141,2025,79.7,72.4,84.6,8.4,16,75.9,77.8,74.5,1558
COL1142,2021,88.4,76.3,89.9,8.2,15,78.2,84.6,79.8,1216
COL1142,2022,81.0,71.3,87.3,10.1,14,78.3,73.8,80.8,1460
COL1142,2023,80.8,70.7,86.9,9.6,16,79.0,77.3,82.4,1402
COL1142,2024,84.5,74.0,85.1,7.9,16,87.0,76.9,77.2,1274
COL1142,2025,83.6,78.9,89.7,6.3,16,83.7,80.1,76.0,1174
COL1143,2021,91.1,89.7,100,0.8,11,88.5,93.6,95.7,417
COL1143,2022,94.0,94.6,100,2.2,10,100,100,95.2,204
COL1143,2023,97.2,95.3,100,1.1,11,96.3,94.3,93.6,282
COL1143,2024,97.6,97.1,100,1.5,10,98.1,100,92.1,102
COL1143,2025,95.6,98,100,0,8,100,100,98.4,13
COL1144,2021,73.0,54.7,71.0,14.7,19,44.9,69.1,64.6,1979
COL1144,2022,73.8,61.0,75.4,12.0,19,43.4,70.5,68.8,1903
COL1144,2023,74.2,55.4,64.8,11.4,19,48.3,71.4,64.5,1947
COL1144,2024,74.8,56.4,70.4,13.8,19,49.0,72.2,66.9,1970
COL1144,2025,77.4,63.2,72.4,13.7,17,59.4,69.8,75.3,1890
COL1145,2021,85.7,67.5,81.4,8.6,15,66.0,78.9,82.7,1427
COL1145,2022,82.4,71.8,84.9,9.2,16,66.5,78.2,76.6,1569
COL1145,2023,84.9,74.7,92.4,9.6,17,68.3,81.2,72.7,1487
COL1145,2024,77.3,63.3,82.4,8.8,17,57.1,80.4,76.3,1740
COL1145,2025,75.8,63.1,80.9,9.6,17,62.0,73.1,76.0,1773
COL1146,2021,86.0,79.3,96.8,8.4,15,75.0,79.1,81.7,1202
COL1146,2022,81.0,71.3,90.5,9.3,16,71.8,79.1,77.7,1472
COL1146,2023,81.1,77.4,86.1,10.0,13,74.4,80.9,73.7,1485
COL1146,2024,82.3,78.3,88.9,8.7,14,82.0,82.1,74.6,1279
COL1146,2025,82.0,81.1,94.5,6.0,16,80.6,83.6,74.4,1235
COL1147,2021,73.6,62.8,72.0,11.8,19,56.0,69.9,72.5,1836
COL1147,2022,72.9,64.3,78.5,13.3,17,59.7,73.9,67.3,1874
COL1147,2023,75.3,58.7,76.1,13.2,16,53.9,72.7,66.8,1934
COL1147,2024,77.5,63.9,77.0,9.6,19,61.4,73.5,68.0,1809
COL1147,2025,76.4,64.2,79.1,10.5,19,58.2,77.1,74.7,1796
COL1148,2021,81.1,64.2,81.7,9.0,18,60.9,77.8,77.8,1607
COL1148,2022,81.2,70.7,90.5,7.7,17,60.6,75.6,78.2,1548
COL1148,2023,83.5,68.0,84.1,10.5,17,61.4,77.7,81.4,1678
COL1148,2024,80.1,76.8,94.8,7.8,17,66.3,84.0,77.5,1386
COL1148,2025,84.2,75.8,90.0,8.0,16,63.4,82.6,79.9,1483
COL1149,2021,89.2,84.8,97.5,4.7,12,88.4,83.5,80.7,794
COL1149,2022,87.0,76.5,93.8,5.4,14,78.5,81.4,80.6,1172
COL1149,2023,85.3,86.2,99.6,6.6,11,89.9,87.3,87.7,860
COL1149,2024,85.4,82.1,95.2,5.3,11,88.4,85.2,83.1,897
COL1149,2025,83.5,72.4,90.4,6.0,14,79.7,79.0,86.0,1309
COL1150,2021,96.3,91.0,100,2.7,11,91.3,92.9,87.7,393
COL1150,2022,96.4,93.1,100,2.5,12,90.1,92.3,91.8,372
COL1150,2023,97.9,98,100,1.0,11,97.6,96.3,88.6,264
COL1150,2024,95.0,96.5,100,1.9,8,100,97.5,90.9,190
COL1150,2025,94.2,98,100,0,9,93.2,99.3,97.7,199
COL1151,2021,82.8,74.8,85.7,9.4,15,72.7,79.8,79.9,1408
COL1151,2022,80.5,75.6,85.1,9.4,16,72.7,74.4,76.6,1461
COL1151,2023,78.0,78.5,98.0,6.9,13,74.0,77.4,77.8,1288
COL1151,2024,87.7,77.1,86.7,9.0,13,66.2,82.3,74.3,1466
COL1151,2025,84.1,75.6,87.4,6.1,13,71.1,84.4,77.2,1303
COL1152,2021,83.7,80.0,96.7,7.1,12,75.9,84.7,82.3,1193
COL1152,2022,87.2,76.8,94.2,5.7,12,73.3,80.2,81.6,1141
COL1152,2023,89.8,79.4,97.4,5.3,15,80.2,85.1,88.9,987
COL1152,2024,82.1,79.6,88.5,6.7,11,71.6,81.4,88.1,1310
COL1152,2025,85.6,79.5,94.2,6.7,14,82.7,88.4,81.9,1142
COL1153,2021,70.2,60.1,67.1,15.1,18,51.8,64.1,72.6,1949
COL1153,2022,79.7,62.6,78.6,9.3,18,57.5,77.4,76.0,1677
COL1153,2023,76.9,61.4,70.7,12.4,19,51.2,70.0,74.1,1904
COL1153,2024,78.0,60.1,70.5,10.4,17,53.5,67.4,74.0,1874
COL1153,2025,75.0,64.2,81.4,12.8,19,60.6,73.8,77.9,1812
COL1154,2021,91.0,79.6,89.9,5.2,12,74.2,88.5,81.1,1093
COL1154,2022,85.8,81.6,99.0,6.0,12,81.7,80.9,81.9,1065
COL1154,2023,84.8,83.9,100,8.0,14,76.5,85.7,85.5,1153
COL1154,2024,86.3,84.0,100,6.0,14,78.9,85.4,88.9,953
COL1154,2025,89.4,85.9,97.4,4.7,11,76.7,87.7,92.2,909
COL1155,2021,71.9,55.8,72.3,14.0,20,53.7,67.1,62.9,1962
COL1155,2022,70.1,52.1,63.8,13.2,21,54.5,63.5,68.9,1957
COL1155,2023,73.5,63.5,76.0,12.5,19,57.1,71.7,69.6,1874
COL1155,2024,73.4,58.1,68.2,15.3,19,47.0,62.7,62.0,1991
COL1155,2025,72.0,53.0,65.3,14.2,23,48.6,60.3,66.8,1990
COL1156,2021,88.3,95.9,100,2.1,10,100,91.1,90.2,402
COL1156,2022,90.1,91.3,100,3.7,12,100,86.0,87.1,535
COL1156,2023,92.8,90.5,100,4.0,10,100,90.4,95.2,457
COL1156,2024,93.2,87.5,99.7,4.3,12,100,91.9,88.6,619
COL1156,2025,88.0,93.2,100,3.3,10,97.7,93.5,84.1,509
COL1157,2021,75.5,58.4,77.5,13.0,18,46.3,72.5,64.2,1911
COL1157,2022,78.6,57.7,65.3,9.3,18,50.6,72.4,66.3,1868
COL1157,2023,72.9,67.4,80.8,10.7,18,60.8,69.8,70.6,1776
COL1157,2024,79.3,66.8,83.7,11.9,19,59.7,76.1,71.6,1754
COL1157,2025,79.5,63.9,73.4,11.0,19,51.6,69.5,77.3,1864
COL1158,2021,94.3,98,100,1.0,11,98.9,98.6,98.5,20
COL1158,2022,93.7,96.7,100,2.9,8,97.4,97.6,91.5,226
COL1158,2023,96.9,97.7,100,2.7,8,93.0,93.4,95.3,323
COL1158,2024,99.0,93.4,100,1.7,10,93.9,94.4,91.3,340
COL1158,2025,92.4,92.6,100,2.9,8,100,91.3,95.4,483
COL1159,2021,93.2,88.8,100,4.4,9,86.6,94.5,91.0,576
COL1159,2022,89.7,88.0,100,4.4,12,90.5,91.8,90.6,544
COL1159,2023,89.0,86.0,100,2.0,10,86.2,94.1,93.2,590
COL1159,2024,98.2,95.0,100,1.4,11,97.3,94.7,91.9,261
COL1159,2025,99.6,96.0,100,2.3,8,93.3,97.4,96.2,357
COL1160,2021,94.0,89.8,100,0.6,9,94.8,94.1,91.0,276
COL1160,2022,98.2,93.7,100,0.3,8,100,98.4,89.7,168
COL1160,2023,96.0,92.6,100,1.5,8,96.1,98.2,100,229
COL1160,2024,98.2,98,100,0.7,9,100,97.2,96.2,22
COL1160,2025,94.0,98,100,1.7,8,100,100,97.4,151
COL1161,2021,93.1,97.3,100,0.3,10,98.9,93.8,98.7,29
COL1161,2022,92.9,91.5,100,1.1,8,96.0,97.2,89.9,288
COL1161,2023,90.2,89.9,100,4.1,11,86.8,94.3,87.0,658
COL1161,2024,89.4,82.0,100,5.9,9,83.5,86.1,92.9,924
COL1161,2025,88.3,82.1,98.8,4.1,9,83.4,89.3,90.1,904
COL1162,2021,79.6,63.6,74.9,11.5,16,64.2,74.9,70.8,1753
COL1162,2022,81.0,59.8,74.5,10.0,19,55.0,72.9,76.0,1807
COL1162,2023,76.9,60.7,71.6,10.8,17,54.0,73.3,73.5,1820
COL1162,2024,74.5,68.1,86.3,12.5,18,62.8,73.0,69.8,1823
COL1162,2025,76.2,59.3,75.0,11.7,18,50.5,75.2,66.2,1912
COL1163,2021,80.9,64.8,80.0,10.1,17,49.9,76.7,67.4,1766
COL1163,2022,79.0,67.8,87.0,9.0,18,60.5,69.7,78.6,1617
COL1163,2023,76.6,66.6,74.1,11.5,18,58.6,70.7,67.9,1879
COL1163,2024,79.0,67.8,81.2,10.2,18,63.4,77.4,77.1,1669
COL1163,2025,74.3,61.6,72.0,13.9,18,56.1,67.3,66.7,1919
COL1164,2021,77.5,61.4,68.9,12.3,19,59.6,67.8,72.4,1855
COL1164,2022,79.2,70.5,80.7,10.3,15,57.1,76.7,77.8,1707
COL1164,2023,77.4,68.7,84.8,10.8,18,64.2,70.6,69.1,1704
COL1164,2024,81.4,67.1,85.9,11.5,15,57.3,78.6,72.1,1789
COL1164,2025,76.0,57.4,69.8,10.8,16,52.9,69.1,77.5,1870
COL1165,2021,74.2,61.6,80.2,10.8,17,68.6,72.2,69.2,1777
COL1165,2022,80.7,63.2,78.8,11.6,18,69.3,74.8,70.5,1752
COL1165,2023,80.9,70.1,84.8,10.2,18,69.3,76.3,75.5,1569
COL1165,2024,79.8,63.3,73.2,12.5,16,66.3,71.7,71.6,1829
COL1165,2025,79.3,76.8,92.1,8.8,16,71.7,81.4,79.8,1493
COL1166,2021,97.6,88.9,100,3.5,9,100,95.2,91.7,407
COL1166,2022,97.8,90.5,100,2.8,9,100,97.8,90.7,343
COL1166,2023,93.8,96.5,100,4.0,10,100,95.9,92.6,353
COL1166,2024,98.7,93.9,100,0,8,100,98.1,97.0,38
COL1166,2025,98.1,92.4,100,0.0,8,100,96.4,100,34
COL1167,2021,92.2,87.7,100,3.1,12,94.9,87.6,93.0,514
COL1167,2022,92.5,87.5,100,3.4,10,97.8,94.1,89.6,442
COL1167,2023,94.8,87.8,100,4.3,12,100,95.5,91.7,525
COL1167,2024,88.1,84.2,100,3.6,9,93.2,92.5,84.7,676
COL1167,2025,93.9,85.1,100,5.3,12,96.0,91.4,88.9,678
COL1168,2021,77.8,68.0,80.6,11.8,15,72.6,74.2,73.6,1621
COL1168,2022,81.8,64.3,73.7,8.3,17,69.0,76.4,68.7,1680
COL1168,2023,74.1,66.2,82.7,13.0,18,61.1,75.8,70.8,1816
COL1168,2024,76.4,61.6,74.7,11.1,20,64.3,74.9,65.3,1825
COL1168,2025,76.6,66.2,82.7,9.6,19,61.3,73.1,66.3,1751
COL1169,2021,97.0,92.6,100,0.7,8,100,98.0,94.2,82
COL1169,2022,93.3,93.3,100,2.3,8,100,93.6,98.7,235
COL1169,2023,94.7,90.9,100,1.1,10,100,93.2,98.4,201
COL1169,2024,97.2,91.6,100,1.2,8,100,97.4,92.3,289
COL1169,2025,95.8,96.0,100,0.0,9,100,98.8,96.2,33
COL1170,2021,80.7,62.9,82.1,10.2,17,56.1,71.4,73.8,1793
COL1170,2022,81.9,65.4,78.5,10.6,17,54.1,77.2,69.8,1754
COL1170,2023,80.7,62.8,76.0,9.7,17,54.9,77.4,77.4,1743
COL1170,2024,79.0,72.3,85.7,10.2,15,66.8,75.3,72.3,1690
COL1170,2025,85.0,74.7,83.6,7.2,14,64.3,81.9,74.6,1498
COL1171,2021,83.0,76.5,86.7,5.0,14,69.8,84.3,80.2,1239
COL1171,2022,81.7,76.4,85.2,8.8,14,73.2,82.0,78.7,1342
COL1171,2023,85.4,75.5,88.9,7.5,15,72.7,79.2,85.8,1259
COL1171,2024,79.5,69.4,80.7,10.3,17,70.1,75.3,80.3,1572
COL1171,2025,77.6,67.5,82.2,8.1,16,64.6,75.1,78.5,1673
COL1172,2021,93.5,95.5,100,2.9,9,100,91.8,95.3,252
COL1172,2022,95.4,97.1,100,1.9,8,96.8,96.1,93.1,244
COL1172,2023,94.1,90.1,100,0.8,11,94.7,91.7,91.0,406
COL1172,2024,92.9,96.8,100,1.3,9,95.3,95.3,90.9,325
COL1172,2025,96.0,96.5,100,0,8,95.1,94.5,99.4,137
COL1173,2021,97.8,92.1,100,0,10,100,93.2,96.1,46
COL1173,2022,100,96.5,100,1.1,8,100,98.0,97.5,36
COL1173,2023,99.2,93.4,100,0,9,100,99.9,99.3,41
COL1173,2024,93.7,94.3,100,0.3,9,100,93.8,91.0,254
COL1173,2025,93.3,98,100,0,10,100,94.1,100,15
COL1174,2021,81.6,63.6,78.0,8.2,15,58.9,74.7,76.1,1680
COL1174,2022,82.8,68.4,84.0,8.1,16,67.8,75.7,75.0,1508
COL1174,2023,84.8,77.2,87.3,9.0,14,69.5,83.4,76.0,1460
COL1174,2024,84.2,71.4,86.2,9.1,16,66.2,78.2,80.7,1527
COL1174,2025,83.4,75.3,94.9,5.7,15,74.4,85.1,77.2,1212
COL1175,2021,94.9,98,100,1.5,8,100,100,98.0,69
COL1175,2022,96.1,97.4,100,0,9,98.3,97.7,100,31
COL1175,2023,99.1,93.4,100,0.8,8,96.6,93.5,100,190
COL1175,2024,99.3,98,100,2.5,8,100,96.9,100,225
COL1175,2025,100,98,100,1.1,9,97.2,100,100,18
COL1176,2021,92.3,93.9,100,3.3,11,100,90.1,85.8,440
COL1176,2022,90.4,85.4,100,3.4,12,98.6,90.8,83.4,610
COL1176,2023,87.4,91.8,100,6.6,12,98.5,89.2,91.4,646
COL1176,2024,85.4,89.4,100,4.0,13,96.0,86.3,86.4,623
COL1176,2025,91.2,89.1,100,6.2,10,95.4,87.9,86.2,707
COL1177,2021,95.8,91.9,100,0.6,9,94.4,92.8,92.5,249
COL1177,2022,95.9,94.1,100,0.9,10,93.2,95.9,92.4,269
COL1177,2023,98.0,91.7,100,0,8,98.6,92.7,96.4,93
COL1177,2024,100,92.9,100,0.1,8,95.9,100,97.1,88
COL1177,2025,97.5,93.7,100,2.4,10,96.1,95.7,95.3,369
COL1178,2021,91.9,91.9,100,5.0,13,100,86.8,83.3,560
COL1178,2022,94.2,87.7,100,1.9,12,96.0,89.2,86.7,503
COL1178,2023,97.2,91.6,100,2.3,12,100,97.3,90.2,303
COL1178,2024,90.6,89.9,100,2.2,12,100,90.8,98.0,444
COL1178,2025,94.7,90.5,100,0.6,10,100,92.2,96.6,255
COL1179,2021,72.9,66.5,77.8,11.0,18,69.2,71.2,76.7,1752
COL1179,2022,75.6,65.2,81.1,9.0,19,68.2,75.0,68.4,1616
COL1179,2023,77.2,63.0,71.8,10.0,16,67.9,72.3,71.3,1767
COL1179,2024,76.2,68.6,78.6,11.8,19,66.0,71.3,75.9,1801
COL1179,2025,79.6,74.2,91.0,10.7,16,70.1,78.4,71.6,1608
COL1180,2021,74.1,69.4,79.0,11.0,18,57.6,71.4,79.9,1729
COL1180,2022,75.7,71.2,86.5,8.9,17,56.9,76.7,75.3,1615
COL1180,2023,82.8,70.3,82.5,6.3,16,65.7,83.6,81.4,1355
COL1180,2024,77.1,64.8,81.8,7.9,16,60.5,76.5,80.1,1647
COL1180,2025,80.1,69.5,86.7,9.8,16,70.3,74.9,81.9,1625
COL1181,2021,89.5,79.4,92.2,8.2,14,89.4,83.3,80.4,1061
COL1181,2022,85.0,81.8,100,3.5,13,93.3,89.5,81.4,663
COL1181,2023,86.9,85.2,100,7.1,11,88.0,83.6,84.4,975
COL1181,2024,83.0,82.7,94.7,7.4,12,96.2,83.2,88.2,982
COL1181,2025,90.7,85.1,99.9,3.4,11,98.6,88.5,89.7,578
COL1182,2021,79.9,78.2,92.3,9.9,15,78.8,80.4,79.1,1373
COL1182,2022,84.1,73.7,82.8,6.7,16,74.6,78.3,80.5,1279
COL1182,2023,79.4,69.2,84.6,9.9,14,76.1,75.6,82.3,1469
COL1182,2024,81.7,73.0,91.9,9.3,13,79.1,80.1,75.6,1398
COL1182,2025,86.7,79.9,89.3,7.7,12,83.5,82.6,80.0,1258
COL1183,2021,84.0,75.6,89.4,6.5,12,67.7,83.8,79.9,1333
COL1183,2022,90.6,78.5,88.3,3.8,11,74.3,85.8,89.7,924
COL1183,2023,85.3,77.2,92.4,8.0,12,83.1,81.3,90.1,1120
COL1183,2024,88.5,79.5,97.8,5.5,11,82.3,88.2,91.2,910
COL1183,2025,88.7,87.1,100,4.2,13,85.2,88.4,81.1,877
COL1184,2021,77.7,67.8,81.6,8.9,16,56.8,76.7,71.4,1699
COL1184,2022,75.2,59.4,76.3,11.6,19,51.3,70.4,70.2,1857
COL1184,2023,77.1,61.4,77.9,10.3,16,62.6,69.7,69.4,1785
COL1184,2024,78.6,58.7,70.1,13.8,17,54.9,68.0,69.9,1906
COL1184,2025,74.6,70.0,83.3,9.0,19,59.8,75.0,69.5,1703
COL1185,2021,81.7,72.1,84.4,7.3,16,77.8,74.8,73.6,1435
COL1185,2022,84.5,69.2,82.2,7.7,14,77.0,76.7,78.9,1441
COL1185,2023,76.4,73.3,86.9,11.0,16,70.2,74.0,77.0,1662
COL1185,2024,81.0,77.0,88.9,7.1,15,73.0,78.0,76.3,1359
COL1185,2025,78.8,66.8,75.7,9.1,15,74.9,74.1,73.1,1678
COL1186,2021,77.0,67.1,76.8,9.5,16,55.7,73.2,69.4,1745
COL1186,2022,80.2,72.5,82.3,9.0,18,65.6,74.5,77.2,1544
COL1186,2023,78.7,66.4,77.5,9.8,17,64.2,79.7,75.1,1691
COL1186,2024,82.3,72.7,82.0,8.1,17,70.3,77.8,77.9,1513
COL1186,2025,79.5,72.5,83.5,9.7,16,71.5,81.6,72.7,1612
COL1187,2021,84.2,80.6,100,7.0,11,81.1,85.1,80.4,1037
COL1187,2022,88.8,82.6,100,3.4,13,81.9,85.8,82.0,775
COL1187,2023,91.8,87.4,99.5,6.1,12,86.9,84.2,83.6,892
COL1187,2024,92.1,83.9,99.9,3.9,11,85.4,87.6,92.4,752
COL1187,2025,90.4,85.6,100,3.9,12,91.4,86.2,84.6,713
COL1188,2021,72.4,62.7,79.7,13.2,17,48.7,67.3,70.8,1896
COL1188,2022,77.8,66.4,74.4,9.4,16,57.2,73.7,68.1,1799
COL1188,2023,80.7,65.4,81.9,10.9,18,51.1,74.9,73.0,1830
COL1188,2024,77.4,60.4,77.5,12.3,16,55.2,71.1,76.0,1884
COL1188,2025,75.5,59.7,75.3,10.7,17,56.5,73.8,67.2,1853
COL1189,2021,96.5,95.9,100,0,9,94.3,100,90.7,195
COL1189,2022,99.2,96.9,100,0.2,10,91.8,98.8,94.5,101
COL1189,2023,96.0,90.7,100,0,8,93.2,100,94.5,114
COL1189,2024,92.6,89.3,100,2.1,9,91.3,92.7,95.3,417
COL1189,2025,94.1,97.5,100,2.6,8,100,94.0,91.1,348
COL1190,2021,79.0,66.2,75.5,10.3,15,70.2,73.1,75.4,1619
COL1190,2022,77.2,74.3,94.1,11.3,14,65.3,75.3,82.2,1585
COL1190,2023,84.3,70.2,89.0,9.5,16,69.4,81.2,70.9,1549
COL1190,2024,85.8,68.8,84.9,9.2,17,69.5,81.6,70.9,1569
COL1190,2025,77.9,65.0,84.5,10.4,16,65.5,74.3,77.4,1731
COL1191,2021,83.2,78.6,97.8,7.7,15,79.3,79.9,85.3,1209
COL1191,2022,84.0,82.1,99.0,5.4,15,78.6,86.2,78.4,991
COL1191,2023,88.3,76.6,90.1,4.9,15,76.2,81.9,83.5,1027
COL1191,2024,86.5,87.8,100,5.4,14,82.6,87.9,89.3,790
COL1191,2025,84.8,82.8,99.1,5.7,11,80.6,86.2,89.7,961
COL1192,2021,76.1,68.6,79.5,10.1,16,70.3,72.6,69.3,1661
COL1192,2022,73.8,70.3,81.7,10.2,15,65.1,70.7,79.0,1714
COL1192,2023,79.3,66.3,81.4,11.5,16,73.3,78.1,74.0,1687
COL1192,2024,76.0,69.5,83.5,9.3,18,64.4,75.3,69.7,1710
COL1192,2025,75.9,64.2,81.9,8.6,16,65.3,78.3,74.2,1624
COL1193,2021,86.9,77.6,87.4,8.6,13,81.5,85.3,81.4,1185
COL1193,2022,83.5,85.3,100,6.2,14,86.9,87.0,83.8,862
COL1193,2023,85.4,73.6,86.0,5.7,14,85.6,77.9,86.0,1110
COL1193,2024,89.8,81.2,90.9,6.0,15,90.9,82.2,79.5,1065
COL1193,2025,89.3,78.2,95.0,4.7,12,83.1,82.7,82.8,1058
COL1194,2021,91.6,88.3,100,4.6,9,84.3,94.3,87.4,606
COL1194,2022,90.9,83.2,95.5,5.6,11,91.6,88.1,90.5,802
COL1194,2023,91.5,85.2,100,6.2,11,84.0,88.4,83.5,946
COL1194,2024,92.4,83.0,95.6,4.7,10,83.8,92.8,91.6,730
COL1194,2025,88.5,85.7,100,4.4,13,91.1,86.1,83.7,808
COL1195,2021,88.7,76.5,93.7,7.2,13,73.2,82.6,82.5,1188
COL1195,2022,88.7,78.1,90.1,6.1,12,75.5,81.5,78.0,1177
COL1195,2023,82.5,73.0,89.7,8.2,14,72.8,84.7,84.0,1307
COL1195,2024,84.1,80.5,93.1,7.2,14,71.7,84.1,85.9,1165
COL1195,2025,84.7,74.5,94.0,6.4,15,74.7,85.7,83.0,1251
COL1196,2021,80.8,71.2,88.1,9.2,15,58.4,81.3,82.1,1552
COL1196,2022,83.0,68.6,81.7,9.8,15,68.7,80.1,77.2,1576
COL1196,2023,78.5,74.3,86.4,7.3,14,68.8,78.5,76.0,1419
COL1196,2024,84.4,74.2,86.0,7.3,16,72.1,77.3,75.7,1399
COL1196,2025,85.8,79.6,97.6,6.4,14,71.8,83.2,87.1,1244
COL1197,2021,92.4,95.2,100,1.6,12,100,88.7,92.5,199
COL1197,2022,94.2,89.8,100,4.6,9,100,89.8,88.1,461
COL1197,2023,96.5,97.6,100,0.1,11,100,96.7,92.5,105
COL1197,2024,92.0,94.7,100,2.3,9,100,90.9,95.7,350
COL1197,2025,96.5,90.5,100,3.1,11,100,94.5,88.5,475
COL1198,2021,95.7,92.5,100,3.1,8,88.8,98.7,92.0,429
COL1198,2022,98.3,94.3,100,2.5,10,100,97.8,89.4,294
COL1198,2023,94.2,90.6,100,0.8,10,98.2,93.5,95.3,330
COL1198,2024,92.2,97.1,100,0.1,9,92.0,95.5,92.6,234
COL1198,2025,95.4,94.7,100,0.8,11,90.7,99.0,91.5,393
COL1199,2021,83.6,82.9,98.2,6.4,14,80.4,87.5,88.1,906
COL1199,2022,87.0,80.8,96.2,7.6,14,78.3,83.6,80.8,1167
COL1199,2023,85.4,81.7,95.4,6.5,10,85.6,88.3,81.3,1007
COL1199,2024,86.6,87.3,100,2.9,10,77.2,91.7,80.5,844
COL1199,2025,91.1,88.1,100,6.7,14,86.3,85.7,82.5,925
COL1200,2021,87.7,93.1,100,3.3,9,97.3,88.8,92.5,472
COL1200,2022,89.7,89.3,100,5.5,10,96.4,92.1,90.3,658
COL1200,2023,92.8,84.6,100,5.4,10,95.7,91.0,86.8,653
COL1200,2024,88.7,86.0,100,1.8,9,100,88.9,92.3,403
COL1200,2025,88.5,88.2,100,5.7,12,97.8,90.9,93.3,724
COL1201,2021,78.7,74.4,94.0,9.9,16,68.2,74.2,75.0,1558
COL1201,2022,81.3,71.2,89.0,9.4,16,71.6,77.4,71.1,1527
COL1201,2023,79.5,71.5,86.7,9.6,18,74.1,69.9,71.0,1553
COL1201,2024,81.5,65.3,84.0,8.4,19,65.7,77.1,69.4,1628
COL1201,2025,76.2,65.4,73.9,12.7,19,65.1,73.9,72.3,1829
COL1202,2021,77.5,69.3,83.5,7.9,13,73.6,76.5,77.6,1430
COL1202,2022,82.3,69.2,87.1,8.1,15,67.2,78.3,85.7,1476
COL1202,2023,80.3,72.6,93.1,6.1,17,71.4,83.9,73.8,1319
COL1202,2024,79.0,74.5,92.0,9.5,14,69.9,78.4,73.3,1531
COL1202,2025,87.4,72.5,87.1,8.0,13,69.3,83.0,81.8,1413
COL1203,2021,82.2,82.0,97.0,7.2,14,82.1,83.4,84.0,1106
COL1203,2022,84.6,77.4,97.8,8.0,16,78.5,80.7,86.7,1222
COL1203,2023,85.7,79.0,97.3,7.7,14,78.5,85.9,79.0,1224
COL1203,2024,87.1,76.7,94.7,6.4,12,85.9,80.3,79.3,1196
COL1203,2025,89.1,78.3,94.1,4.4,14,82.7,86.0,78.7,1087
COL1204,2021,81.8,75.2,94.6,6.7,14,74.8,81.9,84.9,1156
COL1204,2022,90.0,79.9,92.2,5.4,13,75.5,87.6,86.3,1020
COL1204,2023,92.5,81.7,96.9,3.6,12,75.6,90.1,81.6,877
COL1204,2024,88.1,80.8,100,5.1,12,83.0,83.9,83.2,914
COL1204,2025,89.7,82.8,98.0,4.0,13,84.9,88.4,85.2,847
COL1205,2021,89.0,82.0,100,3.6,11,83.5,90.4,84.8,809
COL1205,2022,91.4,92.1,100,4.2,10,82.8,91.9,85.5,664
COL1205,2023,94.3,86.9,100,1.4,10,82.6,91.9,95.1,533
COL1205,2024,89.5,87.2,100,3.1,9,85.8,93.0,84.5,686
COL1205,2025,96.6,90.2,100,3.0,10,83.4,95.0,86.1,626
COL1206,2021,94.5,89.1,100,4.3,9,100,92.1,85.6,476
COL1206,2022,91.0,88.3,99.9,2.6,11,100,88.1,88.2,423
COL1206,2023,89.9,90.4,100,5.2,11,100,89.4,93.1,517
COL1206,2024,94.9,95.0,100,0.4,9,100,95.9,98.8,103
COL1206,2025,98.3,98.0,100,0,9,100,99.8,90.6,124
COL1207,2021,76.7,62.8,80.3,9.1,17,58.9,76.7,78.2,1726
COL1207,2022,78.3,63.6,74.7,9.6,18,61.3,72.2,78.5,1687
COL1207,2023,78.6,63.5,80.8,8.2,17,55.7,79.3,74.9,1659
COL1207,2024,78.4,60.0,68.2,10.3,15,55.1,70.3,79.0,1852
COL1207,2025,80.2,69.0,87.2,10.8,17,66.0,71.7,79.0,1641
COL1208,2021,77.3,60.8,79.5,10.6,19,53.5,73.7,70.6,1810
COL1208,2022,77.1,65.8,76.0,11.4,18,51.8,77.6,76.2,1778
COL1208,2023,78.3,59.7,70.6,12.8,17,51.6,73.9,68.9,1905
COL1208,2024,75.9,68.0,83.7,10.2,18,59.8,72.0,70.5,1784
COL1208,2025,74.5,65.6,74.7,11.9,17,57.1,70.8,64.6,1875
COL1209,2021,79.0,66.0,84.2,10.7,18,69.1,72.9,69.8,1638
COL1209,2022,73.7,69.0,77.1,10.2,16,61.1,73.2,75.0,1713
COL1209,2023,72.7,59.5,75.5,13.6,17,63.3,71.5,74.1,1893
COL1209,2024,78.8,62.1,81.1,11.4,18,60.0,70.3,76.2,1814
COL1209,2025,80.4,65.1,82.0,10.8,19,63.1,76.4,70.0,1738
COL1210,2021,94.2,93.2,100,0.4,8,92.6,91.4,98.7,183
COL1210,2022,100,96.8,100,0.4,8,100,100,94.5,43
COL1210,2023,96.9,90.6,100,1.3,9,94.2,96.3,96.0,358
COL1210,2024,90.6,90.4,100,1.8,11,95.6,90.2,99.1,367
COL1210,2025,97.4,90.7,100,2.4,10,98.8,92.3,89.9,339
COL1211,2021,90.9,86.9,100,4.2,14,84.0,92.5,86.0,698
COL1211,2022,90.5,84.8,100,4.8,12,84.1,86.2,87.9,806
COL1211,2023,85.6,80.8,91.7,6.5,12,83.4,83.1,90.2,1008
COL1211,2024,89.2,80.7,97.2,3.7,10,83.6,86.5,86.5,926
COL1211,2025,92.8,85.1,96.4,2.8,12,83.7,88.1,86.0,732
COL1212,2021,85.6,74.6,90.6,6.4,14,80.4,84.9,86.7,1046
COL1212,2022,77.8,70.8,82.5,7.5,14,80.8,75.8,83.0,1330
COL1212,2023,80.6,76.1,85.3,5.7,14,82.8,81.2,84.1,1087
COL1212,2024,84.9,80.9,100,5.1,14,84.7,80.6,80.1,1041
COL1212,2025,82.3,78.0,90.4,8.8,14,80.9,78.6,77.9,1376
COL1213,2021,89.7,82.2,100,6.6,12,76.2,82.7,81.9,973
COL1213,2022,87.1,79.6,88.5,5.9,14,82.3,80.2,79.3,1147
COL1213,2023,84.9,85.3,96.8,4.6,11,83.0,86.9,84.9,891
COL1213,2024,93.1,80.3,94.8,4.5,11,77.5,91.2,91.7,874
COL1213,2025,90.9,84.3,100,4.9,12,84.9,86.1,90.8,806
COL1214,2021,84.9,76.4,95.3,8.5,14,89.1,83.3,81.8,1126
COL1214,2022,84.8,79.4,92.2,7.4,13,87.5,84.4,85.2,1102
COL1214,2023,87.9,83.1,95.3,5.6,14,83.9,88.0,79.3,924
COL1214,2024,87.8,83.5,92.2,5.3,15,90.8,79.9,81.2,979
COL1214,2025,87.2,84.4,96.1,8.2,15,85.0,82.3,82.5,1213
COL1215,2021,92.7,95.7,100,2.5,9,100,92.5,97.0,261
COL1215,2022,98.4,95.1,100,0,8,100,100,93.7,89
COL1215,2023,96.5,97.3,100,2.2,9,100,99.3,92.2,142
COL1215,2024,97.2,93.4,100,2.2,8,100,92.8,90.9,239
COL1215,2025,100,98,100,1.5,8,100,99.5,91.4,198
COL1216,2021,92.1,86.0,100,4.3,10,92.0,96.1,93.6,575
COL1216,2022,93.0,86.9,100,1.6,13,84.3,92.8,87.5,580
COL1216,2023,95.1,89.3,100,1.3,11,88.6,92.4,90.2,471
COL1216,2024,93.8,90.4,100,3.6,8,95.9,91.3,96.8,409
COL1216,2025,92.4,90.2,100,5.0,12,90.6,88.9,94.6,680
COL1217,2021,75.5,62.9,78.1,13.8,17,53.9,71.1,67.5,1902
COL1217,2022,77.8,56.9,67.7,10.0,17,46.8,71.6,66.0,1880
COL1217,2023,75.4,59.2,76.0,10.9,19,54.3,73.4,74.9,1859
COL1217,2024,69.9,61.5,75.6,13.2,17,49.1,66.7,65.6,1965
COL1217,2025,73.4,60.1,75.6,11.4,17,50.4,66.3,68.8,1925
COL1218,2021,96.8,98,100,1.7,8,100,100,91.3,98
COL1218,2022,95.7,93.4,100,1.1,8,100,95.2,98.7,173
COL1218,2023,91.9,92.9,100,0.3,10,100,92.7,91.0,249
COL1218,2024,92.9,89.4,100,2.0,10,100,92.4,97.3,290
COL1218,2025,99.5,96.9,100,0,8,100,99.2,93.0,128
COL1219,2021,98.1,97.7,100,0,10,95.2,96.2,94.2,47
COL1219,2022,99.8,98,100,2.5,8,99.3,94.5,92.5,139
COL1219,2023,95.0,98,100,2.8,8,100,93.7,99.5,191
COL1219,2024,91.4,90.5,100,2.3,9,94.2,91.9,97.0,418
COL1219,2025,100,97.8,100,1.7,10,94.0,97.7,91.8,214
COL1220,2021,92.2,86.0,100,3.3,9,92.1,92.2,87.9,474
COL1220,2022,89.9,88.5,100,3.4,12,83.1,93.8,86.8,690
COL1220,2023,90.2,87.2,97.8,3.9,11,85.5,90.7,85.2,711
COL1220,2024,86.4,89.9,100,6.0,12,90.5,88.8,94.0,773
COL1220,2025,88.2,86.0,100,5.6,13,90.8,85.0,87.6,899
COL1221,2021,87.7,79.4,97.6,7.5,13,85.5,83.3,88.8,1073
COL1221,2022,92.1,86.5,100,4.6,12,78.4,87.5,85.2,871
COL1221,2023,84.5,84.0,100,6.3,13,76.0,86.1,90.2,998
COL1221,2024,92.7,78.3,91.6,6.0,10,77.9,87.8,82.6,1096
COL1221,2025,86.9,80.2,90.3,5.1,12,77.9,80.9,83.2,1128
COL1222,2021,85.3,78.1,96.4,7.5,13,76.7,81.8,84.0,1108
COL1222,2022,91.4,80.8,100,4.8,13,75.6,87.9,81.0,983
COL1222,2023,87.4,82.1,92.2,4.1,14,78.5,87.4,88.5,942
COL1222,2024,89.0,84.5,99.2,3.6,14,72.6,88.3,89.8,915
COL1222,2025,88.8,82.7,93.2,6.4,13,76.6,87.1,81.4,1078
COL1223,2021,94.6,96.7,100,0.8,9,96.4,94.6,87.6,182
COL1223,2022,91.4,89.4,100,3.9,8,93.2,92.4,99.6,534
COL1223,2023,98.9,98,100,2.9,10,100,95.3,99.5,116
COL1223,2024,91.6,96.0,100,3.0,9,92.3,93.6,89.9,485
COL1223,2025,95.4,98,100,0,8,98.5,97.1,95.7,70
COL1224,2021,94.5,92.6,100,2.8,8,100,98.0,95.8,283
COL1224,2022,95.4,98,100,0.7,10,100,100,92.6,104
COL1224,2023,93.6,95.7,100,0,8,100,97.0,100,26
COL1224,2024,94.3,94.9,100,0,8,100,100,98.2,75
COL1224,2025,95.5,95.9,100,0.7,8,100,100,91.3,49
COL1225,2021,75.9,66.7,74.6,8.9,16,63.3,76.4,73.2,1610
COL1225,2022,76.8,70.3,80.3,8.1,15,65.0,74.2,77.0,1577
COL1225,2023,81.1,63.5,76.3,10.8,15,62.8,73.5,80.7,1732
COL1225,2024,81.4,71.4,82.9,8.9,14,63.8,75.4,73.8,1600
COL1225,2025,82.0,69.3,84.7,10.3,15,72.6,75.5,81.6,1591
COL1226,2021,98.7,96.9,100,0,8,100,97.7,95.9,3
COL1226,2022,97.2,95.6,100,1.6,10,100,96.6,96.8,129
COL1226,2023,95.0,96.5,100,0.9,8,100,99.4,90.8,91
COL1226,2024,99.0,93.8,100,1.4,8,100,96.6,100,167
COL1226,2025,99.5,95.8,100,0.1,8,100,94.5,98.4,134
COL1227,2021,83.2,74.3,88.8,5.8,13,77.4,85.7,78.8,1153
COL1227,2022,89.6,79.1,96.4,4.3,12,75.3,87.2,87.0,893
COL1227,2023,84.3,78.0,94.9,8.3,15,74.0,82.6,83.7,1271
COL1227,2024,83.2,78.8,92.3,7.5,14,73.5,86.7,81.7,1321
COL1227,2025,86.2,83.3,94.0,5.3,12,79.8,84.9,79.0,1050
COL1228,2021,97.0,88.9,100,2.1,10,90.9,93.3,90.1,374
COL1228,2022,95.3,87.5,100,1.9,11,94.3,91.0,87.9,438
COL1228,2023,95.8,91.3,100,1.8,10,94.4,92.4,99.1,267
COL1228,2024,93.5,93.5,100,0.6,10,93.3,95.0,91.8,244
COL1228,2025,93.8,91.3,100,3.0,8,97.1,93.0,93.2,416
COL1229,2021,74.6,63.1,74.6,11.0,19,60.9,73.2,68.5,1783
COL1229,2022,76.4,68.8,76.6,11.9,17,65.2,76.6,77.7,1755
COL1229,2023,77.3,71.0,89.4,12.1,18,69.8,73.2,68.7,1688
COL1229,2024,78.3,69.3,80.1,9.0,16,68.6,72.1,71.3,1687
COL1229,2025,80.1,72.7,91.8,10.7,17,75.8,80.4,71.2,1593
COL1230,2021,89.9,86.3,100,5.9,12,85.1,90.2,83.2,842
COL1230,2022,89.6,82.9,100,3.3,11,85.9,87.2,95.2,701
COL1230,2023,95.5,89.5,100,4.5,13,91.7,93.6,86.7,564
COL1230,2024,94.8,94.8,100,0,10,94.4,96.9,98.1,152
COL1230,2025,90.5,91.8,100,2.7,12,95.3,96.1,96.3,372
COL1231,2021,91.4,88.6,100,3.1,11,96.9,86.8,80.5,486
COL1231,2022,92.1,92.7,100,4.8,10,97.8,91.9,88.3,550
COL1231,2023,93.8,93.1,100,2.1,10,98.1,89.1,83.1,500
COL1231,2024,88.5,87.8,100,6.0,12,93.7,89.1,87.3,685
COL1231,2025,89.2,88.4,98.7,6.5,11,95.6,86.1,88.3,757
COL1232,2021,88.4,74.3,86.6,8.0,16,83.2,84.3,79.5,1252
COL1232,2022,85.4,79.0,98.9,6.0,14,78.0,80.4,84.8,1055
COL1232,2023,86.0,76.7,90.4,7.1,15,81.0,87.9,83.6,1144
COL1232,2024,85.2,76.1,89.6,8.8,13,81.4,79.9,82.4,1290
COL1232,2025,85.2,82.8,94.9,7.2,12,84.5,79.8,77.7,1227
COL1233,2021,80.9,76.1,90.1,8.4,15,73.5,77.7,75.8,1425
COL1233,2022,81.9,76.4,91.5,8.7,17,78.8,81.8,73.2,1359
COL1233,2023,85.1,78.7,97.8,9.3,14,75.6,79.0,79.6,1387
COL1233,2024,83.5,76.5,91.7,6.6,15,79.8,82.4,80.9,1282
COL1233,2025,84.1,76.9,92.9,7.8,13,80.1,75.0,82.8,1327
COL1234,2021,90.8,86.1,100,3.0,11,90.4,89.9,90.7,499
COL1234,2022,93.9,89.7,100,2.7,10,82.2,94.1,88.4,508
COL1234,2023,94.5,88.8,100,4.1,8,92.7,92.1,88.0,518
COL1234,2024,96.3,90.1,100,2.8,11,89.5,94.2,98.0,467
COL1234,2025,93.6,93.8,100,0.8,9,96.5,98.8,95.8,284
COL1235,2021,97.7,98,100,0.6,8,100,100,100,10
COL1235,2022,92.0,96.3,100,2.2,8,98.2,94.6,100,221
COL1235,2023,100,98,100,0,8,93.4,100,97.3,107
COL1235,2024,100,97.7,100,2.2,8,97.1,97.2,96.9,100
COL1235,2025,94.2,92.4,100,0.0,8,94.1,93.5,94.6,248
COL1236,2021,83.2,81.8,100,5.3,12,81.5,85.1,83.9,990
COL1236,2022,85.8,85.4,100,7.0,14,77.2,86.2,82.7,1074
COL1236,2023,84.4,76.9,89.7,7.2,13,85.9,81.6,89.3,1065
COL1236,2024,86.9,80.6,97.2,5.0,11,75.6,87.8,89.5,1066
COL1236,2025,84.3,76.9,91.7,4.3,13,80.5,89.1,89.4,948
COL1237,2021,74.8,67.9,85.3,10.9,18,65.8,71.6,70.9,1765
COL1237,2022,79.3,69.4,87.6,11.1,18,54.7,77.9,73.9,1708
COL1237,2023,76.0,64.1,76.0,11.2,16,54.6,76.5,68.0,1849
COL1237,2024,81.8,65.4,84.0,10.4,15,57.8,74.7,73.2,1714
COL1237,2025,78.3,64.6,75.9,11.5,15,63.5,75.6,81.5,1730
COL1238,2021,88.8,78.1,97.3,5.7,12,82.8,83.0,82.8,1026
COL1238,2022,90.0,87.3,100,4.7,12,83.4,88.4,90.0,694
COL1238,2023,84.1,79.5,92.7,7.5,14,73.5,82.1,85.9,1190
COL1238,2024,83.2,81.8,91.6,6.2,15,76.1,80.4,81.8,1230
COL1238,2025,82.7,79.7,90.8,8.7,13,71.6,84.4,78.1,1384
COL1239,2021,93.2,91.2,100,5.3,11,88.8,88.8,87.1,679
COL1239,2022,96.5,90.8,100,1.4,9,89.4,97.1,97.5,253
COL1239,2023,94.6,94.2,100,1.8,9,95.7,90.7,93.1,271
COL1239,2024,91.1,87.3,100,3.8,10,88.2,95.3,96.7,558
COL1239,2025,89.4,92.6,100,5.5,11,95.1,87.6,95.6,702
COL1240,2021,83.5,70.9,81.9,9.1,14,70.1,79.3,75.1,1444
COL1240,2022,81.9,73.5,92.6,8.1,14,72.4,76.5,74.4,1473
COL1240,2023,80.6,73.9,82.2,7.9,16,71.9,73.3,75.3,1497
COL1240,2024,85.2,71.3,80.8,8.8,16,67.8,78.9,83.2,1498
COL1240,2025,84.5,69.4,84.9,7.6,16,69.0,82.6,77.2,1452
COL1241,2021,91.3,82.0,95.5,6.6,14,77.0,87.0,84.6,1019
COL1241,2022,94.2,83.0,100,4.4,10,90.1,91.5,90.2,650
COL1241,2023,87.5,82.2,100,3.4,9,86.2,90.9,84.0,811
COL1241,2024,91.4,85.9,100,4.8,10,79.1,91.4,90.7,806
COL1241,2025,93.7,84.5,100,3.9,12,85.1,94.1,84.7,837
COL1242,2021,76.8,65.3,83.0,10.3,16,59.5,76.4,74.6,1751
COL1242,2022,81.2,61.2,80.1,9.8,20,51.2,75.7,75.6,1753
COL1242,2023,72.8,66.7,82.1,11.3,17,55.1,72.0,66.6,1808
COL1242,2024,79.0,62.8,77.5,8.2,15,61.2,75.6,70.5,1675
COL1242,2025,81.5,73.0,86.0,9.6,15,64.7,77.6,80.9,1563
COL1243,2021,95.4,93.2,100,0.8,10,90.2,96.4,94.8,295
COL1243,2022,98.5,98,100,0.7,8,99.7,95.1,98.5,106
COL1243,2023,90.6,89.4,100,2.3,8,89.7,95.1,95.2,447
COL1243,2024,96.2,92.9,100,1.9,11,95.1,90.3,92.5,453
COL1243,2025,94.9,94.5,100,1.7,9,89.4,92.4,96.7,432
COL1244,2021,85.6,80.8,92.4,4.8,14,86.1,87.0,90.0,766
COL1244,2022,87.3,82.0,100,6.4,12,89.0,84.4,84.0,945
COL1244,2023,86.9,82.4,99.2,5.1,14,94.7,85.9,82.8,894
COL1244,2024,88.1,92.4,100,4.7,11,99.1,85.8,83.1,591
COL1244,2025,95.7,87.1,97.4,2.8,13,99.8,94.0,91.6,506
COL1245,2021,87.5,75.7,85.4,6.6,13,70.0,82.7,83.1,1266
COL1245,2022,84.6,72.9,93.2,7.4,13,68.5,84.6,84.5,1347
COL1245,2023,83.4,83.0,96.0,7.2,14,71.5,87.4,85.8,1206
COL1245,2024,82.9,74.0,85.4,6.1,16,74.7,80.7,81.1,1241
COL1245,2025,85.5,73.1,91.2,6.2,15,73.2,77.1,85.6,1379
COL1246,2021,69.4,61.2,72.0,12.9,18,52.6,65.9,73.7,1928
COL1246,2022,71.1,61.3,76.1,14.5,21,50.9,66.5,68.1,1954
COL1246,2023,71.9,53.6,71.4,15.4,21,53.2,63.5,73.3,1967
COL1246,2024,68.4,54.0,61.8,13.3,18,56.5,67.4,66.4,1972
COL1246,2025,69.3,59.3,76.7,13.8,19,53.4,66.3,61.4,1947
COL1247,2021,95.8,90.9,100,2.0,10,96.5,95.0,89.8,370
COL1247,2022,94.5,90.2,100,0.6,8,92.3,99.5,91.0,200
COL1247,2023,99.2,92.4,100,0,8,100,98.0,100,14
COL1247,2024,98.6,96.3,100,0,8,97.5,99.0,91.4,96
COL1247,2025,95.8,89.7,100,0.6,9,94.0,91.0,93.5,345
COL1248,2021,79.0,67.1,77.0,8.9,17,68.8,73.6,79.8,1536
COL1248,2022,79.4,75.3,93.8,10.3,14,65.8,78.5,74.1,1515
COL1248,2023,79.1,66.9,82.6,9.4,14,58.8,81.9,76.1,1613
COL1248,2024,77.4,67.3,78.8,10.7,16,70.1,78.1,74.8,1711
COL1248,2025,86.8,76.2,91.9,7.4,14,71.1,84.4,81.6,1282
COL1249,2021,99.3,97.9,100,0,8,100,96.2,96.0,11
COL1249,2022,93.3,94.0,100,3.0,8,100,98.0,93.6,291
COL1249,2023,97.5,91.5,100,0.2,8,100,94.8,92.5,151
COL1249,2024,91.7,98,100,3.1,9,100,94.3,94.0,321
COL1249,2025,91.9,95.0,100,1.2,8,100,92.6,90.6,359
COL1250,2021,86.7,81.7,92.7,5.0,15,75.7,82.6,83.5,1072
COL1250,2022,82.1,73.7,83.1,6.4,12,75.9,77.7,77.4,1313
COL1250,2023,85.8,71.7,82.8,7.0,12,70.6,79.4,74.6,1441
COL1250,2024,87.9,77.0,95.3,7.9,15,68.6,85.7,76.7,1389
COL1250,2025,85.0,78.1,95.0,7.3,13,70.2,86.7,78.4,1331
COL1251,2021,90.2,89.4,100,6.0,12,89.8,87.1,88.5,683
COL1251,2022,91.5,86.4,100,5.8,10,79.9,92.3,90.0,778
COL1251,2023,91.9,82.6,94.4,3.6,11,77.8,91.8,84.7,829
COL1251,2024,87.6,81.6,93.1,6.3,13,85.3,85.6,89.1,997
COL1251,2025,85.5,82.3,94.3,7.2,13,77.7,85.9,89.6,1133
COL1252,2021,98.5,93.4,100,1.9,8,97.9,98.8,95.0,171
COL1252,2022,97.1,93.3,100,2.2,9,100,100,95.5,186
COL1252,2023,96.7,95.4,100,1.0,8,98.7,99.3,90.8,96
COL1252,2024,98.9,98,100,0.7,8,94.5,94.2,95.9,201
COL1252,2025,96.1,89.0,100,1.7,8,94.7,93.2,100,324
COL1253,2021,93.2,89.1,100,1.7,10,91.3,90.9,85.2,435
COL1253,2022,90.7,89.1,100,4.6,11,91.1,90.2,94.0,542
COL1253,2023,91.5,89.8,100,4.9,11,88.5,94.0,86.2,714
COL1253,2024,97.1,95.1,100,2.8,9,96.2,92.9,97.4,390
COL1253,2025,92.2,94.1,100,4.2,10,88.7,90.1,86.9,699
COL1254,2021,77.7,72.1,83.2,9.1,14,66.2,74.4,73.6,1561
COL1254,2022,83.3,73.0,90.0,7.3,13,74.5,80.7,81.8,1364
COL1254,2023,81.8,71.7,90.9,7.4,15,70.3,84.2,83.4,1310
COL1254,2024,80.7,74.0,92.9,9.7,14,64.4,82.5,83.5,1472
COL1254,2025,87.4,72.1,91.2,6.2,14,67.5,80.7,76.8,1366
COL1255,2021,72.3,65.2,74.0,12.1,17,57.9,66.2,68.1,1883
COL1255,2022,70.7,60.5,71.9,11.5,17,57.8,67.5,76.7,1839
COL1255,2023,80.7,64.1,71.9,11.9,17,61.5,77.0,72.6,1804
COL1255,2024,72.8,66.6,79.2,12.5,18,61.3,68.9,70.6,1830
COL1255,2025,78.8,66.9,81.0,9.5,19,59.1,74.8,71.7,1750
COL1256,2021,99.2,98,100,0.8,8,100,94.7,96.9,99
COL1256,2022,97.2,97.1,100,0,8,97.9,92.7,96.1,115
COL1256,2023,96.9,92.8,100,2.6,9,95.6,94.6,99.4,252
COL1256,2024,95.7,98,100,1.1,8,100,93.6,100,206
COL1256,2025,96.5,96.2,100,0.7,9,98.7,100,96.2,158
COL1257,2021,81.2,69.2,82.1,9.4,16,64.1,84.3,75.4,1534
COL1257,2022,86.3,75.4,93.6,5.9,13,70.4,81.3,78.4,1194
COL1257,2023,83.9,76.1,88.9,8.5,12,70.3,82.2,85.4,1403
COL1257,2024,88.0,78.4,95.2,4.9,13,76.1,85.1,82.9,1058
COL1257,2025,83.2,73.1,82.7,6.4,13,71.8,79.1,86.7,1311
COL1258,2021,89.9,81.2,100,4.8,14,74.2,88.4,84.9,957
COL1258,2022,92.8,82.7,97.7,6.1,11,78.7,85.8,90.6,971
COL1258,2023,87.6,78.8,99.4,6.3,12,77.8,85.6,91.3,985
COL1258,2024,86.7,86.2,100,4.2,12,86.5,89.3,90.2,757
COL1258,2025,87.9,81.6,96.8,2.7,13,83.2,88.2,89.9,798
COL1259,2021,90.7,84.5,95.4,4.3,11,78.9,88.5,89.9,805
COL1259,2022,89.3,84.8,100,4.7,13,90.2,94.6,90.0,599
COL1259,2023,87.2,87.0,100,5.9,12,84.0,91.9,81.8,915
COL1259,2024,93.0,86.0,97.5,4.2,10,79.2,89.8,88.6,808
COL1259,2025,88.5,83.3,96.9,7.6,12,84.1,82.2,87.5,1088
COL1260,2021,75.9,62.1,74.0,12.0,18,59.7,77.4,69.3,1818
COL1260,2022,76.8,65.0,73.1,11.9,16,60.5,75.3,70.5,1836
COL1260,2023,81.8,67.3,85.5,10.9,17,61.2,75.0,74.7,1698
COL1260,2024,74.8,68.3,76.5,10.7,18,58.7,77.0,67.5,1806
COL1260,2025,81.0,60.3,77.4,11.1,19,53.0,74.7,76.1,1824
COL1261,2021,91.7,85.6,100,5.6,12,84.2,88.9,86.0,828
COL1261,2022,91.5,83.4,97.0,5.7,13,80.7,84.2,85.3,1011
COL1261,2023,91.4,86.6,100,5.6,11,78.9,88.3,81.4,866
COL1261,2024,89.5,79.9,96.7,7.2,15,78.6,83.3,82.2,1145
COL1261,2025,85.8,80.2,96.3,5.6,13,82.4,83.2,84.7,1072
COL1262,2021,82.5,72.8,83.8,6.9,16,62.8,77.7,82.0,1415
COL1262,2022,78.8,68.2,81.3,10.1,16,70.0,82.0,75.2,1554
COL1262,2023,77.7,68.6,84.6,8.3,14,56.3,77.0,73.2,1652
COL1262,2024,82.6,66.8,80.7,7.2,17,67.8,78.9,80.6,1464
COL1262,2025,80.1,66.2,83.1,9.8,17,61.8,76.8,79.3,1683
COL1263,2021,81.7,69.6,86.2,10.7,16,63.1,75.6,75.0,1618
COL1263,2022,83.8,80.6,96.7,7.1,15,75.1,81.3,75.7,1275
COL1263,2023,85.2,78.8,91.3,9.3,12,71.9,80.5,76.2,1372
COL1263,2024,85.2,82.0,100,6.0,15,74.9,80.5,82.3,1132
COL1263,2025,85.4,80.4,96.9,7.3,14,79.2,80.7,76.4,1208
COL1264,2021,98.2,97.8,100,2.3,8,97.5,96.3,97.3,241
COL1264,2022,95.0,89.3,100.0,0.9,11,85.8,93.2,89.4,387
COL1264,2023,88.3,87.9,98.2,3.9,11,90.7,89.5,89.2,605
COL1264,2024,95.2,83.3,100,1.1,9,83.2,94.7,85.6,614
COL1264,2025,90.9,89.4,100,2.3,13,86.5,87.9,85.4,727
COL1265,2021,90.4,81.4,100,3.2,11,89.9,87.1,92.9,569
COL1265,2022,87.3,81.7,91.6,4.2,11,87.3,88.1,91.8,841
COL1265,2023,91.3,82.7,93.1,4.1,10,88.7,85.2,88.6,818
COL1265,2024,86.3,80.4,95.0,4.0,12,80.5,88.8,86.8,977
COL1265,2025,87.8,80.1,95.5,4.0,11,83.0,86.9,83.3,979
COL1266,2021,92.6,93.5,100,1.9,11,100,92.7,85.7,351
COL1266,2022,93.4,86.4,97.9,5.6,11,97.0,89.7,83.2,683
COL1266,2023,94.7,91.1,100,2.4,11,99.3,94.9,94.2,244
COL1266,2024,87.5,94.4,100,2.8,11,100,91.9,91.5,436
COL1266,2025,86.8,85.9,100,4.4,11,93.9,83.6,88.0,749
COL1267,2021,85.0,64.9,74.6,8.5,17,60.5,79.6,75.2,1581
COL1267,2022,80.3,69.6,84.0,11.3,15,59.0,78.2,79.5,1623
COL1267,2023,81.1,63.7,76.1,9.1,17,60.9,79.0,69.4,1739
COL1267,2024,78.6,71.8,79.7,10.4,15,61.1,76.1,72.8,1706
COL1267,2025,81.9,63.4,76.9,10.6,19,54.7,74.8,69.8,1837
COL1268,2021,82.1,74.0,90.8,9.7,17,72.8,76.3,73.0,1467
COL1268,2022,77.4,74.0,84.1,10.6,17,71.5,75.5,82.5,1519
COL1268,2023,81.1,71.2,90.5,10.9,18,78.6,80.4,71.8,1579
COL1268,2024,81.1,72.5,90.7,6.4,16,79.5,83.2,77.0,1236
COL1268,2025,78.4,70.5,87.1,9.2,15,70.6,74.5,80.2,1586
COL1269,2021,99.0,98,100,0.3,9,100,99.7,99.7,16
COL1269,2022,100,98,100,0.4,8,100,100,98.8,30
COL1269,2023,93.2,89.9,100,1.9,8,100,92.7,100.0,270
COL1269,2024,98.6,95.7,100,0.6,8,100,93.1,98.4,130
COL1269,2025,97.7,98,100,2.1,9,100,98.9,96.4,180
COL1270,2021,85.5,76.8,91.8,8.8,16,76.1,82.7,78.4,1287
COL1270,2022,84.7,71.6,87.9,6.0,16,79.3,81.1,81.1,1178
COL1270,2023,80.2,78.4,96.1,6.9,15,87.1,78.5,86.1,1111
COL1270,2024,82.6,85.8,96.1,6.9,15,90.6,85.6,81.9,1047
COL1270,2025,89.0,77.9,96.7,6.3,13,90.7,83.7,77.9,1076
COL1271,2021,85.3,89.0,100,7.2,13,94.2,85.9,82.3,808
COL1271,2022,86.9,80.7,92.5,5.0,12,90.3,85.3,81.1,873
COL1271,2023,84.9,83.5,95.4,6.6,12,90.1,86.1,80.4,996
COL1271,2024,90.8,84.6,100,6.7,12,98.7,86.9,81.5,786
COL1271,2025,86.2,89.3,100,3.8,12,97.5,86.4,86.0,681
COL1272,2021,88.1,80.1,99.9,5.8,13,86.0,84.7,84.8,857
COL1272,2022,88.7,80.0,94.8,4.4,14,79.2,86.9,77.4,972
COL1272,2023,84.0,80.6,92.9,8.1,11,88.9,80.7,80.2,1158
COL1272,2024,87.3,84.1,97.1,8.1,12,92.0,81.8,87.5,1051
COL1272,2025,91.4,87.3,100,6.2,14,93.6,87.6,86.4,819
COL1273,2021,84.4,76.9,85.6,6.6,13,74.8,80.2,81.3,1228
COL1273,2022,79.3,66.6,75.3,10.7,14,62.6,74.7,80.2,1648
COL1273,2023,81.7,76.1,94.9,9.1,14,64.7,84.0,74.4,1509
COL1273,2024,85.4,68.0,78.9,9.4,16,62.8,82.1,75.7,1612
COL1273,2025,83.6,75.8,90.0,6.7,16,61.6,81.5,81.3,1406
COL1274,2021,81.0,84.9,97.9,5.8,13,91.5,81.4,88.2,899
COL1274,2022,87.6,79.9,98.5,5.7,12,85.5,81.0,76.6,1037
COL1274,2023,88.3,81.7,96.2,7.0,16,82.7,83.5,76.6,1162
COL1274,2024,84.1,71.4,80.6,6.2,16,82.4,76.9,83.3,1348
COL1274,2025,81.5,78.9,95.0,5.9,13,74.2,83.9,81.2,1183
COL1275,2021,73.5,61.3,73.0,11.5,16,55.4,72.2,69.6,1869
COL1275,2022,78.4,63.6,74.0,8.8,16,63.6,79.1,78.2,1626
COL1275,2023,78.7,69.4,81.5,11.1,19,55.7,72.0,71.4,1802
COL1275,2024,83.0,67.1,76.3,10.5,17,63.2,79.3,80.7,1614
COL1275,2025,80.1,68.4,84.4,10.2,15,57.1,74.9,70.5,1712
COL1276,2021,99.8,98,100,0,10,100,97.6,96.1,2
COL1276,2022,92.0,98,100,0.5,8,100,93.4,98.2,144
COL1276,2023,93.2,92.7,100,0,8,100,93.2,98.5,101
COL1276,2024,93.8,95.4,100,0.5,8,100,96.3,100,121
COL1276,2025,98.0,96.5,100,0.1,10,100,96.4,100,12
COL1277,2021,87.9,87.7,100,3.4,11,84.1,92.2,90.2,688
COL1277,2022,86.4,88.5,100,5.6,11,82.9,86.7,84.2,843
COL1277,2023,92.1,86.3,100,3.7,11,84.8,89.0,85.0,678
COL1277,2024,90.4,86.7,98.8,5.7,13,91.4,88.5,93.0,728
COL1277,2025,87.6,86.7,100,4.5,13,85.3,83.1,86.9,833
COL1278,2021,93.5,80.9,97.5,5.6,12,82.2,87.2,91.6,880
COL1278,2022,94.7,84.3,95.9,1.5,11,87.8,90.2,85.7,619
COL1278,2023,92.4,92.9,100,2.5,11,92.0,95.7,86.1,456
COL1278,2024,93.5,85.5,98.0,3.6,10,79.1,90.3,82.1,847
COL1278,2025,93.7,84.5,95.6,2.3,9,89.9,88.4,89.4,615
COL1279,2021,84.9,78.9,95.2,6.8,13,90.9,81.5,85.5,947
COL1279,2022,90.7,87.9,100,2.7,12,89.2,89.9,90.8,611
COL1279,2023,89.2,88.8,100,5.0,14,94.0,88.6,83.2,708
COL1279,2024,83.1,77.1,88.5,5.3,16,82.4,86.4,84.0,1053
COL1279,2025,84.9,80.9,99.5,4.5,11,85.9,83.3,80.5,1005
COL1280,2021,69.7,58.2,67.8,13.7,19,55.3,68.5,71.2,1935
COL1280,2022,75.3,55.1,69.6,11.4,19,50.3,73.3,74.1,1907
COL1280,2023,78.1,62.1,73.4,12.8,19,46.2,72.1,71.4,1929
COL1280,2024,75.8,55.9,64.8,11.5,20,47.2,71.4,67.8,1926
COL1280,2025,77.0,58.9,75.7,13.3,20,50.1,72.7,71.2,1911
COL1281,2021,85.3,80.3,96.6,6.6,15,80.3,88.0,86.5,918
COL1281,2022,86.8,83.2,96.0,6.3,11,77.6,90.3,84.5,1064
COL1281,2023,88.6,88.9,100,5.8,13,80.5,91.7,88.4,890
COL1281,2024,87.8,80.9,92.2,5.2,11,80.7,86.0,86.5,978
COL1281,2025,91.0,80.1,93.2,5.1,14,79.1,88.4,91.4,901
COL1282,2021,94.3,95.7,100,2.3,10,95.7,95.2,97.0,220
COL1282,2022,100,98,100,0.7,10,92.3,97.9,99.4,60
COL1282,2023,99.4,96.4,100,0.4,8,93.9,96.3,93.4,193
COL1282,2024,98.0,96.9,100,0,8,100,94.8,92.7,198
COL1282,2025,99.8,98,100,2.1,8,100,100.0,90.9,179
COL1283,2021,93.1,89.4,100,3.6,9,100,87.2,84.9,509
COL1283,2022,86.5,91.9,100,4.0,12,100,86.1,86.8,484
COL1283,2023,93.8,86.6,97.3,2.0,10,100,91.8,94.1,407
COL1283,2024,94.3,91.7,100,4.3,12,100,94.3,85.0,468
COL1283,2025,90.6,93.5,100,4.7,9,100,93.9,88.7,477
COL1284,2021,81.9,68.2,77.8,8.1,17,60.3,77.3,82.2,1545
COL1284,2022,81.2,70.3,87.8,8.2,16,64.8,82.1,71.0,1491
COL1284,2023,78.9,72.6,82.6,9.6,16,63.3,73.2,73.3,1657
COL1284,2024,85.8,72.8,82.9,9.0,17,72.8,79.3,75.2,1496
COL1284,2025,85.2,70.7,80.4,8.9,16,67.6,75.8,84.1,1576
COL1285,2021,83.4,66.5,77.6,7.9,15,62.7,77.3,81.4,1498
COL1285,2022,84.2,75.6,87.6,8.1,14,69.9,82.2,71.5,1431
COL1285,2023,86.3,77.8,87.1,8.1,14,71.8,84.2,79.8,1264
COL1285,2024,81.2,70.7,80.2,9.6,15,71.2,83.5,79.8,1483
COL1285,2025,81.9,71.4,80.1,8.5,15,63.7,81.6,77.8,1541
COL1286,2021,76.9,62.7,79.6,10.0,19,55.8,68.1,68.7,1834
COL1286,2022,77.0,60.2,74.3,10.2,20,50.4,67.8,68.2,1848
COL1286,2023,80.1,64.4,79.0,10.3,15,56.1,70.6,77.4,1750
COL1286,2024,79.0,61.0,75.9,10.1,18,55.4,71.8,70.9,1838
COL1286,2025,80.2,69.1,88.2,9.2,17,57.7,71.6,71.2,1675
COL1287,2021,82.4,73.7,87.5,6.0,16,78.7,84.5,80.1,1132
COL1287,2022,82.7,76.0,96.2,7.5,17,75.1,84.2,74.0,1227
COL1287,2023,82.5,79.3,90.3,6.3,14,77.1,79.9,80.0,1177
COL1287,2024,84.2,78.8,90.1,5.6,13,84.2,82.9,84.6,1147
COL1287,2025,81.6,85.2,99.1,6.4,14,88.3,85.4,83.1,968
COL1288,2021,80.9,75.0,88.6,9.2,15,66.2,80.9,70.9,1553
COL1288,2022,86.8,76.6,96.7,8.3,16,66.2,83.9,74.6,1407
COL1288,2023,77.8,67.9,83.0,9.8,17,62.5,78.3,76.0,1706
COL1288,2024,78.2,73.8,87.6,7.4,15,65.8,77.1,74.1,1512
COL1288,2025,83.9,73.2,93.5,8.1,16,65.5,85.5,80.4,1386
COL1289,2021,95.6,94.6,100,0.2,8,100,96.4,94.7,150
COL1289,2022,90.8,89.8,100,3.6,9,100,92.7,90.7,485
COL1289,2023,98.7,97.1,100,0,8,100,97.3,91.6,42
COL1289,2024,95.5,95.3,100,0.5,10,100,93.3,93.0,113
COL1289,2025,94.2,92.4,100,0.2,8,100,96.7,95.1,79
COL1290,2021,99.7,98,100,0.2,8,100,100.0,98.7,15
COL1290,2022,94.9,93.3,100,0.5,8,100,97.0,97.7,62
COL1290,2023,97.8,94.6,100,0,9,100,93.8,93.9,109
COL1290,2024,94.3,95.2,100,1.5,10,100,98.7,92.3,195
COL1290,2025,97.0,97.9,100,2.8,8,100,97.9,96.0,283
COL1291,2021,92.9,94.1,100,0.2,8,100,98.0,89.3,112
COL1291,2022,98.0,89.2,99.8,0.6,11,100,95.4,91.3,149
COL1291,2023,94.2,94.8,100,0.4,10,100,96.9,93.1,83
COL1291,2024,95.8,95.3,100,1.2,8,100,88.8,95.3,174
COL1291,2025,97.9,98,100,0.4,11,100,93.5,91.4,219
COL1292,2021,92.1,85.7,100,2.8,13,80.0,85.8,90.1,692
COL1292,2022,90.1,89.6,100,3.3,12,93.0,90.2,87.3,608
COL1292,2023,94.1,90.2,100,5.3,12,83.9,87.5,93.9,696
COL1292,2024,92.9,88.3,100,1.7,11,84.0,90.6,90.1,544
COL1292,2025,90.2,84.4,100,2.7,10,85.1,89.8,83.7,792
COL1293,2021,90.1,93.1,100,3.7,10,87.8,96.5,90.8,517
COL1293,2022,88.2,84.2,100,5.7,10,84.4,90.1,89.8,882
COL1293,2023,91.8,92.7,100,5.3,12,92.0,89.2,87.6,592
COL1293,2024,90.5,91.9,100,2.2,10,90.7,92.1,87.4,494
COL1293,2025,88.8,87.7,100,2.1,9,90.3,90.9,95.7,536
COL1294,2021,82.9,80.2,99.3,7.5,16,81.6,83.4,85.0,1089
COL1294,2022,81.9,75.1,95.0,8.6,14,72.2,80.2,73.5,1425
COL1294,2023,78.9,64.9,81.3,9.1,15,66.2,73.1,80.5,1592
COL1294,2024,81.0,68.6,77.9,10.7,14,75.5,81.4,73.1,1570
COL1294,2025,82.1,68.4,81.4,11.2,14,78.1,74.7,75.9,1661
COL1295,2021,86.6,83.5,100,6.2,14,81.0,87.7,90.7,836
COL1295,2022,87.1,87.2,100.0,6.1,12,81.4,89.2,85.4,885
COL1295,2023,87.2,77.9,97.2,7.4,12,83.7,87.5,82.2,1107
COL1295,2024,84.6,74.2,88.4,5.1,15,75.7,80.5,79.4,1220
COL1295,2025,87.0,83.9,96.0,4.7,12,75.9,84.2,83.0,1039
COL1296,2021,76.5,67.9,77.8,9.6,15,59.6,77.3,72.7,1748
COL1296,2022,82.7,67.7,80.7,8.8,14,60.6,74.0,80.3,1650
COL1296,2023,77.7,64.3,81.0,9.3,17,57.9,74.4,71.7,1744
COL1296,2024,81.7,73.8,83.4,9.9,16,68.2,75.4,71.6,1659
COL1296,2025,78.6,74.5,89.1,10.5,16,69.4,76.2,77.5,1635
COL1297,2021,95.2,92.7,100,3.2,8,100,91.9,94.7,286
COL1297,2022,94.0,94.0,100,2.5,10,100,94.9,99.4,155
COL1297,2023,95.5,91.5,100,0.7,11,100,93.9,99.6,176
COL1297,2024,94.1,96.8,100,0,11,100,99.8,95.6,23
COL1297,2025,98.3,98,100,1.1,11,100,99.6,93.3,96
COL1298,2021,86.1,82.4,94.0,8.0,14,73.0,85.9,88.2,1154
COL1298,2022,84.7,76.7,87.3,7.0,13,73.8,84.7,78.2,1321
COL1298,2023,79.0,71.0,88.1,8.8,15,65.5,77.4,84.5,1517
COL1298,2024,85.9,77.1,90.9,7.2,14,74.2,80.6,82.9,1238
COL1298,2025,86.5,80.5,93.3,5.6,13,81.6,88.9,83.3,1035
COL1299,2021,79.7,72.4,86.5,8.7,15,71.9,83.1,75.8,1385
COL1299,2022,76.6,68.8,85.3,12.0,15,57.0,75.3,72.8,1805
COL1299,2023,78.1,67.1,79.2,12.0,17,62.2,71.9,75.2,1817
COL1299,2024,82.4,68.7,77.4,10.4,14,63.9,75.0,81.3,1623
COL1299,2025,83.7,74.2,94.3,6.9,14,62.4,77.3,74.1,1482
COL1300,2021,84.7,80.1,96.2,7.9,13,71.1,80.2,81.6,1283
COL1300,2022,82.2,74.7,89.4,6.9,15,73.4,81.0,80.6,1273
COL1300,2023,89.0,79.8,92.7,4.8,14,70.5,84.9,86.1,1114
COL1300,2024,80.7,79.2,96.7,7.3,14,73.6,79.1,86.0,1280
COL1300,2025,86.2,80.1,98.2,6.9,15,70.8,81.5,80.7,1233
COL1301,2021,76.7,69.2,88.8,11.6,17,62.1,75.3,69.9,1678
COL1301,2022,77.9,69.8,83.7,12.4,17,55.4,73.4,74.4,1773
COL1301,2023,79.8,71.3,86.8,11.6,17,61.8,78.7,75.0,1651
COL1301,2024,79.2,65.7,79.6,10.2,14,59.6,80.9,75.9,1700
COL1301,2025,84.0,66.6,86.4,7.0,14,58.0,78.8,80.3,1503
COL1302,2021,90.5,79.9,100,2.5,13,81.1,89.1,89.7,663
COL1302,2022,93.1,86.0,100,4.7,13,81.0,92.7,85.5,804
COL1302,2023,92.5,83.1,96.9,1.6,11,85.1,94.2,86.1,611
COL1302,2024,89.2,90.9,100,2.7,10,87.2,93.1,91.4,578
COL1302,2025,90.5,84.0,95.1,5.3,11,78.2,88.2,90.4,880
COL1303,2021,72.2,65.3,83.5,13.2,17,55.4,70.1,65.6,1899
COL1303,2022,74.0,63.3,77.9,11.8,19,53.4,69.9,77.8,1854
COL1303,2023,75.9,58.8,78.1,10.2,18,56.1,75.1,69.7,1839
COL1303,2024,81.1,63.4,76.7,11.2,18,57.6,74.4,69.0,1845
COL1303,2025,78.0,57.6,73.5,9.9,18,52.8,71.1,73.8,1883
COL1304,2021,87.3,77.6,90.0,4.7,12,83.7,81.5,84.8,1059
COL1304,2022,88.2,79.5,94.0,7.5,14,77.1,83.0,87.4,1086
COL1304,2023,85.9,83.0,100,7.4,11,83.3,84.9,92.2,999
COL1304,2024,85.8,80.6,98.0,3.9,14,86.1,90.2,82.9,863
COL1304,2025,89.0,83.1,100,6.0,13,79.1,81.3,86.5,996
COL1305,2021,93.3,95.2,100,0.7,11,100,97.1,94.9,79
COL1305,2022,95.0,93.6,100,4.3,9,100,92.8,98.0,304
COL1305,2023,97.7,95.1,100,2.9,11,100,95.8,91.5,339
COL1305,2024,92.3,88.3,100,2.0,9,100,93.4,95.3,415
COL1305,2025,88.7,85.9,98.6,2.0,10,100,87.9,90.8,607
COL1306,2021,84.0,78.5,97.2,7.8,15,76.9,84.5,77.0,1270
COL1306,2022,84.0,81.9,95.7,6.2,15,77.1,80.1,77.6,1158
COL1306,2023,87.4,81.0,93.9,5.5,12,75.9,79.3,77.6,1139
COL1306,2024,82.7,72.9,87.5,9.5,14,70.2,77.8,81.5,1488
COL1306,2025,85.1,77.2,90.0,9.5,14,69.6,78.0,87.5,1486
COL1307,2021,88.3,90.8,100,3.5,11,90.6,88.1,89.0,542
COL1307,2022,87.8,86.3,100,3.9,12,98.2,89.8,82.2,576
COL1307,2023,90.8,86.3,100,5.9,11,100,88.5,94.4,630
COL1307,2024,93.9,90.2,100,4.4,11,99.8,91.9,87.3,557
COL1307,2025,91.6,87.1,97.3,6.5,12,95.7,84.3,85.5,838
COL1308,2021,82.0,81.1,94.3,7.2,12,72.3,79.9,89.5,1163
COL1308,2022,87.3,74.2,85.1,5.2,14,73.3,81.1,85.3,1221
COL1308,2023,84.4,81.7,100,7.4,13,77.7,86.2,80.9,1178
COL1308,2024,84.9,84.6,96.5,7.1,12,80.0,87.5,81.1,1120
COL1308,2025,87.8,78.9,92.0,7.6,14,79.9,82.2,89.9,1205
COL1309,2021,84.0,72.3,86.9,6.5,16,66.5,84.4,79.3,1274
COL1309,2022,82.3,77.2,93.1,6.1,14,72.8,86.9,80.1,1128
COL1309,2023,82.8,75.5,88.2,5.9,13,78.1,85.3,79.3,1150
COL1309,2024,90.2,76.9,93.7,4.8,12,73.4,85.6,80.6,1160
COL1309,2025,90.1,75.0,87.2,4.4,13,74.7,83.5,84.0,1113
COL1310,2021,86.2,82.3,100,6.6,13,80.0,89.4,89.4,987
COL1310,2022,88.8,93.9,100,4.6,12,92.4,92.7,87.9,631
COL1310,2023,89.7,90.6,100,1.9,12,92.0,93.9,94.8,483
COL1310,2024,88.4,89.3,100,3.6,11,86.7,88.1,89.0,691
COL1310,2025,89.1,90.7,100,5.1,13,91.6,93.4,94.1,685
COL1311,2021,88.4,72.7,84.1,5.3,14,68.2,84.7,77.2,1227
COL1311,2022,81.4,76.7,97.4,5.8,12,79.1,82.4,80.7,1184
COL1311,2023,82.4,75.2,87.2,6.2,15,71.4,86.1,86.3,1216
COL1311,2024,84.5,81.0,90.8,4.5,13,74.5,89.3,86.5,1005
COL1311,2025,88.7,82.9,100,6.0,12,78.3,80.0,84.1,1120
COL1312,2021,68.2,53.1,61.4,14.2,20,47.6,65.9,68.3,1984
COL1312,2022,75.3,61.8,79.9,12.8,21,50.5,67.2,61.8,1940
COL1312,2023,72.3,62.5,81.0,12.7,20,47.5,67.2,70.7,1932
COL1312,2024,71.3,57.1,71.1,14.1,21,45.1,70.4,72.0,1954
COL1312,2025,78.4,64.2,71.7,11.5,17,53.5,73.0,67.5,1889
COL1313,2021,81.9,77.7,92.7,9.2,14,75.8,78.9,74.5,1420
COL1313,2022,81.3,72.0,85.7,8.4,16,79.0,81.5,76.6,1326
COL1313,2023,81.3,73.0,82.1,7.1,15,80.2,82.6,73.2,1349
COL1313,2024,83.0,68.8,82.2,10.4,17,75.2,77.1,83.1,1566
COL1313,2025,81.7,81.4,95.7,9.1,12,88.2,78.0,84.4,1286
COL1314,2021,84.9,81.7,91.3,4.2,12,89.4,84.9,81.0,904
COL1314,2022,89.3,80.6,94.7,5.3,11,86.0,89.1,87.1,803
COL1314,2023,88.0,80.7,89.9,7.3,12,86.0,81.7,78.5,1060
COL1314,2024,86.0,85.8,100,7.2,13,95.8,85.5,88.6,817
COL1314,2025,89.3,81.5,96.3,5.2,12,88.5,83.4,83.4,1030
COL1315,2021,89.6,92.7,100,4.1,10,86.1,91.9,95.7,588
COL1315,2022,89.0,89.3,100,5.1,10,89.6,93.6,95.2,675
COL1315,2023,94.5,86.6,100,3.4,13,88.3,92.8,89.0,595
COL1315,2024,87.4,82.5,97.5,4.2,11,83.6,86.3,92.3,814
COL1315,2025,93.2,83.0,100,4.6,13,77.6,89.4,82.3,913
COL1316,2021,98.9,98,100,1.0,9,100,96.6,95.3,50
COL1316,2022,93.0,96.1,100,0.2,10,100,97.5,91.2,146
COL1316,2023,97.9,97.5,100,1.0,9,100,94.7,91.4,156
COL1316,2024,95.4,98,100,3.2,9,100,96.4,99.6,253
COL1316,2025,99.4,97.8,100,0,8,100,94.0,97.6,89
COL1317,2021,82.1,88.1,97.2,7.7,12,96.0,81.5,82.8,931
COL1317,2022,93.3,87.5,100,3.5,11,88.2,91.3,85.1,567
COL1317,2023,88.5,79.7,92.8,4.3,13,83.1,82.9,78.2,1040
COL1317,2024,87.4,83.1,93.2,4.1,14,84.1,86.9,87.3,858
COL1317,2025,88.6,84.7,98.5,3.8,11,95.8,84.4,86.6,734
COL1318,2021,86.4,70.0,82.5,9.3,13,66.0,76.8,82.4,1454
COL1318,2022,87.2,75.8,94.3,4.4,14,70.6,86.3,82.6,1053
COL1318,2023,82.3,80.1,95.7,6.4,12,82.2,81.2,82.4,1159
COL1318,2024,90.1,79.0,96.9,4.9,11,84.3,83.0,85.1,961
COL1318,2025,85.1,78.6,95.2,6.1,13,77.6,87.5,90.7,1111
COL1319,2021,74.1,62.6,77.9,10.3,19,47.6,72.5,64.1,1846
COL1319,2022,76.3,65.1,76.2,12.2,19,51.7,69.7,75.7,1883
COL1319,2023,71.8,61.1,76.1,12.7,21,51.0,67.3,65.5,1948
COL1319,2024,74.7,54.8,68.6,13.4,20,50.6,68.1,75.1,1949
COL1319,2025,77.0,64.7,83.1,12.9,20,51.6,73.2,69.2,1884
COL1320,2021,86.8,85.0,97.0,6.1,14,93.5,84.9,85.3,738
COL1320,2022,88.7,80.2,99.6,5.1,15,84.5,84.9,82.5,994
COL1320,2023,88.5,82.8,100,6.3,11,86.3,83.5,79.5,1003
COL1320,2024,92.2,87.0,98.5,3.5,12,90.9,88.1,82.0,754
COL1320,2025,89.0,92.0,100,5.3,12,100,89.7,84.7,692
COL1321,2021,78.6,74.5,90.1,10.5,17,68.6,75.5,74.6,1541
COL1321,2022,84.4,73.9,89.4,6.8,15,62.6,75.3,77.1,1420
COL1321,2023,80.1,78.5,90.6,6.3,14,78.3,78.5,76.2,1252
COL1321,2024,87.0,79.4,99.2,6.8,14,73.4,84.0,82.1,1117
COL1321,2025,89.0,79.1,94.2,7.1,16,73.6,86.5,76.6,1276
COL1322,2021,74.7,64.7,79.7,12.5,17,53.6,75.3,73.6,1830
COL1322,2022,74.7,65.5,84.8,10.4,19,61.4,73.5,72.4,1709
COL1322,2023,79.7,62.3,72.1,11.7,16,60.7,71.1,73.3,1825
COL1322,2024,74.6,60.8,68.2,12.2,19,47.2,70.6,71.9,1903
COL1322,2025,73.9,57.0,69.4,11.5,17,51.5,69.0,76.0,1904
COL1323,2021,78.4,72.2,89.1,7.2,15,73.2,76.3,81.2,1315
COL1323,2022,87.5,71.8,83.3,5.3,16,66.2,84.7,74.8,1271
COL1323,2023,77.0,74.4,82.7,8.2,15,66.5,77.1,75.6,1573
COL1323,2024,80.8,72.9,81.6,9.7,16,73.9,81.9,78.1,1447
COL1323,2025,82.4,68.3,86.0,8.4,15,63.8,82.2,72.6,1543
COL1324,2021,93.6,91.6,100,0.3,9,93.1,97.0,98.3,263
COL1324,2022,92.7,94.2,100,0.4,10,92.8,95.4,91.5,310
COL1324,2023,97.3,92.4,100,0.1,8,93.3,98.7,96.9,182
COL1324,2024,99.2,92.9,100,0,9,93.0,98.5,89.9,294
COL1324,2025,93.0,98,100,0,8,97.2,98.6,98.7,27
COL1325,2021,77.4,66.4,75.0,10.0,20,54.9,74.5,68.3,1822
COL1325,2022,78.4,64.6,80.0,11.2,16,50.2,69.5,69.5,1829
COL1325,2023,77.6,67.9,84.1,9.6,18,55.6,74.1,74.2,1719
COL1325,2024,70.5,63.9,81.3,12.4,18,52.0,66.9,74.0,1888
COL1325,2025,80.7,73.2,83.7,9.0,16,67.3,78.5,70.8,1602
COL1326,2021,89.8,88.1,97.9,5.6,11,91.3,86.6,88.7,743
COL1326,2022,91.3,87.2,100,1.9,10,92.1,91.9,89.4,488
COL1326,2023,93.6,98,100,1.2,8,98.4,94.8,97.5,237
COL1326,2024,100,96.8,100,0,10,100,100,93.2,2
COL1326,2025,97.1,92.8,100,1.0,8,98.3,95.1,90.1,226
COL1327,2021,85.5,72.0,82.6,5.9,15,69.6,82.6,78.5,1284
COL1327,2022,83.2,73.0,82.1,6.0,16,67.6,77.8,86.9,1270
COL1327,2023,81.6,82.7,100,6.4,13,74.5,86.4,77.1,1166
COL1327,2024,85.1,70.1,88.7,8.8,13,70.2,76.6,82.1,1501
COL1327,2025,82.9,65.0,80.6,8.9,16,62.7,77.3,74.5,1679
COL1328,2021,81.8,75.2,90.5,8.0,15,77.7,74.6,81.1,1335
COL1328,2022,81.6,69.0,78.5,7.8,17,75.4,77.9,78.2,1454
COL1328,2023,78.2,72.4,90.5,8.9,16,71.2,73.1,75.4,1578
COL1328,2024,79.6,65.7,84.1,7.9,17,69.4,73.5,71.0,1632
COL1328,2025,83.1,77.1,93.2,9.7,14,83.8,80.3,83.6,1341
COL1329,2021,78.5,70.6,81.6,9.4,16,72.1,77.3,70.8,1528
COL1329,2022,81.9,71.4,90.2,8.1,18,74.2,75.1,70.1,1469
COL1329,2023,74.4,64.8,81.0,11.0,16,59.9,76.9,77.4,1738
COL1329,2024,75.1,64.3,74.7,8.8,16,63.9,76.1,68.4,1720
COL1329,2025,75.2,64.7,80.9,13.5,19,72.9,69.7,69.2,1843
COL1330,2021,98.0,98,100,2.1,9,100,98.8,91.9,134
COL1330,2022,94.1,98,100,1.9,10,100,97.0,91.6,125
COL1330,2023,98.3,98,100,0.1,8,100,95.7,97.4,23
COL1330,2024,96.3,93.5,100,1.5,10,100,97.1,100,133
COL1330,2025,100,93.6,100,0,9,100,100,100,4
COL1331,2021,90.3,81.7,98.7,6.2,14,83.9,87.8,80.8,997
COL1331,2022,88.9,80.8,92.6,8.3,12,88.7,81.5,87.1,987
COL1331,2023,85.5,78.9,92.5,5.5,14,88.6,87.0,79.5,1034
COL1331,2024,87.7,75.4,95.3,5.2,15,82.3,80.6,79.0,1119
COL1331,2025,84.5,80.5,97.4,4.3,14,92.7,86.8,80.1,871
COL1332,2021,91.1,93.2,100,5.1,9,95.0,87.3,85.7,652
COL1332,2022,94.2,85.3,100,2.2,9,88.6,93.4,89.9,545
COL1332,2023,90.0,87.1,100,4.0,11,85.6,93.3,97.2,626
COL1332,2024,87.2,83.8,100,4.7,11,91.3,86.4,88.3,840
COL1332,2025,94.3,94.5,100,4.0,9,90.6,94.3,95.3,470
COL1333,2021,96.7,89.4,100,3.3,8,95.5,93.6,97.5,348
COL1333,2022,99.0,91.3,100,0,10,98.9,95.1,91.4,85
COL1333,2023,99.8,98,100,1.3,8,98.8,99.4,100,106
COL1333,2024,99.5,94.0,100,0,9,93.4,99.5,100,175
COL1333,2025,96.6,94.9,100,2.4,8,97.8,93.6,98.9,287
COL1334,2021,77.5,72.9,91.3,8.3,17,65.7,73.4,72.5,1555
COL1334,2022,81.9,68.9,82.4,9.5,14,69.7,77.7,77.2,1580
COL1334,2023,81.3,64.5,78.6,8.3,16,57.3,79.8,75.0,1667
COL1334,2024,76.1,69.1,77.9,11.1,17,60.8,71.8,72.4,1807
COL1334,2025,75.2,61.7,81.2,11.8,16,59.2,72.5,72.0,1871
COL1335,2021,85.6,69.9,82.6,7.5,15,66.2,80.9,75.4,1418
COL1335,2022,88.3,79.6,97.0,5.0,12,68.2,85.3,80.5,1138
COL1335,2023,83.5,70.8,87.6,9.3,14,68.7,79.3,74.3,1523
COL1335,2024,83.5,79.5,92.3,5.1,13,68.4,86.4,83.6,1217
COL1335,2025,87.3,71.5,85.8,5.2,12,70.9,80.3,85.5,1353
COL1336,2021,84.4,75.1,89.3,7.5,13,78.9,84.6,77.0,1288
COL1336,2022,88.8,80.0,94.7,5.7,14,86.7,84.6,79.4,1019
COL1336,2023,83.4,78.6,96.6,8.8,15,84.1,82.9,82.6,1134
COL1336,2024,80.9,75.0,91.7,9.4,14,79.1,78.4,83.2,1425
COL1336,2025,84.8,78.9,96.1,8.5,14,82.6,84.7,86.4,1229
COL1337,2021,98.0,93.4,100,0,8,100,96.9,91.6,58
COL1337,2022,95.0,91.9,100,4.0,8,100,92.2,93.3,411
COL1337,2023,91.8,98,100,3.5,11,100,93.7,96.6,316
COL1337,2024,94.0,93.5,100,0.7,8,100,96.7,98.9,116
COL1337,2025,91.7,94.8,100,4.1,10,100,89.2,96.2,386
COL1338,2021,84.7,74.9,91.4,9.9,15,78.0,77.3,79.4,1354
COL1338,2022,88.9,80.3,98.4,4.4,15,89.0,86.0,79.5,918
COL1338,2023,82.1,72.3,88.9,9.6,16,80.5,79.9,85.9,1342
COL1338,2024,86.9,76.1,92.1,7.1,16,86.6,79.0,78.1,1225
COL1338,2025,86.2,79.3,98.1,7.2,11,82.4,80.7,89.1,1155
COL1339,2021,81.2,71.9,91.7,9.6,16,68.4,74.5,78.7,1496
COL1339,2022,85.1,74.4,88.3,6.9,14,72.4,82.5,75.4,1294
COL1339,2023,87.2,78.9,96.5,6.7,13,68.2,85.8,82.3,1202
COL1339,2024,85.1,75.5,85.7,5.3,14,75.5,80.4,81.3,1250
COL1339,2025,87.9,73.4,90.0,5.7,13,66.9,82.2,83.0,1305
COL1340,2021,91.3,91.2,100,2.3,10,100,97.9,92.1,209
COL1340,2022,91.1,89.7,100,2.0,10,100,90.4,97.8,364
COL1340,2023,93.3,98,100,0.9,8,100,95.8,94.4,208
COL1340,2024,95.7,97.0,100,1.5,10,100,95.7,89.3,300
COL1340,2025,99.3,98,100,0.0,8,100,95.5,88.7,130
COL1341,2021,86.5,73.1,89.1,7.1,12,75.3,82.9,88.0,1206
COL1341,2022,84.6,78.1,87.6,6.7,13,74.4,88.1,87.6,1187
COL1341,2023,86.5,78.1,87.5,5.8,13,76.3,85.6,84.8,1168
COL1341,2024,85.5,76.2,94.0,5.3,12,79.0,81.8,79.9,1136
COL1341,2025,86.4,74.7,89.0,6.8,16,67.7,78.0,79.1,1459
COL1342,2021,95.2,96.1,100,2.7,10,98.9,95.4,97.2,219
COL1342,2022,97.0,89.4,100,0.9,10,100,97.2,95.0,111
COL1342,2023,98.5,95.6,100,2.4,11,100,96.9,95.5,158
COL1342,2024,92.6,93.4,100,2.6,8,100,90.2,94.8,389
COL1342,2025,92.1,91.9,100,3.1,8,100,94.8,99.4,454
COL1343,2021,80.4,72.5,89.9,7.3,14,61.9,78.7,82.9,1380
COL1343,2022,83.7,75.0,87.6,7.5,16,62.0,82.8,81.8,1354
COL1343,2023,84.3,67.8,83.2,9.1,15,65.9,77.8,86.0,1471
COL1343,2024,84.7,73.8,82.9,8.2,14,73.8,80.4,81.5,1340
COL1343,2025,86.6,78.3,90.7,8.7,15,74.2,81.1,84.0,1334
COL1344,2021,85.9,82.7,100,5.1,15,91.9,80.6,88.0,792
COL1344,2022,88.6,78.7,88.6,5.9,14,91.1,80.2,80.9,958
COL1344,2023,84.9,85.0,96.6,6.0,11,89.2,88.0,87.5,841
COL1344,2024,86.9,87.8,100,4.4,14,92.7,83.1,86.7,749
COL1344,2025,86.8,87.8,98.8,5.1,13,89.5,86.9,91.7,764
COL1345,2021,92.4,94.6,100,1.8,9,89.6,89.9,93.9,372
COL1345,2022,96.2,93.6,100,2.8,8,92.6,91.8,91.6,350
COL1345,2023,94.4,91.4,100,2.7,10,92.9,97.8,92.3,450
COL1345,2024,95.9,90.6,100,1.8,9,96.5,92.0,97.8,267
COL1345,2025,96.8,92.5,100,3.9,10,90.4,92.5,93.1,580
COL1346,2021,73.1,62.1,75.9,12.1,18,62.4,72.8,78.1,1790
COL1346,2022,76.2,66.0,85.2,11.1,18,66.0,72.7,77.5,1715
COL1346,2023,74.0,62.3,72.4,13.3,17,63.1,69.0,72.5,1880
COL1346,2024,79.8,61.8,74.5,8.8,19,60.2,75.7,74.4,1689
COL1346,2025,75.8,65.9,84.0,12.1,17,69.8,69.0,75.7,1801
COL1347,2021,83.5,70.8,87.1,9.9,16,69.1,75.9,72.2,1550
COL1347,2022,81.3,61.9,78.8,8.0,18,56.4,76.4,74.7,1671
COL1347,2023,81.9,65.7,74.9,8.0,15,63.3,79.3,80.0,1560
COL1347,2024,78.3,65.2,74.5,12.0,14,65.3,72.6,78.1,1747
COL1347,2025,80.2,72.3,85.5,9.3,16,66.6,79.0,73.1,1594
COL1348,2021,83.3,84.2,100,6.7,13,76.7,88.1,82.0,1079
COL1348,2022,85.5,83.3,93.6,7.3,13,75.5,85.2,78.2,1215
COL1348,2023,83.7,83.7,99.0,7.5,14,77.9,87.4,77.7,1154
COL1348,2024,80.7,76.7,87.0,6.3,15,75.8,81.0,76.8,1254
COL1348,2025,87.1,79.2,99.6,4.9,12,81.2,85.7,84.3,1038
COL1349,2021,79.5,65.5,75.0,10.4,17,66.9,74.8,76.8,1723
COL1349,2022,81.4,68.6,82.5,9.7,16,65.3,84.2,79.6,1558
COL1349,2023,83.5,68.7,78.1,8.5,17,66.5,78.6,76.4,1515
COL1349,2024,77.3,74.4,88.4,8.4,14,69.7,75.1,79.3,1477
COL1349,2025,77.2,69.2,81.6,10.7,16,58.8,76.9,70.5,1756
COL1350,2021,88.4,83.0,100,8.1,16,83.3,84.9,81.1,1016
COL1350,2022,83.3,84.4,99.1,7.2,14,87.0,80.3,84.2,1092
COL1350,2023,83.6,79.6,91.8,7.5,15,85.3,79.7,80.1,1138
COL1350,2024,91.1,88.7,100,5.7,14,95.2,89.3,82.6,733
COL1350,2025,87.5,81.8,96.8,5.6,11,85.7,81.0,84.6,1094
COL1351,2021,81.7,70.8,91.0,8.6,13,67.2,76.5,75.6,1468
COL1351,2022,87.9,78.4,91.1,6.3,16,73.8,85.8,75.3,1212
COL1351,2023,88.5,80.6,92.5,5.3,14,74.2,85.3,82.8,1109
COL1351,2024,85.9,79.9,91.0,9.2,12,74.3,81.7,81.3,1390
COL1351,2025,80.9,72.0,84.6,9.7,16,69.5,80.3,80.8,1496
COL1352,2021,77.3,65.7,78.9,11.0,17,67.2,74.2,75.7,1737
COL1352,2022,77.1,75.0,83.7,9.1,16,68.0,77.8,82.0,1538
COL1352,2023,82.7,74.2,86.0,8.1,17,60.9,81.7,79.4,1468
COL1352,2024,81.4,68.2,86.9,10.1,16,55.6,72.9,76.4,1695
COL1352,2025,74.4,63.2,73.9,10.2,18,63.8,69.7,70.3,1831
COL1353,2021,94.1,84.9,100,4.0,12,90.2,94.2,85.2,614
COL1353,2022,94.3,84.1,100,2.1,10,89.1,90.7,93.0,481
COL1353,2023,92.2,89.9,100,4.7,12,88.9,95.6,86.8,692
COL1353,2024,94.3,84.4,100,4.4,12,81.7,89.2,86.8,799
COL1353,2025,91.0,86.2,100,5.7,9,79.5,85.9,88.5,983
COL1354,2021,83.8,76.4,88.2,7.8,12,79.8,80.7,82.6,1286
COL1354,2022,81.2,80.9,95.0,6.4,15,70.2,84.6,79.6,1235
COL1354,2023,80.3,73.4,91.4,8.0,13,70.4,80.4,85.1,1351
COL1354,2024,79.9,77.1,86.7,8.5,15,73.3,78.6,80.1,1393
COL1354,2025,85.5,79.7,91.6,6.8,12,80.5,81.6,80.8,1214
COL1355,2021,90.2,96.0,100,2.1,10,100,93.8,96.6,138
COL1355,2022,96.6,93.4,100,0,8,100,96.1,90.5,219
COL1355,2023,95.3,94.6,100,0.5,9,100,97.8,94.1,51
COL1355,2024,92.5,90.3,100,1.2,8,100,91.2,98.9,248
COL1355,2025,100,98,100,0,8,100,100,95.7,36
COL1356,2021,79.4,66.3,79.1,12.4,16,51.3,75.8,77.9,1842
COL1356,2022,75.1,60.3,71.2,11.5,16,54.7,71.8,76.9,1845
COL1356,2023,81.2,63.9,81.6,11.6,17,62.8,75.2,72.0,1800
COL1356,2024,75.3,59.5,69.8,12.5,17,53.5,67.5,71.8,1891
COL1356,2025,78.2,59.5,78.5,10.6,17,56.3,74.9,71.0,1840
COL1357,2021,94.0,91.5,100,0.4,10,94.9,93.5,93.8,177
COL1357,2022,97.4,93.6,100,3.4,11,96.5,95.2,94.8,382
COL1357,2023,94.4,90.3,100,0.8,8,93.7,94.8,98.4,245
COL1357,2024,94.3,98,100,0,8,100,98.4,97.9,4
COL1357,2025,100,95.4,100,2.4,11,95.8,97.0,100,293
COL1358,2021,79.3,57.7,72.4,13.5,16,52.9,70.8,66.4,1917
COL1358,2022,77.0,62.6,81.8,9.6,17,53.8,75.2,77.0,1722
COL1358,2023,80.4,66.4,77.1,12.1,18,60.3,71.3,70.9,1769
COL1358,2024,79.7,63.0,79.8,8.4,18,56.2,77.9,74.3,1739
COL1358,2025,79.5,62.4,77.2,12.1,17,62.2,73.2,72.9,1816
COL1359,2021,90.0,80.4,99.7,7.0,12,75.3,89.0,78.8,1017
COL1359,2022,89.0,80.3,99.0,7.0,14,79.8,81.1,85.7,1014
COL1359,2023,95.0,90.9,100,4.4,11,81.3,91.8,93.8,575
COL1359,2024,85.8,86.8,100,4.1,11,89.3,88.8,89.0,805
COL1359,2025,90.8,89.3,100,2.0,9,89.0,88.7,95.7,590
COL1360,2021,95.6,92.1,100,1.3,10,96.9,97.8,92.7,155
COL1360,2022,95.1,95.1,100,0,9,99.4,95.3,100,82
COL1360,2023,96.8,98,100,0,8,99.8,100.0,90.9,16
COL1360,2024,97.0,94.3,100,1.2,9,93.9,98.0,91.3,273
COL1360,2025,92.8,92.1,100,0.4,8,92.6,94.9,91.0,306
COL1361,2021,79.8,63.1,73.6,9.0,18,54.2,73.8,68.0,1767
COL1361,2022,78.4,68.1,84.0,9.4,17,60.0,71.5,68.5,1688
COL1361,2023,71.9,64.1,80.2,11.9,16,56.1,68.7,76.7,1878
COL1361,2024,76.6,61.0,72.5,12.6,18,58.0,72.1,67.6,1885
COL1361,2025,76.9,71.8,80.2,9.3,18,62.5,77.9,77.2,1604
COL1362,2021,86.7,78.1,91.8,6.1,11,81.1,86.3,89.3,1060
COL1362,2022,88.5,88.2,97.7,3.9,13,86.8,83.0,81.8,848
COL1362,2023,89.2,82.5,98.8,3.4,12,87.5,92.6,87.8,629
COL1362,2024,93.4,90.1,100,3.8,10,83.8,89.3,87.5,657
COL1362,2025,86.7,88.4,100,5.1,12,83.2,87.7,87.5,936
COL1363,2021,81.2,75.5,88.7,7.8,15,76.4,76.5,80.8,1319
COL1363,2022,77.2,70.5,85.6,10.3,15,73.7,75.5,80.5,1495
COL1363,2023,77.5,77.2,89.0,8.3,17,71.3,79.1,80.0,1462
COL1363,2024,81.3,70.5,84.1,9.3,17,76.3,79.4,79.4,1535
COL1363,2025,82.0,77.5,93.6,9.9,16,75.0,81.4,82.2,1436
COL1364,2021,86.6,82.6,99.5,6.0,12,77.1,84.5,80.5,1030
COL1364,2022,87.5,87.9,100,3.5,13,85.2,86.5,83.4,755
COL1364,2023,83.3,79.5,92.7,7.7,13,72.6,81.2,83.9,1249
COL1364,2024,88.0,80.7,100,7.9,15,77.9,84.0,85.6,1139
COL1364,2025,92.1,78.6,97.0,5.0,12,79.0,89.0,84.8,958
COL1365,2021,77.1,63.7,76.3,11.0,19,56.6,67.5,72.3,1826
COL1365,2022,70.4,54.8,62.4,14.5,18,43.5,64.8,61.9,1992
COL1365,2023,72.9,58.2,71.2,13.0,20,50.5,67.0,74.0,1938
COL1365,2024,71.9,59.9,75.8,11.6,20,51.7,71.4,63.3,1923
COL1365,2025,79.1,61.5,74.8,10.6,17,55.1,72.8,70.5,1855
COL1366,2021,84.0,73.6,85.1,6.4,12,77.4,79.5,83.0,1291
COL1366,2022,82.4,80.8,95.5,8.3,13,71.9,85.8,83.7,1280
COL1366,2023,86.7,78.6,90.3,6.8,13,70.7,83.6,77.1,1208
COL1366,2024,85.7,72.6,88.9,8.4,15,70.3,79.1,76.4,1432
COL1366,2025,89.9,81.9,92.5,7.4,13,75.7,83.6,82.7,1164
COL1367,2021,83.1,84.3,95.3,5.7,12,79.4,81.4,87.4,1003
COL1367,2022,89.0,83.3,93.0,4.7,14,76.6,83.6,78.7,1031
COL1367,2023,91.6,83.2,95.6,4.4,11,83.2,91.4,85.2,875
COL1367,2024,87.2,79.8,100,4.7,12,81.8,88.7,90.5,857
COL1367,2025,89.0,84.2,98.6,6.6,13,75.1,83.7,80.2,1185
COL1368,2021,87.6,81.2,100,5.3,11,77.4,85.2,92.4,925
COL1368,2022,89.9,86.0,99.9,5.8,13,91.1,86.5,94.9,771
COL1368,2023,93.7,82.4,100,5.2,12,78.3,91.1,91.6,867
COL1368,2024,91.5,90.2,100,3.3,12,90.0,90.8,93.3,605
COL1368,2025,91.0,81.5,94.7,6.1,12,87.0,86.1,84.5,1044
COL1369,2021,78.3,65.4,73.7,11.2,16,56.2,72.4,69.1,1795
COL1369,2022,82.3,70.5,86.3,11.5,16,61.3,76.3,73.5,1631
COL1369,2023,80.7,63.0,75.3,11.1,17,55.8,79.2,68.8,1840
COL1369,2024,78.4,69.9,82.5,9.7,16,67.0,80.6,73.7,1672
COL1369,2025,77.5,70.6,80.2,10.0,14,59.1,78.6,74.9,1695
COL1370,2021,86.8,85.4,100,6.4,12,84.0,87.7,91.5,771
COL1370,2022,93.0,87.1,99.1,3.5,8,90.2,93.6,93.6,540
COL1370,2023,91.5,86.2,100,4.2,12,93.5,93.5,87.6,574
COL1370,2024,91.9,87.8,99.7,3.4,8,90.4,96.6,92.1,550
COL1370,2025,91.4,94.4,100,3.2,8,94.0,95.1,95.5,427
COL1371,2021,85.9,82.3,99.6,6.8,11,87.8,84.2,88.7,905
COL1371,2022,81.4,75.4,85.7,8.0,15,88.5,79.9,83.1,1155
COL1371,2023,85.2,84.9,100,6.9,14,84.3,87.1,82.9,943
COL1371,2024,88.8,79.6,98.3,5.8,11,85.5,90.4,79.3,965
COL1371,2025,85.1,80.2,100,4.1,14,92.9,88.8,82.5,824
COL1372,2021,90.3,88.8,100,1.3,9,92.9,91.3,87.4,386
COL1372,2022,93.6,87.0,99.4,4.0,11,98.0,90.0,94.0,466
COL1372,2023,92.5,89.1,100,2.1,9,97.0,90.6,98.7,367
COL1372,2024,92.1,92.1,100,0.7,11,90.4,96.6,98.1,307
COL1372,2025,98.1,95.2,100,0.2,9,100,94.4,90.0,131
COL1373,2021,82.1,76.8,86.3,8.0,18,70.4,81.4,70.7,1406
COL1373,2022,80.4,72.9,82.3,11.3,17,71.3,71.6,73.7,1653
COL1373,2023,79.8,77.6,88.9,9.0,16,78.4,82.7,79.6,1324
COL1373,2024,83.9,76.7,93.1,8.6,16,81.3,80.8,82.9,1345
COL1373,2025,83.0,67.1,76.6,8.9,17,73.3,77.7,72.1,1573
COL1374,2021,97.6,92.7,100,2.6,9,95.4,98.3,87.9,359
COL1374,2022,96.2,97.9,100,0.3,8,100,100,97.6,40
COL1374,2023,94.7,97.7,100,0.7,8,99.0,99.2,90.6,136
COL1374,2024,96.7,93.2,100,1.2,8,97.9,96.9,93.7,142
COL1374,2025,93.6,95.6,100,2.2,9,100,98.5,100,273
COL1375,2021,81.7,65.8,82.2,9.3,18,73.0,73.7,77.1,1500
COL1375,2022,77.2,66.0,83.9,12.7,16,62.4,69.5,73.0,1804
COL1375,2023,79.4,69.9,82.2,12.8,18,68.4,71.7,66.4,1756
COL1375,2024,79.4,63.0,72.5,12.5,17,62.4,69.1,74.6,1869
COL1375,2025,81.1,66.8,76.7,12.3,17,65.2,74.4,78.0,1747
COL1376,2021,92.5,96.9,100,2.2,8,100,95.3,91.0,185
COL1376,2022,98.9,95.9,100,0.9,10,95.8,99.5,98.4,117
COL1376,2023,93.7,98,100,2.1,10,100,100,94.8,152
COL1376,2024,98.7,96.3,100,0.3,9,99.8,99.1,95.5,46
COL1376,2025,92.2,90.7,100,0.7,8,86.8,92.4,94.0,443
COL1377,2021,87.6,82.2,96.2,6.3,12,96.6,83.8,91.3,723
COL1377,2022,87.2,83.0,96.2,5.7,13,98.2,83.8,87.7,728
COL1377,2023,86.4,83.6,98.9,6.7,13,97.1,82.3,88.6,847
COL1377,2024,92.8,88.1,98.9,4.6,12,95.2,88.3,82.0,696
COL1377,2025,91.4,87.5,98.0,4.0,11,89.7,89.7,88.9,754
COL1378,2021,87.8,82.5,96.5,2.8,11,85.4,87.7,88.8,670
COL1378,2022,96.1,92.6,100,2.4,12,92.4,94.8,85.8,477
COL1378,2023,90.2,85.3,100,1.3,11,83.6,94.9,91.3,556
COL1378,2024,88.7,92.5,100,2.4,10,93.5,89.1,88.1,539
COL1378,2025,93.3,88.4,100,3.9,11,85.3,88.2,90.6,649
COL1379,2021,92.2,98,100,2.9,8,100,92.8,97.3,240
COL1379,2022,99.6,93.3,100,0.9,8,100,100,100,54
COL1379,2023,95.7,92.8,100,0,8,100,100,100,62
COL1379,2024,99.1,91.4,100,0,8,100,93.1,99.1,193
COL1379,2025,97.9,98,100,2.4,8,100,97.9,98.2,157
COL1380,2021,94.3,84.4,100,2.7,9,84.0,94.0,84.6,658
COL1380,2022,87.8,87.2,97.1,3.8,13,83.0,90.8,85.1,741
COL1380,2023,93.9,90.3,100,1.7,11,82.5,90.0,90.7,505
COL1380,2024,91.6,80.4,100,4.2,9,85.0,85.0,93.4,851
COL1380,2025,94.8,86.1,100,1.3,10,86.0,92.6,84.2,573
COL1381,2021,73.0,71.9,82.0,11.9,19,71.0,71.4,78.4,1641
COL1381,2022,79.6,64.5,79.0,12.1,18,68.3,73.5,68.7,1802
COL1381,2023,76.8,64.8,75.9,11.3,18,64.2,79.4,79.6,1745
COL1381,2024,77.6,73.1,85.5,10.0,16,67.7,79.7,68.8,1657
COL1381,2025,77.4,70.9,79.6,9.4,16,76.4,75.7,77.2,1564
COL1382,2021,82.4,71.2,90.6,7.9,14,71.3,82.6,80.0,1300
COL1382,2022,87.1,72.0,82.7,7.5,13,69.5,83.6,76.7,1375
COL1382,2023,82.3,81.9,96.3,8.8,13,76.1,85.4,80.1,1293
COL1382,2024,83.2,73.8,86.7,6.8,15,73.9,79.2,80.8,1336
COL1382,2025,87.2,72.0,86.8,6.5,15,70.6,80.0,84.5,1351
COL1383,2021,84.4,73.8,94.3,5.7,15,66.4,83.7,79.1,1310
COL1383,2022,81.7,74.8,91.3,8.5,16,66.1,75.8,79.5,1496
COL1383,2023,82.4,66.3,80.2,6.5,14,61.9,81.0,72.7,1529
COL1383,2024,79.8,78.1,91.4,6.7,14,70.1,81.9,82.2,1368
COL1383,2025,87.6,80.3,100,6.6,14,73.0,81.7,78.5,1254
COL1384,2021,85.0,81.0,92.6,4.8,15,69.6,86.4,88.0,966
COL1384,2022,85.0,78.5,94.3,7.8,16,76.2,84.7,81.8,1238
COL1384,2023,88.1,75.2,86.2,5.3,14,76.2,85.2,80.2,1117
COL1384,2024,87.7,75.8,96.1,6.0,12,71.8,85.2,82.2,1201
COL1384,2025,81.3,72.1,86.8,9.5,16,73.5,80.7,78.2,1549
COL1385,2021,92.3,92.8,100,3.8,12,90.5,87.3,89.5,513
COL1385,2022,92.8,88.0,99.1,3.7,9,87.6,89.1,98.1,543
COL1385,2023,98.3,90.0,100,2.3,10,97.2,92.9,92.5,383
COL1385,2024,94.1,91.3,100,1.2,9,93.2,96.3,94.6,286
COL1385,2025,94.3,98,100,0.3,8,99.1,100,100,61
COL1386,2021,82.7,78.2,91.5,7.3,14,85.9,81.9,83.1,1103
COL1386,2022,90.2,80.8,97.1,6.7,14,89.0,85.4,88.8,879
COL1386,2023,87.7,77.6,89.9,7.2,12,84.3,88.9,88.4,995
COL1386,2024,82.0,83.6,100,5.3,13,90.4,82.7,82.1,929
COL1386,2025,81.8,73.4,83.2,6.2,14,78.5,83.3,82.3,1319
COL1387,2021,90.0,88.1,98.2,4.3,11,87.7,84.8,87.0,674
COL1387,2022,88.7,86.9,96.8,4.0,10,90.8,87.1,86.3,720
COL1387,2023,91.8,85.4,100,5.3,12,94.6,88.4,94.2,722
COL1387,2024,95.8,90.4,100,0.5,9,91.4,90.0,95.8,433
COL1387,2025,92.4,94.7,100,1.8,12,93.7,90.3,97.1,319
COL1388,2021,83.1,74.6,95.4,8.7,12,74.7,83.5,84.4,1213
COL1388,2022,84.6,79.6,93.0,7.7,14,77.5,85.5,84.6,1112
COL1388,2023,88.9,82.3,96.5,5.5,12,76.4,86.3,76.6,1115
COL1388,2024,80.6,75.6,94.6,7.2,16,69.5,80.7,82.7,1355
COL1388,2025,81.0,78.0,88.3,8.7,14,74.5,80.1,76.4,1403
COL1389,2021,84.5,81.7,95.0,8.8,13,86.5,78.5,76.8,1196
COL1389,2022,80.6,79.2,96.2,10.1,13,79.5,79.5,83.3,1309
COL1389,2023,88.5,82.0,100,7.7,14,85.6,84.2,83.4,1050
COL1389,2024,82.2,81.8,93.7,7.6,13,87.6,84.5,84.4,1135
COL1389,2025,87.3,78.3,88.2,5.8,15,89.0,84.2,78.9,1126
COL1390,2021,92.8,98,100,2.5,10,100,97.9,98.7,184
COL1390,2022,93.1,98,100,2.6,10,100,96.9,100,190
COL1390,2023,94.1,96.8,100,0,10,100,100,100,58
COL1390,2024,96.5,96.9,100,1.2,8,100,98.3,98.8,69
COL1390,2025,99.8,92.7,100,0,8,100,94.5,96.5,119
COL1391,2021,86.9,77.4,88.3,8.3,13,75.1,79.7,75.6,1296
COL1391,2022,83.4,77.5,92.7,6.4,13,79.1,86.3,84.7,1081
COL1391,2023,85.4,78.8,96.3,7.8,15,73.4,82.1,78.3,1263
COL1391,2024,88.2,79.1,99.1,3.7,11,80.0,87.8,86.9,909
COL1391,2025,91.0,81.7,100,3.3,13,82.1,90.1,90.1,755
COL1392,2021,84.8,77.2,93.5,7.8,14,86.1,85.7,77.5,1144
COL1392,2022,80.0,78.5,89.1,7.0,13,83.8,78.8,76.9,1250
COL1392,2023,88.9,78.8,91.2,7.5,15,89.1,80.5,82.6,1105
COL1392,2024,81.2,81.5,96.5,8.6,15,83.0,81.1,83.5,1190
COL1392,2025,86.9,84.6,96.9,7.6,14,92.7,82.3,81.4,1080
COL1393,2021,95.5,90.5,100,1.8,12,100,95.9,91.0,197
COL1393,2022,95.1,88.8,100,1.4,8,100,91.8,95.8,218
COL1393,2023,91.4,95.8,100,3.6,10,98.8,92.8,94.9,315
COL1393,2024,90.9,98,100,0.8,8,100,96.9,90.6,139
COL1393,2025,94.5,97.7,100,1.5,11,100,92.2,92.6,260
COL1394,2021,83.2,88.1,99.1,4.9,12,95.5,83.3,89.4,626
COL1394,2022,87.5,82.3,96.9,5.6,12,97.3,83.5,90.3,711
COL1394,2023,89.2,84.4,100,6.6,12,91.0,90.7,82.2,797
COL1394,2024,93.2,84.5,100,2.1,12,93.4,89.0,87.7,583
COL1394,2025,90.0,91.9,100,3.6,11,99.0,86.8,91.5,619
COL1395,2021,74.8,63.3,72.0,8.9,16,56.1,75.3,70.0,1747
COL1395,2022,82.5,74.3,94.0,8.2,17,68.5,78.0,76.0,1379
COL1395,2023,85.4,74.7,90.3,5.9,16,66.4,82.1,76.7,1273
COL1395,2024,81.3,74.9,84.9,10.2,15,62.1,81.2,73.1,1618
COL1395,2025,79.9,69.6,81.7,9.2,18,60.6,78.6,72.2,1647
COL1396,2021,73.9,68.4,81.7,10.1,18,65.2,72.9,69.9,1754
COL1396,2022,76.4,60.9,72.2,10.3,19,59.0,75.5,77.4,1816
COL1396,2023,73.0,70.5,86.5,13.3,18,70.1,69.0,68.7,1831
COL1396,2024,77.5,65.2,77.4,8.9,17,61.0,76.7,68.7,1698
COL1396,2025,77.2,72.1,83.5,11.7,18,64.0,77.5,67.3,1762
COL1397,2021,88.1,87.3,100,6.2,13,100,85.5,87.7,713
COL1397,2022,93.6,88.0,100,1.2,8,100,90.5,90.3,393
COL1397,2023,89.3,90.9,100,2.0,8,100,92.9,95.3,371
COL1397,2024,98.8,92.2,100,2.7,11,100,97.1,88.9,360
COL1397,2025,90.2,96.6,100,4.2,9,100,93.3,97.9,440
COL1398,2021,82.9,68.1,77.0,9.3,16,63.8,73.7,79.6,1631
COL1398,2022,78.3,69.5,78.0,11.7,16,55.8,72.8,75.4,1783
COL1398,2023,84.2,63.9,77.6,8.7,17,58.6,78.9,76.3,1629
COL1398,2024,80.7,68.3,88.1,8.5,18,57.1,76.9,78.0,1580
COL1398,2025,79.5,68.3,83.9,9.9,15,66.1,76.9,69.0,1719
COL1399,2021,84.0,80.9,98.2,4.9,12,76.2,83.8,80.8,1018
COL1399,2022,81.9,70.1,85.8,5.9,15,69.2,81.1,86.2,1249
COL1399,2023,85.2,72.6,87.4,6.1,13,66.3,83.6,79.6,1359
COL1399,2024,86.0,74.2,85.6,7.8,15,69.9,80.2,83.4,1372
COL1399,2025,79.8,75.3,84.4,9.0,15,76.0,81.2,80.0,1422
COL1400,2021,69.1,61.3,69.7,12.6,20,54.5,66.5,69.1,1938
COL1400,2022,74.4,59.3,75.1,14.4,21,60.1,63.8,71.1,1911
COL1400,2023,72.7,55.0,72.9,15.5,18,47.9,65.3,70.5,1963
COL1400,2024,73.1,54.4,64.5,12.2,19,54.7,68.1,60.3,1933
COL1400,2025,72.2,61.6,75.5,12.6,18,59.6,73.0,70.0,1879
COL1401,2021,81.1,77.2,93.2,7.9,14,85.7,76.4,75.4,1282
COL1401,2022,84.1,77.0,95.9,9.3,16,86.9,76.2,83.7,1281
COL1401,2023,83.9,73.7,83.8,5.5,16,77.7,82.8,84.3,1156
COL1401,2024,81.8,84.6,100,6.7,15,92.8,79.4,77.4,1111
COL1401,2025,82.9,80.8,100,7.0,14,90.1,84.0,78.2,1172
COL1402,2021,91.7,82.7,96.9,4.3,12,83.7,90.2,87.6,797
COL1402,2022,89.8,92.2,100,2.9,8,96.9,90.1,96.0,457
COL1402,2023,93.3,97.3,100,2.7,11,96.7,93.1,93.3,381
COL1402,2024,91.8,88.9,99.7,0.5,9,93.2,95.8,90.4,454
COL1402,2025,91.9,94.7,100,0.8,9,95.5,93.4,88.6,350
COL1403,2021,81.9,74.7,83.2,7.6,15,66.4,78.7,79.3,1396
COL1403,2022,84.1,72.3,92.5,7.3,14,72.2,83.8,74.6,1400
COL1403,2023,78.9,75.0,93.0,9.2,17,66.6,78.7,72.9,1507
COL1403,2024,80.6,70.9,91.2,6.4,15,72.7,81.5,78.6,1300
COL1403,2025,88.2,73.9,84.7,4.7,14,76.1,86.3,75.9,1223
COL1404,2021,93.8,92.3,100,3.4,12,89.0,91.0,92.9,433
COL1404,2022,93.6,84.2,100,4.4,10,85.3,94.5,93.3,603
COL1404,2023,93.6,86.9,97.4,4.0,10,86.2,88.8,92.8,614
COL1404,2024,95.1,88.8,100,0.9,12,91.3,93.6,91.7,333
COL1404,2025,96.0,85.5,98.8,4.0,8,84.5,91.7,90.8,709
COL1405,2021,92.6,97.2,100,2.5,9,100,97.5,90.2,233
COL1405,2022,92.5,97.3,100,0,11,100,99.1,90.7,165
COL1405,2023,89.1,94.6,100,4.4,10,99.4,89.1,92.4,441
COL1405,2024,94.5,93.1,100,2.4,9,100,97.6,97.2,278
COL1405,2025,93.1,92.7,100,0.7,11,100,94.7,98.4,190
COL1406,2021,82.6,81.8,100,5.5,12,82.8,83.1,86.7,951
COL1406,2022,85.3,77.9,92.4,6.0,13,81.9,80.3,86.1,1114
COL1406,2023,85.0,75.8,85.7,6.8,15,76.1,76.9,74.5,1336
COL1406,2024,88.8,83.9,97.5,4.9,15,86.8,84.2,76.0,912
COL1406,2025,81.9,81.3,90.6,8.0,12,86.3,82.4,81.1,1217
COL1407,2021,74.0,58.4,73.8,12.5,20,45.6,68.8,68.1,1912
COL1407,2022,75.4,55.8,65.3,14.1,22,45.6,70.8,67.7,1978
COL1407,2023,77.6,60.6,75.5,11.7,19,50.4,72.5,67.8,1869
COL1407,2024,73.4,63.1,77.9,13.4,19,46.9,69.6,66.6,1941
COL1407,2025,74.7,50.6,65.3,12.9,20,44.8,64.6,70.8,1959
COL1408,2021,97.8,91.7,100,0,8,90.1,98.4,91.7,169
COL1408,2022,98.9,98,100,0,8,100,98.9,91.8,24
COL1408,2023,91.3,95.6,100,2.8,8,93.2,92.2,93.0,430
COL1408,2024,94.7,94.2,100,0.8,8,96.6,93.4,100,115
COL1408,2025,92.5,98,100,0.8,8,97.0,93.6,96.9,270
COL1409,2021,86.5,77.6,92.6,5.5,11,76.9,90.0,84.1,1053
COL1409,2022,89.8,78.3,90.2,4.6,14,73.8,88.9,83.5,1082
COL1409,2023,85.1,82.3,96.4,5.4,13,87.4,86.9,86.4,927
COL1409,2024,87.9,78.7,99.9,4.0,12,84.4,85.1,84.1,880
COL1409,2025,83.3,78.7,88.1,5.6,11,85.6,81.9,86.3,1159
COL1410,2021,83.7,70.0,89.1,10.4,16,62.3,76.8,81.0,1599
COL1410,2022,83.1,68.1,77.6,8.7,16,67.4,80.5,80.1,1492
COL1410,2023,79.3,76.4,90.7,9.4,15,71.7,80.1,72.0,1520
COL1410,2024,86.4,78.3,97.5,6.0,15,74.2,84.1,80.0,1178
COL1410,2025,85.3,81.2,100,6.1,15,76.9,82.2,74.8,1260
COL1411,2021,91.6,89.1,100,4.9,11,92.9,91.1,88.6,537
COL1411,2022,82.9,81.7,96.1,7.0,15,83.1,86.2,86.0,1041
COL1411,2023,82.4,80.4,96.5,5.4,15,88.5,80.7,80.2,1018
COL1411,2024,83.7,76.4,92.0,6.4,12,85.8,81.3,82.4,1128
COL1411,2025,87.4,77.4,94.3,4.5,13,91.2,83.6,85.1,934
COL1412,2021,83.7,77.0,97.4,6.6,15,69.9,85.8,81.5,1168
COL1412,2022,83.7,75.3,90.6,9.3,13,69.6,77.4,79.2,1401
COL1412,2023,78.1,70.4,87.8,7.7,14,69.2,76.3,80.9,1459
COL1412,2024,87.0,76.7,86.6,5.5,14,70.4,79.9,76.8,1249
COL1412,2025,84.1,72.5,87.4,7.9,14,73.8,83.9,85.8,1306
COL1413,2021,75.5,58.0,67.0,10.3,20,60.7,69.1,67.0,1861
COL1413,2022,80.4,65.0,83.4,11.0,16,65.3,74.9,75.2,1643
COL1413,2023,73.7,70.2,81.7,10.9,19,63.7,72.3,77.4,1754
COL1413,2024,77.0,71.0,84.1,12.4,17,70.6,71.8,70.0,1779
COL1413,2025,76.0,69.9,80.0,8.6,17,69.5,76.5,74.2,1669
COL1414,2021,79.0,64.7,79.6,10.4,15,61.6,80.4,78.4,1672
COL1414,2022,77.0,64.0,72.4,11.6,18,56.9,74.5,72.2,1817
COL1414,2023,81.0,64.0,76.1,8.9,16,58.7,80.0,76.9,1723
COL1414,2024,77.9,61.0,72.1,8.8,17,53.4,78.7,72.8,1750
COL1414,2025,83.6,64.1,82.8,8.4,15,60.9,80.3,75.8,1660
COL1415,2021,86.6,79.7,89.7,5.0,12,91.7,86.5,83.9,837
COL1415,2022,88.1,83.7,100,7.2,13,95.7,83.0,87.4,840
COL1415,2023,87.4,88.9,100,3.9,13,91.5,85.3,92.5,700
COL1415,2024,91.8,86.1,100,5.7,11,93.0,90.2,86.9,705
COL1415,2025,88.1,84.6,100,7.7,12,85.0,83.3,86.9,1037
COL1416,2021,80.0,68.8,87.3,7.9,15,69.5,77.1,79.0,1488
COL1416,2022,79.8,69.6,79.3,9.4,16,64.7,77.1,72.0,1633
COL1416,2023,80.1,70.3,86.7,10.5,16,69.8,71.1,67.9,1663
COL1416,2024,76.5,58.4,75.0,12.9,20,62.7,66.5,74.8,1861
COL1416,2025,78.9,64.5,79.2,9.9,16,65.4,77.6,71.4,1707
COL1417,2021,87.2,84.0,97.3,6.0,11,86.2,87.1,86.2,868
COL1417,2022,82.5,85.1,96.5,7.2,14,93.6,82.3,82.8,904
COL1417,2023,83.2,84.3,100,4.6,14,95.4,82.1,88.1,803
COL1417,2024,88.9,81.5,90.7,7.0,14,86.8,82.4,91.1,1059
COL1417,2025,85.4,86.6,100,6.0,11,89.9,87.3,81.0,940
COL1418,2021,75.3,66.7,82.3,11.2,15,63.8,72.4,80.1,1652
COL1418,2022,79.3,71.1,81.3,10.8,16,65.8,78.5,79.3,1637
COL1418,2023,80.0,62.3,77.9,10.4,19,54.2,76.7,69.9,1824
COL1418,2024,77.4,70.7,82.9,9.9,15,60.1,71.3,74.1,1692
COL1418,2025,82.7,73.4,88.1,6.9,14,60.4,80.5,77.0,1523
COL1419,2021,92.9,93.8,100,3.7,9,100,92.0,91.2,419
COL1419,2022,96.0,97.0,100,0.7,8,100,98.0,100,96
COL1419,2023,91.6,95.7,100,1.4,10,100,92.9,91.3,278
COL1419,2024,94.5,98,100,2.4,10,100,99.2,96.1,188
COL1419,2025,97.0,96.9,100,1.6,9,100,97.2,94.6,84
COL1420,2021,82.1,77.5,89.9,8.2,14,78.0,82.3,78.9,1223
COL1420,2022,84.1,76.6,92.5,4.9,13,70.5,85.3,87.0,1150
COL1420,2023,87.2,72.4,83.9,5.9,12,70.5,82.8,84.8,1222
COL1420,2024,88.8,81.8,95.7,5.9,13,75.6,86.7,81.0,1105
COL1420,2025,85.9,81.1,90.8,5.2,12,73.0,88.3,78.7,1210
COL1421,2021,86.2,80.6,93.2,8.1,12,72.1,81.0,86.4,1147
COL1421,2022,82.6,75.3,90.3,8.7,13,65.5,76.2,85.4,1390
COL1421,2023,83.1,68.3,84.4,6.4,15,65.4,80.5,80.3,1412
COL1421,2024,82.5,75.7,92.1,7.3,13,68.7,81.0,75.9,1433
COL1421,2025,83.7,71.5,81.4,6.0,13,73.0,79.7,83.8,1426
COL1422,2021,90.5,93.8,100,1.5,11,94.7,96.0,86.6,284
COL1422,2022,91.7,93.9,100,1.3,9,92.3,91.5,93.7,293
COL1422,2023,92.5,89.9,100,1.7,10,87.5,93.0,92.8,493
COL1422,2024,94.3,90.5,100,3.1,11,94.6,93.7,95.4,379
COL1422,2025,97.3,86.1,100,1.5,11,88.6,93.3,95.3,463
COL1423,2021,82.8,77.9,91.6,7.3,12,72.1,85.7,85.2,1164
COL1423,2022,86.2,80.0,98.7,4.5,13,81.0,86.1,85.6,886
COL1423,2023,84.1,75.8,85.4,7.5,14,74.0,84.2,81.2,1283
COL1423,2024,84.8,77.8,90.1,7.5,13,83.0,84.6,90.9,1074
COL1423,2025,91.2,85.7,100,3.2,12,88.7,88.1,82.8,820
COL1424,2021,87.7,84.8,100,5.8,14,93.0,89.8,91.0,635
COL1424,2022,91.2,91.0,100,1.9,10,97.4,88.6,91.1,376
COL1424,2023,93.3,96.6,100,3.7,9,100,93.0,95.9,408
COL1424,2024,89.7,97.2,100,1.2,11,100,94.6,97.1,184
COL1424,2025,91.2,89.2,100,4.2,9,100,91.3,98.3,460
COL1425,2021,73.7,63.0,70.2,13.6,20,54.8,68.1,69.0,1932
COL1425,2022,70.5,60.9,75.1,11.6,21,47.3,66.9,70.7,1934
COL1425,2023,72.0,55.0,67.2,14.2,18,48.4,67.0,71.5,1959
COL1425,2024,75.3,57.7,68.2,14.2,19,48.9,71.1,69.6,1967
COL1425,2025,76.6,60.3,71.4,12.9,20,44.5,69.9,70.4,1948
COL1426,2021,83.2,78.9,97.2,8.6,13,77.4,86.9,79.6,1214
COL1426,2022,84.5,77.4,94.3,7.9,16,73.9,79.0,83.3,1209
COL1426,2023,78.8,68.1,88.4,9.3,15,68.9,78.1,78.3,1550
COL1426,2024,81.7,75.2,86.3,10.1,16,72.0,76.4,79.3,1556
COL1426,2025,81.5,70.0,80.2,8.2,16,73.8,76.2,79.0,1467
COL1427,2021,93.5,88.7,100,4.9,9,92.3,90.6,90.0,599
COL1427,2022,94.3,88.4,100,2.9,11,91.7,88.4,90.9,518
COL1427,2023,89.4,86.9,100,4.0,11,90.1,93.6,94.5,620
COL1427,2024,92.5,89.9,100,2.1,10,92.1,94.0,94.5,392
COL1427,2025,90.4,88.7,100,1.0,9,93.8,95.0,87.2,412
COL1428,2021,82.4,72.4,86.6,8.8,15,75.6,72.4,74.3,1522
COL1428,2022,80.0,67.9,75.8,8.9,15,71.5,74.3,80.4,1511
COL1428,2023,80.6,73.1,85.7,10.4,18,73.5,78.0,72.6,1561
COL1428,2024,81.4,65.9,82.4,10.8,17,68.7,73.4,72.8,1723
COL1428,2025,84.2,71.4,86.3,10.3,15,65.6,78.5,74.4,1664
COL1429,2021,87.0,84.2,100,5.5,13,87.5,87.5,91.9,729
COL1429,2022,84.1,79.3,90.3,4.8,14,82.6,84.4,80.2,1083
COL1429,2023,90.9,86.0,100,2.6,13,85.4,89.2,92.9,528
COL1429,2024,81.7,80.9,98.4,6.3,14,78.1,81.7,78.1,1246
COL1429,2025,89.1,82.0,99.7,6.6,12,75.5,82.2,82.9,1141
COL1430,2021,74.9,65.5,79.6,11.0,15,60.0,71.8,76.2,1801
COL1430,2022,76.7,68.4,88.0,10.7,18,65.2,71.9,80.1,1663
COL1430,2023,81.0,67.8,87.2,10.4,18,65.0,77.4,79.1,1612
COL1430,2024,75.4,69.2,85.2,12.2,16,59.3,74.8,81.5,1768
COL1430,2025,74.9,68.6,80.5,9.4,16,66.3,70.5,70.3,1714
COL1431,2021,83.4,76.0,91.5,6.2,14,71.0,84.3,82.0,1267
COL1431,2022,82.0,69.8,88.0,8.1,16,68.0,78.0,75.6,1551
COL1431,2023,81.0,68.0,80.4,9.7,16,69.6,77.7,79.9,1535
COL1431,2024,80.9,74.5,94.5,8.0,14,65.7,77.0,82.4,1467
COL1431,2025,79.9,76.2,96.5,9.3,13,70.3,79.3,80.7,1433
COL1432,2021,92.3,88.2,100,3.0,12,92.0,87.3,87.7,519
COL1432,2022,91.1,83.9,100,6.2,12,81.9,86.8,94.2,898
COL1432,2023,90.3,81.4,100,2.4,9,81.9,87.4,92.0,669
COL1432,2024,87.7,89.9,100,4.2,10,91.0,87.6,87.3,683
COL1432,2025,94.3,83.1,98.9,2.9,12,80.9,93.0,87.4,825
COL1433,2021,98.5,95.9,100,0,8,100,92.9,93.2,123
COL1433,2022,94.7,98,100,2.9,10,100,93.7,100,159
COL1433,2023,94.7,95.7,100,1.9,9,100,95.1,99.9,234
COL1433,2024,97.4,95.3,100,0.6,9,100,100,89.8,235
COL1433,2025,97.9,93.0,100,1.8,8,100,92.0,95.3,266
COL1434,2021,79.3,62.3,78.4,12.1,17,62.6,71.0,77.6,1799
COL1434,2022,75.1,61.6,79.0,10.7,16,63.0,73.8,70.4,1789
COL1434,2023,74.9,70.2,83.2,12.1,17,67.7,75.3,68.7,1758
COL1434,2024,80.5,68.6,87.6,12.1,18,66.0,71.2,78.4,1731
COL1434,2025,74.6,63.7,79.5,10.0,19,66.4,71.1,68.2,1779
COL1435,2021,95.3,97.6,100,2.3,10,100,92.0,89.1,269
COL1435,2022,94.6,97.5,100,2.1,11,100,93.5,99.7,153
COL1435,2023,94.9,94.1,100,2.0,9,100,92.8,93.9,219
COL1435,2024,98.0,98,100,0.0,8,100,96.4,99.5,1
COL1435,2025,99.5,93.9,100,0.2,10,100,98.1,94.4,37
COL1436,2021,85.5,79.4,95.3,6.6,17,83.6,80.8,84.2,1062
COL1436,2022,80.2,70.1,88.7,10.5,15,68.8,82.2,81.8,1502
COL1436,2023,83.1,70.6,81.8,9.0,17,81.4,78.2,81.9,1378
COL1436,2024,86.2,78.9,92.4,7.6,16,85.8,85.9,80.3,1143
COL1436,2025,83.0,74.7,85.5,6.1,14,83.5,79.7,82.3,1196
COL1437,2021,86.8,87.9,100,4.1,11,94.4,87.9,79.4,685
COL1437,2022,82.3,79.2,98.2,5.5,15,83.8,82.7,87.8,915
COL1437,2023,87.4,81.7,90.9,6.8,14,95.1,85.1,88.9,876
COL1437,2024,89.0,84.6,98.6,6.3,14,86.5,88.9,88.3,948
COL1437,2025,86.0,86.0,100,4.8,14,86.8,89.0,80.5,890
COL1438,2021,84.8,81.4,91.3,6.8,12,77.2,84.0,83.4,1130
COL1438,2022,88.8,74.8,88.1,6.3,12,73.7,82.2,85.8,1216
COL1438,2023,82.8,79.0,99.6,5.6,15,77.3,87.3,87.5,1080
COL1438,2024,83.8,81.1,92.5,6.7,12,79.2,83.7,87.6,1177
COL1438,2025,84.9,85.2,100,7.1,15,76.5,88.6,79.8,1171
COL1439,2021,84.0,79.0,94.5,6.1,14,81.5,88.1,89.4,911
COL1439,2022,86.0,82.9,100,5.6,13,80.8,89.5,87.7,852
COL1439,2023,87.7,82.3,95.7,5.0,14,74.9,87.3,81.9,976
COL1439,2024,88.0,73.8,93.3,8.3,13,74.1,80.7,79.8,1365
COL1439,2025,80.9,73.0,93.3,7.4,15,74.8,80.8,85.3,1322
COL1440,2021,79.6,71.3,82.4,9.0,17,59.4,73.4,75.3,1635
COL1440,2022,80.4,64.2,79.9,10.5,18,59.4,80.0,78.6,1731
COL1440,2023,85.3,76.7,93.1,6.6,15,70.2,81.3,73.0,1276
COL1440,2024,85.2,72.7,85.8,7.2,15,68.1,79.8,74.9,1438
COL1440,2025,79.6,72.3,89.8,9.7,15,62.7,80.2,74.5,1589
COL1441,2021,81.1,75.9,90.8,7.1,16,72.2,80.0,78.8,1241
COL1441,2022,81.9,73.6,91.8,9.1,16,68.9,76.4,82.1,1480
COL1441,2023,89.2,77.0,98.1,4.8,14,72.9,87.4,84.6,1031
COL1441,2024,79.9,74.5,90.9,8.4,12,70.0,79.9,77.3,1405
COL1441,2025,89.0,75.6,85.2,7.3,15,73.9,83.7,82.9,1294
COL1442,2021,96.3,97.3,100,1.1,9,100,94.3,89.4,196
COL1442,2022,97.2,90.3,100,3.5,10,93.5,92.1,92.1,469
COL1442,2023,96.6,98,100,0,9,98.7,99.2,100,22
COL1442,2024,95.8,97.7,100,0.6,8,93.7,100,92.0,157
COL1442,2025,99.4,98,100,0,8,100,99.7,97.6,9
COL1443,2021,86.7,81.7,96.6,5.9,13,86.5,80.1,79.3,974
COL1443,2022,89.0,82.6,98.1,6.5,15,88.7,86.2,80.5,866
COL1443,2023,80.8,84.1,100,6.6,15,88.7,78.6,77.7,1091
COL1443,2024,89.7,79.2,94.3,4.8,12,89.7,85.5,87.0,875
COL1443,2025,86.3,89.3,99.8,5.2,13,93.2,84.6,88.6,862
COL1444,2021,94.8,87.8,100,3.8,9,100,92.7,93.4,354
COL1444,2022,92.5,90.8,100,1.3,10,100,94.1,97.5,242
COL1444,2023,88.6,92.0,100,2.1,12,100,88.9,89.9,370
COL1444,2024,95.6,89.3,100,0.9,11,100,92.5,92.4,262
COL1444,2025,92.8,98,100,2.0,12,100,98.0,90.1,168
COL1445,2021,73.1,60.8,70.9,14.3,19,51.4,71.0,67.3,1929
COL1445,2022,75.9,62.7,77.6,11.6,19,50.4,72.5,67.3,1890
COL1445,2023,78.1,65.7,80.4,12.0,18,52.8,70.7,74.4,1850
COL1445,2024,80.0,63.7,78.2,10.3,16,51.4,75.1,72.2,1790
COL1445,2025,73.9,61.6,75.6,15.0,21,46.4,66.4,69.7,1962
COL1446,2021,96.0,92.5,100,2.2,8,95.9,100,100,246
COL1446,2022,98.2,93.8,100,0,8,92.8,99.4,95.0,180
COL1446,2023,96.4,91.2,100,0.6,10,96.1,96.3,94.6,248
COL1446,2024,96.8,98,100,1.9,10,100,97.8,91.8,196
COL1446,2025,92.4,92.4,100,3.0,10,94.4,96.3,97.5,406
COL1447,2021,79.6,73.3,91.6,11.0,14,70.3,76.8,75.3,1585
COL1447,2022,81.2,72.1,86.3,10.3,15,68.2,75.9,76.6,1550
COL1447,2023,77.5,72.0,86.0,10.4,16,64.9,77.9,77.2,1648
COL1447,2024,77.7,73.0,91.9,11.5,17,60.9,75.2,75.7,1724
COL1447,2025,79.8,74.9,87.7,7.6,16,75.0,77.6,75.4,1456
COL1448,2021,92.5,90.0,100,0.9,11,94.3,90.9,94.9,395
COL1448,2022,90.7,88.3,100,1.8,9,95.4,94.3,93.9,439
COL1448,2023,91.2,87.0,100,2.7,9,89.2,96.0,88.7,584
COL1448,2024,94.3,85.5,100,2.7,11,94.0,89.4,96.5,448
COL1448,2025,97.4,92.7,100,1.2,11,98.9,100,99.4,116
COL1449,2021,86.4,78.5,93.1,6.2,14,73.2,84.6,80.4,1197
COL1449,2022,83.1,77.2,90.9,8.4,14,77.6,82.8,76.1,1259
COL1449,2023,86.2,81.6,98.5,8.0,13,76.8,82.0,76.7,1197
COL1449,2024,84.4,71.3,86.2,7.1,15,71.5,77.8,85.3,1327
COL1449,2025,86.1,78.5,95.0,6.3,15,69.8,81.7,82.2,1279
COL1450,2021,82.5,63.1,74.6,9.2,18,55.2,76.0,72.2,1760
COL1450,2022,75.7,62.0,80.6,11.4,18,62.5,72.4,74.5,1788
COL1450,2023,80.2,67.1,84.5,8.0,16,62.7,77.4,70.5,1587
COL1450,2024,76.3,65.1,84.5,11.5,19,64.0,76.1,73.6,1797
COL1450,2025,82.8,70.0,78.2,10.6,16,61.9,78.3,74.8,1656
COL1451,2021,81.7,64.7,77.2,9.1,17,61.5,75.5,79.1,1615
COL1451,2022,80.3,72.8,84.9,8.9,14,64.1,79.0,82.2,1462
COL1451,2023,85.2,77.6,91.9,8.1,14,70.0,83.6,82.9,1356
COL1451,2024,79.9,77.6,97.4,9.5,14,67.2,80.5,80.6,1440
COL1451,2025,87.1,71.4,86.0,5.2,15,73.3,82.2,84.1,1278
COL1452,2021,79.9,63.2,75.5,9.4,18,57.4,72.4,70.7,1736
COL1452,2022,83.6,74.1,87.8,7.7,16,72.5,81.4,77.8,1323
COL1452,2023,84.2,69.7,89.6,9.8,16,74.8,78.5,82.0,1492
COL1452,2024,84.1,75.0,88.4,9.1,17,65.5,81.9,78.6,1474
COL1452,2025,87.8,78.4,93.7,7.2,13,73.7,82.7,86.1,1296
COL1453,2021,84.1,83.7,98.7,5.2,13,89.0,86.0,81.3,786
COL1453,2022,92.1,84.9,100,4.3,14,93.0,90.6,88.3,607
COL1453,2023,89.2,84.0,100,2.9,13,94.3,90.2,80.5,619
COL1453,2024,88.8,93.8,100,3.6,13,98.8,92.5,94.9,458
COL1453,2025,93.7,88.9,100,5.1,9,100,86.7,94.1,672
COL1454,2021,99.0,98,100,2.0,10,100,98.8,98.0,128
COL1454,2022,100,98,100,0,8,100,100,90.8,16
COL1454,2023,94.8,98,100,0,9,100,96.2,90.3,55
COL1454,2024,92.9,93.5,100,0,8,100,95.6,97.3,228
COL1454,2025,95.9,98,100,0,10,100,100,99.5,17
COL1455,2021,93.7,98,100,2.1,9,94.1,98.8,98.5,231
COL1455,2022,95.8,93.7,100,0,10,100,100,100,47
COL1455,2023,98.4,92.7,100,0.4,10,94.6,99.3,96.3,76
COL1455,2024,95.2,97.7,100,1.2,8,97.8,98.4,97.6,176
COL1455,2025,95.2,95.6,100,0,8,93.7,100,98.3,67
COL1456,2021,84.3,83.9,94.1,7.6,11,96.4,82.8,91.7,835
COL1456,2022,89.3,83.5,100,4.1,11,93.5,90.3,83.4,687
COL1456,2023,92.0,88.6,100,4.2,13,96.8,89.6,91.7,563
COL1456,2024,92.3,84.9,100,5.9,10,100,88.1,84.8,801
COL1456,2025,86.3,83.6,100,3.8,11,95.7,87.8,93.5,647
COL1457,2021,94.6,95.6,100,0,10,100,98.4,94.5,40
COL1457,2022,95.3,98,100,0,8,98.4,94.2,98.1,57
COL1457,2023,92.1,98,100,4.3,8,100,91.0,100,382
COL1457,2024,97.9,96.7,100,0,8,97.3,99.2,89.5,160
COL1457,2025,89.8,93.9,100,4.9,11,94.4,89.2,99.0,605
COL1458,2021,81.3,73.5,82.6,6.7,17,71.6,80.5,81.7,1278
COL1458,2022,82.7,72.6,86.5,10.8,14,62.3,75.4,73.5,1601
COL1458,2023,77.9,74.5,90.8,10.2,15,65.8,78.6,82.1,1500
COL1458,2024,79.0,72.4,83.0,9.3,14,69.7,80.0,74.2,1522
COL1458,2025,80.8,74.6,83.8,9.7,15,71.7,75.6,79.1,1600
COL1459,2021,86.4,82.8,100,5.1,15,78.4,87.3,78.7,881
COL1459,2022,81.8,73.9,91.2,9.2,12,76.8,80.5,87.2,1334
COL1459,2023,84.8,72.7,91.0,8.7,13,71.9,80.5,82.2,1379
COL1459,2024,90.1,84.0,100,6.4,15,77.3,82.9,89.2,1061
COL1459,2025,86.4,78.0,94.0,8.5,13,81.3,80.0,84.4,1202
COL1460,2021,97.3,91.4,100,1.5,8,93.6,94.2,94.7,316
COL1460,2022,99.5,94.0,100,1.0,9,100,98.4,97.8,52
COL1460,2023,97.5,97.4,100,1.5,8,95.4,100,98.5,84
COL1460,2024,98.6,98.0,100,0,9,94.0,100,92.4,134
COL1460,2025,93.7,96.0,100,1.9,9,99.9,98.3,93.1,220
COL1461,2021,88.3,81.0,90.9,8.5,14,74.8,81.2,81.9,1189
COL1461,2022,88.9,76.0,92.6,6.3,11,79.3,84.3,85.0,1127
COL1461,2023,86.7,80.5,100,5.7,12,75.5,89.6,90.8,997
COL1461,2024,87.5,82.6,95.1,4.9,11,77.3,84.0,88.8,1028
COL1461,2025,90.1,76.6,91.9,4.2,12,75.6,86.9,78.1,1067
COL1462,2021,83.5,76.8,85.9,7.2,17,73.1,77.3,81.3,1271
COL1462,2022,78.0,74.2,83.2,7.6,17,74.9,76.7,73.4,1484
COL1462,2023,78.8,76.2,87.7,10.8,14,78.1,77.1,72.5,1582
COL1462,2024,85.6,70.5,85.3,6.3,15,75.7,82.6,72.5,1309
COL1462,2025,83.8,79.8,94.6,9.0,16,81.3,80.9,72.2,1337
COL1463,2021,92.4,98,100,2.8,8,100,95.4,98.2,111
COL1463,2022,95.7,97.0,100,1.2,8,100,98.0,99.3,61
COL1463,2023,95.6,94.3,100,2.3,9,100,97.3,95.7,232
COL1463,2024,97.5,95.8,100,2.6,8,100,94.1,90.5,335
COL1463,2025,99.7,98,100,0.7,8,100,98.7,95.6,69
COL1464,2021,92.2,90.8,100,3.0,12,99.8,88.0,84.9,418
COL1464,2022,86.2,87.5,97.2,3.8,12,100,86.5,94.0,606
COL1464,2023,87.3,91.8,100,4.3,9,100,88.4,92.0,585
COL1464,2024,87.5,82.7,93.4,2.7,12,93.7,86.1,84.9,745
COL1464,2025,89.6,88.0,100,3.6,9,100,90.2,82.8,613
COL1465,2021,88.9,76.6,92.0,6.3,11,80.2,87.5,90.2,1068
COL1465,2022,83.2,84.4,99.1,7.6,13,80.6,85.1,84.9,1015
COL1465,2023,89.9,79.5,89.8,4.0,14,77.1,83.7,80.0,949
COL1465,2024,85.3,80.1,95.5,8.3,12,82.0,82.2,79.2,1192
COL1465,2025,91.7,77.3,89.4,3.6,12,78.6,88.1,83.4,990
COL1466,2021,87.5,77.8,98.3,4.6,13,80.0,81.7,87.3,937
COL1466,2022,83.0,76.7,95.3,7.7,13,68.9,81.5,85.3,1312
COL1466,2023,84.0,79.3,94.1,6.2,12,78.1,82.0,83.1,1106
COL1466,2024,86.0,84.9,94.9,4.5,12,76.3,86.7,78.3,1077
COL1466,2025,88.3,83.0,99.6,7.9,13,70.7,87.6,83.6,1136
COL1467,2021,95.3,95.0,100,3.0,9,100,92.3,94.8,360
COL1467,2022,89.3,91.8,100,5.0,12,100,88.4,91.8,520
COL1467,2023,90.7,91.7,100,1.0,11,100,94.3,88.8,306
COL1467,2024,96.7,93.7,100,2.2,8,100,94.0,88.7,277
COL1467,2025,95.5,90.9,100,0.2,8,100,97.0,89.4,175
COL1468,2021,78.6,58.6,76.1,10.9,16,49.3,71.7,71.0,1841
COL1468,2022,74.0,58.0,71.8,14.1,20,52.9,66.6,69.7,1935
COL1468,2023,77.7,58.5,77.5,12.2,19,59.0,71.5,70.7,1885
COL1468,2024,76.1,57.3,65.1,12.9,19,52.2,71.7,70.8,1911
COL1468,2025,79.7,59.2,78.4,10.0,17,58.8,72.2,70.4,1820
COL1469,2021,89.6,84.7,97.9,5.3,12,92.9,89.3,84.2,800
COL1469,2022,88.5,92.2,100,2.2,11,95.5,91.6,95.3,325
COL1469,2023,86.8,93.5,100,5.2,13,100,87.5,84.6,665
COL1469,2024,90.0,87.9,100,2.8,12,100,92.6,94.5,396
COL1469,2025,95.2,88.5,99.5,1.0,8,100,90.5,92.9,271
COL1470,2021,70.0,56.9,72.8,11.8,20,46.9,66.1,66.3,1945
COL1470,2022,75.2,55.5,71.7,12.6,19,49.6,70.8,64.7,1962
COL1470,2023,72.8,59.0,77.4,11.3,19,52.0,68.2,70.4,1900
COL1470,2024,75.5,57.2,65.5,11.8,20,53.0,66.7,68.1,1930
COL1470,2025,74.9,64.6,74.7,9.6,19,59.4,72.5,77.4,1780
COL1471,2021,89.3,87.9,100,3.5,12,84.7,90.0,90.4,600
COL1471,2022,94.3,86.6,98.7,2.5,13,87.4,88.8,94.4,516
COL1471,2023,91.8,92.1,100,4.2,8,96.6,93.1,88.7,583
COL1471,2024,88.7,85.9,100,3.6,9,94.9,88.8,87.4,671
COL1471,2025,89.6,89.6,100,3.7,11,86.3,90.0,96.9,703
COL1472,2021,80.7,67.5,87.1,11.9,18,63.0,77.0,67.2,1690
COL1472,2022,83.5,65.0,73.4,9.4,15,66.8,78.3,78.6,1584
COL1472,2023,77.7,71.0,83.4,11.0,16,68.0,77.5,75.7,1623
COL1472,2024,76.8,70.8,88.8,10.7,16,64.8,77.8,70.2,1660
COL1472,2025,80.3,67.9,83.4,9.8,18,74.4,72.1,74.1,1613
COL1473,2021,84.7,66.4,83.8,7.0,14,66.2,80.7,79.5,1364
COL1473,2022,83.6,74.1,94.2,6.5,14,68.7,82.5,73.7,1357
COL1473,2023,77.7,69.8,82.0,8.5,15,65.8,75.6,69.6,1606
COL1473,2024,81.7,70.7,89.7,8.3,17,61.5,74.2,73.8,1597
COL1473,2025,81.3,70.1,83.0,7.2,14,70.4,82.9,79.2,1489
COL1474,2021,74.4,57.5,73.1,13.1,17,55.7,70.5,74.3,1891
COL1474,2022,75.2,58.3,73.9,11.7,18,57.4,65.1,64.7,1901
COL1474,2023,72.3,56.4,67.0,14.2,18,56.6,64.8,69.7,1952
COL1474,2024,72.4,52.3,68.6,13.6,18,55.5,64.0,71.7,1963
COL1474,2025,71.4,59.6,71.2,14.4,19,53.2,67.6,64.0,1957
COL1475,2021,94.1,89.1,100,4.3,12,99.5,90.7,92.5,491
COL1475,2022,96.1,89.2,100,3.5,8,98.8,94.6,88.2,447
COL1475,2023,89.2,85.9,97.8,5.0,10,100,88.5,91.3,697
COL1475,2024,89.2,92.7,100,4.0,9,100,90.8,94.0,487
COL1475,2025,90.6,90.4,100,3.0,9,100,92.3,87.5,528
COL1476,2021,95.8,92.5,100,4.3,9,93.1,91.7,88.6,507
COL1476,2022,91.3,89.6,100,3.0,11,95.2,96.1,93.4,374
COL1476,2023,91.8,95.0,100,5.1,11,94.8,92.0,93.9,472
COL1476,2024,88.0,85.7,100,4.6,8,88.4,89.8,94.5,721
COL1476,2025,94.2,94.1,100,3.8,8,94.7,88.5,96.2,513
COL1477,2021,87.6,87.5,100,4.5,11,81.9,90.9,80.0,841
COL1477,2022,82.3,82.9,95.4,7.7,15,77.0,79.7,81.6,1145
COL1477,2023,86.8,83.0,92.8,4.2,13,83.5,89.7,89.7,793
COL1477,2024,88.2,75.6,85.6,7.9,13,77.0,80.2,80.1,1347
COL1477,2025,90.2,78.5,88.3,3.4,14,81.3,87.5,81.3,1046
COL1478,2021,82.8,75.6,85.7,8.2,16,65.0,83.2,76.2,1387
COL1478,2022,77.9,70.0,79.1,9.7,18,59.4,81.2,82.2,1622
COL1478,2023,84.3,70.6,89.5,8.1,14,73.4,79.7,77.7,1454
COL1478,2024,83.7,78.1,98.8,5.5,16,72.5,85.6,75.8,1213
COL1478,2025,80.2,70.9,87.4,6.6,13,71.9,79.2,77.9,1480
COL1479,2021,92.2,94.5,100,4.3,8,100,91.8,96.0,324
COL1479,2022,94.2,97.9,100,0.8,10,100,92.9,90.9,203
COL1479,2023,91.4,90.6,100,2.6,10,100,89.9,87.8,435
COL1479,2024,99.7,96.0,100,1.1,10,100,96.2,98.1,94
COL1479,2025,95.3,92.2,100,0.7,9,100,96.6,91.2,291
COL1480,2021,81.8,80.3,94.9,8.2,13,74.1,80.9,83.9,1229
COL1480,2022,83.8,81.0,97.6,5.6,11,85.4,81.6,83.6,1051
COL1480,2023,87.7,90.0,100,6.0,13,85.4,89.7,89.3,825
COL1480,2024,93.1,83.1,100,5.2,11,87.0,88.0,87.6,771
COL1480,2025,91.5,82.3,98.8,2.7,12,86.8,88.3,89.0,683
COL1481,2021,95.3,82.6,94.5,2.4,10,84.8,90.8,87.9,618
COL1481,2022,96.7,94.6,100,0.5,11,87.4,93.9,94.2,278
COL1481,2023,91.4,87.0,100,3.7,9,91.1,91.6,96.1,482
COL1481,2024,88.9,84.7,100,2.9,12,87.8,90.6,87.2,746
COL1481,2025,96.4,95.2,100,1.0,8,94.4,92.5,95.2,223
COL1482,2021,91.8,90.1,100,3.2,8,100,93.1,94.7,406
COL1482,2022,93.7,98,100,1.2,10,100,98.5,94.6,55
COL1482,2023,96.3,95.2,100,3.2,10,100,91.8,99.7,231
COL1482,2024,93.0,90.6,100,2.3,8,100,96.5,90.4,440
COL1482,2025,91.5,91.4,100,2.6,9,100,92.0,94.0,415
COL1483,2021,99.3,91.2,100,0,11,95.7,97.1,97.8,93
COL1483,2022,93.0,86.1,100,1.4,9,91.9,91.3,92.5,460
COL1483,2023,94.2,92.1,100,1.4,9,98.0,96.2,98.2,196
COL1483,2024,94.1,94.8,100,1.7,8,92.6,96.4,100,209
COL1483,2025,96.4,91.9,100,1.1,8,99.2,91.7,89.5,367
COL1484,2021,90.8,86.0,100,3.0,11,79.5,88.6,84.6,761
COL1484,2022,89.6,88.1,100,4.0,11,84.5,84.6,86.8,759
COL1484,2023,85.6,80.8,93.2,5.7,11,79.6,89.0,86.3,1029
COL1484,2024,92.6,82.4,100,4.4,14,77.9,91.1,89.4,764
COL1484,2025,93.4,89.6,100,4.7,11,86.3,88.8,90.7,774
COL1485,2021,83.8,69.0,79.6,8.1,17,81.0,75.0,72.1,1495
COL1485,2022,80.1,72.0,90.3,8.3,15,75.3,82.4,78.9,1434
COL1485,2023,78.6,79.2,94.7,8.6,15,83.2,74.4,78.1,1315
COL1485,2024,78.2,68.6,81.1,8.9,15,71.4,74.7,78.2,1539
COL1485,2025,82.6,75.1,94.3,8.7,14,79.1,84.0,82.0,1374
COL1486,2021,80.5,78.5,90.8,8.6,16,83.1,80.9,84.8,1250
COL1486,2022,83.7,77.4,89.0,8.5,16,77.2,78.6,77.9,1310
COL1486,2023,80.8,75.6,89.3,9.9,14,80.0,78.4,72.8,1408
COL1486,2024,76.9,68.9,79.7,9.2,15,80.3,74.0,79.7,1503
COL1486,2025,81.9,76.1,91.6,10.3,17,77.5,75.9,80.5,1508
COL1487,2021,96.7,96.2,100,2.0,8,100,97.3,89.7,202
COL1487,2022,94.8,96.6,100,2.8,8,100,92.5,99.3,262
COL1487,2023,98.6,97.6,100,0,8,100,96.0,100,59
COL1487,2024,100.0,97.7,100,1.5,8,100,96.5,96.3,72
COL1487,2025,94.8,97.4,100,1.5,8,100,94.1,96.8,159
COL1488,2021,91.6,80.6,90.0,4.9,13,92.6,84.5,83.7,823
COL1488,2022,92.0,81.8,98.3,5.8,12,89.1,91.0,88.3,781
COL1488,2023,89.9,85.1,100,4.5,13,99.2,89.5,91.1,645
COL1488,2024,89.7,93.8,100,5.8,12,100,88.3,89.9,625
COL1488,2025,91.3,86.9,100,3.0,12,98.6,90.9,86.9,603
COL1489,2021,79.1,67.8,81.5,10.2,15,63.6,74.7,70.9,1659
COL1489,2022,79.1,73.3,87.8,9.0,16,64.0,81.0,81.5,1493
COL1489,2023,84.6,73.8,93.7,7.4,16,68.4,82.7,83.7,1299
COL1489,2024,77.3,67.5,79.5,7.5,14,61.1,77.2,77.0,1616
COL1489,2025,84.9,72.4,89.5,7.8,16,68.3,77.9,77.0,1501
COL1490,2021,94.9,88.0,99.2,3.6,9,92.0,91.6,88.3,471
COL1490,2022,90.0,85.5,100,1.9,10,85.6,94.6,95.9,496
COL1490,2023,87.5,83.7,97.8,3.8,13,79.7,84.0,83.0,853
COL1490,2024,94.1,81.0,100,3.6,11,82.6,89.2,88.1,714
COL1490,2025,89.2,87.1,100,6.0,9,89.1,86.4,92.5,861
COL1491,2021,87.6,87.7,100,2.2,10,100,91.2,94.7,371
COL1491,2022,93.0,89.2,100,3.4,10,96.4,92.0,86.0,525
COL1491,2023,89.5,92.2,100,5.4,12,96.7,91.3,83.8,577
COL1491,2024,89.9,88.2,100,2.8,10,98.1,89.4,88.0,602
COL1491,2025,86.9,88.6,100,6.2,10,97.5,87.3,88.9,812
COL1492,2021,70.7,56.2,67.4,14.3,19,52.3,64.7,63.5,1978
COL1492,2022,72.9,57.3,67.2,13.7,18,49.9,66.5,66.2,1948
COL1492,2023,74.3,58.1,67.1,13.6,20,55.9,74.4,73.0,1907
COL1492,2024,74.2,66.9,82.9,9.8,18,55.8,71.3,72.6,1773
COL1492,2025,77.1,64.9,73.1,10.3,16,57.3,78.7,76.3,1760
COL1493,2021,92.3,94.0,100,4.3,11,98.7,94.3,96.1,347
COL1493,2022,93.8,86.2,100,1.9,12,100,93.8,87.9,420
COL1493,2023,89.0,84.3,99.4,5.4,13,97.1,87.3,86.8,737
COL1493,2024,86.5,94.2,100,4.0,13,100,88.4,92.9,524
COL1493,2025,88.4,90.9,100,2.9,11,100,89.7,93.4,469
COL1494,2021,89.3,77.7,91.8,5.7,14,84.2,85.4,77.7,943
COL1494,2022,88.0,79.5,96.9,5.8,12,83.8,85.4,78.2,979
COL1494,2023,85.7,79.1,89.6,7.2,13,85.0,80.9,86.3,1081
COL1494,2024,82.6,82.0,95.0,6.7,16,81.1,79.6,83.0,1176
COL1494,2025,81.4,75.1,92.7,5.7,14,83.1,79.9,79.3,1195
COL1495,2021,76.4,63.0,80.0,10.4,19,46.8,70.7,65.1,1880
COL1495,2022,72.5,61.1,73.4,13.2,20,48.6,72.4,63.6,1939
COL1495,2023,71.5,63.2,76.8,13.8,20,53.7,65.5,75.2,1921
COL1495,2024,79.1,64.5,73.8,12.4,16,57.4,70.8,67.3,1886
COL1495,2025,76.3,68.6,87.9,11.2,17,56.5,76.9,68.1,1804
COL1496,2021,100,91.6,100,0.4,8,94.7,99.0,96.5,51
COL1496,2022,97.1,94.9,100,2.1,10,96.2,95.4,100,166
COL1496,2023,97.8,95.1,100,0.7,8,100,93.0,90.6,197
COL1496,2024,98.1,98,100,1.4,8,100,96.7,92.9,211
COL1496,2025,97.7,93.9,100,2.1,10,100,100,92.9,154
COL1497,2021,84.6,72.7,81.2,9.6,15,62.9,79.4,75.0,1554
COL1497,2022,79.9,63.0,74.4,9.5,15,62.1,72.1,75.9,1724
COL1497,2023,78.6,67.1,80.8,9.5,15,62.3,72.4,77.6,1637
COL1497,2024,79.1,62.6,73.6,12.0,15,61.7,70.5,77.0,1846
COL1497,2025,76.7,69.8,87.1,10.1,16,61.9,75.8,69.9,1693
COL1498,2021,81.4,82.4,94.2,7.6,15,83.1,82.9,77.8,1184
COL1498,2022,84.8,76.6,92.8,7.1,12,80.4,83.5,84.8,1110
COL1498,2023,86.7,82.2,100,5.2,13,88.2,85.9,89.2,887
COL1498,2024,83.5,89.7,100,5.8,12,95.9,84.5,87.6,767
COL1498,2025,88.7,81.8,98.9,4.7,14,91.0,81.3,82.2,941
COL1499,2021,78.2,62.2,81.0,9.2,16,56.5,72.6,78.4,1714
COL1499,2022,80.2,62.1,72.7,7.8,18,56.7,79.5,77.3,1647
COL1499,2023,79.6,66.3,79.9,10.9,14,69.8,76.8,71.8,1731
COL1499,2024,77.5,73.0,88.5,10.0,15,68.1,74.2,77.5,1602
COL1499,2025,81.9,75.5,84.0,8.0,16,72.8,78.1,82.6,1469
COL1500,2021,82.9,78.4,96.2,7.8,14,83.1,83.5,77.6,1107
COL1500,2022,90.1,84.3,100,5.9,15,79.6,87.1,76.0,1027
COL1500,2023,89.1,78.2,87.8,7.8,13,79.4,86.6,81.5,1213
COL1500,2024,89.6,84.3,99.3,4.6,12,93.5,89.2,82.0,793
COL1500,2025,84.7,86.3,100,3.9,13,90.6,87.3,80.8,866
COL1501,2021,93.0,92.8,100,2.7,10,97.9,87.7,87.3,477
COL1501,2022,91.5,83.9,100,3.9,10,100,88.0,90.3,591
COL1501,2023,89.6,88.0,100,3.1,13,100,94.0,93.3,491
COL1501,2024,89.0,90.0,100,3.6,10,93.3,89.8,83.6,609
COL1501,2025,91.1,83.0,94.6,4.0,13,92.0,91.8,93.2,671
COL1502,2021,78.3,62.7,73.4,10.7,15,59.4,77.8,79.6,1725
COL1502,2022,84.5,65.4,83.2,7.1,15,58.9,80.9,71.1,1533
COL1502,2023,81.8,65.3,82.4,8.5,17,56.8,72.8,75.7,1682
COL1502,2024,78.6,73.2,86.2,8.2,16,64.4,76.0,73.3,1549
COL1502,2025,80.2,65.6,76.4,11.8,18,62.1,72.7,71.8,1835
COL1503,2021,80.4,70.8,83.8,8.7,14,71.3,81.3,86.4,1393
COL1503,2022,86.0,73.9,90.0,5.7,16,69.6,81.8,75.1,1242
COL1503,2023,83.7,84.6,95.1,4.4,15,76.7,87.7,77.1,964
COL1503,2024,84.4,71.1,81.9,6.7,16,68.7,82.9,77.0,1458
COL1503,2025,84.3,79.5,90.1,5.9,13,70.7,80.1,85.5,1256
COL1504,2021,80.1,63.2,70.9,11.3,18,67.5,74.3,77.4,1696
COL1504,2022,76.9,68.8,85.1,11.0,16,68.0,72.3,78.7,1667
COL1504,2023,80.2,73.5,85.7,10.6,16,78.4,81.6,80.6,1470
COL1504,2024,83.3,77.3,92.5,8.7,16,79.0,80.9,73.8,1315
COL1504,2025,75.3,68.9,76.9,12.3,17,70.1,71.5,71.2,1772
COL1505,2021,84.5,79.8,97.3,7.0,13,84.4,86.8,86.9,1067
COL1505,2022,88.4,76.8,90.3,6.7,13,88.0,84.7,85.5,1096
COL1505,2023,83.5,85.8,100,8.1,13,89.9,85.0,84.7,994
COL1505,2024,92.1,88.2,100,4.4,10,88.6,90.7,85.0,636
COL1505,2025,83.0,80.8,99.2,4.3,11,93.4,83.0,87.3,859
COL1506,2021,92.8,88.9,99.9,4.1,12,83.8,89.1,89.9,693
COL1506,2022,91.3,82.5,100,2.9,11,81.9,90.7,93.8,629
COL1506,2023,88.4,87.5,100,5.8,12,80.8,93.3,84.7,864
COL1506,2024,93.2,78.9,96.7,4.5,12,75.6,90.1,91.9,832
COL1506,2025,86.2,84.0,100,3.4,12,80.6,85.3,87.4,910
COL1507,2021,82.5,71.1,90.2,10.3,16,65.4,79.1,79.0,1594
COL1507,2022,82.6,72.8,87.5,7.5,18,62.0,80.7,77.1,1417
COL1507,2023,79.7,63.5,73.3,9.0,17,61.7,77.3,74.6,1666
COL1507,2024,79.6,70.0,82.0,8.2,17,63.2,76.7,69.4,1643
COL1507,2025,81.4,68.0,76.6,9.7,16,55.3,78.8,74.9,1696
COL1508,2021,91.2,89.4,100,5.5,11,89.1,92.2,84.2,687
COL1508,2022,91.6,84.4,99.9,5.2,13,81.1,86.4,82.1,946
COL1508,2023,88.0,85.3,98.7,5.0,12,79.2,88.7,92.0,794
COL1508,2024,89.0,84.3,98.0,4.3,10,87.6,92.4,91.6,735
COL1508,2025,93.5,86.7,98.5,3.6,10,90.5,87.5,91.9,653
COL1509,2021,93.3,89.2,100,1.6,9,99.7,89.4,92.7,307
COL1509,2022,96.6,94.6,100,4.0,9,100,91.2,94.7,381
COL1509,2023,93.8,90.2,100,1.4,9,100,90.5,91.8,272
COL1509,2024,97.4,98,100,0.7,10,100,98.5,99.3,76
COL1509,2025,100,96.5,100,0,10,100,96.1,100,26
COL1510,2021,70.2,58.0,68.2,16.1,20,47.3,65.0,62.5,1992
COL1510,2022,72.5,48.3,60,13.8,21,37.1,65.8,63.7,1990
COL1510,2023,64.7,46.8,60,16.8,20,40.9,57.7,62.1,2000
COL1510,2024,67.4,52.8,60,16.8,21,44.4,64.5,64.3,1997
COL1510,2025,65.1,57.7,64.1,14.0,22,49.0,65.1,60.2,1984
COL1511,2021,95.7,94.4,100,0,8,100,96.7,100,38
COL1511,2022,93.0,96.6,100,2.7,8,100,93.0,91.8,230
COL1511,2023,95.0,90.9,100,0.4,10,100,91.7,97.5,113
COL1511,2024,93.8,97.6,100,2.8,10,100,97.0,96.6,256
COL1511,2025,96.8,96.7,100,0.3,8,100,92.6,91.4,176
COL1512,2021,84.3,78.1,88.3,7.8,16,65.6,83.0,84.5,1321
COL1512,2022,85.2,78.0,91.0,5.3,15,78.1,84.1,78.3,1189
COL1512,2023,83.9,75.1,89.0,8.3,15,76.9,81.1,76.9,1348
COL1512,2024,83.4,80.0,99.3,5.8,11,71.6,87.0,86.1,1093
COL1512,2025,86.1,83.8,100,6.3,10,80.6,91.2,87.2,1049
COL1513,2021,91.0,89.1,99.9,3.2,10,90.6,90.3,91.0,451
COL1513,2022,97.2,97.9,100,0,9,97.3,95.9,94.6,67
COL1513,2023,100,98,100,0,8,100,96.9,99.5,18
COL1513,2024,96.2,91.7,100,0.5,11,100,92.1,92.8,240
COL1513,2025,94.3,96.7,100,1.5,9,95.7,99.4,94.0,304
COL1514,2021,75.0,60.3,69.2,10.8,16,54.0,75.0,77.4,1857
COL1514,2022,81.4,63.3,77.5,8.7,19,54.8,74.0,67.9,1703
COL1514,2023,75.1,62.8,82.0,12.7,17,53.7,76.0,76.3,1837
COL1514,2024,75.2,59.3,72.6,9.7,20,56.0,72.6,65.6,1881
COL1514,2025,71.6,56.2,67.2,11.6,20,54.9,69.6,71.0,1915
COL1515,2021,93.2,84.8,100,6.0,11,84.0,86.9,89.0,813
COL1515,2022,89.5,86.1,100,3.4,11,85.0,85.1,91.6,752
COL1515,2023,89.9,79.7,90.2,5.2,11,78.3,85.7,82.3,1099
COL1515,2024,87.6,81.8,98.5,4.8,11,84.0,86.2,91.3,937
COL1515,2025,91.2,80.4,94.6,5.7,11,86.5,85.0,93.5,973
COL1516,2021,93.4,98,100,1.9,8,100,97.5,99.1,186
COL1516,2022,99.1,94.7,100,2.5,8,100,98.5,92.8,157
COL1516,2023,92.6,98,100,0,8,100,94.1,100,21
COL1516,2024,98.4,94.1,100,3.2,8,100,92.4,96.0,301
COL1516,2025,95.4,94.7,100,0,9,100,99.2,96.2,32
COL1517,2021,90.0,84.6,98.7,5.6,13,90.7,91.2,85.5,733
COL1517,2022,83.0,85.3,99.4,5.1,13,94.5,82.2,82.2,857
COL1517,2023,89.1,92.8,100,3.8,11,100,90.6,84.7,475
COL1517,2024,92.5,85.5,100,4.1,12,92.7,88.4,82.8,641
COL1517,2025,86.4,84.0,100,4.6,13,100,84.9,87.7,675
COL1518,2021,87.5,75.9,95.6,8.3,12,69.6,79.6,77.6,1376
COL1518,2022,88.6,80.8,99.5,7.2,15,75.5,80.6,82.6,1105
COL1518,2023,89.2,86.2,98.8,7.1,11,84.1,86.6,82.0,1001
COL1518,2024,90.1,78.9,89.3,3.2,14,79.7,89.7,83.6,860
COL1518,2025,86.8,88.9,100,3.9,13,82.8,90.8,91.3,712
COL1519,2021,77.6,64.7,82.8,8.3,15,60.3,77.6,73.9,1587
COL1519,2022,80.1,78.9,89.6,8.2,16,74.7,80.4,83.1,1285
COL1519,2023,80.8,74.6,94.1,7.5,14,73.4,75.8,81.7,1302
COL1519,2024,85.3,67.7,82.1,6.8,15,64.6,78.7,79.6,1473
COL1519,2025,80.7,71.4,86.1,6.7,15,66.2,79.5,80.3,1446
COL1520,2021,97.7,98,100,0.3,10,94.4,99.0,91.9,145
COL1520,2022,92.1,96.2,100,2.3,8,97.4,92.9,89.5,345
COL1520,2023,97.5,98,100,1.8,8,100,100,90.2,206
COL1520,2024,96.9,92.9,100,0.9,9,95.9,90.9,91.9,323
COL1520,2025,94.6,90.9,100,1.3,10,100,90.6,99.3,240
COL1521,2021,87.8,76.4,89.0,4.9,15,76.2,85.5,84.7,979
COL1521,2022,82.4,81.7,97.5,6.1,12,72.6,79.8,78.1,1156
COL1521,2023,87.6,78.6,93.4,7.0,14,80.0,82.2,84.1,1184
COL1521,2024,86.0,80.7,93.5,7.2,13,73.0,80.5,80.6,1295
COL1521,2025,87.4,80.3,89.8,4.0,12,81.8,83.3,81.8,1052
COL1522,2021,84.7,85.0,94.3,8.2,12,88.4,80.4,85.7,976
COL1522,2022,92.0,87.3,98.6,3.7,13,100,86.2,93.1,568
COL1522,2023,87.7,88.2,99.0,3.2,11,100,85.3,83.3,530
COL1522,2024,88.1,87.1,100,2.4,10,100,91.1,92.2,473
COL1522,2025,90.9,91.8,100,3.8,12,94.4,93.0,89.3,595
COL1523,2021,94.9,93.5,100,2.9,10,92.7,99.5,95.9,296
COL1523,2022,95.5,96.7,100,2.6,8,100,98.8,100,160
COL1523,2023,97.0,98,100,0,9,100,96.6,100,4
COL1523,2024,98.2,95.5,100,0,9,92.7,96.8,90.6,215
COL1523,2025,96.3,98,100,1.5,8,100,100,92.9,172
COL1524,2021,92.8,88.3,100,2.2,12,81.3,91.8,94.5,490
COL1524,2022,90.8,87.5,100,3.9,12,89.5,89.9,86.6,595
COL1524,2023,87.4,88.5,100,4.5,11,82.4,85.8,82.4,778
COL1524,2024,89.8,90.7,100,3.3,12,92.0,92.2,90.8,575
COL1524,2025,90.7,94.4,100,3.4,11,95.6,94.1,88.9,444
COL1525,2021,76.3,67.0,83.9,11.4,16,63.4,74.5,75.1,1715
COL1525,2022,75.7,66.8,76.7,10.2,16,54.7,73.7,71.1,1780
COL1525,2023,81.3,62.1,70.9,11.7,16,55.8,73.4,72.2,1823
COL1525,2024,81.2,70.8,86.4,11.8,15,65.8,73.1,70.5,1683
COL1525,2025,73.5,64.8,79.0,11.7,18,55.0,71.9,73.8,1839
COL1526,2021,87.9,94.0,100,2.8,10,100,89.0,91.1,403
COL1526,2022,96.1,93.2,100,0.9,8,100,93.5,93.1,134
COL1526,2023,89.8,96.4,100,4.6,11,100,89.6,98.0,379
COL1526,2024,95.4,98,100,0.7,11,100,97.6,94.9,155
COL1526,2025,97.7,90.9,100,1.7,9,100,92.8,99.1,218
COL1527,2021,87.6,79.3,95.4,6.4,12,74.5,85.5,90.1,1056
COL1527,2022,87.2,88.2,100,6.3,12,85.5,89.6,85.5,785
COL1527,2023,87.9,78.7,88.8,3.1,12,77.3,90.9,84.7,881
COL1527,2024,90.2,83.6,98.2,2.3,12,85.9,92.0,88.1,664
COL1527,2025,93.1,87.2,97.0,5.7,11,88.5,87.5,92.2,746
COL1528,2021,91.7,84.4,100,5.2,13,85.4,86.9,83.4,789
COL1528,2022,93.7,84.3,100,5.7,11,84.8,91.4,88.7,743
COL1528,2023,86.4,84.9,96.5,5.4,13,89.3,83.7,88.4,822
COL1528,2024,87.6,83.8,94.8,7.2,11,77.5,85.0,90.0,1083
COL1528,2025,87.8,82.8,100,5.9,14,81.2,87.5,90.7,893
COL1529,2021,74.2,61.5,77.4,10.4,18,69.9,68.2,78.2,1742
COL1529,2022,79.0,60.9,79.7,10.7,19,59.5,72.6,76.4,1747
COL1529,2023,72.1,62.2,78.0,13.1,18,58.4,67.7,70.5,1923
COL1529,2024,73.4,65.4,79.0,10.7,17,62.7,73.5,70.7,1767
COL1529,2025,74.3,58.1,75.9,12.7,18,61.8,68.2,66.6,1901
COL1530,2021,87.2,78.4,90.5,6.8,16,79.1,84.2,87.3,1150
COL1530,2022,87.7,78.9,88.7,7.6,15,83.7,82.7,76.4,1232
COL1530,2023,87.8,85.1,97.0,6.9,15,89.3,85.9,86.9,937
COL1530,2024,90.2,84.7,100,4.7,15,81.5,86.4,84.8,939
COL1530,2025,82.2,78.6,97.1,5.6,12,80.3,84.5,85.2,1084
COL1531,2021,96.3,93.3,100,0,10,100,98.3,98.5,28
COL1531,2022,97.2,91.4,100,2.5,8,100,92.7,98.8,329
COL1531,2023,92.4,91.4,100,1.2,9,100,92.5,100,247
COL1531,2024,95.2,98,100,0,8,100,98.5,96.0,92
COL1531,2025,99.4,98,100,0,10,100,98.7,98.4,2
COL1532,2021,73.5,57.4,67.5,13.1,21,39.7,67.8,69.1,1963
COL1532,2022,69.5,55.5,74.1,15.6,20,37.2,69.7,64.2,1991
COL1532,2023,74.3,60.1,75.0,13.5,21,46.4,69.9,67.8,1953
COL1532,2024,72.9,54.7,70.1,13.1,19,45.5,64.1,63.3,1977
COL1532,2025,73.6,52.5,66.7,12.4,19,40.8,64.5,70.4,1981
COL1533,2021,88.1,85.5,100,6.7,13,77.6,88.2,86.3,889
COL1533,2022,93.0,82.0,95.6,5.7,12,80.8,90.9,87.9,933
COL1533,2023,92.3,79.9,96.2,2.8,10,79.9,87.1,86.3,815
COL1533,2024,84.9,78.0,97.4,5.0,14,81.6,80.3,84.4,1089
COL1533,2025,88.1,81.4,100,4.8,13,74.7,90.1,89.7,923
COL1534,2021,90.7,85.9,96.8,4.7,9,86.3,87.7,94.7,666
COL1534,2022,95.0,89.5,100,0.3,8,92.2,95.0,91.2,332
COL1534,2023,92.9,89.6,100,0.8,9,89.0,99.3,91.0,285
COL1534,2024,92.9,86.0,100,2.7,9,92.6,90.2,97.5,561
COL1534,2025,96.3,94.9,100,2.6,9,91.2,99.7,99.7,215
COL1535,2021,93.3,83.0,94.2,3.7,10,79.8,91.3,91.8,781
COL1535,2022,88.7,83.8,97.1,6.1,13,89.9,85.0,91.9,870
COL1535,2023,90.1,83.3,93.3,4.5,10,79.4,85.0,83.2,1002
COL1535,2024,91.6,86.1,100,5.7,11,78.3,86.0,83.4,934
COL1535,2025,89.7,89.1,100,5.9,11,86.6,85.6,92.7,795
COL1536,2021,91.4,78.2,98.1,3.3,14,78.6,86.4,83.0,810
COL1536,2022,85.6,77.5,89.1,8.4,14,75.3,80.4,88.6,1260
COL1536,2023,85.3,76.3,87.0,7.4,14,77.5,79.7,81.6,1274
COL1536,2024,84.6,75.2,94.1,6.8,13,76.9,86.2,80.9,1167
COL1536,2025,88.5,77.0,86.8,8.1,12,74.5,80.6,81.7,1394
COL1537,2021,87.2,89.7,100,6.5,13,97.9,85.3,85.7,750
COL1537,2022,90.8,78.9,95.3,5.9,13,91.5,84.5,79.4,992
COL1537,2023,87.6,82.9,95.4,4.3,13,89.5,83.4,87.3,804
COL1537,2024,87.4,84.3,100,4.3,14,92.0,86.3,86.7,680
COL1537,2025,91.7,90.2,100,4.0,10,98.4,84.7,88.8,617
COL1538,2021,85.9,78.7,94.1,4.8,15,86.3,86.7,81.2,851
COL1538,2022,89.1,84.8,95.1,5.7,14,88.0,81.7,89.3,837
COL1538,2023,87.4,77.3,91.5,6.3,13,84.5,79.9,87.0,1057
COL1538,2024,85.9,85.4,95.1,5.6,12,90.3,89.6,82.1,831
COL1538,2025,87.9,88.8,100,4.2,12,92.1,88.5,80.0,769
COL1539,2021,91.1,93.9,100,4.5,10,100,93.2,91.7,381
COL1539,2022,91.5,91.2,100,4.9,12,100,90.7,89.0,468
COL1539,2023,90.3,88.0,98.5,3.4,11,100,92.8,97.7,490
COL1539,2024,93.3,93.4,100,2.8,10,100,92.8,91.8,452
COL1539,2025,91.7,92.7,100,3.5,8,100,93.8,87.7,567
COL1540,2021,90.5,84.6,100,4.6,10,89.4,95.0,89.9,673
COL1540,2022,95.7,85.7,99.1,3.9,10,82.1,94.3,91.9,679
COL1540,2023,90.5,90.9,100,4.3,10,83.5,93.3,95.7,628
COL1540,2024,89.0,85.8,100,3.3,10,86.2,90.7,97.0,613
COL1540,2025,96.8,86.4,100,4.0,11,90.0,90.2,90.2,600
COL1541,2021,83.0,72.4,85.3,7.0,13,66.4,79.8,79.8,1344
COL1541,2022,85.4,77.6,88.8,5.7,12,78.1,78.4,81.6,1231
COL1541,2023,81.5,80.4,92.1,7.9,13,76.5,82.0,77.6,1318
COL1541,2024,83.2,78.7,92.6,7.8,13,76.7,83.5,75.6,1326
COL1541,2025,88.2,76.8,93.5,4.1,13,79.0,83.5,83.2,1132
COL1542,2021,79.6,72.2,82.1,10.2,15,63.1,82.7,72.6,1576
COL1542,2022,85.9,69.4,82.5,7.3,16,65.8,80.1,76.3,1467
COL1542,2023,78.2,73.6,86.1,7.7,17,68.1,78.6,79.3,1501
COL1542,2024,76.9,73.8,93.6,10.3,16,68.4,75.1,76.8,1613
COL1542,2025,80.8,70.7,85.7,8.1,15,69.8,77.7,74.6,1505
COL1543,2021,81.0,73.3,89.4,10.3,14,80.2,81.3,74.4,1445
COL1543,2022,80.2,71.8,81.2,11.4,17,76.4,75.3,75.4,1629
COL1543,2023,78.1,71.2,85.5,9.0,15,80.8,73.9,78.2,1504
COL1543,2024,83.8,75.0,86.0,9.4,14,81.8,78.6,76.8,1383
COL1543,2025,83.5,77.0,90.0,7.0,14,85.8,76.5,85.9,1218
COL1544,2021,95.0,98,100,2.9,9,100,93.9,100,238
COL1544,2022,95.7,95.6,100,2.6,9,97.7,97.0,94.0,254
COL1544,2023,99.7,97.8,100,0.4,8,98.5,100,91.7,28
COL1544,2024,99.4,96.9,100,0,8,100,100,90.6,18
COL1544,2025,99.5,94.2,100,1.6,10,100,96.7,95.5,213
COL1545,2021,90.3,90.0,100,2.3,10,89.5,94.1,89.9,485
COL1545,2022,86.4,82.5,94.4,5.3,10,83.3,83.7,86.9,921
COL1545,2023,89.1,91.1,100,4.6,11,92.5,94.5,88.7,515
COL1545,2024,90.8,88.0,100,4.8,13,79.7,90.3,90.8,780
COL1545,2025,86.0,87.1,97.2,4.8,10,88.7,88.2,91.6,829
COL1546,2021,81.4,78.1,91.3,8.4,14,69.1,83.4,83.1,1269
COL1546,2022,84.7,78.5,97.9,5.2,12,68.9,85.0,83.2,1143
COL1546,2023,83.1,77.5,96.9,7.0,13,71.5,80.1,87.1,1217
COL1546,2024,88.2,77.7,90.8,4.1,14,71.5,84.4,80.0,1144
COL1546,2025,84.1,75.7,93.1,8.0,12,74.6,81.3,89.9,1356
COL1547,2021,90.4,85.6,99.8,6.9,13,90.6,83.9,91.6,850
COL1547,2022,96.1,89.7,100,3.6,11,97.9,93.5,94.6,327
COL1547,2023,90.1,87.6,100,5.8,11,96.4,86.8,93.6,693
COL1547,2024,86.6,89.8,100,3.9,12,98.2,85.9,88.4,599
COL1547,2025,88.8,93.0,100,3.3,11,100,92.2,90.6,543
COL1548,2021,88.4,83.7,93.9,7.3,11,80.0,79.8,80.5,1141
COL1548,2022,84.1,84.3,97.8,7.6,13,82.7,84.6,88.5,962
COL1548,2023,85.6,78.6,96.9,6.5,14,82.1,81.5,88.7,1119
COL1548,2024,85.9,79.5,92.9,3.7,11,86.8,87.1,81.8,867
COL1548,2025,92.1,89.2,100,3.0,13,82.7,86.7,88.4,719
COL1549,2021,90.0,90.1,100,5.5,12,90.6,87.1,90.0,617
COL1549,2022,85.1,84.2,93.8,6.4,14,95.0,88.3,90.4,758
COL1549,2023,93.2,89.1,100,3.3,13,100,90.2,91.9,496
COL1549,2024,86.9,85.1,100,5.9,13,94.6,85.1,87.1,864
COL1549,2025,87.7,93.1,100,3.5,11,100,90.4,94.6,429
COL1550,2021,91.6,97.1,100,4.2,11,100,94.1,85.8,366
COL1550,2022,92.7,85.6,100,2.9,9,99.6,87.6,91.0,557
COL1550,2023,89.3,91.0,100,4.6,9,100,86.7,86.8,560
COL1550,2024,93.2,96.8,100,4.2,12,97.8,93.9,95.7,422
COL1550,2025,94.3,89.9,100,1.0,12,100,96.0,89.1,338
COL1551,2021,88.3,82.3,92.2,4.5,12,89.3,86.3,89.9,725
COL1551,2022,89.6,85.7,100,1.6,12,91.3,94.3,94.8,389
COL1551,2023,92.8,85.8,100,6.0,10,80.6,87.6,83.7,856
COL1551,2024,88.3,85.4,97.7,3.3,9,88.2,89.4,88.5,766
COL1551,2025,94.3,86.9,100,4.1,10,89.8,94.9,86.7,686
COL1552,2021,87.7,70.6,81.2,6.2,14,70.0,82.3,81.3,1275
COL1552,2022,84.1,77.3,96.4,5.5,16,70.4,83.2,84.0,1200
COL1552,2023,83.7,71.3,82.1,6.2,13,66.5,82.7,86.2,1332
COL1552,2024,80.9,76.8,90.3,9.4,12,72.7,78.3,87.2,1374
COL1552,2025,84.5,78.3,98.7,6.6,15,76.4,88.3,86.9,1104
COL1553,2021,71.7,61.1,68.2,13.1,20,54.7,65.1,70.6,1934
COL1553,2022,72.5,67.0,75.3,10.6,17,58.3,69.9,74.9,1782
COL1553,2023,75.4,59.4,76.9,13.2,17,60.8,67.4,63.8,1910
COL1553,2024,72.5,65.2,80.1,12.9,19,67.3,71.6,70.9,1831
COL1553,2025,76.7,59.3,76.6,12.8,19,58.1,68.9,71.8,1880
COL1554,2021,87.0,81.8,91.3,6.8,15,76.2,88.2,84.8,1038
COL1554,2022,86.1,84.7,97.3,5.4,13,80.5,85.6,88.0,899
COL1554,2023,81.7,82.4,92.6,7.7,14,75.4,83.5,81.3,1198
COL1554,2024,88.0,77.2,87.2,6.9,13,78.4,81.4,89.3,1180
COL1554,2025,90.5,75.8,87.1,5.6,13,73.8,86.1,87.5,1179
COL1555,2021,79.4,63.3,82.1,10.4,16,66.8,74.1,69.1,1758
COL1555,2022,73.5,61.8,80.6,13.5,17,62.6,69.7,77.0,1850
COL1555,2023,82.8,70.8,82.9,7.7,16,67.2,81.0,74.2,1532
COL1555,2024,81.8,61.8,80.3,8.7,18,57.0,73.9,76.7,1697
COL1555,2025,77.0,66.2,81.8,8.9,16,66.5,74.7,76.4,1653
COL1556,2021,91.1,96.0,100,3.3,11,100,95.4,88.1,401
COL1556,2022,91.9,98,100,1.1,9,100,98.0,90.1,178
COL1556,2023,91.4,98,100,3.5,8,100,93.7,95.6,378
COL1556,2024,95.8,92.2,100,2.8,9,100,96.1,93.2,298
COL1556,2025,98.0,98,100,1.1,9,100,100,99.5,58
COL1557,2021,71.0,49.7,67.2,12.7,21,39.3,70.5,62.2,1991
COL1557,2022,68.8,53.2,69.8,14.2,21,47.9,61.6,70.0,1981
COL1557,2023,76.2,63.1,71.1,11.2,19,51.5,69.4,71.8,1901
COL1557,2024,74.5,56.1,66.8,12.6,19,42.7,64.3,73.1,1975
COL1557,2025,73.7,57.0,66.9,12.4,21,51.6,63.7,65.9,1958
COL1558,2021,94.1,89.6,100,2.1,12,91.6,93.8,95.2,353
COL1558,2022,98.0,90.0,100,2.7,12,95.9,96.3,89.6,375
COL1558,2023,95.7,90.3,100,3.8,10,87.6,95.4,96.5,547
COL1558,2024,95.3,89.3,100,3.9,10,86.7,92.9,89.5,615
COL1558,2025,93.1,87.9,100,3.9,11,97.2,90.0,90.5,616
COL1559,2021,97.4,95.1,100,1.8,8,100,97.0,96.0,97
COL1559,2022,93.8,96.6,100,4.2,8,100,91.9,99.9,300
COL1559,2023,91.9,98,100,2.1,10,100,97.8,96.0,174
COL1559,2024,96.0,87.6,100,2.5,11,100,90.0,94.5,435
COL1559,2025,98.3,94.3,100,1.0,10,100,94.4,100,74
COL1560,2021,86.6,81.5,91.2,4.9,13,81.8,89.5,88.8,848
COL1560,2022,90.7,81.0,96.5,3.0,10,77.6,86.8,80.2,856
COL1560,2023,90.0,83.9,93.5,4.2,13,77.3,85.6,79.1,1013
COL1560,2024,86.2,81.1,100,7.9,11,77.6,82.6,80.6,1243
COL1560,2025,86.4,85.1,97.3,5.4,14,78.9,89.7,81.7,1066
COL1561,2021,90.7,89.4,100,3.7,11,87.1,92.3,85.1,639
COL1561,2022,89.7,84.9,96.0,5.7,9,89.7,86.9,84.7,773
COL1561,2023,89.0,89.2,100,2.5,13,88.2,91.6,84.0,635
COL1561,2024,88.4,90.6,100,3.9,11,87.8,89.7,89.5,697
COL1561,2025,92.0,89.1,100,3.8,10,86.5,87.7,85.9,731
COL1562,2021,95.0,86.9,100,2.4,10,92.2,94.7,89.2,424
COL1562,2022,91.8,88.3,100,1.6,9,87.9,89.6,89.6,425
COL1562,2023,97.4,88.7,100,3.3,10,89.7,97.8,96.0,481
COL1562,2024,92.8,87.9,100,3.9,8,87.6,93.5,90.0,608
COL1562,2025,93.7,89.4,100,2.2,11,92.7,92.2,92.8,452
COL1563,2021,83.2,77.8,90.1,7.8,16,88.6,84.6,86.6,1094
COL1563,2022,84.8,83.5,96.0,7.6,13,88.1,81.8,77.2,1043
COL1563,2023,83.0,77.9,90.7,5.4,15,89.2,80.5,87.9,1059
COL1563,2024,87.3,75.4,90.3,7.3,15,85.2,79.4,85.7,1232
COL1563,2025,85.0,83.0,98.5,6.2,13,90.0,84.2,91.4,998
COL1564,2021,99.4,98,100,1.7,9,100,98.1,94.5,161
COL1564,2022,92.4,97.4,100,3.4,9,100,97.4,99.8,176
COL1564,2023,90.3,93.8,100,0.9,8,100,92.5,94.5,211
COL1564,2024,94.0,98,100,1.3,8,100,100,96.6,95
COL1564,2025,93.1,94.0,100,0.4,8,100,98.1,98.8,104
COL1565,2021,88.2,82.4,98.1,5.4,16,83.3,85.6,79.4,885
COL1565,2022,89.4,82.9,94.9,5.3,13,88.4,89.5,78.7,853
COL1565,2023,85.4,79.4,94.6,6.7,13,84.9,85.2,78.0,1038
COL1565,2024,82.7,77.7,91.6,6.6,11,88.5,85.2,82.0,1127
COL1565,2025,87.0,87.0,100,6.2,11,91.8,81.7,85.0,918
COL1566,2021,91.8,85.2,97.1,3.1,13,80.5,87.8,90.4,660
COL1566,2022,87.7,86.7,100,3.7,10,80.7,85.0,87.5,801
COL1566,2023,91.0,83.1,100,4.5,12,83.0,90.4,86.0,859
COL1566,2024,86.7,85.5,100,5.0,10,85.5,84.6,92.5,825
COL1566,2025,93.4,83.3,98.7,2.5,11,82.2,90.4,87.4,765
COL1567,2021,90.3,92.2,100,3.8,10,91.4,89.2,96.1,434
COL1567,2022,92.8,90.1,100,1.5,10,88.9,92.8,86.6,428
COL1567,2023,89.3,93.7,100,4.8,12,89.8,92.9,94.8,495
COL1567,2024,90.8,85.7,98.1,1.5,12,88.7,95.9,91.5,459
COL1567,2025,93.5,91.1,100,1.4,13,85.9,93.1,90.8,586
COL1568,2021,85.8,69.8,80.4,7.2,15,69.3,82.2,78.4,1328
COL1568,2022,79.2,73.7,92.8,9.2,16,73.1,74.5,72.7,1447
COL1568,2023,79.4,64.7,82.7,8.8,17,65.6,71.9,69.1,1718
COL1568,2024,83.1,70.7,83.4,7.0,17,69.6,77.3,76.1,1449
COL1568,2025,81.8,70.3,80.8,10.0,18,72.9,80.1,72.0,1548
COL1569,2021,96.3,87.8,100,3.5,10,95.4,95.0,92.8,478
COL1569,2022,90.6,87.5,100,4.1,9,89.3,96.7,95.6,575
COL1569,2023,95.1,87.0,100,3.6,11,88.1,90.4,95.4,537
COL1569,2024,92.0,97.0,100,1.1,8,94.2,98.9,89.0,357
COL1569,2025,93.3,91.1,100,3.6,10,97.2,97.9,98.7,471
COL1570,2021,88.2,87.2,99.9,3.3,13,81.1,90.0,78.9,714
COL1570,2022,87.9,84.0,99.0,4.9,14,79.2,86.0,86.8,889
COL1570,2023,87.8,84.6,96.5,6.7,14,82.9,90.1,84.2,899
COL1570,2024,85.8,87.1,98.6,6.8,10,77.7,86.6,91.3,1030
COL1570,2025,88.9,82.2,97.4,3.4,12,87.1,90.2,92.0,782
COL1571,2021,91.6,89.3,100,2.8,11,100,88.0,89.8,493
COL1571,2022,89.9,89.6,100,2.5,9,99.6,93.7,89.5,471
COL1571,2023,91.1,91.8,100,3.1,11,100,91.0,90.2,443
COL1571,2024,94.1,94.0,100,1.7,10,98.2,95.8,84.8,383
COL1571,2025,95.3,92.0,100,4.1,10,100,94.7,86.7,495
COL1572,2021,94.3,89.8,100,1.6,9,88.9,87.6,86.2,530
COL1572,2022,94.0,88.4,100,4.6,12,86.2,94.8,85.2,721
COL1572,2023,89.0,88.7,100,4.8,10,83.4,92.1,93.5,752
COL1572,2024,94.3,87.3,100,1.7,12,81.7,93.3,90.2,589
COL1572,2025,89.4,78.8,95.1,6.9,12,81.7,83.0,88.4,1145
COL1573,2021,68.7,52.2,61.9,14.1,20,49.4,67.1,68.8,1974
COL1573,2022,68.1,57.0,73.0,14.5,18,48.0,62.1,68.0,1968
COL1573,2023,74.7,59.0,68.8,14.5,18,49.6,69.0,70.5,1954
COL1573,2024,71.9,57.8,74.5,13.5,21,53.1,70.9,63.0,1929
COL1573,2025,73.8,58.8,73.6,13.0,19,46.0,63.8,63.1,1967
COL1574,2021,87.3,88.7,100,5.0,12,91.4,86.0,94.6,654
COL1574,2022,86.7,80.5,90.7,6.5,12,88.6,85.2,86.1,900
COL1574,2023,88.7,86.3,100,2.8,11,80.1,89.9,91.8,753
COL1574,2024,91.2,86.7,100,6.6,10,80.4,84.7,93.5,913
COL1574,2025,93.3,86.2,100,1.6,12,90.6,93.9,93.4,488
COL1575,2021,92.2,96.7,100,0.9,8,100,93.9,97.3,57
COL1575,2022,99.7,98,100,0,8,100,98.2,98.4,21
COL1575,2023,97.6,96.4,100,0,8,100,99.5,95.3,78
COL1575,2024,93.9,95.9,100,1.1,9,100,100,97.1,135
COL1575,2025,100,95.4,100,0,9,100,100,91.1,39
COL1576,2021,93.7,88.6,100,4.9,12,91.9,87.1,90.6,642
COL1576,2022,93.9,83.8,100,4.6,11,92.2,87.9,94.4,646
COL1576,2023,87.9,88.3,100,2.9,9,81.7,85.3,91.7,710
COL1576,2024,89.2,89.0,100,3.9,10,91.3,87.1,85.5,689
COL1576,2025,94.6,83.1,100,3.5,10,83.2,94.9,87.1,696
COL1577,2021,80.9,73.5,85.0,9.7,16,69.5,78.0,82.9,1423
COL1577,2022,74.8,65.2,79.5,11.9,17,56.9,71.7,79.4,1786
COL1577,2023,79.7,64.6,82.4,7.8,14,62.9,73.7,76.8,1654
COL1577,2024,87.4,70.4,88.3,5.3,14,68.9,83.3,80.5,1339
COL1577,2025,87.0,77.0,92.8,8.0,14,68.5,82.1,77.8,1344
COL1578,2021,90.6,79.4,94.7,4.4,14,85.2,83.7,81.5,821
COL1578,2022,86.4,79.3,97.6,5.4,13,82.4,89.9,86.8,993
COL1578,2023,85.6,80.1,100,4.5,13,79.0,86.7,88.5,983
COL1578,2024,91.5,77.3,88.8,6.3,10,79.2,85.3,83.0,1103
COL1578,2025,88.5,84.9,99.3,6.6,11,87.9,88.3,83.9,994
COL1579,2021,83.4,78.2,93.5,6.6,13,71.9,80.4,80.2,1217
COL1579,2022,87.7,82.1,98.8,7.9,11,75.4,84.3,83.6,1175
COL1579,2023,80.9,74.1,87.5,8.9,15,76.5,77.5,76.4,1416
COL1579,2024,88.4,82.3,92.9,5.3,12,83.8,81.5,84.9,964
COL1579,2025,87.9,83.5,100,6.8,11,76.6,89.3,89.4,1029
COL1580,2021,89.0,88.0,100,6.4,13,81.9,90.4,88.8,847
COL1580,2022,87.7,78.2,99.3,4.0,14,78.9,86.8,90.7,944
COL1580,2023,93.1,86.8,100,3.4,14,79.7,91.4,86.3,783
COL1580,2024,83.9,73.3,91.8,5.2,11,73.2,82.5,78.7,1229
COL1580,2025,84.2,80.7,97.0,8.0,14,78.0,86.7,87.8,1188
COL1581,2021,84.3,67.9,87.3,10.7,16,65.4,75.4,74.9,1651
COL1581,2022,80.1,69.3,83.0,9.6,15,66.0,79.4,77.3,1578
COL1581,2023,83.0,73.2,91.9,6.8,15,64.0,80.7,84.9,1365
COL1581,2024,77.4,71.9,81.9,9.7,17,69.9,76.0,80.9,1599
COL1581,2025,79.6,71.3,84.1,9.4,15,69.0,79.4,78.7,1623
COL1582,2021,78.0,72.8,91.0,9.2,17,67.9,79.0,79.9,1465
COL1582,2022,78.3,61.3,79.1,12.5,18,54.2,72.0,75.4,1865
COL1582,2023,81.7,71.1,90.8,11.0,19,64.6,76.5,68.2,1627
COL1582,2024,80.1,68.8,88.1,9.8,19,56.5,74.6,70.2,1712
COL1582,2025,82.6,67.8,75.9,10.4,15,66.7,76.2,76.1,1688
COL1583,2021,72.2,57.7,76.7,13.7,17,52.8,69.0,74.4,1894
COL1583,2022,70.3,60.3,78.8,13.5,19,53.4,66.9,63.9,1952
COL1583,2023,76.5,54.2,64.0,14.5,18,46.3,65.2,64.5,1984
COL1583,2024,75.8,58.5,66.1,12.5,18,48.2,67.8,64.7,1946
COL1583,2025,73.5,51.3,63.5,12.3,19,45.8,63.2,68.3,1976
COL1584,2021,99.3,92.4,100,0,9,100,96.3,94.9,52
COL1584,2022,98.3,97.8,100,1.4,8,100,96.0,100,46
COL1584,2023,96.8,92.7,100,0.7,11,100,95.4,92.0,263
COL1584,2024,93.5,95.7,100,2.1,11,100,94.0,93.5,293
COL1584,2025,91.6,91.0,100,2.5,10,100,92.8,87.8,433
COL1585,2021,84.6,75.8,89.8,9.7,15,71.4,80.0,74.6,1421
COL1585,2022,86.3,71.6,85.6,9.1,13,68.3,80.9,76.4,1485
COL1585,2023,83.8,76.4,85.8,6.4,14,64.5,83.5,75.6,1362
COL1585,2024,84.0,78.1,87.6,7.2,15,71.6,84.5,83.7,1349
COL1585,2025,82.7,75.6,84.6,9.7,13,69.2,77.5,75.7,1590
COL1586,2021,89.9,87.2,100,4.5,11,78.4,91.6,89.0,768
COL1586,2022,92.2,85.2,100,4.9,10,88.1,94.4,84.7,714
COL1586,2023,87.5,90.4,100,4.0,10,86.4,90.7,88.1,617
COL1586,2024,91.8,88.8,100,2.9,10,91.4,94.8,92.7,570
COL1586,2025,97.0,86.7,100,0.2,9,91.0,96.3,91.3,430
COL1587,2021,88.5,88.5,100,5.5,12,87.6,91.8,87.5,638
COL1587,2022,92.2,90.6,100,3.6,12,86.4,93.7,90.8,613
COL1587,2023,89.7,86.9,96.9,5.1,13,79.7,88.7,92.0,849
COL1587,2024,91.0,90.3,100,2.2,11,84.6,92.0,84.4,662
COL1587,2025,94.2,81.9,97.3,4.0,12,82.6,89.7,93.1,729
COL1588,2021,79.6,73.6,88.9,9.5,17,67.1,79.2,80.3,1532
COL1588,2022,80.2,65.3,82.5,12.3,16,55.3,70.2,77.4,1785
COL1588,2023,77.8,66.6,79.7,10.8,14,67.2,75.8,82.4,1661
COL1588,2024,82.6,75.1,90.3,7.0,17,69.4,79.6,82.2,1353
COL1588,2025,85.8,70.2,84.5,5.9,15,64.6,82.2,76.1,1455
COL1589,2021,75.3,65.8,78.4,11.0,19,68.2,70.7,67.2,1806
COL1589,2022,74.8,64.0,71.7,12.8,17,64.6,68.6,69.5,1853
COL1589,2023,72.5,70.0,80.7,10.0,17,71.4,70.8,74.0,1650
COL1589,2024,79.5,65.1,80.3,12.8,16,62.4,68.9,71.1,1836
COL1589,2025,74.9,65.6,75.3,10.8,19,67.2,69.0,73.3,1786
COL1590,2021,83.9,82.0,92.2,6.4,13,78.0,85.8,84.0,1008
COL1590,2022,88.4,81.0,100,5.4,13,79.5,82.7,79.9,1040
COL1590,2023,80.9,81.3,97.2,7.8,13,74.5,83.3,85.5,1236
COL1590,2024,84.7,74.2,92.0,8.1,14,79.1,78.3,86.5,1301
COL1590,2025,85.7,76.4,91.0,6.0,13,70.4,88.1,79.4,1197
COL1591,2021,81.8,64.9,75.3,9.4,16,59.1,77.1,70.6,1719
COL1591,2022,79.4,58.0,66.9,10.8,17,51.2,72.7,71.4,1896
COL1591,2023,77.8,67.0,77.2,12.8,19,56.5,74.9,71.8,1868
COL1591,2024,79.5,65.7,81.8,9.5,18,64.0,73.3,71.9,1734
COL1591,2025,80.4,60.7,68.4,10.1,18,61.1,70.1,79.6,1790
COL1592,2021,95.6,95.9,100,0.1,8,96.6,91.9,94.2,166
COL1592,2022,95.2,96.6,100,1.3,9,97.1,94.5,88.5,272
COL1592,2023,99.2,93.2,100,1.4,8,98.4,98.5,98.5,189
COL1592,2024,95.2,90.3,100,2.0,9,100,92.9,90.4,432
COL1592,2025,96.5,90.3,100,1.9,11,96.1,94.2,90.8,465
COL1593,2021,91.5,88.0,100,4.8,10,91.5,88.5,87.1,680
COL1593,2022,91.9,95.3,100,2.7,9,92.0,94.2,94.1,334
COL1593,2023,100,96.8,100,0,10,99.3,100,95.5,9
COL1593,2024,95.2,98,100,0.3,8,100,95.7,90.6,108
COL1593,2025,95.4,98,100,2.8,8,100,95.7,100,296
COL1594,2021,85.9,78.4,95.7,8.3,13,86.3,80.3,77.8,1142
COL1594,2022,79.2,73.6,86.8,10.1,16,73.3,80.4,77.1,1453
COL1594,2023,79.9,70.6,84.0,9.3,14,74.1,73.1,72.2,1617
COL1594,2024,81.0,76.0,91.3,10.2,16,79.5,79.7,75.3,1492
COL1594,2025,85.8,77.3,94.7,6.4,15,77.2,82.9,81.4,1220
COL1595,2021,81.4,80.0,95.0,6.1,16,70.5,83.3,86.0,1122
COL1595,2022,85.7,72.0,82.6,6.3,14,74.9,80.1,81.1,1265
COL1595,2023,83.0,80.4,96.8,8.3,11,77.5,82.1,82.3,1232
COL1595,2024,88.6,78.6,90.4,4.8,13,75.9,81.3,77.8,1133
COL1595,2025,85.4,85.7,100,3.9,14,79.9,86.7,87.6,878
COL1596,2021,70.1,62.3,79.5,13.6,18,54.3,65.2,66.0,1909
COL1596,2022,73.1,56.4,73.3,12.1,18,44.8,67.9,65.4,1945
COL1596,2023,76.5,54.4,64.9,14.3,20,44.2,68.9,72.2,1976
COL1596,2024,76.7,54.4,72.5,10.6,17,51.1,67.0,70.6,1919
COL1596,2025,74.5,61.0,76.6,11.3,19,54.8,70.6,74.4,1845
COL1597,2021,77.9,71.6,79.9,8.0,16,83.3,75.3,81.1,1339
COL1597,2022,84.1,80.7,97.5,8.2,15,86.2,84.9,76.2,1126
COL1597,2023,84.4,72.4,81.0,7.6,14,81.3,76.2,78.4,1428
COL1597,2024,81.5,76.0,89.8,7.6,16,89.8,80.0,79.4,1173
COL1597,2025,86.1,80.1,89.4,7.6,12,83.4,84.5,79.3,1243
COL1598,2021,94.0,90.0,100,3.7,11,92.7,90.7,92.5,446
COL1598,2022,96.8,92.4,100,0.6,9,95.0,94.6,89.1,330
COL1598,2023,98.5,91.4,100,0.6,8,98.6,97.9,100,185
COL1598,2024,91.6,93.2,100,2.7,10,87.9,91.9,94.2,474
COL1598,2025,94.1,91.0,100,2.9,11,99.1,96.1,98.3,340
COL1599,2021,87.1,83.8,95.5,6.1,10,78.5,92.1,86.9,933
COL1599,2022,92.3,77.4,98.6,4.4,14,75.5,89.1,84.3,907
COL1599,2023,85.9,87.1,99.7,3.7,12,82.2,87.5,84.3,768
COL1599,2024,92.5,87.2,100,4.0,12,79.2,90.3,80.4,763
COL1599,2025,91.3,85.4,99.2,2.9,11,78.8,90.9,88.2,794
COL1600,2021,97.6,98,100,1.1,9,100,99.7,98.4,32
COL1600,2022,95.0,94.4,100,0,10,100,100,92.8,150
COL1600,2023,98.8,96.4,100,0.3,8,100,98.1,99.6,12
COL1600,2024,98.7,93.2,100,0,9,100,94.4,100,151
COL1600,2025,92.5,98,100,0,8,100,93.0,96.1,45
COL1601,2021,90.3,90.8,100,3.0,9,100,91.6,92.4,338
COL1601,2022,95.7,88.8,100,4.6,10,99.5,92.8,94.5,483
COL1601,2023,92.7,89.7,100,1.3,11,100,91.4,91.9,404
COL1601,2024,94.5,88.1,99.5,1.4,10,100,90.7,93.8,328
COL1601,2025,97.2,90.1,100,0.8,10,100,95.9,91.0,227
COL1602,2021,78.3,64.7,73.3,9.3,18,71.8,71.8,78.3,1622
COL1602,2022,75.4,69.4,80.6,13.4,17,71.1,70.1,77.6,1716
COL1602,2023,79.2,70.0,80.6,8.6,17,64.5,76.6,71.7,1653
COL1602,2024,76.2,65.3,81.6,12.4,16,70.2,72.1,75.7,1763
COL1602,2025,82.3,73.8,84.5,9.1,18,68.6,76.0,72.2,1531
COL1603,2021,83.9,87.4,97.1,4.9,14,99.3,83.4,82.6,682
COL1603,2022,90.1,94.7,100,3.8,13,99.4,92.2,94.6,373
COL1603,2023,96.0,86.8,100,1.0,8,97.3,93.4,87.4,344
COL1603,2024,94.3,90.0,100,4.0,11,100,89.5,86.1,611
COL1603,2025,90.3,95.8,100,1.6,10,97.0,94.8,93.2,231
COL1604,2021,85.1,81.7,93.1,7.4,11,75.2,83.1,80.8,1136
COL1604,2022,88.6,85.3,100,3.1,12,76.5,90.6,87.3,823
COL1604,2023,87.4,78.5,91.2,6.3,14,84.9,84.7,82.1,1074
COL1604,2024,82.1,74.5,91.4,7.3,15,71.6,81.4,77.0,1418
COL1604,2025,83.4,78.8,92.4,7.1,12,77.2,87.6,85.4,1153
COL1605,2021,86.6,87.6,100,4.3,11,94.8,82.5,87.4,741
COL1605,2022,89.2,84.2,97.0,4.1,14,96.0,89.5,87.7,654
COL1605,2023,87.7,91.8,100,6.3,12,98.2,92.5,88.1,579
COL1605,2024,90.7,92.2,100,5.9,12,97.8,85.2,87.3,616
COL1605,2025,89.6,92.4,100,3.1,10,99.4,89.8,87.3,515
COL1606,2021,92.7,86.3,100,2.2,11,97.3,88.6,89.4,458
COL1606,2022,95.3,91.2,100,2.4,10,87.4,92.1,91.2,449
COL1606,2023,91.0,90.3,100,0.9,10,87.8,96.5,89.9,470
COL1606,2024,87.7,88.6,100,3.4,10,86.2,88.5,93.2,651
COL1606,2025,96.3,94.2,100,3.9,10,96.4,89.3,90.4,570
COL1607,2021,94.4,94.0,100,5.0,9,91.9,90.9,87.3,609
COL1607,2022,88.3,91.2,100,5.3,12,94.8,91.3,95.8,627
COL1607,2023,95.1,85.7,98.5,1.3,8,83.8,93.7,95.2,477
COL1607,2024,91.3,92.4,100,1.5,12,89.2,94.3,95.7,431
COL1607,2025,92.8,84.4,100,0.9,12,87.8,93.0,96.4,517
COL1608,2021,96.4,92.4,100,2.6,8,100,92.0,94.4,355
COL1608,2022,94.6,91.8,100,3.9,9,100,90.9,100,409
COL1608,2023,93.6,97.4,100,2.1,9,100,92.2,96.1,297
COL1608,2024,92.0,93.1,100,1.6,8,100,95.6,99.6,287
COL1608,2025,93.1,98,100,1.6,9,100,93.9,100,232
COL1609,2021,85.3,79.2,88.8,7.0,12,87.7,87.2,89.9,954
COL1609,2022,87.8,88.9,100,3.0,13,92.0,89.7,86.3,635
COL1609,2023,91.4,85.6,100,4.9,10,94.8,90.2,89.2,717
COL1609,2024,90.1,83.0,100,5.9,12,90.8,92.4,83.5,862
COL1609,2025,93.0,94.3,100,3.5,10,100,86.7,85.7,610
COL1610,2021,84.4,74.9,91.5,9.5,14,79.4,81.9,77.4,1357
COL1610,2022,80.0,75.2,87.2,6.4,14,73.2,82.4,78.8,1246
COL1610,2023,82.5,72.6,83.8,9.4,16,74.4,77.3,72.9,1473
COL1610,2024,77.7,71.5,83.9,11.1,17,77.0,79.2,82.4,1546
COL1610,2025,83.2,80.0,89.6,9.8,13,79.5,81.0,73.1,1457
COL1611,2021,77.9,64.3,78.6,12.0,20,52.9,72.2,67.5,1829
COL1611,2022,73.3,61.1,69.6,11.2,18,51.7,71.9,68.3,1898
COL1611,2023,81.5,67.3,84.1,10.2,18,54.2,76.1,77.5,1757
COL1611,2024,75.5,60.8,74.7,13.5,20,61.0,70.5,72.4,1899
COL1611,2025,73.2,60.3,75.6,12.5,19,57.5,73.4,67.3,1873
COL1612,2021,92.6,97.3,100,1.3,10,94.7,97.3,94.7,264
COL1612,2022,95.1,93.8,100,1.8,11,90.9,91.4,88.6,464
COL1612,2023,96.7,87.4,100,1.2,11,91.2,91.9,86.3,434
COL1612,2024,89.6,88.4,100,4.5,9,87.6,94.5,95.4,650
COL1612,2025,91.4,91.0,100,2.2,11,92.6,95.5,91.1,510
COL1613,2021,79.2,67.0,82.5,10.3,17,52.0,76.2,75.8,1782
COL1613,2022,76.6,57.0,68.4,13.6,20,52.1,66.2,66.7,1963
COL1613,2023,75.8,63.4,71.7,9.0,18,53.9,78.6,68.1,1789
COL1613,2024,78.6,65.9,85.0,11.4,18,61.0,78.2,77.8,1732
COL1613,2025,74.2,70.0,88.6,12.6,15,58.7,71.6,72.8,1777
COL1614,2021,93.8,94.6,100,2.5,11,100,91.1,87.9,259
COL1614,2022,90.7,86.3,100,5.4,12,98.5,88.3,93.3,592
COL1614,2023,96.3,98,100,0.5,9,100,97.5,92.2,68
COL1614,2024,95.6,98,100,2.0,8,100,92.9,91.3,224
COL1614,2025,95.7,91.8,100,1.6,10,100,92.7,88.7,384
COL1615,2021,76.0,56.6,65.9,13.3,18,47.7,65.1,72.6,1927
COL1615,2022,79.6,63.8,79.6,11.8,17,58.8,76.1,72.6,1801
COL1615,2023,78.9,62.8,74.3,10.1,20,48.8,74.0,74.2,1860
COL1615,2024,77.3,54.6,71.5,12.4,21,44.7,70.5,74.1,1915
COL1615,2025,69.7,52.9,66.6,13.6,19,47.7,64.5,67.8,1968
COL1616,2021,89.9,80.2,93.4,3.1,13,88.9,86.5,87.2,634
COL1616,2022,86.0,80.6,95.0,5.8,14,92.9,85.7,88.0,825
COL1616,2023,88.3,86.8,98.5,5.8,12,98.8,85.7,90.8,685
COL1616,2024,85.4,91.3,100,6.3,14,96.0,89.1,83.6,783
COL1616,2025,83.3,81.5,91.0,4.5,12,93.9,83.9,81.2,960
COL1617,2021,84.0,74.1,83.0,5.6,13,73.6,79.6,79.5,1272
COL1617,2022,88.0,77.7,93.4,8.1,14,71.7,80.7,78.9,1297
COL1617,2023,81.8,77.8,98.2,8.3,15,70.0,80.6,75.6,1389
COL1617,2024,85.2,76.6,92.7,10.0,13,70.2,76.8,80.6,1401
COL1617,2025,84.7,80.9,98.0,8.4,12,73.2,86.3,80.4,1236
COL1618,2021,89.6,82.5,100,4.0,13,76.9,86.7,83.7,798
COL1618,2022,89.1,84.1,100,7.1,11,80.3,82.2,85.5,1005
COL1618,2023,89.7,82.4,94.8,3.2,12,88.3,89.3,89.8,779
COL1618,2024,93.9,88.2,100,3.1,13,82.4,88.3,88.4,631
COL1618,2025,86.6,87.8,100,7.3,11,85.7,84.3,92.1,1006
COL1619,2021,90.3,94.3,100,4.3,9,100,89.6,93.7,450
COL1619,2022,89.5,93.0,100,2.2,10,100,90.3,93.5,267
COL1619,2023,89.9,91.4,100,1.7,10,100,89.9,93.8,314
COL1619,2024,89.1,92.4,100,2.5,12,100,93.1,91.1,402
COL1619,2025,87.5,95.2,100,4.0,9,100,88.8,85.4,608
COL1620,2021,94.6,98,100,0,8,100,98.8,92.8,75
COL1620,2022,98.0,96.8,100,1.8,8,100,96.3,90.1,174
COL1620,2023,93.0,90.2,100,2.3,8,99.0,91.8,91.2,322
COL1620,2024,88.2,88.8,100,2.9,8,100,89.2,93.0,540
COL1620,2025,90.1,96.5,100,2.7,10,100,90.6,95.5,395
COL1621,2021,90.4,87.7,100,6.0,10,80.3,87.8,84.2,790
COL1621,2022,87.8,84.6,96.8,5.5,12,88.5,87.1,84.1,897
COL1621,2023,94.7,81.5,94.3,3.4,11,82.5,91.1,92.1,792
COL1621,2024,96.1,95.6,100,4.3,9,93.2,95.1,85.5,483
COL1621,2025,95.5,92.8,100,2.4,8,94.7,94.9,87.8,403
COL1622,2021,85.0,79.2,94.5,7.5,15,68.0,85.0,75.3,1304
COL1622,2022,85.6,72.4,83.5,9.2,14,70.1,80.7,86.0,1376
COL1622,2023,86.6,72.8,91.4,5.4,13,68.4,85.7,83.1,1147
COL1622,2024,78.2,74.7,91.4,8.8,14,62.0,78.4,75.8,1581
COL1622,2025,79.2,74.2,91.1,8.8,16,71.2,77.0,74.3,1557
COL1623,2021,93.5,91.7,100,3.1,10,100,95.2,91.0,302
COL1623,2022,92.3,95.8,100,2.2,9,100,94.3,99.8,135
COL1623,2023,94.1,96.6,100,1.2,9,100,97.6,91.2,243
COL1623,2024,96.7,97.9,100,0,9,100,96.0,96.3,42
COL1623,2025,96.1,98,100,0.3,10,100,100,94.0,127
COL1624,2021,85.4,75.7,86.1,5.0,14,72.0,86.9,76.7,1129
COL1624,2022,80.2,73.7,87.7,10.0,15,72.8,77.2,76.4,1524
COL1624,2023,89.8,82.6,100,4.8,14,78.5,89.4,79.0,882
COL1624,2024,90.1,82.8,96.5,5.0,15,76.9,87.1,83.0,974
COL1624,2025,86.8,81.9,100,5.7,11,83.4,82.6,79.0,1071
COL1625,2021,71.7,64.9,72.4,14.2,20,55.7,68.1,74.7,1888
COL1625,2022,73.3,62.6,75.4,11.7,18,57.8,72.3,74.0,1815
COL1625,2023,73.8,65.9,75.2,9.7,18,52.1,72.0,77.5,1755
COL1625,2024,76.4,65.5,82.9,9.2,16,58.5,75.6,79.7,1693
COL1625,2025,79.5,61.0,77.7,12.5,19,53.3,69.7,66.9,1924
COL1626,2021,73.3,53.6,67.6,11.8,20,45.4,66.7,65.4,1939
COL1626,2022,75.2,60.4,76.7,11.6,20,55.0,68.2,68.1,1876
COL1626,2023,73.0,57.4,73.5,11.6,17,55.1,67.0,72.1,1912
COL1626,2024,75.8,51.2,60,14.2,20,46.4,65.7,70.3,1982
COL1626,2025,75.7,57.2,64.6,12.7,19,43.5,70.9,62.8,1960
COL1627,2021,74.6,56.5,69.7,12.0,18,53.9,63.0,70.6,1937
COL1627,2022,74.3,65.4,78.9,11.1,20,57.2,68.8,72.3,1844
COL1627,2023,73.2,65.0,78.9,13.0,21,56.6,73.5,73.9,1875
COL1627,2024,74.5,57.3,74.3,10.3,17,57.6,71.7,65.0,1859
COL1627,2025,73.5,57.1,74.9,13.5,20,58.4,67.0,62.7,1927
COL1628,2021,99.7,94.9,100,0,9,100,99.2,91.9,31
COL1628,2022,100,96.9,100,0,10,100,97.6,96.9,73
COL1628,2023,95.5,97.0,100,1.8,8,100,96.2,95.8,110
COL1628,2024,95.0,97.5,100,2.8,10,100,94.2,97.3,280
COL1628,2025,95.0,98,100,0.3,9,100,99.5,95.1,91
COL1629,2021,89.8,79.3,90.3,5.6,12,78.4,83.6,81.8,1082
COL1629,2022,86.2,84.8,97.9,6.1,12,79.4,85.0,85.2,942
COL1629,2023,89.8,86.6,100,2.9,10,89.2,85.4,87.4,631
COL1629,2024,91.3,89.2,100,3.6,12,83.3,86.7,89.2,702
COL1629,2025,91.9,85.0,100,6.1,11,91.5,87.2,92.5,781
COL1630,2021,90.6,83.3,96.9,4.0,10,85.8,92.9,90.1,699
COL1630,2022,89.7,83.6,98.7,6.7,14,80.4,86.1,82.0,1013
COL1630,2023,86.1,84.5,97.9,4.0,12,79.1,87.8,87.0,904
COL1630,2024,91.6,84.9,94.6,4.2,12,79.3,88.2,87.4,900
COL1630,2025,87.6,84.7,99.7,3.9,13,81.5,82.8,88.8,895
COL1631,2021,78.7,68.4,84.4,9.7,16,63.6,80.9,80.5,1548
COL1631,2022,86.0,67.8,77.3,8.7,14,64.6,79.6,82.6,1489
COL1631,2023,80.6,66.9,75.7,10.3,15,66.0,77.6,83.4,1615
COL1631,2024,86.5,71.5,89.1,7.2,14,67.1,83.9,81.6,1397
COL1631,2025,90.4,82.2,100,5.1,15,75.3,87.2,87.4,984
COL1632,2021,84.2,84.3,100,4.0,12,76.3,84.0,91.6,820
COL1632,2022,90.7,92.1,100,2.2,11,90.1,93.1,89.9,455
COL1632,2023,87.1,86.3,100,6.0,13,86.6,83.6,83.7,972
COL1632,2024,90.0,86.7,100,6.4,13,80.3,87.9,89.2,925
COL1632,2025,85.6,78.7,92.7,5.4,10,84.6,87.8,85.6,1077
COL1633,2021,80.4,71.5,81.6,9.9,13,73.0,83.8,75.3,1504
COL1633,2022,83.9,77.0,92.1,5.4,15,68.1,83.8,79.8,1204
COL1633,2023,79.9,80.1,98.2,8.1,15,72.4,78.4,76.9,1380
COL1633,2024,85.4,70.8,80.2,7.5,14,64.2,81.6,76.8,1445
COL1633,2025,85.9,71.8,81.5,7.0,14,71.6,80.4,86.3,1349
COL1634,2021,80.1,67.9,83.1,8.1,15,73.7,76.0,75.8,1440
COL1634,2022,81.2,75.1,92.1,7.3,16,78.5,76.3,73.2,1403
COL1634,2023,84.2,75.3,94.0,9.9,15,70.5,79.0,78.2,1494
COL1634,2024,78.5,76.9,94.2,7.2,17,78.5,76.7,81.3,1268
COL1634,2025,79.0,71.8,82.6,8.4,14,77.7,75.4,70.4,1513
COL1635,2021,89.3,88.8,100,5.9,13,90.9,89.6,80.8,814
COL1635,2022,90.3,86.1,96.0,3.8,10,90.3,87.3,82.2,693
COL1635,2023,90.4,88.1,100,5.7,14,90.9,84.8,87.3,724
COL1635,2024,91.8,86.9,100,3.3,11,97.4,86.5,90.0,624
COL1635,2025,93.9,88.9,100,1.9,11,100,93.1,93.7,376
COL1636,2021,94.8,96.0,100,3.3,9,100,93.6,88.4,400
COL1636,2022,90.5,93.8,100,4.4,11,100,88.8,88.4,463
COL1636,2023,91.3,95.0,100,2.9,12,97.1,91.6,90.2,375
COL1636,2024,92.0,87.6,97.7,5.3,10,98.1,86.5,87.7,743
COL1636,2025,95.5,96.1,100,1.3,12,100,91.2,95.9,178
COL1637,2021,87.7,78.6,91.8,8.4,13,70.8,84.0,80.5,1253
COL1637,2022,85.1,67.1,77.9,9.3,15,64.9,76.3,79.2,1611
COL1637,2023,87.0,74.1,83.9,5.5,16,74.9,82.9,81.1,1275
COL1637,2024,83.4,75.7,95.4,5.8,14,70.1,80.7,83.0,1262
COL1637,2025,86.2,86.3,100,7.3,12,82.4,86.3,81.4,1051
COL1638,2021,91.2,87.6,100,3.4,11,96.4,83.7,83.7,577
COL1638,2022,91.9,88.3,100,6.1,10,97.2,85.0,83.7,696
COL1638,2023,90.1,80.0,99.8,4.6,11,90.2,84.0,81.8,817
COL1638,2024,86.2,81.6,99.2,4.7,11,90.0,89.1,88.1,855
COL1638,2025,87.7,80.8,98.7,5.8,13,94.4,82.8,88.7,900
COL1639,2021,91.0,84.0,93.9,6.2,10,80.8,85.7,91.5,858
COL1639,2022,93.0,87.3,100,2.8,11,91.9,91.2,87.1,539
COL1639,2023,88.7,90.2,100,4.9,8,88.1,88.5,95.3,625
COL1639,2024,93.8,81.1,92.0,3.5,13,83.4,89.0,93.2,843
COL1639,2025,90.2,90.7,100,2.4,12,94.1,87.5,94.6,457
COL1640,2021,88.6,75.3,89.2,6.6,15,78.2,79.4,81.6,1133
COL1640,2022,89.6,78.1,87.9,7.3,13,80.4,84.1,80.9,1161
COL1640,2023,86.8,77.8,88.5,6.5,14,73.0,80.9,76.8,1221
COL1640,2024,87.5,72.2,87.1,5.5,12,70.0,80.7,79.9,1369
COL1640,2025,82.8,77.2,89.8,8.5,14,64.1,82.7,83.1,1432
COL1641,2021,89.8,91.3,100,3.1,10,87.8,88.6,88.3,511
COL1641,2022,87.6,85.7,100,3.7,12,88.5,88.4,87.4,624
COL1641,2023,94.1,92.0,100,4.4,12,95.1,87.1,88.1,581
COL1641,2024,92.9,94.1,100,2.3,11,88.7,90.4,90.9,437
COL1641,2025,90.2,86.6,100,2.2,9,89.0,92.0,95.3,496
COL1642,2021,99.3,98,100,1.3,10,92.5,100,96.1,130
COL1642,2022,97.9,96.1,100,1.9,10,93.5,98.6,90.2,181
COL1642,2023,100,95.1,100,0.1,9,100,100,97.8,64
COL1642,2024,100,98,100,0,8,100,100,96.3,7
COL1642,2025,96.1,97.2,100,0.9,9,100,98.7,92.6,171
COL1643,2021,90.9,91.8,100,3.0,12,100,86.7,88.9,480
COL1643,2022,89.9,90.5,100,5.5,10,100,92.7,90.7,594
COL1643,2023,89.2,87.8,100,3.7,12,100,95.4,88.9,568
COL1643,2024,89.8,92.3,100,2.4,10,96.3,89.5,85.2,581
COL1643,2025,96.8,89.1,100,0.4,10,100,94.9,94.1,210
COL1644,2021,73.8,65.6,76.1,11.2,17,66.1,70.7,74.0,1756
COL1644,2022,78.2,67.9,79.4,13.4,19,65.1,70.0,65.8,1842
COL1644,2023,72.9,58.1,70.0,11.3,17,64.1,69.9,66.8,1877
COL1644,2024,68.3,54.5,72.4,15.5,18,57.4,63.9,72.5,1978
COL1644,2025,78.9,63.4,72.1,9.8,20,58.5,72.0,74.0,1792
COL1645,2021,91.3,89.4,100,6.0,13,95.3,88.5,88.4,706
COL1645,2022,92.7,91.5,100,3.2,10,96.3,91.6,86.1,519
COL1645,2023,94.4,93.3,100,3.2,9,100,93.1,95.1,335
COL1645,2024,92.4,93.7,100,4.0,9,100,88.1,92.6,517
COL1645,2025,93.5,91.5,100,1.8,8,100,96.3,91.5,428
COL1646,2021,87.2,82.2,96.3,6.4,14,89.2,81.2,81.5,991
COL1646,2022,87.3,84.5,95.6,4.1,11,92.6,92.3,85.7,634
COL1646,2023,87.9,88.6,100,3.6,12,87.3,89.9,82.8,748
COL1646,2024,90.3,87.8,100,5.5,12,91.4,86.3,90.4,765
COL1646,2025,89.6,84.1,100,6.4,12,96.6,85.2,91.3,810
COL1647,2021,71.8,59.4,71.4,12.8,18,52.6,73.4,70.6,1884
COL1647,2022,78.3,62.9,76.6,8.9,18,51.6,75.8,70.9,1774
COL1647,2023,72.1,61.2,71.4,11.3,17,49.7,70.0,72.2,1918
COL1647,2024,72.9,61.6,70.1,11.0,16,58.0,74.0,70.0,1850
COL1647,2025,72.0,62.4,77.6,11.7,20,51.6,71.3,63.3,1933
COL1648,2021,92.5,84.3,100,1.9,11,87.4,88.8,95.0,484
COL1648,2022,95.4,93.4,100,3.9,8,88.7,94.3,94.7,405
COL1648,2023,99.3,92.5,100,1.5,8,100,96.0,94.2,134
COL1648,2024,98.0,93.1,100,2.7,9,100,92.6,97.5,288
COL1648,2025,98.8,98,100,0,11,96.1,100,92.1,155
COL1649,2021,97.9,95.4,100,1.9,8,100,97.8,92.6,242
COL1649,2022,94.6,91.2,100,3.6,8,88.0,93.8,87.6,502
COL1649,2023,93.8,93.2,100,1.6,10,94.4,98.4,98.4,268
COL1649,2024,97.6,98,100,0.6,10,100,94.1,96.9,66
COL1649,2025,92.8,94.5,100,1.2,8,98.1,94.2,98.7,132
COL1650,2021,90.7,84.2,95.0,3.6,13,83.7,83.8,89.6,701
COL1650,2022,85.9,79.2,96.4,7.6,14,77.6,84.7,80.8,1168
COL1650,2023,86.9,85.9,100,6.9,11,82.7,85.7,89.3,903
COL1650,2024,89.6,85.9,97.1,4.3,14,81.4,84.0,85.6,807
COL1650,2025,84.2,81.8,100,7.8,13,82.2,85.4,82.6,1190
COL1651,2021,81.5,70.4,86.0,6.6,15,78.6,81.8,75.3,1316
COL1651,2022,84.6,68.8,87.5,9.0,17,68.9,80.8,78.9,1516
COL1651,2023,84.1,72.5,83.5,6.8,16,74.6,78.1,83.7,1383
COL1651,2024,82.0,77.5,86.3,8.0,18,77.3,81.2,81.2,1305
COL1651,2025,81.0,74.0,84.1,8.5,16,76.1,83.7,73.1,1495
COL1652,2021,93.8,90.3,100,0.5,9,91.2,96.7,93.3,272
COL1652,2022,91.5,89.7,100,1.8,9,89.1,91.7,88.7,478
COL1652,2023,93.9,93.9,100,2.3,11,89.8,89.9,96.3,361
COL1652,2024,97.6,91.4,100,3.5,8,90.4,93.5,89.8,476
COL1652,2025,92.8,98,100,2.8,8,95.0,96.7,99.3,299
COL1653,2021,92.0,96.3,100,1.3,8,100,95.7,98.4,108
COL1653,2022,97.4,93.7,100,1.8,10,100,93.9,90.8,191
COL1653,2023,92.9,94.3,100,3.4,8,100,94.8,89.6,311
COL1653,2024,99.1,97.0,100,2.0,10,100,99.7,92.7,140
COL1653,2025,97.5,91.8,100,0,9,100,92.2,91.1,181
COL1654,2021,92.8,93.7,100,1.7,11,100,91.8,93.7,339
COL1654,2022,89.3,94.2,100,1.9,8,100,88.9,97.1,280
COL1654,2023,98.3,93.1,100,0.5,8,100,95.3,91.5,97
COL1654,2024,95.4,96.2,100,2.4,8,100,93.1,87.6,322
COL1654,2025,94.7,89.8,100,1.4,9,100,90.1,91.7,282
COL1655,2021,100,93.1,100,0,8,92.7,100,94.8,124
COL1655,2022,92.9,98,100,0,10,100,95.7,100,27
COL1655,2023,96.2,95.2,100,0.5,10,100,96.7,95.2,194
COL1655,2024,95.3,98,100,0,8,99.8,96.6,91.5,79
COL1655,2025,95.8,93.2,100,2.5,8,100,94.6,95.1,234
COL1656,2021,97.9,97.3,100,0,9,100,99.0,90.7,24
COL1656,2022,97.8,98,100,0,8,100,100,98.5,23
COL1656,2023,94.3,97.5,100,0.1,10,100,100,97.9,50
COL1656,2024,93.3,96.3,100,2.9,10,100,96.7,94.8,318
COL1656,2025,99.8,92.4,100,2.7,8,100,94.0,94.7,278
COL1657,2021,75.7,58.1,66.1,11.9,18,47.8,75.1,75.7,1890
COL1657,2022,75.3,65.0,75.1,11.0,20,59.0,75.3,70.8,1760
COL1657,2023,80.3,66.9,83.2,9.8,18,64.2,77.7,72.2,1624
COL1657,2024,77.7,68.0,85.5,8.6,19,64.9,77.2,70.4,1641
COL1657,2025,80.7,68.4,85.3,9.7,15,65.7,78.0,68.3,1633
COL1658,2021,79.7,66.0,75.9,10.8,16,59.6,75.9,73.1,1700
COL1658,2022,80.0,73.4,93.4,8.6,14,66.9,82.5,79.6,1392
COL1658,2023,76.6,73.9,87.2,10.2,14,64.7,76.8,76.3,1577
COL1658,2024,82.6,75.2,87.8,10.0,15,65.5,77.0,78.0,1515
COL1658,2025,77.6,70.7,79.8,10.0,14,71.3,76.8,72.9,1685
COL1659,2021,71.2,58.6,67.2,11.9,19,58.1,66.9,68.9,1921
COL1659,2022,73.8,64.4,79.2,11.4,20,57.0,69.6,63.3,1847
COL1659,2023,74.7,63.1,78.7,10.5,19,60.8,72.4,68.3,1828
COL1659,2024,74.6,59.9,68.3,10.4,19,64.8,70.5,67.9,1864
COL1659,2025,71.5,63.4,74.8,12.9,18,63.5,69.5,68.2,1893
COL1660,2021,92.5,95.2,100,4.2,10,100,91.8,96.6,399
COL1660,2022,91.4,91.2,100,0.6,9,100,92.2,92.8,264
COL1660,2023,92.6,96.9,100,3.6,11,100,89.8,90.6,445
COL1660,2024,99.2,92.8,100,2.2,8,100,99.1,100,159
COL1660,2025,95.5,96.1,100,0.2,10,100,97.4,99.8,41
COL1661,2021,92.2,90.2,100,6.1,13,90.2,88.2,86.6,622
COL1661,2022,94.5,89.5,100,2.2,12,99.3,91.4,92.7,307
COL1661,2023,89.6,92.0,100,5.6,11,100,89.1,95.0,488
COL1661,2024,91.5,91.4,100,2.7,11,100,89.1,96.3,399
COL1661,2025,92.0,97.6,100,3.8,11,100,95.6,89.2,410
COL1662,2021,93.4,95.2,100,0.7,8,100,93.4,91.7,115
COL1662,2022,97.7,93.6,100,3.1,8,100,93.1,94.7,285
COL1662,2023,94.4,98,100,3.2,8,100,92.3,96.8,207
COL1662,2024,94.1,93.1,100,1.0,8,100,99.6,96.9,126
COL1662,2025,98.4,95.5,100,1.7,8,100,96.9,92.2,222
COL1663,2021,86.9,83.8,94.4,6.4,12,78.1,88.2,85.1,1039
COL1663,2022,91.8,82.6,100,5.2,11,82.9,87.9,90.4,768
COL1663,2023,86.6,74.3,90.7,6.4,14,79.0,81.7,84.2,1163
COL1663,2024,83.7,79.7,95.0,6.8,13,73.0,84.6,85.5,1151
COL1663,2025,87.0,76.2,87.1,4.6,14,76.2,83.4,80.4,1226
COL1664,2021,98.9,96.6,100,0,9,100,95.1,100,49
COL1664,2022,98.0,94.1,100,1.1,8,100,92.8,99.5,162
COL1664,2023,97.1,96.8,100,0,8,100,98.0,97.1,27
COL1664,2024,98.2,95.6,100,0.3,8,100,96.9,100,17
COL1664,2025,96.0,94.9,100,0,9,100,97.0,97.9,16
COL1665,2021,85.9,81.3,99.3,8.0,12,89.6,84.8,86.6,972
COL1665,2022,82.4,78.7,94.1,6.5,13,89.5,80.0,84.2,1078
COL1665,2023,85.0,84.8,100,6.8,12,86.5,82.5,82.9,1011
COL1665,2024,87.8,82.3,91.4,6.1,14,88.8,81.4,77.3,1023
COL1665,2025,85.3,79.0,88.8,5.6,13,84.8,80.4,87.4,1063
COL1666,2021,94.5,98,100,2.6,9,100,93.3,89.0,321
COL1666,2022,100,95.8,100,0,10,100,98.5,100,5
COL1666,2023,98.0,98,100,3.0,8,100,93.5,93.6,342
COL1666,2024,96.5,98,100,0.7,9,100,95.5,100,10
COL1666,2025,95.6,94.9,100,2.3,9,100,95.8,99.2,308
COL1667,2021,78.7,58.9,67.5,9.4,15,54.7,69.4,74.4,1809
COL1667,2022,75.0,71.2,79.2,12.1,15,66.3,74.2,79.9,1673
COL1667,2023,84.2,66.6,82.4,9.4,17,61.6,81.7,73.3,1599
COL1667,2024,77.5,74.2,83.7,9.3,16,72.0,77.4,83.3,1455
COL1667,2025,83.0,67.6,75.9,9.3,17,70.6,73.9,79.4,1617
COL1668,2021,88.7,81.7,95.1,3.7,11,93.7,88.1,88.3,629
COL1668,2022,86.4,88.6,100,5.5,13,95.8,83.0,86.9,787
COL1668,2023,86.1,91.3,100,4.3,11,100,88.8,88.0,637
COL1668,2024,88.5,81.5,96.4,6.5,11,91.6,86.3,88.8,943
COL1668,2025,89.9,88.2,100,2.4,13,97.6,92.2,92.7,530
COL1669,2021,97.1,98,100,1.2,8,100,99.0,95.3,35
COL1669,2022,100,98,100,0,8,95.6,100,99.7,33
COL1669,2023,93.4,90.8,100,3.4,10,100,94.6,100,260
COL1669,2024,98.1,93.7,100,0,9,100,97.6,97.2,122
COL1669,2025,93.0,98,100,2.6,8,95.0,92.7,94.1,392
COL1670,2021,88.5,82.4,95.9,4.4,12,88.9,85.5,80.0,827
COL1670,2022,82.6,82.3,97.9,7.5,13,87.7,82.6,81.1,1111
COL1670,2023,86.8,72.0,83.2,5.8,13,79.4,78.4,79.0,1250
COL1670,2024,84.3,85.1,100,7.1,15,83.5,83.8,82.4,1070
COL1670,2025,85.1,85.3,100,6.5,12,90.8,79.2,80.6,1095
COL1671,2021,98.1,93.9,100,2.4,9,91.3,93.0,96.6,282
COL1671,2022,98.2,92.5,100,0.3,9,95.0,93.7,100,234
COL1671,2023,92.5,93.0,100,2.9,10,97.6,94.5,99.9,360
COL1671,2024,92.5,93.5,100,2.9,9,95.1,93.0,88.4,450
COL1671,2025,96.1,90.2,100,0.7,8,90.7,100,95.7,204
COL1672,2021,89.5,80.7,92.4,3.6,14,79.8,86.0,80.4,864
COL1672,2022,89.5,86.2,96.9,3.7,12,88.2,91.8,82.4,667
COL1672,2023,91.3,78.1,97.4,4.1,11,76.3,86.6,86.9,870
COL1672,2024,91.4,85.8,98.3,4.9,12,78.8,87.3,92.3,774
COL1672,2025,91.3,84.4,100,5.8,10,89.0,87.1,83.8,920
COL1673,2021,88.0,84.7,100,4.1,11,94.5,91.5,83.4,646
COL1673,2022,91.7,87.8,100,2.1,12,98.2,93.0,83.3,499
COL1673,2023,88.1,85.6,100,5.2,13,95.1,86.4,89.7,727
COL1673,2024,94.5,92.8,100,4.2,9,97.1,87.5,87.4,579
COL1673,2025,96.6,89.5,100,1.3,10,99.5,93.9,97.0,355
COL1674,2021,92.3,92.6,100,1.7,8,97.7,90.8,97.3,311
COL1674,2022,96.1,93.1,100,3.2,9,100,92.7,90.0,404
COL1674,2023,98.2,90.5,100,1.7,8,95.7,94.4,100,299
COL1674,2024,89.8,89.0,100,2.8,10,94.0,91.6,88.6,498
COL1674,2025,93.3,93.7,100,3.4,8,98.5,90.2,94.6,529
COL1675,2021,89.2,83.1,94.1,3.5,10,81.5,86.2,85.4,758
COL1675,2022,91.9,83.9,98.4,3.5,12,89.9,88.4,86.8,640
COL1675,2023,95.3,94.1,100,2.2,10,98.6,96.9,88.8,333
COL1675,2024,97.3,90.3,100,0,11,86.9,97.6,91.3,274
COL1675,2025,94.0,98,100,3.2,11,100,98.0,95.3,194
COL1676,2021,96.8,94.4,100,1.0,10,97.6,98.8,98.7,153
COL1676,2022,99.8,91.0,100,0,10,97.3,95.6,92.3,112
COL1676,2023,97.3,93.7,100,0,10,100,94.8,92.4,198
COL1676,2024,98.3,98,100,0,10,100,100,95.2,12
COL1676,2025,97.8,98,100,0,9,96.1,97.1,97.2,52
COL1677,2021,84.9,86.9,100,4.2,12,84.4,87.3,91.8,731
COL1677,2022,86.8,81.9,95.3,5.0,11,83.6,91.0,86.8,790
COL1677,2023,91.3,80.9,93.0,5.3,12,76.5,85.3,88.5,967
COL1677,2024,88.5,88.5,100,3.0,11,84.5,91.3,86.5,718
COL1677,2025,86.6,85.3,100,4.2,13,80.6,91.4,90.2,783
COL1678,2021,83.1,73.1,83.3,9.0,13,67.9,78.3,75.3,1529
COL1678,2022,84.4,75.5,87.6,9.5,13,71.5,77.9,84.2,1371
COL1678,2023,78.3,67.4,77.3,9.7,14,69.2,78.3,72.4,1700
COL1678,2024,83.3,71.5,86.8,9.6,17,63.3,74.2,80.1,1582
COL1678,2025,83.3,75.0,87.8,8.1,14,67.2,80.7,74.3,1538
COL1679,2021,77.4,65.7,74.9,8.6,16,66.6,72.9,70.9,1644
COL1679,2022,82.3,63.4,79.9,11.4,17,56.9,75.5,79.3,1771
COL1679,2023,77.2,71.7,89.1,8.4,16,64.1,71.9,75.2,1639
COL1679,2024,80.7,67.9,84.6,10.5,15,59.9,76.1,72.5,1735
COL1679,2025,76.8,70.2,86.3,11.0,16,60.1,75.1,70.3,1732
COL1680,2021,73.2,56.3,64.4,16.1,18,48.3,62.0,65.5,1993
COL1680,2022,71.5,54.5,65.5,12.1,18,47.9,63.3,71.0,1950
COL1680,2023,75.6,57.1,73.4,15.0,21,45.9,64.2,73.5,1955
COL1680,2024,73.4,58.5,68.6,13.5,19,53.9,64.5,70.3,1952
COL1680,2025,73.4,59.4,77.1,11.0,19,56.2,66.2,63.7,1908
COL1681,2021,86.6,74.6,83.9,6.2,14,71.4,85.2,84.6,1171
COL1681,2022,89.7,80.8,100,4.7,15,73.2,85.8,80.9,938
COL1681,2023,86.3,72.1,90.1,8.8,12,71.2,80.8,76.7,1476
COL1681,2024,89.2,77.2,97.2,6.2,12,76.8,87.0,81.1,1088
COL1681,2025,84.9,75.6,90.6,8.5,16,76.7,86.6,75.8,1335
COL1682,2021,72.8,60.4,70.8,10.4,16,61.0,69.2,77.0,1781
COL1682,2022,77.5,59.8,78.4,13.5,20,52.0,72.1,72.7,1891
COL1682,2023,79.5,63.5,73.3,12.6,18,62.5,71.2,68.4,1866
COL1682,2024,81.4,63.9,76.1,11.2,16,61.2,74.6,69.3,1802
COL1682,2025,76.6,61.2,69.0,11.1,18,61.3,74.8,75.4,1809
COL1683,2021,95.3,90.7,100,2.8,8,94.5,94.7,91.2,345
COL1683,2022,91.6,88.5,100,4.4,9,96.9,88.0,92.6,586
COL1683,2023,92.8,90.9,100,3.8,11,92.3,93.4,95.7,422
COL1683,2024,91.0,92.4,100,3.7,8,94.4,96.0,89.1,441
COL1683,2025,90.6,89.0,100,3.5,8,87.1,95.4,92.8,674
COL1684,2021,83.9,80.9,92.0,7.9,14,80.5,81.1,86.5,1177
COL1684,2022,85.7,82.9,92.7,5.0,13,84.5,84.8,75.3,1057
COL1684,2023,83.8,81.6,98.9,8.2,12,87.0,88.0,79.9,1082
COL1684,2024,81.4,74.9,91.5,7.2,14,81.4,84.9,77.1,1319
COL1684,2025,85.8,82.6,97.2,6.0,14,88.7,84.0,83.9,981
COL1685,2021,76.1,69.7,81.7,10.1,16,55.2,77.1,76.3,1674
COL1685,2022,82.2,73.1,90.2,9.1,17,61.3,80.3,79.0,1539
COL1685,2023,81.7,68.8,78.5,7.9,18,61.5,77.7,69.2,1602
COL1685,2024,79.2,70.1,79.9,8.8,16,56.8,74.5,75.9,1716
COL1685,2025,86.4,72.3,90.4,5.9,16,64.9,82.4,83.4,1398
COL1686,2021,100,96.2,100,2.4,8,100,96.7,99.2,157
COL1686,2022,100,98,100,0,8,100,100,99.9,11
COL1686,2023,95.1,92.5,100,1.6,9,100,90.7,92.7,307
COL1686,2024,98.5,96.9,100,0.9,8,100,98.4,96.1,97
COL1686,2025,94.0,98,100,3.6,10,100,93.9,97.2,221
COL1687,2021,80.5,85.0,97.2,6.8,13,89.0,79.5,80.1,1002
COL1687,2022,86.1,81.7,97.7,7.1,13,90.3,82.7,84.4,930
COL1687,2023,84.3,80.1,100,7.7,11,92.9,80.4,83.2,1070
COL1687,2024,84.4,85.2,95.2,6.5,14,87.6,87.2,79.8,975
COL1687,2025,88.4,74.6,85.1,6.5,13,78.7,85.8,85.3,1261
COL1688,2021,90.7,81.5,92.6,4.5,11,72.6,86.1,78.4,1000
COL1688,2022,85.0,84.8,100,3.5,14,79.3,88.7,85.9,832
COL1688,2023,84.2,75.7,85.8,6.2,14,80.4,80.0,85.5,1218
COL1688,2024,90.8,81.8,99.5,4.8,13,75.2,89.2,83.6,967
COL1688,2025,90.7,79.1,91.5,6.1,15,76.2,89.0,84.1,1160
COL1689,2021,72.8,64.6,73.8,11.0,17,50.6,71.6,70.5,1844
COL1689,2022,81.0,67.7,82.1,12.3,16,55.9,74.0,75.1,1796
COL1689,2023,75.0,67.7,83.9,10.3,18,56.2,69.7,69.1,1807
COL1689,2024,79.1,56.4,66.7,12.5,20,52.5,68.5,66.0,1936
COL1689,2025,77.3,61.3,70.3,13.2,19,53.8,70.9,73.3,1918
COL1690,2021,83.7,76.8,94.8,7.2,13,79.8,88.2,77.6,1179
COL1690,2022,87.7,78.7,95.3,5.1,12,71.2,79.3,82.4,1198
COL1690,2023,83.8,82.8,100,4.9,11,74.4,84.9,81.8,1062
COL1690,2024,87.5,76.1,90.6,4.7,13,73.0,81.4,84.1,1129
COL1690,2025,87.0,84.9,100,6.4,14,81.2,85.9,84.5,980
COL1691,2021,84.3,77.6,91.2,7.3,15,76.1,80.8,77.1,1225
COL1691,2022,85.4,82.2,98.8,9.1,13,78.7,79.6,83.6,1245
COL1691,2023,90.9,82.5,100,4.3,14,75.3,86.9,84.8,902
COL1691,2024,84.3,80.7,97.5,5.6,12,81.9,85.0,80.3,1001
COL1691,2025,88.0,80.2,89.8,6.2,14,82.7,88.2,79.3,1180
COL1692,2021,89.8,89.4,100,1.6,9,100,90.4,95.8,254
COL1692,2022,98.3,94.7,100,1.6,11,100,94.6,93.6,122
COL1692,2023,93.5,95.2,100,2.3,8,100,96.5,87.9,334
COL1692,2024,95.4,91.8,100,1.6,8,100,95.5,89.6,242
COL1692,2025,94.0,98,100,0,9,100,99.8,98.9,71
COL1693,2021,76.1,62.6,72.1,11.6,17,55.6,68.8,71.3,1854
COL1693,2022,79.9,68.2,76.2,10.5,17,57.4,71.5,72.5,1793
COL1693,2023,80.1,62.1,75.1,8.4,19,52.5,78.4,72.5,1730
COL1693,2024,78.8,72.9,91.4,8.8,15,62.8,74.3,71.0,1625
COL1693,2025,79.7,62.3,81.0,8.7,16,60.6,75.1,81.1,1662
COL1694,2021,73.7,61.6,73.9,12.8,17,66.4,71.7,71.2,1828
COL1694,2022,73.6,67.5,82.7,12.6,17,64.6,70.7,72.7,1828
COL1694,2023,78.6,74.2,90.0,10.1,18,65.9,79.2,72.1,1614
COL1694,2024,75.2,71.1,82.7,10.9,19,69.1,77.7,68.2,1709
COL1694,2025,76.3,66.8,82.8,13.7,18,69.4,68.8,72.9,1828
COL1695,2021,99.6,95.9,100,1.1,10,90.4,99.5,97.7,68
COL1695,2022,95.4,98.0,100,2.5,9,98.1,95.5,97.8,120
COL1695,2023,100,98,100,0,10,100,100,95.7,57
COL1695,2024,97.8,93.1,100,1.5,10,93.9,96.0,94.3,303
COL1695,2025,95.7,94.4,100,1.6,11,90.0,97.0,93.1,334
COL1696,2021,89.7,78.9,93.1,5.0,13,77.8,85.2,82.7,1051
COL1696,2022,87.4,79.6,93.0,3.3,12,77.1,90.2,82.2,960
COL1696,2023,92.0,86.2,96.3,2.4,14,82.5,90.4,82.2,647
COL1696,2024,85.8,81.6,100,6.5,10,83.2,85.0,83.9,1060
COL1696,2025,86.5,84.2,100,6.1,9,86.9,85.7,83.6,947
COL1697,2021,83.5,74.4,86.5,5.8,16,80.7,84.1,76.0,1152
COL1697,2022,80.8,72.5,86.9,7.2,15,74.2,79.7,83.5,1311
COL1697,2023,82.3,79.0,95.4,9.5,14,79.9,80.8,71.5,1440
COL1697,2024,84.4,75.6,94.6,9.8,16,75.2,81.8,74.8,1442
COL1697,2025,84.2,74.6,85.9,9.1,16,79.3,74.3,74.3,1447
COL1698,2021,91.5,90.5,100,1.3,10,96.4,95.8,91.9,292
COL1698,2022,94.0,93.6,100,2.0,9,98.3,93.4,96.2,250
COL1698,2023,93.0,95.0,100,2.4,10,92.1,99.8,94.8,300
COL1698,2024,98.3,98,100,1.4,8,99.0,100,98.6,15
COL1698,2025,94.4,98,100,0,9,96.0,93.6,93.5,236
COL1699,2021,85.4,76.5,91.8,6.9,15,80.6,79.6,86.2,1109
COL1699,2022,84.0,76.1,86.8,8.3,15,73.3,84.0,82.2,1305
COL1699,2023,82.8,82.2,97.1,8.3,12,70.7,86.3,77.4,1211
COL1699,2024,87.0,75.6,91.4,5.0,13,78.1,88.0,80.8,1081
COL1699,2025,88.3,80.3,94.2,7.5,15,75.7,85.7,87.1,1143
COL1700,2021,96.9,93.3,100,1.6,11,100,91.2,91.6,154
COL1700,2022,92.3,98,100,2.6,10,100,99.0,98.8,88
COL1700,2023,92.1,88.6,100,3.7,11,100,89.5,97.0,473
COL1700,2024,89.4,89.7,100,2.5,9,100,95.7,86.1,386
COL1700,2025,91.7,90.2,100,3.1,11,100,94.0,97.9,467
COL1701,2021,94.3,95.1,100,0.1,9,100,93.6,92.9,116
COL1701,2022,95.2,98,100,1.1,8,94.0,99.4,92.4,243
COL1701,2023,99.6,97.0,100,0,10,91.8,97.9,88.7,216
COL1701,2024,95.1,89.3,100,1.5,10,91.8,91.8,95.0,401
COL1701,2025,91.2,91.4,100,3.6,11,90.9,90.9,98.7,541
COL1702,2021,79.5,72.9,84.2,8.9,18,66.2,77.0,74.6,1580
COL1702,2022,74.5,60.0,70.7,12.2,16,61.4,71.1,69.8,1884
COL1702,2023,79.7,66.8,77.4,11.5,19,63.9,73.0,77.6,1775
COL1702,2024,79.2,64.9,81.7,8.7,15,59.5,78.9,80.0,1676
COL1702,2025,76.6,63.9,78.2,7.9,15,57.2,77.2,76.5,1741
COL1703,2021,89.5,82.3,100,3.6,13,91.2,86.7,88.2,727
COL1703,2022,88.5,81.7,95.8,5.0,10,82.1,86.1,83.0,948
COL1703,2023,89.1,90.4,100,3.2,12,90.6,89.2,82.9,702
COL1703,2024,88.1,89.9,100,5.7,12,81.2,94.0,82.7,784
COL1703,2025,89.1,88.3,100,4.9,11,81.1,93.4,86.8,855
COL1704,2021,81.5,81.3,94.7,6.7,15,75.7,83.6,84.4,1114
COL1704,2022,87.1,74.8,88.3,8.5,13,74.7,79.7,76.2,1333
COL1704,2023,83.2,73.1,91.1,7.6,15,65.6,79.1,74.7,1512
COL1704,2024,81.1,75.2,90.6,9.7,12,72.4,80.1,83.9,1395
COL1704,2025,85.5,74.5,86.7,9.6,16,65.8,81.6,72.3,1528
COL1705,2021,91.2,85.7,100,3.1,12,84.2,84.6,90.4,664
COL1705,2022,88.4,80.0,100,4.1,11,79.5,85.4,82.9,850
COL1705,2023,89.4,91.4,100,2.8,10,85.1,92.5,92.5,613
COL1705,2024,93.3,87.6,100,3.8,9,91.1,97.1,97.5,522
COL1705,2025,92.5,83.2,97.7,3.8,11,84.2,87.8,93.2,815
COL1706,2021,88.3,85.4,95.2,4.0,14,87.2,85.1,79.5,757
COL1706,2022,85.6,83.3,93.1,6.0,11,96.4,89.0,84.8,851
COL1706,2023,86.1,89.5,100,5.6,12,95.9,88.4,84.3,767
COL1706,2024,89.4,84.8,100,5.4,12,96.8,87.9,86.8,779
COL1706,2025,89.4,87.9,100,4.6,10,91.1,89.9,91.0,669
COL1707,2021,82.7,76.4,91.7,8.3,12,77.9,79.8,79.1,1221
COL1707,2022,87.5,77.9,95.9,6.4,12,80.6,83.4,85.5,1061
COL1707,2023,86.3,79.3,91.8,7.7,13,84.4,83.7,82.2,1075
COL1707,2024,84.4,76.4,90.1,8.1,14,80.6,84.9,87.6,1159
COL1707,2025,87.0,85.2,100,4.3,13,76.8,87.9,82.2,1045
COL1708,2021,91.3,91.3,100,2.0,9,100,94.3,97.3,245
COL1708,2022,94.0,98,100,0.3,8,100,99.9,96.9,56
COL1708,2023,99.3,93.9,100,0,8,100,93.5,100,38
COL1708,2024,96.4,97.3,100,0.5,10,100,99.9,97.5,132
COL1708,2025,98.0,98,100,0,8,100,100,92.9,97
COL1709,2021,81.3,70.1,90.6,9.1,14,67.6,82.1,76.9,1446
COL1709,2022,83.0,74.8,86.6,4.6,13,75.0,86.6,83.6,1091
COL1709,2023,85.9,77.0,94.1,7.1,12,79.1,81.7,88.1,1127
COL1709,2024,88.6,79.0,97.1,5.2,14,71.8,84.1,80.8,1175
COL1709,2025,86.8,71.3,82.2,6.2,13,72.0,79.7,88.2,1321
COL1710,2021,92.4,80.8,94.2,2.1,11,79.5,92.1,84.9,677
COL1710,2022,83.8,77.1,88.7,5.2,12,75.7,84.5,86.6,1075
COL1710,2023,89.7,85.1,100,6.1,12,85.1,85.3,85.0,968
COL1710,2024,90.6,80.8,91.8,3.1,12,78.9,86.8,82.3,868
COL1710,2025,92.2,93.4,100,1.2,11,91.7,95.3,90.7,426
COL1711,2021,89.8,82.9,99.4,5.7,11,81.6,90.0,85.9,910
COL1711,2022,89.1,82.8,96.8,4.4,14,84.4,92.6,82.9,729
COL1711,2023,88.3,85.0,100,3.3,13,84.1,93.2,92.2,657
COL1711,2024,95.0,84.2,100,3.9,11,80.1,92.1,93.4,769
COL1711,2025,88.5,87.3,100,6.3,12,82.5,86.4,92.2,975
COL1712,2021,78.6,68.5,86.1,12.1,18,57.4,76.4,77.4,1721
COL1712,2022,77.6,60.2,72.4,12.4,17,56.6,71.0,79.4,1870
COL1712,2023,76.9,62.2,80.2,10.2,19,54.4,72.5,74.7,1818
COL1712,2024,78.2,67.1,86.4,9.1,19,57.1,74.6,78.1,1729
COL1712,2025,81.4,69.1,82.8,10.4,15,61.9,75.0,76.7,1716
COL1713,2021,94.4,82.8,100,2.2,9,84.1,92.8,89.1,532
COL1713,2022,92.0,91.2,100,1.5,12,93.2,92.8,93.4,413
COL1713,2023,95.0,93.0,100,3.0,11,94.2,94.6,98.3,286
COL1713,2024,97.3,89.9,100,1.4,10,92.1,97.0,92.0,429
COL1713,2025,93.1,92.6,100,2.9,12,84.9,90.7,88.8,621
COL1714,2021,91.0,89.7,100,3.1,11,100,94.7,93.1,389
COL1714,2022,96.8,91.9,100,2.1,11,100,97.0,88.3,301
COL1714,2023,98.6,95.5,100,0,11,100,97.5,99.9,77
COL1714,2024,95.8,93.3,100,0,10,100,99.0,98.5,21
COL1714,2025,94.8,91.9,100,1.9,9,100,96.2,99.2,182
COL1715,2021,97.7,93.9,100,0.5,8,100,91.4,89.0,215
COL1715,2022,98.8,93.3,100,0,8,100,99.8,100,12
COL1715,2023,97.3,96.8,100,0.1,10,100,97.4,92.9,128
COL1715,2024,96.2,94.7,100,0.6,8,100,98.2,98.1,169
COL1715,2025,100,94.0,100,0,8,100,100,93.7,78
COL1716,2021,85.0,67.8,78.8,7.1,14,68.8,75.0,81.8,1379
COL1716,2022,80.6,64.8,80.0,10.2,17,63.9,78.0,76.6,1675
COL1716,2023,82.6,68.1,83.4,7.9,16,58.2,75.8,73.0,1586
COL1716,2024,84.1,69.6,80.6,8.3,13,67.3,76.1,80.7,1481
COL1716,2025,79.4,65.8,78.1,7.9,16,63.4,78.9,79.4,1646
COL1717,2021,87.0,87.3,100,4.9,13,78.1,85.7,83.4,908
COL1717,2022,91.1,91.1,100,2.8,11,82.8,93.8,88.3,527
COL1717,2023,90.6,84.5,97.0,5.2,9,89.2,94.2,87.6,705
COL1717,2024,89.2,86.1,100,3.1,11,96.5,89.3,87.4,598
COL1717,2025,97.4,91.2,100,0,10,99.4,97.1,97.4,42
COL1718,2021,80.5,70.7,83.0,9.6,14,79.6,78.1,77.5,1399
COL1718,2022,81.2,68.6,79.5,11.1,17,72.3,73.4,77.8,1634
COL1718,2023,81.9,73.7,89.2,8.2,17,76.6,77.2,82.2,1313
COL1718,2024,83.2,76.3,92.9,8.3,16,72.9,81.3,74.6,1422
COL1718,2025,80.5,74.0,90.2,9.2,16,70.2,81.0,71.7,1572
COL1719,2021,90.0,85.3,97.4,4.9,12,83.3,89.4,82.5,826
COL1719,2022,84.3,75.6,92.5,5.1,15,74.5,85.6,83.2,1173
COL1719,2023,89.5,82.1,98.1,7.1,11,78.4,83.5,77.5,1042
COL1719,2024,90.7,82.3,100,5.6,14,80.0,89.8,82.4,1026
COL1719,2025,84.9,83.0,95.4,4.2,13,74.8,88.8,85.8,1013
COL1720,2021,82.2,66.9,84.7,8.3,17,67.0,76.5,82.0,1441
COL1720,2022,86.3,71.1,86.5,6.0,15,68.7,82.5,83.3,1314
COL1720,2023,77.8,68.8,80.6,8.6,16,70.2,79.9,74.7,1616
COL1720,2024,86.2,78.6,93.4,8.6,16,70.8,81.7,84.6,1261
COL1720,2025,82.8,78.3,88.7,5.3,15,75.8,86.5,79.9,1182
COL1721,2021,81.7,64.7,83.8,9.1,16,70.3,76.3,71.7,1614
COL1721,2022,77.5,73.5,83.0,9.3,15,73.8,78.8,80.6,1498
COL1721,2023,75.4,66.5,79.0,9.3,16,71.4,77.5,71.6,1643
COL1721,2024,75.3,74.9,83.0,10.9,16,71.7,78.7,68.2,1638
COL1721,2025,77.4,69.5,85.9,10.1,19,62.6,73.5,67.2,1717
COL1722,2021,74.0,63.7,78.8,13.2,19,51.1,71.9,65.9,1878
COL1722,2022,76.2,57.2,71.8,13.8,17,53.1,69.9,73.3,1933
COL1722,2023,75.5,64.5,72.5,13.0,19,58.3,74.0,73.0,1895
COL1722,2024,72.1,59.6,70.4,10.6,20,52.9,71.6,74.5,1858
COL1722,2025,77.3,66.9,86.0,11.8,20,55.1,75.1,70.3,1822
COL1723,2021,92.2,89.8,100,4.3,9,86.2,97.1,93.7,469
COL1723,2022,95.4,90.7,100,3.4,9,93.6,95.9,96.9,336
COL1723,2023,97.4,89.0,100,0,8,90.9,96.4,88.7,388
COL1723,2024,97.1,90.3,100,3.3,11,90.1,95.7,98.2,400
COL1723,2025,95.6,97.1,100,1.2,9,94.4,95.1,91.9,290
COL1724,2021,90.4,83.2,95.6,5.3,13,89.7,85.2,82.7,879
COL1724,2022,83.4,80.8,90.1,6.2,13,90.2,81.2,80.1,1093
COL1724,2023,84.4,81.8,98.3,4.7,11,92.6,82.9,88.0,782
COL1724,2024,82.7,77.2,90.7,6.5,14,84.1,86.6,86.3,1112
COL1724,2025,82.7,81.6,99.8,6.4,15,87.0,85.3,85.3,1007
COL1725,2021,72.9,51.7,66.6,13.4,21,45.1,70.0,60.3,1970
COL1725,2022,69.8,53.9,69.4,12.8,18,48.8,69.5,71.5,1953
COL1725,2023,74.3,57.1,73.4,14.5,21,48.2,65.6,59.9,1983
COL1725,2024,73.1,49.5,63.6,15.0,23,45.3,63.0,60.4,1999
COL1725,2025,67.4,56.9,72.4,13.7,21,46.3,67.3,63.2,1974
COL1726,2021,75.9,66.5,84.8,13.7,20,57.7,70.9,67.7,1850
COL1726,2022,70.4,60.4,74.8,13.0,21,51.3,63.6,73.7,1924
COL1726,2023,73.8,56.7,72.7,11.6,18,53.9,65.8,65.6,1939
COL1726,2024,76.3,55.8,72.4,11.6,21,44.4,66.3,68.9,1950
COL1726,2025,72.8,54.5,67.5,15.2,19,55.5,66.3,64.7,1983
COL1727,2021,78.6,71.0,84.6,7.1,16,70.3,81.3,75.0,1476
COL1727,2022,79.5,67.5,84.4,8.4,16,77.3,78.3,70.4,1465
COL1727,2023,76.4,71.9,80.9,11.4,16,73.9,72.4,70.4,1686
COL1727,2024,84.7,73.4,85.3,9.6,14,74.4,83.9,82.4,1370
COL1727,2025,82.2,74.8,91.3,7.5,15,71.3,78.9,72.5,1407
COL1728,2021,96.3,96.8,100,0.8,9,100,96.0,100,66
COL1728,2022,98.8,97.5,100,2.7,10,100,95.2,92.7,161
COL1728,2023,96.7,95.0,100,0,8,100,95.3,100,37
COL1728,2024,93.2,95.0,100,0,9,100,96.6,100.0,73
COL1728,2025,98.6,93.5,100,1.3,8,100,95.9,100,203
COL1729,2021,93.2,84.0,100,4.5,14,86.0,91.4,81.5,759
COL1729,2022,89.1,83.3,93.4,3.5,12,81.9,88.9,86.6,735
COL1729,2023,90.9,85.6,100,4.1,11,86.7,90.9,87.7,680
COL1729,2024,90.2,87.2,100,3.1,13,79.0,91.1,84.5,699
COL1729,2025,95.8,84.6,96.3,1.7,11,85.6,91.7,89.0,632
COL1730,2021,82.6,78.1,87.1,5.4,11,73.0,82.5,81.2,1182
COL1730,2022,87.8,80.0,100,4.5,12,73.5,81.7,80.3,1009
COL1730,2023,82.3,77.3,96.9,5.1,13,79.4,81.7,80.9,1126
COL1730,2024,89.0,85.9,100.0,5.5,13,84.9,82.9,82.2,962
COL1730,2025,92.1,87.2,100,4.2,12,83.6,89.6,89.9,817
COL1731,2021,79.1,74.5,87.3,9.9,15,66.0,80.1,76.4,1509
COL1731,2022,84.6,75.7,86.7,7.9,13,64.7,82.5,73.9,1374
COL1731,2023,85.1,76.4,90.1,8.4,15,64.7,82.4,77.8,1474
COL1731,2024,85.7,73.2,93.1,6.2,16,66.0,83.1,81.3,1328
COL1731,2025,83.0,77.3,88.9,7.7,14,72.3,79.7,79.5,1372
COL1732,2021,90.3,94.1,100,5.2,11,100,92.3,95.0,398
COL1732,2022,96.1,87.6,99.4,2.8,12,100,90.3,91.5,418
COL1732,2023,100.0,98,100,0.2,8,100,100,88.9,124
COL1732,2024,88.8,87.9,100,2.8,9,100,89.1,97.1,405
COL1732,2025,95.5,98,100,0.4,10,100,100,91.1,106
COL1733,2021,93.0,93.4,100,2.2,11,100,90.5,83.9,404
COL1733,2022,92.4,94.8,100,2.9,9,100,90.2,85.8,391
COL1733,2023,92.7,94.7,100,1.7,10,96.7,94.5,86.8,399
COL1733,2024,90.5,88.6,100,4.4,11,100,94.7,92.4,507
COL1733,2025,92.1,87.1,100,4.6,11,100,88.9,89.1,690
COL1734,2021,77.2,72.3,82.0,11.1,14,61.2,76.6,73.5,1706
COL1734,2022,80.6,69.4,82.1,11.5,17,58.5,76.9,68.5,1744
COL1734,2023,80.9,65.0,80.0,9.2,16,54.9,76.7,71.8,1725
COL1734,2024,77.9,62.0,80.3,8.7,15,54.4,75.5,70.6,1728
COL1734,2025,75.8,71.5,86.1,12.6,18,61.7,72.3,71.2,1778
COL1735,2021,98.5,98,100,0,10,100,99.4,92.9,19
COL1735,2022,92.1,97.2,100,0.2,10,100,95.6,94.1,70
COL1735,2023,100,97.9,100,0.5,8,100,98.9,97.3,19
COL1735,2024,94.9,95.7,100,0,8,100,100,94.7,33
COL1735,2025,99.1,98,100,1.6,8,100,100,97.0,173
COL1736,2021,91.2,80.0,100,5.9,12,83.1,84.6,83.5,853
COL1736,2022,87.2,82.3,93.1,4.1,13,78.0,85.0,85.5,1018
COL1736,2023,85.2,79.9,92.4,7.4,14,77.9,84.4,85.0,1205
COL1736,2024,88.2,83.7,99.5,6.9,14,79.9,87.9,82.9,1078
COL1736,2025,86.9,77.7,91.9,5.0,12,81.9,82.9,88.2,1100
COL1737,2021,90.9,90.4,100,2.8,10,85.2,86.5,95.4,466
COL1737,2022,93.8,85.6,97.4,3.1,10,85.1,95.1,96.3,600
COL1737,2023,96.7,90.4,100,3.2,10,94.0,98.9,98.3,413
COL1737,2024,98.5,90.0,100,0.1,11,94.6,94.5,100,145
COL1737,2025,95.3,93.4,100,0,9,96.9,98.9,100,105
COL1738,2021,84.5,83.5,100,6.2,12,80.5,84.0,86.8,941
COL1738,2022,91.1,79.4,97.4,6.5,12,77.5,90.5,86.1,969
COL1738,2023,90.2,81.8,93.2,4.9,10,82.9,85.8,87.4,910
COL1738,2024,88.3,87.2,100,6.3,12,77.3,87.2,91.1,1011
COL1738,2025,90.5,84.3,100,3.2,12,82.3,87.4,84.5,813
COL1739,2021,75.4,70.6,81.6,10.4,17,67.5,70.6,77.5,1604
COL1739,2022,81.5,69.5,83.7,10.0,18,62.6,78.3,73.2,1600
COL1739,2023,75.6,72.2,84.5,10.4,19,70.1,77.1,71.8,1620
COL1739,2024,80.2,63.9,75.6,9.9,17,66.5,70.5,74.8,1764
COL1739,2025,76.1,61.0,76.4,12.1,19,59.8,73.7,73.1,1862
COL1740,2021,74.5,53.2,69.3,12.9,19,43.1,72.1,72.6,1956
COL1740,2022,75.2,54.9,72.6,13.8,20,51.3,67.2,71.8,1944
COL1740,2023,75.9,59.9,68.7,14.2,20,47.8,66.7,66.0,1972
COL1740,2024,74.9,59.3,74.5,14.7,18,50.8,65.9,66.5,1957
COL1740,2025,75.8,53.1,67.6,11.6,20,43.3,69.1,67.6,1951
COL1741,2021,95.1,90.8,100,3.8,11,92.9,88.0,88.2,501
COL1741,2022,92.9,94.4,100,1.0,10,94.6,92.6,94.6,207
COL1741,2023,97.3,88.7,100,0.7,8,85.7,94.0,97.1,357
COL1741,2024,92.4,94.2,100,2.2,9,90.2,97.4,88.4,466
COL1741,2025,89.6,94.1,100,4.3,10,90.6,90.3,94.0,562
COL1742,2021,91.4,85.1,100,4.9,13,86.1,87.7,90.0,694
COL1742,2022,92.8,90.4,100,4.9,10,89.6,92.2,85.7,605
COL1742,2023,88.1,91.0,100,4.0,13,85.8,94.0,86.5,698
COL1742,2024,93.7,82.5,99.1,4.2,12,82.9,90.1,85.1,893
COL1742,2025,94.6,87.4,100,2.4,13,90.2,94.2,86.9,526
COL1743,2021,91.8,85.2,100,2.2,10,83.6,92.0,90.4,500
COL1743,2022,91.6,87.3,100,3.8,13,84.4,93.5,88.9,630
COL1743,2023,88.8,90.3,100,5.4,11,85.5,91.7,91.6,750
COL1743,2024,89.3,84.7,100,4.3,9,95.1,87.8,90.0,731
COL1743,2025,93.7,86.2,97.0,1.0,11,91.1,92.2,96.3,472
COL1744,2021,85.8,76.2,95.8,7.4,15,68.9,79.7,83.2,1220
COL1744,2022,84.7,71.9,89.9,8.8,16,75.2,85.1,79.1,1366
COL1744,2023,84.5,72.1,87.2,8.4,15,65.7,80.4,75.1,1541
COL1744,2024,84.0,79.2,93.7,6.2,15,67.4,83.5,83.6,1251
COL1744,2025,84.8,77.1,92.1,8.1,15,68.2,79.0,85.4,1360
COL1745,2021,83.9,75.5,85.3,6.9,14,82.5,80.1,80.0,1169
COL1745,2022,85.4,81.5,97.1,6.6,12,92.9,81.5,78.7,966
COL1745,2023,90.1,85.6,98.6,4.6,11,96.9,89.3,79.8,652
COL1745,2024,85.9,86.8,98.1,4.5,13,94.1,83.1,80.8,810
COL1745,2025,82.2,82.7,100,5.2,14,92.7,80.8,84.6,931
COL1746,2021,87.4,83.4,100,5.1,13,94.0,85.2,81.3,717
COL1746,2022,82.1,87.0,96.3,7.6,14,91.7,80.9,83.7,1073
COL1746,2023,83.2,84.4,100,8.1,12,87.3,82.7,85.2,1044
COL1746,2024,83.8,78.3,95.2,6.8,12,89.3,81.2,83.8,1042
COL1746,2025,84.4,80.9,98.8,7.3,12,82.9,85.7,81.5,1211
COL1747,2021,77.9,66.2,79.6,12.1,14,64.9,72.2,77.1,1746
COL1747,2022,81.5,76.8,93.0,7.3,17,69.8,84.3,74.9,1363
COL1747,2023,79.0,71.1,88.9,10.7,16,68.4,73.8,82.4,1581
COL1747,2024,81.2,73.6,82.9,7.0,16,68.9,77.6,79.0,1471
COL1747,2025,81.9,73.5,86.8,8.7,15,62.6,81.4,73.7,1592
COL1748,2021,86.8,85.3,100,6.5,12,74.7,90.1,85.6,921
COL1748,2022,88.6,75.6,85.9,4.6,15,82.0,84.5,88.7,923
COL1748,2023,85.0,80.2,99.7,6.5,14,73.0,79.9,83.0,1192
COL1748,2024,89.5,85.2,100,5.9,11,82.8,81.9,85.1,990
COL1748,2025,93.6,84.9,100,1.3,13,81.2,92.9,84.5,614
COL1749,2021,90.7,91.7,100,4.1,11,100,88.8,91.7,420
COL1749,2022,87.7,90.3,100,4.5,13,100,87.6,91.8,495
COL1749,2023,87.1,85.4,100,3.0,14,92.8,88.9,92.7,650
COL1749,2024,88.9,88.4,100,3.5,11,91.4,90.3,87.6,652
COL1749,2025,85.5,87.7,100,4.9,12,94.1,85.4,93.1,717
COL1750,2021,97.3,91.2,100,0.9,9,98.8,92.4,88.1,315
COL1750,2022,92.6,97.1,100,3.1,10,95.1,95.0,98.9,238
COL1750,2023,98.8,98,100,1.1,9,100,97.7,91.4,53
COL1750,2024,97.0,98,100,0,11,98.1,97.7,94.1,150
COL1750,2025,93.8,97.1,100,3.4,11,97.4,92.5,97.5,301
COL1751,2021,78.2,74.5,93.3,9.6,16,67.0,78.4,78.7,1519
COL1751,2022,79.4,75.7,86.7,11.3,15,71.6,74.4,77.3,1583
COL1751,2023,83.3,70.3,88.6,9.0,17,70.9,79.1,73.0,1564
COL1751,2024,82.9,79.2,98.3,8.0,16,69.5,83.7,75.7,1307
COL1751,2025,79.6,67.7,76.4,7.6,16,67.6,76.9,78.4,1578
COL1752,2021,86.9,74.1,89.1,6.0,14,71.0,85.4,77.3,1249
COL1752,2022,85.9,77.5,96.5,8.3,14,67.1,80.0,85.9,1370
COL1752,2023,85.3,81.5,97.3,7.6,15,77.9,86.9,78.7,1100
COL1752,2024,83.0,75.0,85.2,8.1,15,68.8,83.1,86.2,1413
COL1752,2025,88.3,81.0,100,7.5,12,72.9,86.2,77.1,1285
COL1753,2021,86.1,71.9,87.2,7.3,13,68.7,86.3,76.5,1391
COL1753,2022,87.6,80.3,96.7,6.3,14,79.0,80.8,81.2,1120
COL1753,2023,87.2,76.6,95.1,7.2,14,77.0,86.1,83.4,1160
COL1753,2024,85.6,79.0,96.2,6.5,12,79.9,84.8,86.0,1040
COL1753,2025,87.3,78.6,94.9,3.6,13,78.3,88.0,83.0,977
COL1754,2021,72.1,60.7,73.7,14.0,18,43.7,73.5,65.8,1952
COL1754,2022,70.6,54.4,64.3,13.1,18,52.1,63.8,65.2,1960
COL1754,2023,78.1,62.4,81.3,10.1,20,54.6,72.0,69.5,1770
COL1754,2024,72.4,54.3,66.5,13.4,20,45.1,66.6,67.6,1971
COL1754,2025,72.7,56.6,64.9,12.2,19,51.4,66.5,62.6,1941
COL1755,2021,79.4,66.6,77.6,9.3,16,67.1,75.6,73.0,1669
COL1755,2022,75.7,68.8,80.8,11.5,16,63.4,77.4,70.3,1691
COL1755,2023,83.6,65.3,74.9,8.0,15,56.8,76.9,79.2,1628
COL1755,2024,77.6,74.9,86.4,9.1,18,66.6,79.9,81.1,1510
COL1755,2025,77.7,66.1,79.6,12.2,16,61.0,70.9,78.5,1798
COL1756,2021,83.7,76.2,92.2,5.4,15,77.7,85.7,84.5,1070
COL1756,2022,88.7,77.9,95.9,6.8,14,71.6,86.1,76.0,1165
COL1756,2023,82.9,81.2,94.5,8.4,13,71.7,84.8,80.7,1241
COL1756,2024,88.9,83.2,92.9,4.5,13,81.2,85.6,82.3,959
COL1756,2025,85.2,80.3,99.5,6.9,12,80.9,81.8,81.9,1116
COL1757,2021,82.1,73.5,91.9,9.6,14,67.8,77.3,78.3,1453
COL1757,2022,83.9,78.2,88.8,8.3,14,73.9,83.5,80.3,1267
COL1757,2023,87.4,82.0,100,7.7,13,76.3,86.2,85.7,1132
COL1757,2024,82.9,77.8,90.4,8.2,14,77.4,82.0,86.0,1331
COL1757,2025,89.0,84.2,99.7,3.9,11,76.0,86.5,88.7,995
COL1758,2021,83.6,75.5,88.1,9.0,17,82.3,77.4,84.8,1294
COL1758,2022,83.6,75.6,90.5,9.5,15,76.2,83.5,78.6,1320
COL1758,2023,82.0,86.1,100,5.8,16,88.0,85.3,80.1,991
COL1758,2024,85.0,81.6,93.7,5.9,13,89.5,83.7,82.3,966
COL1758,2025,87.7,78.6,91.2,6.6,13,82.4,82.5,87.8,1093
COL1759,2021,83.9,75.1,87.9,8.8,16,83.9,84.1,75.7,1207
COL1759,2022,76.7,69.7,78.3,11.4,16,78.4,73.2,73.5,1683
COL1759,2023,83.6,74.1,85.9,9.3,15,79.8,80.3,77.0,1388
COL1759,2024,81.0,76.2,93.3,6.7,16,76.6,82.8,78.8,1247
COL1759,2025,83.4,75.9,92.6,8.1,14,74.2,81.0,78.3,1332
COL1760,2021,89.7,93.3,100,4.0,10,90.0,93.9,84.4,562
COL1760,2022,90.6,92.6,100,1.5,9,94.6,94.5,88.8,321
COL1760,2023,92.5,90.4,100,4.3,9,93.0,92.3,87.6,587
COL1760,2024,93.4,91.9,100,3.7,8,92.9,95.4,95.8,449
COL1760,2025,97.0,97.4,100,3.1,10,97.6,91.4,93.9,399
COL1761,2021,76.1,68.3,80.1,9.7,16,63.7,75.0,80.8,1679
COL1761,2022,79.2,73.5,93.5,6.6,17,73.8,81.8,73.6,1348
COL1761,2023,87.9,78.6,97.0,7.3,13,67.3,83.0,86.3,1231
COL1761,2024,87.9,77.2,88.5,8.2,13,70.8,81.0,81.2,1325
COL1761,2025,84.3,74.3,89.0,4.8,12,72.6,84.6,82.6,1249
COL1762,2021,92.1,88.0,100,4.2,12,100,86.5,85.0,567
COL1762,2022,89.7,85.4,97.3,2.7,12,94.4,93.2,83.8,556
COL1762,2023,93.2,87.2,98.2,2.5,10,93.2,87.3,90.2,608
COL1762,2024,92.4,83.0,99.3,2.9,11,92.9,90.4,91.5,576
COL1762,2025,91.5,91.6,100,3.4,10,100,84.4,89.1,494
COL1763,2021,75.6,58.8,70.5,13.7,18,49.4,67.1,76.2,1897
COL1763,2022,71.5,63.7,72.6,13.7,20,53.0,68.4,73.4,1938
COL1763,2023,78.3,65.4,74.7,9.8,17,56.4,70.2,76.2,1736
COL1763,2024,71.6,56.8,64.3,11.3,17,50.7,68.8,68.6,1945
COL1763,2025,75.5,59.8,74.4,11.0,16,56.8,69.6,74.1,1838
COL1764,2021,92.7,94.3,100,2.9,10,100,91.3,97.7,357
COL1764,2022,97.9,93.1,100,3.0,9,100,96.6,86.4,353
COL1764,2023,90.8,86.2,100,3.9,12,100,88.9,97.3,429
COL1764,2024,91.3,91.8,100,3.9,8,100,94.7,89.7,501
COL1764,2025,96.9,95.9,100,0.4,12,100,93.7,97.2,62
COL1765,2021,74.2,65.8,77.3,10.3,19,55.5,72.9,74.4,1744
COL1765,2022,73.0,56.5,75.0,12.1,17,55.4,70.9,64.7,1897
COL1765,2023,78.6,55.9,73.9,13.7,17,47.2,70.1,69.3,1943
COL1765,2024,78.3,65.0,81.6,12.0,19,54.5,71.9,65.9,1844
COL1765,2025,73.0,63.6,77.2,10.6,18,51.3,69.3,68.8,1895
COL1766,2021,85.4,74.5,89.0,7.6,12,69.4,79.2,88.7,1264
COL1766,2022,83.8,73.8,93.1,7.2,13,75.5,83.2,88.6,1226
COL1766,2023,88.0,76.3,85.4,5.5,13,79.6,84.4,79.3,1090
COL1766,2024,91.0,80.8,94.9,4.0,12,74.6,89.7,88.2,872
COL1766,2025,82.9,82.9,96.1,5.2,12,76.0,85.2,79.1,1175
COL1767,2021,82.8,75.1,87.8,7.7,13,74.4,77.2,80.8,1353
COL1767,2022,82.3,80.5,90.3,6.1,15,76.1,82.6,86.6,1170
COL1767,2023,83.7,75.1,92.7,7.0,15,76.9,84.1,77.6,1257
COL1767,2024,80.7,74.4,89.7,7.8,15,74.6,80.6,76.0,1453
COL1767,2025,82.8,74.4,91.1,8.9,15,67.8,82.7,81.4,1500
COL1768,2021,78.7,62.2,75.6,10.0,16,66.5,72.9,73.1,1675
COL1768,2022,82.3,66.8,79.0,9.2,17,73.3,78.8,71.5,1534
COL1768,2023,79.7,61.8,78.4,11.6,17,64.5,75.7,67.1,1834
COL1768,2024,81.4,72.3,85.7,8.5,18,68.8,73.1,69.6,1630
COL1768,2025,80.4,61.2,68.9,11.0,17,61.2,70.4,67.7,1869
COL1769,2021,92.5,90.7,100,4.2,12,80.7,94.3,83.6,722
COL1769,2022,89.1,81.2,95.2,5.2,14,88.4,88.0,88.1,833
COL1769,2023,94.6,92.8,100,2.4,10,84.0,93.8,96.0,432
COL1769,2024,91.1,90.4,100,1.6,9,87.7,96.6,96.8,424
COL1769,2025,87.3,88.5,99.3,6.3,9,83.7,88.2,84.8,898
COL1770,2021,80.0,72.4,82.3,7.8,15,81.9,77.0,84.0,1360
COL1770,2022,85.9,74.0,92.2,7.1,15,80.4,77.0,79.9,1272
COL1770,2023,83.0,75.8,89.6,7.8,16,83.5,76.4,80.5,1329
COL1770,2024,82.6,82.2,99.0,5.3,15,87.3,86.1,77.9,1048
COL1770,2025,79.5,76.5,94.2,7.1,14,80.4,79.8,81.2,1242
COL1771,2021,93.1,91.7,100,1.9,9,100,95.7,94.3,260
COL1771,2022,98.2,98,100,2.6,10,100,94.0,97.4,260
COL1771,2023,95.1,98,100,1.9,10,100,99.2,96.3,218
COL1771,2024,98.8,92.8,100,2.7,8,100,94.1,100,279
COL1771,2025,98.9,95.3,100,2.8,8,100,95.3,93.2,245
COL1772,2021,90.9,86.5,100,3.7,13,80.2,88.9,92.4,704
COL1772,2022,91.1,87.9,100,4.0,13,82.0,85.7,89.4,678
COL1772,2023,88.8,80.9,96.9,4.2,12,80.4,93.1,90.0,798
COL1772,2024,88.8,87.7,100,2.6,12,87.3,90.1,83.1,751
COL1772,2025,88.8,90.8,100,4.7,11,85.3,92.3,84.9,751
COL1773,2021,88.4,85.0,100,5.2,13,93.1,86.6,84.7,645
COL1773,2022,91.5,90.5,100,4.0,9,100,86.1,88.1,561
COL1773,2023,94.9,91.9,100,2.7,11,100,92.1,94.0,259
COL1773,2024,91.4,87.0,100,3.1,10,99.0,87.3,85.3,592
COL1773,2025,94.1,87.7,100,3.5,9,100,92.8,89.7,446
COL1774,2021,87.9,85.2,100,3.8,12,81.8,88.7,89.1,705
COL1774,2022,90.5,79.6,98.9,6.1,14,80.9,86.6,79.9,955
COL1774,2023,87.9,82.8,95.3,3.8,10,80.0,92.7,87.4,855
COL1774,2024,91.5,86.2,100,3.8,11,80.4,86.4,82.5,789
COL1774,2025,87.1,85.5,96.1,4.2,13,88.9,88.2,87.5,818
COL1775,2021,71.6,61.5,71.8,11.8,17,57.0,71.9,72.0,1889
COL1775,2022,80.7,65.5,79.0,10.4,17,59.2,75.3,71.4,1770
COL1775,2023,79.3,61.1,69.0,10.2,19,53.2,71.0,68.9,1876
COL1775,2024,75.9,59.9,75.1,13.2,18,51.5,72.4,75.5,1922
COL1775,2025,82.9,73.1,92.0,9.2,16,66.2,76.7,71.1,1601
COL1776,2021,88.9,83.7,100,6.5,15,78.6,83.5,87.8,895
COL1776,2022,90.8,87.8,100,5.0,12,81.8,91.2,83.1,828
COL1776,2023,90.8,80.9,100,5.4,13,80.1,85.8,92.6,868
COL1776,2024,94.1,85.0,95.4,2.4,12,85.4,90.2,93.3,665
COL1776,2025,87.5,87.7,100,3.6,11,87.8,89.4,94.1,643
COL1777,2021,72.0,59.5,74.2,12.5,20,55.9,73.5,73.2,1895
COL1777,2022,74.1,58.1,70.0,14.5,20,47.7,67.2,70.3,1956
COL1777,2023,76.9,55.0,69.9,11.0,19,47.0,70.8,66.7,1926
COL1777,2024,71.7,54.3,70.5,13.2,20,52.5,70.2,72.7,1935
COL1777,2025,72.2,60.2,76.7,14.7,19,47.4,65.1,70.8,1963
COL1778,2021,78.4,66.1,77.0,8.9,18,63.2,76.3,66.9,1693
COL1778,2022,73.5,61.4,71.8,11.6,19,57.3,69.3,68.5,1843
COL1778,2023,78.5,71.1,79.4,7.7,16,67.2,79.0,76.9,1590
COL1778,2024,83.6,69.1,84.7,9.1,17,65.3,75.9,81.6,1561
COL1778,2025,79.0,73.1,81.8,9.3,16,63.9,79.5,73.5,1582
COL1779,2021,85.5,76.3,87.6,9.2,15,86.4,81.5,76.2,1309
COL1779,2022,86.4,78.3,96.9,6.0,12,82.6,83.3,77.4,1146
COL1779,2023,81.5,74.2,89.1,8.6,14,78.8,82.7,76.9,1425
COL1779,2024,84.0,76.5,95.5,8.1,12,82.2,84.6,86.2,1168
COL1779,2025,83.8,85.2,98.9,6.4,11,92.6,80.3,84.5,1019
COL1780,2021,87.0,79.1,97.2,8.3,12,86.6,81.9,90.0,1055
COL1780,2022,88.3,80.4,92.7,7.9,12,85.6,81.6,82.2,1130
COL1780,2023,90.5,87.9,100,6.0,11,100,85.2,91.2,623
COL1780,2024,85.6,90.1,100,6.9,13,94.6,85.4,87.6,853
COL1780,2025,91.0,85.7,100,4.7,12,95.7,88.9,81.3,832
COL1781,2021,96.6,89.3,100,2.7,11,100,95.4,91.1,298
COL1781,2022,94.3,89.4,100,0.9,11,100,89.7,91.6,344
COL1781,2023,95.8,94.6,100,3.5,10,100,89.0,92.9,425
COL1781,2024,93.5,93.1,100,1.9,8,100,92.4,94.1,282
COL1781,2025,93.5,97.9,100,3.0,11,100,93.1,98.0,307
COL1782,2021,83.2,68.0,81.8,8.2,14,71.3,75.1,82.1,1481
COL1782,2022,83.1,71.7,82.3,7.3,15,68.0,83.2,76.5,1449
COL1782,2023,85.5,72.2,87.1,7.5,16,70.4,79.0,77.8,1384
COL1782,2024,87.8,79.9,94.9,6.4,12,69.2,84.7,87.4,1115
COL1782,2025,81.8,73.3,91.8,7.8,14,73.1,78.0,84.9,1414
COL1783,2021,88.7,92.3,100,3.0,12,93.0,93.4,90.7,422
COL1783,2022,91.8,85.1,96.0,4.2,10,91.4,89.1,83.2,674
COL1783,2023,94.5,87.5,100,2.4,11,90.4,89.4,93.5,453
COL1783,2024,92.6,89.0,100,3.4,10,90.1,90.0,97.3,572
COL1783,2025,90.6,85.0,100,4.9,12,84.3,92.9,91.9,797
COL1784,2021,77.9,67.6,79.9,8.9,15,70.7,80.3,73.4,1583
COL1784,2022,83.3,77.0,85.5,8.8,14,66.5,78.9,84.2,1414
COL1784,2023,79.1,69.8,81.7,7.3,14,70.5,78.3,74.6,1555
COL1784,2024,79.2,72.8,90.2,7.8,16,70.5,73.8,83.2,1493
COL1784,2025,84.6,71.0,85.0,8.3,17,67.1,82.1,72.8,1506
COL1785,2021,89.2,87.3,100,4.1,11,91.1,82.4,89.1,624
COL1785,2022,83.9,87.8,100,7.6,11,95.3,88.0,89.1,784
COL1785,2023,90.1,87.0,98.2,6.8,13,94.1,86.8,89.0,814
COL1785,2024,87.5,88.0,100,4.3,12,88.9,88.3,78.9,828
COL1785,2025,91.4,85.4,100,6.7,12,95.3,88.3,89.5,831
COL1786,2021,99.2,96.0,100,2.7,8,100,96.4,93.6,103
COL1786,2022,97.9,97.7,100,0,9,100,99.6,99.8,1
COL1786,2023,96.9,98,100,0,10,100,99.8,95.5,8
COL1786,2024,100,98,100,1.7,9,100,100,97.8,123
COL1786,2025,99.0,91.1,100,1.6,10,100,94.9,100,121
COL1787,2021,82.4,79.0,99.0,7.8,13,78.1,80.1,85.3,1190
COL1787,2022,85.5,80.5,95.6,6.9,14,87.2,82.1,81.1,1067
COL1787,2023,81.8,76.8,92.2,6.2,15,84.9,84.7,83.8,1151
COL1787,2024,85.8,73.1,83.0,7.0,13,82.6,79.5,75.8,1337
COL1787,2025,83.0,81.3,96.3,8.4,15,85.2,83.6,84.6,1245
COL1788,2021,95.7,98,100,3.1,11,100,98.0,90.7,267
COL1788,2022,98.4,97.2,100,0.1,8,100,98.3,100,19
COL1788,2023,100,98,100,1.5,9,100,100,98.9,92
COL1788,2024,98.4,98,100,0.5,8,100,99.3,93.6,70
COL1788,2025,100,98,100,0.4,8,100,100,96.2,8
COL1789,2021,94.3,85.3,100,2.6,12,85.0,91.8,96.2,464
COL1789,2022,89.9,82.9,93.4,4.7,12,86.7,87.4,93.7,835
COL1789,2023,89.9,87.2,100,5.3,9,85.7,90.0,95.6,744
COL1789,2024,90.1,80.7,97.9,4.5,12,82.5,89.6,94.2,829
COL1789,2025,89.0,87.0,100,5.2,14,86.5,91.5,87.8,853
COL1790,2021,91.0,91.0,100,2.5,10,100,91.5,99.1,304
COL1790,2022,92.5,88.9,100,4.3,11,100,90.9,93.2,528
COL1790,2023,97.8,95.2,100,1.5,8,100,96.8,99.0,95
COL1790,2024,92.5,93.7,100,1.2,11,100,94.0,94.8,236
COL1790,2025,98.2,96.9,100,0.5,10,100,95.3,100,19
COL1791,2021,94.1,90.0,100,2.2,11,95.7,93.6,88.1,441
COL1791,2022,96.1,89.2,100,2.0,10,92.5,92.0,93.2,356
COL1791,2023,91.3,93.7,100,4.6,11,92.8,89.4,92.6,598
COL1791,2024,92.7,87.6,100,2.9,11,91.2,89.6,92.7,586
COL1791,2025,89.4,85.7,98.2,5.5,12,85.5,88.2,88.5,945
COL1792,2021,72.9,57.9,64.9,12.1,21,44.1,64.4,73.3,1944
COL1792,2022,77.6,61.8,69.1,11.4,18,46.0,73.2,70.4,1892
COL1792,2023,74.6,59.4,74.8,11.7,17,54.9,71.4,71.3,1891
COL1792,2024,73.8,60.7,74.2,12.9,18,47.0,68.2,68.2,1938
COL1792,2025,75.9,61.1,78.6,12.7,19,45.3,65.5,70.4,1940
COL1793,2021,76.4,65.7,73.9,9.1,15,68.5,77.2,76.9,1625
COL1793,2022,82.5,72.5,86.7,7.7,15,80.2,76.2,73.1,1340
COL1793,2023,80.0,77.0,94.5,10.9,17,75.8,78.3,74.4,1514
COL1793,2024,79.4,76.6,93.6,9.3,13,80.1,80.8,83.2,1360
COL1793,2025,80.0,79.4,95.7,7.1,13,82.1,81.4,79.1,1221
COL1794,2021,89.5,90.6,100,3.1,12,94.1,92.0,95.8,479
COL1794,2022,85.6,89.4,100,5.3,11,86.0,85.5,91.9,770
COL1794,2023,93.2,88.1,99.4,2.2,10,87.7,89.1,86.3,504
COL1794,2024,91.4,87.0,99.2,4.7,8,88.0,89.0,91.5,675
COL1794,2025,95.3,93.9,100,1.8,8,94.3,94.3,88.6,445
COL1795,2021,85.5,80.8,95.0,4.7,11,84.6,83.2,83.0,852
COL1795,2022,84.6,81.8,100,7.3,13,84.0,86.8,86.4,984
COL1795,2023,92.3,80.5,99.5,5.1,11,85.6,84.5,85.4,906
COL1795,2024,87.6,83.4,93.8,5.1,12,82.4,88.9,83.8,1022
COL1795,2025,89.9,81.0,97.5,5.7,14,79.8,88.5,81.8,1018
COL1796,2021,85.7,71.1,82.3,7.3,16,60.6,80.4,80.8,1404
COL1796,2022,79.3,76.7,92.8,10.4,14,69.0,76.6,77.5,1532
COL1796,2023,83.9,67.3,80.9,7.1,16,64.0,82.7,83.1,1452
COL1796,2024,77.1,72.9,81.7,9.1,17,64.5,75.4,77.5,1667
COL1796,2025,80.3,69.4,88.8,9.7,16,70.8,75.5,84.8,1510
COL1797,2021,99.8,98,100,0.1,8,100,97.1,99.3,9
COL1797,2022,92.1,93.7,100,1.0,10,100,98.3,98.7,133
COL1797,2023,91.3,93.3,100,2.2,9,100,93.8,93.8,356
COL1797,2024,93.9,91.6,100,3.8,9,100,94.9,91.4,416
COL1797,2025,96.4,93.3,100,2.6,8,100,98.3,91.4,238
COL1798,2021,93.0,92.9,100,3.9,11,100,95.1,92.7,416
COL1798,2022,97.1,92.3,100,2.3,8,100,97.0,96.3,298
COL1798,2023,97.1,96.6,100,0.2,9,100,100,93.1,146
COL1798,2024,99.9,98,100,0,11,100,100,97.4,43
COL1798,2025,95.1,98,100,0.1,8,100,100,99.6,80
COL1799,2021,93.8,98,100,0.4,9,100,98.6,98.3,12
COL1799,2022,95.7,97.5,100,0.1,8,100,95.7,97.1,94
COL1799,2023,94.7,97.3,100,0.3,8,100,97.9,91.0,178
COL1799,2024,97.8,98,100,0,8,100,96.7,99.8,65
COL1799,2025,94.3,98,100,1.5,8,100,98.8,92.1,259
COL1800,2021,71.9,55.2,62.2,14.0,22,34.5,65.4,57.3,1997
COL1800,2022,65.6,51.6,63.8,17.4,20,40.1,58.6,66.8,1998
COL1800,2023,66.8,50.8,66.7,16.3,23,39.9,66.4,56.7,1998
COL1800,2024,67.2,54.6,63.4,14.2,18,42.9,66.3,64.5,1995
COL1800,2025,74.3,54.3,70.7,12.6,21,46.8,71.3,61.5,1950
COL1801,2021,92.4,98,100,0,8,94.0,98.1,100,64
COL1801,2022,97.0,98,100,1.9,8,100,95.7,100,99
COL1801,2023,94.6,90.7,100,3.4,10,99.3,96.2,100,235
COL1801,2024,91.9,95.5,100,2.5,11,90.3,92.9,97.0,381
COL1801,2025,91.0,94.6,100,1.3,10,93.7,91.3,93.5,464
COL1802,2021,91.0,86.1,100,6.7,13,80.4,89.3,81.9,854
COL1802,2022,85.4,79.9,96.2,4.5,13,83.7,87.0,86.1,822
COL1802,2023,87.9,82.8,99.9,6.8,12,80.8,80.3,77.3,1146
COL1802,2024,88.4,84.0,100,5.9,14,79.1,87.0,80.2,1027
COL1802,2025,88.9,73.0,88.3,5.6,13,70.6,87.1,85.1,1192
COL1803,2021,88.1,85.3,100,6.5,12,87.5,84.1,88.1,890
COL1803,2022,83.9,87.5,98.3,5.1,13,87.7,89.1,83.8,764
COL1803,2023,85.1,78.9,91.3,7.7,14,84.8,81.7,80.1,1180
COL1803,2024,86.4,78.6,89.3,8.2,12,83.4,82.6,79.7,1244
COL1803,2025,88.7,79.9,91.3,7.5,14,83.5,87.7,86.0,1166
COL1804,2021,90.4,83.7,95.4,5.1,11,91.7,87.8,86.4,772
COL1804,2022,87.7,84.7,100,6.1,14,98.3,83.8,81.9,844
COL1804,2023,87.2,90.1,100,5.1,11,91.2,90.7,85.9,699
COL1804,2024,90.4,85.7,96.2,6.1,11,90.6,82.9,85.9,848
COL1804,2025,85.2,89.1,100,4.0,13,90.7,89.3,84.8,721
COL1805,2021,86.2,87.7,98.4,4.7,11,100,87.2,87.8,611
COL1805,2022,91.4,94.4,100,1.6,11,100,96.6,90.5,277
COL1805,2023,97.6,95.3,100,3.9,10,100,96.0,96.2,377
COL1805,2024,89.8,92.7,100,2.5,9,100,92.4,88.5,455
COL1805,2025,91.4,94.3,100,3.2,9,100,90.6,94.8,356
COL1806,2021,85.9,73.7,82.6,7.0,13,67.5,80.5,74.6,1443
COL1806,2022,82.7,78.9,97.6,7.9,13,67.4,86.2,86.8,1202
COL1806,2023,82.5,80.1,93.7,5.2,12,68.1,84.0,87.1,1196
COL1806,2024,85.6,75.6,95.9,7.1,15,77.9,80.3,77.3,1323
COL1806,2025,84.4,83.7,99.6,7.0,13,74.3,88.3,80.0,1231
COL1807,2021,86.1,86.9,97.7,5.6,13,100,87.2,83.3,716
COL1807,2022,89.9,92.5,100,3.1,11,94.3,90.7,84.2,533
COL1807,2023,88.4,84.0,98.5,5.5,11,97.0,90.0,85.9,761
COL1807,2024,87.9,87.9,100,7.7,13,92.2,83.8,82.7,988
COL1807,2025,87.2,78.4,91.0,5.8,12,88.1,82.7,91.1,962
COL1808,2021,86.2,76.0,92.1,6.9,13,76.0,81.0,86.2,1167
COL1808,2022,87.3,82.0,100,6.4,14,86.5,84.6,91.5,896
COL1808,2023,83.8,81.9,99.5,8.3,11,83.8,82.1,82.9,1089
COL1808,2024,85.3,83.0,100,5.4,14,80.5,83.2,84.9,944
COL1808,2025,85.3,83.3,97.5,6.0,13,82.1,82.2,80.9,1148
COL1809,2021,95.0,89.3,100,3.7,13,88.4,93.5,92.6,460
COL1809,2022,91.8,90.3,100,3.7,13,90.3,88.0,90.5,633
COL1809,2023,91.6,85.0,96.8,3.6,9,86.7,87.1,91.7,762
COL1809,2024,94.7,94.4,100,4.3,11,93.5,95.5,84.2,571
COL1809,2025,89.2,90.4,100,1.7,9,90.0,89.4,96.8,564
COL1810,2021,87.3,92.3,100,5.4,10,95.2,87.8,84.3,616
COL1810,2022,87.6,86.5,96.8,3.3,10,93.3,85.8,86.7,653
COL1810,2023,87.6,84.7,100.0,6.4,11,100,86.5,85.1,790
COL1810,2024,89.8,87.9,100,4.8,12,100,94.1,95.9,514
COL1810,2025,91.6,93.8,100,2.8,12,100,92.4,94.3,363
COL1811,2021,86.0,89.7,100,4.1,12,90.4,88.7,90.8,632
COL1811,2022,85.5,81.2,94.7,7.8,11,83.4,84.1,79.0,1157
COL1811,2023,86.5,79.6,91.7,5.1,12,96.2,81.8,82.4,879
COL1811,2024,83.5,82.6,92.2,5.7,11,89.4,85.2,80.0,992
COL1811,2025,84.5,83.1,100,6.0,13,93.0,83.3,78.2,1024
COL1812,2021,84.6,68.4,81.1,6.8,16,64.6,79.6,80.8,1451
COL1812,2022,81.3,76.0,87.9,6.4,15,70.3,80.9,78.3,1258
COL1812,2023,84.3,72.2,92.6,8.4,15,72.5,84.8,85.6,1309
COL1812,2024,83.5,74.9,89.5,7.7,15,78.1,83.2,83.7,1344
COL1812,2025,90.1,83.5,97.5,4.8,11,79.6,86.9,81.6,932
COL1813,2021,91.6,91.8,100,2.8,11,95.2,89.8,98.5,376
COL1813,2022,91.7,92.3,100,0.8,8,88.3,92.6,96.9,306
COL1813,2023,91.3,87.0,100,3.5,9,92.5,91.2,95.7,497
COL1813,2024,97.5,90.4,100,1.2,8,98.2,94.3,93.4,202
COL1813,2025,99.6,89.9,100,1.1,10,91.4,100,100,162
COL1814,2021,86.8,81.2,95.7,4.6,14,91.8,83.9,80.2,804
COL1814,2022,82.8,83.1,97.3,8.1,15,86.8,84.2,82.9,1148
COL1814,2023,89.9,81.2,97.7,7.7,13,87.6,84.7,87.9,1004
COL1814,2024,90.2,82.4,100,3.4,12,88.7,88.6,82.1,725
COL1814,2025,82.2,80.4,100,9.7,13,86.3,78.1,83.4,1268
COL1815,2021,85.0,81.8,94.1,4.9,15,80.7,86.4,85.3,977
COL1815,2022,85.0,75.4,90.1,5.3,16,70.4,85.6,83.5,1134
COL1815,2023,85.3,72.6,85.3,8.8,12,72.0,77.3,80.7,1443
COL1815,2024,82.8,73.4,82.8,6.5,12,68.3,83.7,86.1,1387
COL1815,2025,85.0,75.9,93.9,8.0,14,65.4,80.7,74.4,1458
COL1816,2021,78.4,69.1,83.2,10.1,16,76.0,76.6,76.7,1521
COL1816,2022,78.6,72.3,84.7,7.9,13,74.7,75.6,77.5,1468
COL1816,2023,78.0,76.7,85.1,9.4,16,81.4,78.5,82.1,1347
COL1816,2024,83.6,74.9,86.9,8.4,15,78.1,78.9,81.9,1411
COL1816,2025,78.1,74.9,87.7,7.5,14,77.5,79.2,82.8,1399
COL1817,2021,91.3,87.0,100,5.4,11,86.9,85.0,87.0,746
COL1817,2022,89.4,79.0,90.7,3.8,11,78.8,86.7,91.7,827
COL1817,2023,96.3,89.6,100,3.0,10,93.1,94.8,93.3,419
COL1817,2024,89.0,92.6,100,3.2,11,89.5,93.4,86.0,600
COL1817,2025,87.8,82.6,95.7,4.4,12,85.0,88.8,92.6,887
COL1818,2021,97.4,97.2,100,0,10,98.3,97.9,98.9,60
COL1818,2022,94.8,96.6,100,3.0,10,100,95.6,100,167
COL1818,2023,93.8,98,100,0,10,95.8,98.4,93.0,175
COL1818,2024,95.9,98,100,2.9,9,100,93.6,98.5,161
COL1818,2025,96.4,92.4,100,2.0,9,93.3,98.1,94.2,391
COL1819,2021,90.3,90.1,100,2.9,10,88.1,87.1,87.1,502
COL1819,2022,93.3,86.1,99.1,3.0,12,87.8,93.1,93.5,618
COL1819,2023,90.9,87.2,100,2.5,12,87.9,91.9,85.9,565
COL1819,2024,88.8,81.7,92.1,3.6,9,80.6,91.3,86.8,837
COL1819,2025,92.5,91.2,100,2.0,12,90.4,94.7,83.7,522
COL1820,2021,98.8,94.5,100,0.4,8,98.0,99.6,93.2,140
COL1820,2022,94.1,89.0,100,2.9,10,99.0,93.5,97.4,296
COL1820,2023,99.0,92.7,100,0,8,100,99.1,100,71
COL1820,2024,96.2,94.7,100,0,8,100,99.8,96.2,99
COL1820,2025,92.6,90.8,100,2.8,9,100,93.7,97.4,374
COL1821,2021,95.3,98,100,0.5,8,100,93.0,88.8,181
COL1821,2022,97.8,92.3,100,2.1,10,100,97.9,95.0,252
COL1821,2023,99.4,95.2,100,0,9,100,96.6,94.9,25
COL1821,2024,100,98,100,0.5,9,100,100,94.5,78
COL1821,2025,99.0,94.5,100,0,8,100,99.4,96.3,10
COL1822,2021,86.3,84.8,100,4.2,12,83.4,85.0,86.3,721
COL1822,2022,86.0,80.8,92.3,6.5,14,78.2,90.0,89.2,1035
COL1822,2023,90.4,82.7,93.3,2.3,11,79.3,93.1,90.1,707
COL1822,2024,93.6,87.2,100,2.4,13,88.7,90.5,83.5,563
COL1822,2025,89.5,89.0,99.1,3.1,12,80.2,91.8,92.7,726
COL1823,2021,79.6,72.7,87.5,9.3,15,64.0,82.1,84.8,1523
COL1823,2022,84.2,73.3,89.2,7.6,17,72.3,75.4,82.0,1324
COL1823,2023,82.4,68.2,87.4,8.9,13,64.7,78.2,77.5,1534
COL1823,2024,81.6,71.5,87.6,9.7,15,74.0,77.8,81.2,1448
COL1823,2025,82.9,69.8,79.2,10.7,13,62.7,74.7,79.2,1720
COL1824,2021,83.0,77.8,97.7,7.1,12,70.9,79.5,83.2,1261
COL1824,2022,83.7,74.2,88.4,9.2,14,77.4,79.0,85.3,1406
COL1824,2023,90.6,85.2,96.4,4.4,11,77.2,83.8,88.8,823
COL1824,2024,91.0,85.0,100,3.7,11,85.6,87.0,88.0,712
COL1824,2025,85.1,85.8,99.4,4.3,11,89.5,85.6,90.7,773
COL1825,2021,82.1,84.4,99.9,6.1,12,89.9,83.2,82.7,878
COL1825,2022,82.6,81.7,94.9,5.3,13,87.9,79.9,79.3,1058
COL1825,2023,82.0,81.8,96.7,8.4,14,84.0,86.0,80.1,1149
COL1825,2024,89.2,83.2,100,4.7,15,79.2,85.7,75.4,963
COL1825,2025,84.9,86.6,100,5.7,13,90.8,88.3,83.6,935
COL1826,2021,75.4,61.8,77.4,10.4,19,56.6,72.1,64.2,1848
COL1826,2022,73.9,61.9,72.3,13.3,19,50.8,69.9,69.0,1923
COL1826,2023,70.4,50.2,67.0,15.7,22,49.5,62.9,64.0,1991
COL1826,2024,73.4,57.8,71.0,14.4,21,45.0,68.5,63.2,1987
COL1826,2025,67.7,55.3,65.3,15.4,19,44.4,66.6,68.4,1995
COL1827,2021,77.7,62.0,77.3,10.8,19,53.9,71.9,76.8,1816
COL1827,2022,73.9,55.5,69.8,12.9,19,45.0,72.5,63.0,1967
COL1827,2023,71.5,64.6,78.5,14.4,19,52.5,73.8,64.0,1940
COL1827,2024,74.0,66.1,84.1,12.1,17,52.7,74.0,73.9,1870
COL1827,2025,72.6,58.8,69.1,13.0,20,45.7,69.7,67.7,1953
COL1828,2021,83.6,71.4,81.7,9.4,15,80.6,75.8,81.6,1419
COL1828,2022,87.3,82.5,100,7.4,15,84.0,82.2,75.0,1160
COL1828,2023,89.1,75.8,91.9,6.5,15,80.9,85.3,81.4,1140
COL1828,2024,82.6,82.9,92.4,8.4,16,85.3,85.2,85.3,1114
COL1828,2025,82.4,78.3,94.5,8.6,12,86.9,79.6,83.1,1238
COL1829,2021,88.7,86.3,100,3.5,11,89.1,90.0,85.4,598
COL1829,2022,90.0,85.1,95.4,2.8,11,83.1,87.1,91.2,730
COL1829,2023,86.7,84.0,93.6,3.7,12,90.2,87.0,83.3,751
COL1829,2024,92.3,86.1,100,4.4,10,87.6,87.7,92.5,747
COL1829,2025,89.8,86.0,100,3.8,13,83.7,90.6,82.7,870
COL1830,2021,91.9,94.0,100,2.3,8,91.6,94.8,96.7,367
COL1830,2022,93.4,93.5,100,2.9,8,90.0,98.9,91.8,365
COL1830,2023,88.9,93.1,100,4.0,11,96.6,90.2,94.1,454
COL1830,2024,97.7,94.8,100,1.3,8,87.4,94.7,94.9,330
COL1830,2025,89.9,91.1,100,3.3,9,86.9,91.4,90.4,654
COL1831,2021,90.3,85.7,100,1.3,10,89.2,93.7,91.0,495
COL1831,2022,93.4,92.4,100,2.6,12,83.7,96.6,95.0,445
COL1831,2023,90.5,91.7,100,4.4,12,92.8,90.6,95.8,463
COL1831,2024,93.7,95.2,100,4.0,10,88.9,93.4,95.3,445
COL1831,2025,89.7,85.0,100,1.6,8,90.4,91.2,89.1,663
COL1832,2021,93.8,87.3,98.2,4.3,8,95.3,89.4,92.3,536
COL1832,2022,96.3,91.3,100,0,10,98.5,95.9,93.1,81
COL1832,2023,93.7,88.6,100,2.0,10,90.5,95.7,92.1,451
COL1832,2024,92.1,93.4,100,3.8,10,93.2,91.9,88.0,512
COL1832,2025,89.9,95.4,100,4.8,8,94.4,93.8,95.9,622
COL1833,2021,87.2,91.1,100,2.9,11,92.1,90.7,91.9,456
COL1833,2022,86.1,86.2,100,4.2,12,93.4,88.8,83.2,699
COL1833,2023,87.1,86.3,99.6,3.3,12,98.7,91.2,81.5,536
COL1833,2024,88.6,88.1,100,5.5,11,93.7,87.4,92.2,706
COL1833,2025,92.7,87.8,99.9,2.0,9,100,93.0,90.1,523
COL1834,2021,81.2,79.0,90.8,8.8,13,77.6,82.7,86.9,1170
COL1834,2022,89.9,79.6,93.6,4.4,14,71.4,85.9,81.0,1107
COL1834,2023,82.3,72.8,90.7,8.0,11,74.6,79.5,82.2,1303
COL1834,2024,88.9,80.9,95.0,6.7,13,70.4,85.8,81.8,1197
COL1834,2025,86.2,78.9,94.9,7.7,13,68.8,85.4,80.8,1299
COL1835,2021,72.9,56.8,65.0,13.5,19,42.3,65.1,71.6,1980
COL1835,2022,73.9,51.7,66.1,14.0,22,44.1,68.2,68.3,1980
COL1835,2023,76.0,63.7,76.5,11.2,21,53.9,66.8,66.1,1897
COL1835,2024,69.3,59.4,74.0,14.3,21,50.4,64.7,61.9,1983
COL1835,2025,67.5,51.7,60.6,13.3,22,41.6,65.4,60.9,1999
COL1836,2021,80.2,80.8,90.6,9.2,15,75.4,83.0,82.6,1306
COL1836,2022,83.5,71.0,88.2,10.0,17,70.1,76.1,82.2,1522
COL1836,2023,85.5,75.6,90.5,8.5,14,63.4,81.2,78.0,1427
COL1836,2024,86.7,67.8,81.6,6.1,14,64.8,82.9,81.6,1441
COL1836,2025,82.1,78.7,89.8,8.0,14,70.8,82.9,80.3,1391
COL1837,2021,72.6,53.3,63.6,12.7,19,46.7,72.1,71.0,1941
COL1837,2022,69.0,56.8,72.3,12.7,18,43.4,65.5,62.0,1977
COL1837,2023,77.9,61.9,80.6,11.2,17,56.6,74.3,68.3,1852
COL1837,2024,72.7,60.7,75.9,12.7,20,54.3,66.2,74.4,1894
COL1837,2025,69.7,62.2,74.6,11.7,18,49.2,66.1,69.0,1921
COL1838,2021,84.0,76.0,85.2,5.1,12,80.7,86.0,88.1,1096
COL1838,2022,85.9,81.5,94.8,7.4,13,80.9,81.3,88.8,1069
COL1838,2023,87.9,81.6,92.9,7.2,14,77.8,88.9,80.0,1085
COL1838,2024,91.5,83.1,94.8,4.9,11,74.3,89.0,86.2,1039
COL1838,2025,85.9,78.3,87.4,8.1,11,81.0,81.8,78.6,1292
COL1839,2021,82.9,78.4,95.9,5.9,14,85.5,79.4,86.0,982
COL1839,2022,82.7,79.5,88.8,8.2,16,84.9,79.4,82.0,1196
COL1839,2023,83.4,78.3,94.5,4.8,12,83.7,86.2,79.2,1083
COL1839,2024,89.4,80.9,100,4.2,12,90.6,84.5,81.3,804
COL1839,2025,83.4,81.7,99.3,6.8,14,92.2,87.3,83.0,969
COL1840,2021,80.8,69.7,87.8,7.9,16,70.9,74.2,72.3,1494
COL1840,2022,83.3,73.6,82.7,7.8,15,68.3,77.2,70.7,1471
COL1840,2023,75.8,73.1,92.0,9.6,17,76.1,74.3,81.3,1527
COL1840,2024,78.2,71.0,89.6,11.2,17,68.7,78.9,70.8,1654
COL1840,2025,84.4,76.0,94.6,10.0,14,78.1,79.9,80.2,1451
COL1841,2021,87.5,79.0,98.2,6.2,14,87.8,86.3,84.3,894
COL1841,2022,85.8,88.5,100,5.6,14,92.3,88.3,84.7,686
COL1841,2023,83.4,75.1,94.8,5.6,12,80.5,79.3,84.1,1187
COL1841,2024,85.6,78.9,89.3,4.6,13,90.6,81.3,90.4,911
COL1841,2025,85.0,79.4,90.0,7.8,13,84.5,82.9,86.4,1186
COL1842,2021,98.9,96.2,100,0.6,9,100,99.9,92.6,61
COL1842,2022,94.3,94.8,100,0,8,100,99.0,98.7,28
COL1842,2023,97.0,95.4,100,1.1,10,100,98.8,93.6,80
COL1842,2024,94.7,98,100,0,9,100,100,95.7,54
COL1842,2025,98.2,98,100,1.5,8,100,100,100,140
COL1843,2021,82.3,75.3,91.5,8.2,14,75.3,75.6,75.6,1349
COL1843,2022,84.4,77.4,92.6,9.6,16,78.0,76.9,76.1,1442
COL1843,2023,81.6,75.3,83.6,8.1,17,81.4,76.2,79.1,1371
COL1843,2024,84.8,83.7,100,5.7,14,87.7,79.1,87.8,906
COL1843,2025,82.9,78.2,95.2,8.3,13,87.6,80.4,87.9,1158
COL1844,2021,88.2,77.5,98.1,4.6,13,74.7,86.1,87.6,1024
COL1844,2022,83.0,72.6,90.8,6.5,12,71.0,81.3,87.0,1207
COL1844,2023,88.2,76.2,87.9,6.7,14,75.1,84.5,90.1,1186
COL1844,2024,86.4,78.6,90.4,6.2,13,78.7,80.7,88.3,1199
COL1844,2025,89.0,87.0,100,6.9,14,83.5,85.0,79.9,1092
COL1845,2021,83.9,77.2,86.3,9.7,16,80.5,79.1,78.1,1382
COL1845,2022,84.1,80.0,99.2,8.0,16,82.4,80.7,77.7,1163
COL1845,2023,87.1,81.5,95.8,6.1,17,84.4,83.4,75.7,1098
COL1845,2024,80.9,76.8,94.0,7.7,16,87.9,80.6,82.8,1141
COL1845,2025,91.7,77.8,95.3,4.6,15,83.8,89.3,88.3,956
COL1846,2021,94.3,94.6,100,2.6,8,100,93.7,95.8,179
COL1846,2022,100,98,100,0.2,8,96.8,100,96.7,35
COL1846,2023,95.1,94.5,100,1.7,9,95.0,95.3,95.6,341
COL1846,2024,96.2,91.5,100,2.3,11,100,97.1,100,210
COL1846,2025,92.3,96.0,100,3.6,8,94.6,91.0,88.8,532
COL1847,2021,89.5,79.1,93.2,4.2,14,79.0,89.4,82.9,846
COL1847,2022,88.5,80.3,100,5.4,12,74.1,86.5,80.8,1063
COL1847,2023,84.4,75.3,86.2,7.5,12,83.1,81.7,87.9,1181
COL1847,2024,85.4,85.4,98.6,5.3,10,80.8,84.9,87.9,986
COL1847,2025,89.3,84.4,93.9,4.2,10,88.2,84.0,88.1,883
COL1848,2021,98.8,98,100,1.8,8,100,97.0,97.0,88
COL1848,2022,100,97.7,100,1.3,8,100,100,100,15
COL1848,2023,95.5,96.3,100,2.5,8,100,97.1,94.4,273
COL1848,2024,96.3,94.0,100,1.0,9,100,94.9,99.3,62
COL1848,2025,94.4,93.8,100,1.9,8,100,98.9,100,135
COL1849,2021,93.6,89.6,100,1.9,11,100,93.7,95.9,248
COL1849,2022,95.3,97.9,100,0,9,100,99.1,91.8,124
COL1849,2023,94.3,97.6,100,2.2,8,100,100,99.6,205
COL1849,2024,96.4,98,100,3.1,9,100,95.2,100,260
COL1849,2025,97.9,98,100,1.5,9,100,99.5,99.1,85
COL1850,2021,91.8,89.1,100,4.8,13,96.2,85.9,88.9,589
COL1850,2022,91.8,87.5,98.7,2.6,13,100,87.1,94.7,421
COL1850,2023,88.3,85.6,95.4,3.1,10,100,86.2,94.8,571
COL1850,2024,92.0,91.7,100,2.9,9,100,95.0,87.2,523
COL1850,2025,96.2,88.6,100,4.0,9,100,92.1,92.4,540
COL1851,2021,72.8,63.1,76.7,11.0,17,70.8,70.9,69.3,1798
COL1851,2022,72.4,68.6,85.3,11.1,19,61.9,70.5,71.7,1739
COL1851,2023,78.7,63.9,71.6,11.2,15,71.0,72.6,79.8,1741
COL1851,2024,80.4,69.7,80.3,9.5,17,66.6,71.9,70.3,1653
COL1851,2025,80.1,71.5,87.8,11.0,19,70.6,77.5,73.7,1676
COL1852,2021,89.8,77.8,94.9,4.4,13,77.2,84.5,79.3,942
COL1852,2022,87.1,76.0,90.0,4.6,12,75.9,87.6,80.1,1131
COL1852,2023,90.6,85.2,100,5.9,14,73.5,89.9,80.6,1019
COL1852,2024,80.7,75.9,96.1,6.4,13,77.1,79.2,88.1,1222
COL1852,2025,88.2,81.3,100,4.3,10,77.2,88.4,87.9,952
COL1853,2021,87.0,76.8,92.8,5.8,11,80.5,82.8,84.6,1116
COL1853,2022,88.4,81.1,92.7,5.1,13,80.8,84.8,82.9,1010
COL1853,2023,94.2,83.6,96.1,4.1,12,79.5,94.0,91.4,780
COL1853,2024,91.4,84.5,100,4.5,11,89.8,92.8,93.8,717
COL1853,2025,94.7,89.3,100,2.7,10,85.2,90.0,94.5,531
COL1854,2021,82.1,78.1,94.8,8.6,16,69.4,77.4,76.5,1318
COL1854,2022,82.7,76.0,93.5,5.8,13,76.2,78.4,84.3,1247
COL1854,2023,85.9,75.4,89.2,8.1,15,69.4,83.5,86.5,1298
COL1854,2024,86.8,76.1,85.6,6.2,14,76.4,80.9,88.7,1188
COL1854,2025,83.4,74.4,91.1,6.4,13,73.4,81.2,81.8,1257
COL1855,2021,76.4,68.7,77.5,9.1,18,59.2,76.8,70.8,1727
COL1855,2022,81.8,67.3,80.1,10.9,15,66.0,78.0,79.5,1603
COL1855,2023,77.2,65.0,79.2,11.7,15,61.5,76.7,70.7,1833
COL1855,2024,82.6,74.1,92.1,9.6,17,70.6,81.2,77.2,1490
COL1855,2025,81.0,74.4,85.4,9.0,15,66.8,76.9,78.6,1550
COL1856,2021,92.3,83.6,95.8,2.4,12,83.6,86.6,94.7,628
COL1856,2022,90.6,84.7,96.7,3.2,10,91.2,88.7,95.6,628
COL1856,2023,90.2,91.6,100,2.6,9,88.2,92.3,92.0,524
COL1856,2024,89.0,85.7,99.7,2.7,10,84.6,93.7,89.5,677
COL1856,2025,89.8,85.0,97.9,4.5,12,79.7,87.1,94.0,906
COL1857,2021,81.3,79.6,97.6,7.3,14,73.9,80.5,80.5,1159
COL1857,2022,88.0,81.7,100,5.4,13,78.1,86.9,79.2,1060
COL1857,2023,87.4,80.2,97.2,4.0,13,75.7,84.5,88.6,923
COL1857,2024,90.3,82.6,96.6,4.3,13,78.0,85.2,83.7,1007
COL1857,2025,87.0,80.2,92.0,5.4,15,79.1,84.4,82.8,1065
COL1858,2021,95.8,90.0,100,2.9,8,93.0,92.2,94.8,455
COL1858,2022,94.1,98,100,1.1,8,100,93.4,90.7,136
COL1858,2023,100,98,100,0,8,100,100,91.2,43
COL1858,2024,100,95.2,100,0.5,8,95.8,99.9,91.1,229
COL1858,2025,97.7,98,100,1.3,10,98.7,94.3,99.3,73
COL1859,2021,93.3,92.3,100,0.2,8,100,97.4,91.9,164
COL1859,2022,99.2,98,100,0,8,100,94.4,93.5,107
COL1859,2023,99.7,94.7,100,0,9,100,98.6,98.7,3
COL1859,2024,94.2,98,100,2.6,8,100,100,95.8,158
COL1859,2025,99.7,92.9,100,0,9,100,97.6,98.6,25
COL1860,2021,82.6,69.0,85.2,6.8,16,68.4,80.9,81.1,1431
COL1860,2022,80.6,68.3,78.2,10.8,15,68.6,76.2,76.9,1588
COL1860,2023,85.8,77.4,91.3,7.7,13,67.5,80.4,81.6,1290
COL1860,2024,86.9,73.4,86.8,6.8,13,65.6,85.3,79.0,1375
COL1860,2025,83.7,72.0,87.3,9.0,17,70.9,78.1,83.5,1519
COL1861,2021,83.9,73.0,81.8,5.9,14,80.0,83.4,78.4,1208
COL1861,2022,83.7,76.7,90.0,7.9,14,73.9,79.7,78.7,1383
COL1861,2023,78.2,78.4,87.0,10.8,17,81.3,76.6,78.3,1481
COL1861,2024,78.6,68.0,81.4,9.3,15,71.5,79.2,78.6,1621
COL1861,2025,82.2,67.4,80.0,10.3,16,70.9,79.2,75.9,1606
COL1862,2021,86.8,84.1,100,4.7,11,81.0,82.4,82.7,922
COL1862,2022,88.9,90.3,100,3.9,10,89.3,88.3,83.6,702
COL1862,2023,89.4,79.9,93.8,3.3,13,88.0,86.4,92.5,795
COL1862,2024,92.6,90.5,100,5.0,13,87.1,91.9,83.7,756
COL1862,2025,89.5,86.0,100,2.0,9,90.3,91.3,94.3,546
COL1863,2021,89.3,82.1,100,6.2,12,84.6,91.5,80.9,856
COL1863,2022,89.9,78.7,96.8,4.2,11,76.1,84.9,81.0,1077
COL1863,2023,87.8,74.8,87.9,5.4,11,72.0,82.1,79.0,1251
COL1863,2024,91.3,85.9,100,5.3,11,84.1,90.2,81.9,812
COL1863,2025,80.7,76.9,93.5,6.2,15,69.1,79.4,81.5,1301
COL1864,2021,83.3,79.3,95.5,6.8,13,73.9,83.0,82.4,1198
COL1864,2022,85.7,74.8,91.0,4.3,13,71.1,88.9,84.8,1085
COL1864,2023,83.5,79.8,97.0,5.0,15,76.2,83.4,82.5,1135
COL1864,2024,85.1,84.1,100,5.7,15,80.8,84.4,78.6,1043
COL1864,2025,83.5,80.5,99.7,5.1,11,73.4,81.1,79.7,1156
COL1865,2021,92.1,87.3,100,2.7,11,87.2,88.5,95.5,482
COL1865,2022,88.5,84.3,100,2.1,9,88.2,88.7,87.7,572
COL1865,2023,88.7,80.4,100,2.9,11,86.8,85.3,90.4,683
COL1865,2024,92.7,90.4,100,1.9,9,83.5,86.6,86.4,622
COL1865,2025,92.3,89.2,99.3,4.4,9,92.5,90.0,88.6,656
COL1866,2021,77.7,67.7,87.0,11.1,17,70.2,75.5,77.8,1574
COL1866,2022,78.6,69.7,85.4,9.4,15,69.2,79.1,81.5,1546
COL1866,2023,84.4,71.1,84.8,6.8,14,66.3,82.1,80.8,1458
COL1866,2024,82.4,69.2,86.6,9.9,16,59.3,76.6,81.3,1610
COL1866,2025,82.1,70.3,88.6,10.4,17,68.9,81.2,78.3,1568
COL1867,2021,79.3,66.3,75.2,10.2,18,58.8,74.3,68.4,1738
COL1867,2022,78.5,59.8,68.4,10.2,17,55.1,75.7,68.1,1852
COL1867,2023,78.8,64.6,74.5,9.8,19,55.8,71.8,73.5,1805
COL1867,2024,74.0,62.6,77.8,12.4,19,53.2,72.5,76.3,1863
COL1867,2025,77.2,66.4,80.1,9.8,18,55.8,71.6,70.2,1803
COL1868,2021,95.7,93.1,100,0.8,10,87.7,98.1,93.7,306
COL1868,2022,91.9,87.8,100,0.6,10,89.1,95.3,95.3,430
COL1868,2023,91.7,87.1,99.0,3.2,12,93.2,89.7,89.3,606
COL1868,2024,90.2,85.9,100,5.2,9,90.8,87.3,92.6,667
COL1868,2025,95.4,92.2,100,4.0,12,93.1,96.5,92.3,462
COL1869,2021,98.7,94.7,100,0,11,89.5,98.2,96.5,187
COL1869,2022,96.0,93.8,100,0.7,9,91.3,90.2,91.9,240
COL1869,2023,92.2,91.9,100,2.1,11,87.6,98.4,89.8,372
COL1869,2024,97.7,92.9,100,1.4,8,96.7,97.6,96.7,205
COL1869,2025,91.1,97.3,100,1.7,9,96.5,90.4,90.9,422
COL1870,2021,94.3,89.5,100,4.3,13,87.7,92.3,87.2,601
COL1870,2022,87.0,84.4,100,5.3,10,86.7,86.3,88.4,777
COL1870,2023,95.4,86.4,97.1,2.6,10,84.4,93.6,89.7,633
COL1870,2024,88.1,89.5,100,3.6,11,88.5,91.3,90.9,604
COL1870,2025,91.4,86.4,100,4.2,13,80.4,93.4,85.1,874
COL1871,2021,97.8,97.0,100,1.1,8,90.6,98.5,89.4,214
COL1871,2022,92.2,92.4,100,2.5,8,96.4,91.1,98.5,394
COL1871,2023,93.0,95.2,100,3.3,8,92.9,93.5,93.8,366
COL1871,2024,96.4,97.7,100,0,8,96.3,100.0,93.3,39
COL1871,2025,95.8,96.7,100,2.7,8,96.0,96.6,90.6,269
COL1872,2021,88.8,72.9,85.2,6.6,16,74.3,84.0,85.9,1231
COL1872,2022,85.7,76.4,89.0,7.5,15,70.5,86.5,78.4,1349
COL1872,2023,83.3,72.1,86.7,9.3,14,69.3,77.2,77.9,1488
COL1872,2024,81.9,79.8,95.7,6.6,14,72.7,85.6,79.5,1258
COL1872,2025,81.5,74.4,92.6,8.1,17,65.8,83.3,74.9,1507
COL1873,2021,74.9,63.6,75.9,12.6,17,57.6,71.9,69.4,1851
COL1873,2022,76.0,66.5,84.9,12.7,19,55.0,69.7,71.8,1846
COL1873,2023,77.8,69.5,89.6,11.1,16,61.2,79.8,79.2,1702
COL1873,2024,82.8,69.6,87.7,10.1,17,65.8,75.8,71.5,1658
COL1873,2025,85.3,75.1,88.1,9.9,16,66.4,81.8,73.6,1540
COL1874,2021,95.9,97.5,100,2.9,11,92.7,99.2,95.6,334
COL1874,2022,92.2,92.2,100,1.7,10,98.9,92.8,92.5,299
COL1874,2023,95.3,89.3,100,3.9,10,89.2,92.3,99.3,462
COL1874,2024,98.8,98,100,0,9,100,97.0,93.9,120
COL1874,2025,94.1,97.2,100,2.4,8,97.9,95.3,91.0,277
COL1875,2021,87.7,81.3,95.5,4.3,13,84.8,87.9,84.2,783
COL1875,2022,93.3,85.8,100,6.0,12,77.5,89.3,89.8,810
COL1875,2023,90.9,86.1,100,2.2,13,80.8,90.5,93.8,542
COL1875,2024,90.5,87.8,100,2.9,12,90.1,89.2,90.6,618
COL1875,2025,89.1,90.5,100,1.9,10,85.9,91.2,96.4,555
COL1876,2021,83.1,76.9,93.3,7.7,14,81.7,82.6,84.2,1155
COL1876,2022,90.6,85.2,95.2,5.9,11,86.1,89.6,81.8,849
COL1876,2023,88.1,75.6,94.8,7.5,13,72.3,80.4,89.9,1291
COL1876,2024,88.7,77.1,93.7,8.2,14,77.5,84.6,76.8,1237
COL1876,2025,86.2,79.0,95.7,6.3,14,80.7,83.6,84.6,1157
COL1877,2021,95.4,97.4,100,2.6,10,97.2,95.6,94.4,281
COL1877,2022,98.4,90.1,100,2.8,10,100,96.2,99.1,198
COL1877,2023,97.3,94.3,100,0.6,10,100,96.8,97.3,33
COL1877,2024,94.0,88.6,100,2.2,9,93.7,94.8,88.6,556
COL1877,2025,90.1,91.0,100,2.6,9,94.6,93.9,88.9,478
COL1878,2021,86.9,81.9,96.6,3.6,13,89.7,88.0,90.7,684
COL1878,2022,92.8,84.4,100,3.1,10,98.9,87.5,86.7,523
COL1878,2023,92.3,87.4,100,1.6,10,99.8,92.8,94.7,343
COL1878,2024,93.7,92.8,100,1.7,9,100,90.8,84.1,398
COL1878,2025,96.9,88.6,100,2.4,8,100,94.4,89.8,441
COL1879,2021,74.1,67.9,77.7,10.8,20,61.1,74.8,74.3,1704
COL1879,2022,75.4,65.7,81.2,11.5,16,58.8,75.7,73.9,1767
COL1879,2023,81.8,64.0,81.4,11.5,18,64.4,75.9,79.0,1746
COL1879,2024,76.7,65.9,83.9,10.4,17,58.7,77.1,73.4,1783
COL1879,2025,76.1,72.0,86.8,9.3,15,64.6,74.3,80.0,1566
COL1880,2021,85.7,83.7,96.8,5.0,10,83.1,85.4,90.4,849
COL1880,2022,93.6,86.0,100,4.0,10,88.6,95.7,96.3,514
COL1880,2023,88.9,84.9,98.9,4.0,13,83.8,89.8,86.6,732
COL1880,2024,93.2,93.2,100,2.1,9,92.5,91.7,90.9,531
COL1880,2025,91.1,89.5,100,2.0,12,84.3,91.1,85.2,705
COL1881,2021,82.3,68.7,78.5,10.8,18,65.8,75.2,76.8,1671
COL1881,2022,80.9,67.7,81.6,9.7,16,65.5,79.6,74.0,1596
COL1881,2023,77.4,71.1,87.8,11.1,18,68.6,79.5,71.6,1685
COL1881,2024,78.8,78.3,90.7,8.8,17,78.5,80.0,74.8,1357
COL1881,2025,80.1,67.5,81.4,10.8,16,69.7,78.9,81.9,1658
COL1882,2021,93.4,91.3,100,0.8,8,100,89.7,89.4,299
COL1882,2022,94.1,90.2,100,2.6,8,100,93.9,91.0,333
COL1882,2023,97.0,95.1,100,1.0,9,89.3,91.7,97.2,288
COL1882,2024,94.4,94.6,100,0.9,8,89.7,95.0,90.2,326
COL1882,2025,92.8,86.7,97.2,1.5,8,90.3,91.8,99.1,450
COL1883,2021,70.4,58.8,77.1,14.7,20,51.8,70.1,71.7,1947
COL1883,2022,73.2,63.1,79.9,13.0,19,52.0,72.1,63.5,1881
COL1883,2023,72.2,61.2,79.5,12.9,18,47.4,68.0,70.4,1931
COL1883,2024,72.6,59.3,74.3,13.8,21,45.5,68.8,71.5,1962
COL1883,2025,71.2,56.7,70.8,15.3,19,49.7,69.8,65.7,1978
COL1884,2021,85.9,72.6,82.1,6.1,14,63.0,83.1,81.1,1336
COL1884,2022,82.8,65.0,78.8,11.1,14,63.1,76.4,74.4,1741
COL1884,2023,79.7,71.4,91.6,9.6,17,71.6,80.9,82.2,1438
COL1884,2024,80.7,73.7,82.3,7.0,16,62.1,79.9,78.2,1547
COL1884,2025,76.5,69.7,87.7,10.8,14,59.9,74.2,76.8,1706
COL1885,2021,93.2,92.7,100,2.1,10,100,89.3,88.9,409
COL1885,2022,90.5,88.4,100,3.0,12,96.8,93.8,94.8,377
COL1885,2023,93.5,89.1,100,2.9,10,100,87.9,91.3,458
COL1885,2024,94.0,97.1,100,1.4,9,100,96.2,99.1,219
COL1885,2025,94.9,91.1,100,3.7,9,100,92.2,92.5,505
COL1886,2021,81.5,79.4,88.7,9.3,15,76.5,82.6,82.6,1293
COL1886,2022,79.1,75.5,88.0,7.7,13,75.8,76.9,76.4,1428
COL1886,2023,85.3,68.6,86.9,7.5,14,74.2,76.6,74.7,1483
COL1886,2024,82.8,80.9,99.6,8.8,13,78.5,84.2,84.0,1245
COL1886,2025,87.6,81.3,99.4,5.5,13,81.8,87.7,83.1,1064
COL1887,2021,86.7,87.7,100,3.7,13,81.6,88.5,87.2,756
COL1887,2022,91.5,88.6,100,3.8,11,90.1,86.8,90.8,669
COL1887,2023,89.2,86.6,98.0,4.0,11,80.8,89.2,85.6,743
COL1887,2024,89.9,80.5,97.5,4.0,10,81.4,89.6,91.8,865
COL1887,2025,93.1,87.4,100,4.6,10,86.8,95.7,92.4,725
COL1888,2021,89.7,85.3,96.9,3.9,12,80.0,87.9,84.8,762
COL1888,2022,88.4,80.6,94.9,7.0,12,82.6,84.1,85.2,1001
COL1888,2023,86.3,83.2,100,6.1,11,84.4,80.9,83.2,1022
COL1888,2024,91.7,78.0,93.7,4.0,14,77.8,89.4,90.2,968
COL1888,2025,86.1,80.2,94.0,3.5,10,87.1,85.5,90.5,889
COL1889,2021,88.9,78.4,92.1,7.8,15,88.3,84.8,81.5,1015
COL1889,2022,91.2,87.6,99.2,5.2,14,87.9,86.6,86.4,695
COL1889,2023,83.4,79.4,95.7,8.2,14,82.7,78.7,78.1,1183
COL1889,2024,88.3,81.2,94.2,6.3,13,92.3,83.4,79.9,1003
COL1889,2025,82.4,80.7,93.5,5.2,15,89.3,84.6,78.4,1034
COL1890,2021,77.0,73.1,82.8,9.5,15,69.9,73.3,77.7,1517
COL1890,2022,76.8,77.2,93.0,7.9,15,79.0,76.4,72.0,1393
COL1890,2023,79.2,77.6,95.7,9.1,14,73.0,78.8,72.6,1386
COL1890,2024,85.3,70.3,87.7,8.4,16,73.5,82.2,82.0,1443
COL1890,2025,83.3,86.8,100,5.1,12,89.4,85.9,87.5,905
COL1891,2021,86.1,86.1,100,7.1,12,90.6,88.6,80.9,867
COL1891,2022,90.4,85.9,100,5.0,12,87.9,89.0,90.1,645
COL1891,2023,87.4,87.1,96.7,5.1,12,93.4,89.9,81.7,773
COL1891,2024,86.8,88.4,100,6.3,13,88.5,88.9,85.9,861
COL1891,2025,84.4,86.9,100,5.9,12,87.9,86.9,86.2,938
COL1892,2021,95.6,95.5,100,0.6,9,100,95.5,95.8,147
COL1892,2022,90.9,96.1,100,1.6,12,100,94.3,85.6,315
COL1892,2023,92.6,93.1,100,2.8,8,100,93.5,94.9,265
COL1892,2024,95.1,93.2,100,3.9,9,99.5,94.9,89.2,502
COL1892,2025,93.7,87.4,100,1.4,9,100,94.0,95.3,389
COL1893,2021,87.1,77.2,91.8,5.0,13,73.1,81.7,85.3,1031
COL1893,2022,85.4,83.1,99.4,7.8,14,77.0,83.0,83.9,1183
COL1893,2023,89.5,76.7,96.8,3.9,12,76.0,83.5,86.3,1023
COL1893,2024,82.5,78.7,94.4,5.7,14,76.8,82.7,89.0,1099
COL1893,2025,88.3,80.5,100,3.1,14,79.8,89.7,89.9,767
COL1894,2021,98.8,96.1,100,0.3,9,98.5,94.7,99.5,101
COL1894,2022,93.0,91.0,100,2.5,8,99.4,96.7,97.3,197
COL1894,2023,100,98,100,0,9,100,99.0,97.9,7
COL1894,2024,93.6,89.9,100,0.0,10,95.4,98.5,96.0,218
COL1894,2025,94.3,94.4,100,2.5,8,92.4,97.1,94.0,342
COL1895,2021,90.7,82.7,100,5.8,13,83.4,90.2,88.2,825
COL1895,2022,94.5,85.5,97.5,3.7,9,93.1,91.0,89.9,510
COL1895,2023,88.7,88.7,100,1.6,9,90.1,94.6,87.5,514
COL1895,2024,88.8,87.0,100,2.1,11,79.9,92.1,89.4,726
COL1895,2025,90.2,86.0,100,4.8,9,91.5,95.1,92.7,744
COL1896,2021,85.4,89.5,100,7.1,10,93.0,86.1,92.4,751
COL1896,2022,89.3,92.2,100,2.6,11,93.4,91.1,90.7,511
COL1896,2023,92.8,90.7,100,5.1,11,92.2,91.2,83.4,596
COL1896,2024,90.5,88.1,100,6.6,12,89.3,86.5,92.1,759
COL1896,2025,89.2,86.9,100,6.1,11,95.2,82.8,83.6,872
COL1897,2021,82.7,76.2,87.4,8.6,14,66.5,83.7,84.1,1305
COL1897,2022,81.8,71.0,85.6,10.5,13,71.8,75.2,83.6,1565
COL1897,2023,83.4,68.4,80.7,9.0,13,72.1,77.9,82.4,1528
COL1897,2024,82.2,70.4,79.4,9.6,15,70.6,78.3,81.3,1568
COL1897,2025,85.3,77.5,89.8,6.3,16,76.8,77.8,80.3,1352
COL1898,2021,84.5,80.0,89.1,6.7,15,79.0,83.8,78.7,1086
COL1898,2022,88.2,79.9,91.8,3.8,11,79.5,86.4,86.5,967
COL1898,2023,84.5,76.6,87.9,7.7,13,73.6,87.4,84.5,1292
COL1898,2024,86.5,83.7,97.6,5.3,13,78.3,89.2,88.4,999
COL1898,2025,87.1,85.6,98.7,3.4,10,77.4,85.3,91.4,836
COL1899,2021,81.3,73.6,88.5,9.6,15,69.6,81.1,74.4,1452
COL1899,2022,82.9,72.0,89.4,9.1,14,73.1,82.8,82.3,1341
COL1899,2023,82.2,81.1,91.7,8.7,13,79.6,81.4,83.9,1277
COL1899,2024,86.2,71.6,88.2,6.2,12,70.8,80.0,78.1,1402
COL1899,2025,82.5,77.4,89.3,6.1,15,79.1,79.1,81.7,1203
COL1900,2021,67.0,53.7,63.1,16.4,22,43.8,61.3,64.2,1998
COL1900,2022,66.0,52.7,66.6,14.1,21,48.1,61.3,59.9,1989
COL1900,2023,73.4,51.9,69.4,12.9,20,46.3,67.1,60.2,1982
COL1900,2024,73.2,57.1,75.1,13.9,22,41.6,66.2,59.5,1992
COL1900,2025,70.1,53.4,64.0,12.3,18,43.3,65.7,66.2,1973
COL1901,2021,80.8,78.7,91.9,9.0,12,77.0,78.9,84.7,1346
COL1901,2022,87.9,77.3,97.7,7.2,12,79.6,85.5,80.6,1182
COL1901,2023,85.4,80.2,94.2,6.1,13,76.4,83.8,83.2,1136
COL1901,2024,82.7,75.4,93.3,5.3,12,72.7,79.9,79.8,1278
COL1901,2025,85.4,83.1,97.9,5.1,13,85.1,85.6,90.1,919
COL1902,2021,91.0,86.5,100,3.4,12,81.0,91.0,89.9,720
COL1902,2022,87.3,88.1,100,5.5,10,83.3,85.4,85.8,834
COL1902,2023,89.4,82.7,100,2.2,10,87.0,92.7,87.3,689
COL1902,2024,91.8,86.8,100,6.6,13,79.0,87.1,87.0,973
COL1902,2025,90.6,91.6,100,2.2,12,90.8,90.8,87.2,502
COL1903,2021,85.5,82.8,100,6.8,14,91.7,85.6,79.8,863
COL1903,2022,85.8,84.7,100,4.5,12,97.9,89.0,85.5,662
COL1903,2023,87.3,88.8,100,4.3,12,90.7,88.2,82.3,742
COL1903,2024,90.2,92.3,100,3.4,10,99.9,87.4,86.9,542
COL1903,2025,96.2,92.2,100,2.3,8,97.5,92.3,89.7,385
COL1904,2021,78.3,76.1,90.6,9.6,17,77.6,80.1,75.7,1378
COL1904,2022,79.7,69.1,86.0,10.6,14,82.7,74.1,78.6,1536
COL1904,2023,85.4,73.6,90.3,8.2,16,81.9,80.4,74.7,1296
COL1904,2024,85.4,73.6,93.8,8.7,17,73.7,81.8,79.7,1352
COL1904,2025,78.1,75.7,87.1,10.1,17,80.3,77.1,79.6,1478
COL1905,2021,99.8,91.6,100,2.3,8,100,96.5,95.0,205
COL1905,2022,94.7,91.7,100,2.6,8,94.8,95.3,97.0,392
COL1905,2023,93.0,91.6,100,0.3,11,94.6,93.8,95.4,304
COL1905,2024,98.1,93.5,100,0,8,99.9,100,98.4,59
COL1905,2025,100,98,100,1.1,8,100,98.8,100,54
COL1906,2021,79.2,70.7,89.2,6.5,14,68.9,79.6,81.1,1325
COL1906,2022,87.6,74.3,86.6,5.0,14,69.9,83.9,82.1,1217
COL1906,2023,82.6,76.1,94.1,6.5,16,63.2,80.6,74.8,1431
COL1906,2024,87.0,73.1,88.6,6.8,13,74.3,83.1,80.5,1350
COL1906,2025,86.5,76.2,92.6,8.2,14,65.2,80.6,74.4,1485
COL1907,2021,97.0,98,100,2.6,9,100,97.5,93.0,222
COL1907,2022,90.3,97.8,100,3.7,10,100,93.1,97.5,369
COL1907,2023,92.9,92.2,100,1.8,8,100,91.4,99.3,254
COL1907,2024,96.2,92.7,100,0.8,11,100,97.3,96.6,183
COL1907,2025,95.1,92.4,100,1.1,9,100,91.5,97.8,315
COL1908,2021,99.0,98,100,0.9,9,97.5,99.4,91.1,37
COL1908,2022,96.1,98,100,2.6,9,95.6,94.6,90.6,259
COL1908,2023,95.0,92.2,100,1.2,8,86.2,93.1,92.7,398
COL1908,2024,96.4,90.2,100,1.7,8,92.8,97.1,94.6,411
COL1908,2025,93.5,94.0,100,3.0,11,98.9,95.8,99.4,323
COL1909,2021,88.0,91.0,100,5.1,9,89.8,90.2,92.9,585
COL1909,2022,89.5,85.5,100,3.3,12,91.6,95.0,93.2,584
COL1909,2023,91.0,81.2,94.5,2.4,10,82.7,88.4,88.8,682
COL1909,2024,90.0,87.1,100,4.3,10,91.7,93.1,91.8,695
COL1909,2025,92.6,92.2,100,1.0,9,96.8,93.5,96.7,383
COL1910,2021,87.6,82.7,100,5.5,9,90.0,87.8,86.8,719
COL1910,2022,94.1,89.3,100,2.2,10,87.2,91.6,88.4,441
COL1910,2023,91.3,86.0,100,5.6,10,90.2,87.4,84.0,857
COL1910,2024,94.2,87.5,100,3.0,10,89.2,98.3,91.3,588
COL1910,2025,96.9,91.8,100,3.6,8,93.6,94.4,98.5,397
COL1911,2021,86.2,75.5,94.2,5.4,14,77.9,79.3,77.6,1085
COL1911,2022,82.9,80.0,96.9,7.1,15,73.2,83.5,85.6,1223
COL1911,2023,89.8,84.6,96.1,5.1,13,80.2,85.1,86.8,953
COL1911,2024,85.0,80.3,95.2,5.4,12,78.4,83.5,89.7,1002
COL1911,2025,90.5,89.2,100,4.8,12,86.6,91.9,88.3,778
COL1912,2021,83.8,74.8,91.4,6.1,12,75.3,83.6,86.0,1113
COL1912,2022,91.3,83.6,95.0,5.0,12,78.1,84.6,87.5,976
COL1912,2023,86.1,85.3,100,4.1,12,80.0,86.7,83.2,878
COL1912,2024,92.4,85.2,99.9,3.4,12,79.9,87.6,87.7,720
COL1912,2025,91.0,88.3,100,5.2,11,76.2,92.0,90.0,937
COL1913,2021,94.6,88.5,100,4.7,11,91.4,91.0,90.3,565
COL1913,2022,86.8,86.0,95.7,4.7,12,86.9,87.9,88.4,780
COL1913,2023,94.4,81.0,91.7,2.2,10,81.5,92.7,93.5,723
COL1913,2024,90.7,89.8,100,2.0,10,80.4,92.7,86.2,595
COL1913,2025,90.0,80.6,96.7,2.8,13,81.5,89.8,86.5,802
COL1914,2021,83.5,68.0,87.3,7.6,16,65.3,79.5,75.9,1442
COL1914,2022,86.4,77.5,96.3,7.8,15,74.9,82.4,76.7,1262
COL1914,2023,84.5,73.2,87.3,7.4,15,75.1,81.3,80.7,1311
COL1914,2024,78.7,73.1,82.9,9.0,15,75.0,75.9,75.4,1487
COL1914,2025,84.8,68.8,85.3,7.2,16,63.9,76.6,84.7,1525
COL1915,2021,92.7,85.1,97.8,1.3,10,90.7,92.0,87.8,525
COL1915,2022,91.4,88.2,100,2.6,10,88.7,95.9,94.7,443
COL1915,2023,95.3,85.4,98.5,2.1,10,86.4,92.8,83.3,616
COL1915,2024,90.3,87.2,98.8,4.5,9,86.6,89.7,84.9,713
COL1915,2025,91.5,88.1,100,1.8,11,84.5,91.2,92.6,629
COL1916,2021,96.2,90.4,100,0.6,9,100,89.9,90.0,200
COL1916,2022,96.9,92.4,100,2.4,8,100,98.9,97.4,199
COL1916,2023,94.8,94.3,100,3.4,8,100,93.7,94.2,313
COL1916,2024,97.9,91.8,100,1.8,8,100,93.3,100,252
COL1916,2025,91.4,94.4,100,3.3,8,100,92.6,96.1,330
COL1917,2021,91.8,80.9,93.1,2.5,9,83.4,87.9,87.3,630
COL1917,2022,95.7,86.6,100,1.4,11,92.0,95.4,93.3,407
COL1917,2023,90.7,94.5,100,0.9,11,89.2,92.9,95.1,420
COL1917,2024,93.0,90.5,100,2.4,11,87.0,90.7,93.9,478
COL1917,2025,93.0,98,100,1.2,9,99.5,95.8,91.6,160
COL1918,2021,71.9,64.6,73.5,14.6,19,52.7,70.1,71.2,1907
COL1918,2022,78.6,58.0,72.1,13.1,20,56.0,69.1,73.0,1905
COL1918,2023,76.1,58.5,77.6,10.3,17,53.8,71.2,78.0,1842
COL1918,2024,80.3,60.4,79.7,11.2,19,55.1,72.7,72.2,1854
COL1918,2025,77.5,64.5,76.1,12.5,16,59.1,72.5,71.8,1863
COL1919,2021,86.3,78.6,93.5,8.9,16,68.1,83.9,80.3,1348
COL1919,2022,84.7,74.9,91.6,8.4,13,62.4,82.8,80.3,1430
COL1919,2023,88.0,74.3,89.5,4.8,15,78.0,82.6,78.0,1203
COL1919,2024,88.1,71.6,92.0,6.6,14,75.1,83.2,84.5,1266
COL1919,2025,84.5,80.7,95.9,6.6,13,80.7,83.1,89.3,1097
COL1920,2021,91.3,85.9,100,4.9,13,82.5,91.7,87.0,708
COL1920,2022,89.0,76.2,86.1,5.9,14,77.1,84.8,78.9,1151
COL1920,2023,86.2,79.4,93.3,7.4,12,83.8,82.5,83.5,1152
COL1920,2024,90.4,81.8,100,5.3,12,79.3,85.5,82.5,933
COL1920,2025,89.9,84.8,100,6.9,13,81.1,83.8,91.9,1008
COL1921,2021,73.6,53.5,64.9,15.3,21,47.0,67.2,69.4,1986
COL1921,2022,74.7,53.9,69.4,11.1,19,41.6,71.3,66.0,1943
COL1921,2023,75.1,58.8,74.8,12.8,19,47.2,69.9,66.0,1930
COL1921,2024,76.1,56.9,67.9,10.8,19,50.1,72.0,72.3,1873
COL1921,2025,76.4,53.7,63.1,12.7,18,48.0,70.1,66.6,1969
COL1922,2021,83.4,84.5,100,7.8,13,90.4,82.3,83.6,927
COL1922,2022,85.4,79.9,98.6,6.3,14,86.2,84.0,76.9,1097
COL1922,2023,85.9,78.2,95.6,5.5,13,86.5,86.1,84.2,957
COL1922,2024,87.1,80.2,98.4,7.6,14,86.6,79.6,80.0,1094
COL1922,2025,85.4,80.5,100,7.1,14,93.6,88.7,81.3,1040
COL1923,2021,80.1,69.1,84.0,10.2,16,60.1,76.4,75.0,1663
COL1923,2022,76.7,64.9,73.4,11.0,17,61.7,79.2,69.4,1738
COL1923,2023,81.8,69.7,89.0,11.2,16,59.6,75.2,76.0,1692
COL1923,2024,81.2,74.4,89.0,10.1,17,66.5,81.5,79.4,1524
COL1923,2025,82.3,69.7,88.6,9.9,14,63.9,78.3,79.9,1645
COL1924,2021,87.8,77.1,87.8,5.7,15,83.3,83.0,76.9,1088
COL1924,2022,84.2,82.0,92.5,5.4,14,82.2,86.4,79.0,975
COL1924,2023,85.9,78.8,89.2,5.6,15,83.6,81.7,76.3,1076
COL1924,2024,86.0,83.7,99.4,6.4,15,81.5,86.2,86.4,951
COL1924,2025,89.2,80.8,92.3,5.0,13,83.6,84.9,81.9,1083
COL1925,2021,83.9,82.2,97.2,8.7,12,71.7,85.4,80.3,1254
COL1925,2022,85.9,84.1,93.3,7.7,14,80.4,83.1,84.4,1070
COL1925,2023,86.1,84.9,100,4.5,11,75.4,86.7,89.2,895
COL1925,2024,86.2,78.6,92.2,5.6,11,84.4,81.6,85.9,1049
COL1925,2025,88.6,78.0,92.2,6.4,14,75.8,81.9,87.7,1206
COL1926,2021,71.0,51.9,61.7,13.0,20,51.2,62.7,69.3,1973
COL1926,2022,72.7,50.2,62.2,13.0,22,40.4,63.3,66.1,1986
COL1926,2023,68.9,53.1,64.0,14.7,19,45.5,68.8,68.3,1978
COL1926,2024,72.6,55.9,67.5,12.1,20,44.3,67.5,66.3,1948
COL1926,2025,72.8,54.9,70.6,12.5,20,44.9,64.6,65.5,1954
COL1927,2021,92.3,96.3,100,3.1,9,100,94.0,95.3,309
COL1927,2022,95.7,96.8,100,1.5,8,100,94.7,98.0,182
COL1927,2023,94.2,88.8,100,2.7,11,100,89.3,89.4,393
COL1927,2024,91.6,91.7,100,2.0,10,100,94.8,96.4,334
COL1927,2025,90.9,93.3,100,3.9,8,100,91.2,95.9,484
COL1928,2021,82.8,81.0,97.5,8.5,14,80.7,81.2,81.1,1222
COL1928,2022,83.4,81.2,91.9,7.5,15,83.8,83.9,77.7,1166
COL1928,2023,90.1,80.8,90.0,5.4,15,84.6,85.8,81.3,1020
COL1928,2024,87.5,78.2,93.8,7.7,14,82.5,78.6,81.0,1212
COL1928,2025,91.8,87.3,100,2.9,11,92.3,90.0,86.6,569
COL1929,2021,84.1,67.1,86.4,7.0,17,60.8,78.3,81.1,1508
COL1929,2022,83.7,69.0,83.5,8.5,14,65.0,80.9,73.7,1535
COL1929,2023,82.4,71.9,84.5,11.2,16,64.7,74.0,79.5,1681
COL1929,2024,79.9,73.6,87.5,10.1,16,67.6,79.2,70.3,1593
COL1929,2025,78.9,65.1,80.4,9.8,18,64.0,71.4,80.7,1718
COL1930,2021,83.0,72.1,89.0,7.9,17,64.2,74.6,78.8,1471
COL1930,2022,82.6,74.1,83.8,10.9,16,66.9,77.0,74.4,1570
COL1930,2023,83.2,71.0,90.6,7.7,17,58.6,76.5,72.0,1547
COL1930,2024,77.8,68.0,82.0,10.2,17,67.8,79.7,81.2,1634
COL1930,2025,79.4,68.9,86.0,11.0,18,57.4,71.5,78.1,1769
COL1931,2021,99.0,96.6,100,0,8,93.6,93.9,97.1,42
COL1931,2022,94.0,98,100,0.2,9,99.7,94.5,92.3,123
COL1931,2023,99.6,96.5,100,2.2,8,98.2,95.6,97.1,256
COL1931,2024,97.5,95.3,100,2.2,8,99.2,96.5,98.8,124
COL1931,2025,93.3,95.4,100,1.5,9,100,94.5,94.3,202
COL1932,2021,78.9,79.7,93.1,7.4,15,81.7,76.9,83.7,1194
COL1932,2022,82.8,73.1,87.7,9.6,16,73.9,74.8,82.6,1505
COL1932,2023,77.8,79.5,92.2,9.5,15,82.0,77.9,75.0,1325
COL1932,2024,79.4,73.0,81.5,9.1,15,78.9,75.4,81.3,1465
COL1932,2025,83.5,75.0,83.7,6.1,17,76.8,81.5,83.8,1307
COL1933,2021,82.3,72.8,86.9,8.8,13,79.9,77.1,84.3,1359
COL1933,2022,81.6,77.8,91.8,9.5,14,77.7,75.7,77.8,1331
COL1933,2023,79.4,77.0,87.1,6.9,13,83.5,78.7,79.1,1272
COL1933,2024,83.5,76.1,89.5,5.7,14,83.4,85.4,78.3,1170
COL1933,2025,88.1,78.5,97.6,4.9,15,86.6,79.3,85.2,976
COL1934,2021,69.0,53.6,70.1,14.2,22,46.9,67.2,59.3,1976
COL1934,2022,74.1,60.5,77.6,14.0,19,44.6,68.0,66.5,1942
COL1934,2023,76.0,53.2,65.3,12.4,18,45.4,70.4,65.6,1973
COL1934,2024,67.1,55.5,63.1,13.8,18,42.6,62.8,70.4,1990
COL1934,2025,67.8,51.1,64.0,16.4,22,47.2,64.6,69.3,1997
COL1935,2021,75.3,58.0,70.8,10.2,16,56.9,69.2,75.5,1843
COL1935,2022,79.9,70.4,81.3,9.1,16,62.3,78.5,72.4,1606
COL1935,2023,72.9,69.0,87.6,11.2,18,60.3,70.5,72.1,1814
COL1935,2024,77.8,72.1,80.9,10.4,16,64.8,76.1,76.8,1705
COL1935,2025,80.6,65.4,77.3,11.4,18,61.4,72.8,68.2,1800
COL1936,2021,97.5,98,100,0.5,9,100,93.9,90.6,146
COL1936,2022,88.1,88.6,100,1.6,10,85.4,89.1,91.4,620
COL1936,2023,93.2,94.5,100,1.3,10,89.8,95.9,90.8,337
COL1936,2024,95.5,97.4,100,2.1,8,97.2,94.1,91.2,363
COL1936,2025,97.9,94.9,100,1.0,12,86.8,94.5,96.3,370
COL1937,2021,83.4,84.0,94.0,8.2,13,84.5,84.0,86.4,1100
COL1937,2022,86.9,83.4,97.0,6.0,14,89.1,88.4,82.8,887
COL1937,2023,87.2,79.8,96.8,5.5,13,88.8,84.5,80.7,951
COL1937,2024,83.8,85.2,98.9,6.7,14,97.7,81.7,91.6,881
COL1937,2025,87.8,83.6,100,3.1,10,98.8,86.8,84.9,728
COL1938,2021,72.4,59.4,73.6,13.8,20,42.1,67.7,66.1,1965
COL1938,2022,73.8,58.1,70.1,13.7,21,49.7,64.2,69.3,1972
COL1938,2023,72.5,53.1,66.3,14.2,20,37.1,64.2,58.8,1995
COL1938,2024,71.2,58.5,75.2,14.6,18,46.5,65.4,62.5,1980
COL1938,2025,71.9,52.8,67.5,12.2,19,37.6,66.7,62.2,1992
COL1939,2021,89.7,86.1,100,1.8,12,87.5,93.2,89.3,570
COL1939,2022,91.8,83.9,98.1,4.3,13,91.0,91.0,85.3,712
COL1939,2023,93.6,89.4,100,0.6,9,94.7,96.3,91.2,291
COL1939,2024,93.6,91.2,100,2.6,8,92.7,90.6,88.7,465
COL1939,2025,90.6,92.6,100,2.9,8,88.7,94.2,91.7,601
COL1940,2021,87.6,87.0,100,5.8,13,95.0,91.0,84.6,724
COL1940,2022,89.5,88.2,100,5.4,14,89.5,89.7,83.8,808
COL1940,2023,89.1,92.4,100,3.7,10,94.5,90.1,81.3,588
COL1940,2024,88.0,90.3,100,4.9,10,94.6,85.9,87.0,632
COL1940,2025,90.8,90.4,100,2.6,10,99.8,88.0,92.3,538
COL1941,2021,83.7,74.8,85.1,7.4,13,80.9,80.5,80.4,1298
COL1941,2022,79.0,71.8,84.8,8.3,14,79.4,77.5,84.9,1369
COL1941,2023,82.2,71.9,91.0,8.1,14,74.1,83.3,74.9,1447
COL1941,2024,84.8,76.6,86.3,7.5,14,87.9,84.1,79.8,1182
COL1941,2025,85.9,83.0,95.2,6.1,16,80.1,86.9,86.8,1042
COL1942,2021,89.9,74.8,84.3,6.3,15,74.1,86.6,89.2,1044
COL1942,2022,90.9,86.6,96.9,3.0,11,85.8,90.0,81.0,756
COL1942,2023,86.4,79.0,98.1,5.5,14,78.8,89.6,88.1,1037
COL1942,2024,84.3,82.2,100,7.2,11,76.7,81.4,83.6,1163
COL1942,2025,85.2,81.0,90.6,7.5,13,75.5,86.7,91.4,1127
COL1943,2021,79.6,68.1,84.2,9.0,15,64.0,78.4,80.1,1590
COL1943,2022,81.4,73.5,86.9,8.8,16,69.7,80.7,76.9,1503
COL1943,2023,79.2,68.2,85.1,7.9,17,65.9,75.6,82.3,1538
COL1943,2024,82.5,70.0,80.8,9.8,14,62.7,77.2,75.7,1645
COL1943,2025,83.9,72.1,91.8,10.0,15,68.8,78.7,76.4,1571
COL1944,2021,75.9,55.4,65.0,11.6,19,50.1,70.3,71.5,1931
COL1944,2022,75.8,56.3,71.2,11.2,18,43.0,65.3,70.9,1937
COL1944,2023,69.6,57.8,64.6,14.4,19,45.6,65.1,67.4,1987
COL1944,2024,73.5,53.9,63.2,14.1,19,46.6,70.7,70.0,1974
COL1944,2025,74.5,57.1,70.0,13.3,21,41.4,64.7,72.7,1964
COL1945,2021,85.1,78.1,91.5,7.2,16,81.4,84.8,80.3,1101
COL1945,2022,78.6,68.8,80.1,9.5,15,71.8,79.4,78.1,1568
COL1945,2023,83.4,74.9,94.8,9.8,14,75.5,77.3,76.2,1455
COL1945,2024,84.4,69.2,81.2,7.5,14,73.2,76.9,74.0,1533
COL1945,2025,77.8,68.7,88.3,8.3,15,72.9,78.3,76.8,1487
COL1946,2021,92.8,94.1,100,3.0,11,100,91.7,93.5,251
COL1946,2022,91.0,93.7,100,3.7,12,100,87.9,89.7,482
COL1946,2023,92.1,90.2,100,4.7,10,100,91.1,88.9,600
COL1946,2024,92.0,93.8,100,1.8,12,99.1,91.8,89.8,421
COL1946,2025,87.7,89.6,100,5.1,11,100,87.9,84.5,756
COL1947,2021,97.4,91.3,100,0.4,10,89.8,97.9,89.6,194
COL1947,2022,91.8,90.6,100,1.6,11,90.1,90.7,87.7,480
COL1947,2023,99.4,90.4,100,2.7,11,98.6,98.4,92.1,355
COL1947,2024,89.6,89.6,100,5.2,11,87.5,89.3,94.3,701
COL1947,2025,95.5,92.4,100,0.6,9,89.5,93.1,95.0,309
COL1948,2021,93.1,91.0,100,3.8,11,89.9,89.7,82.7,559
COL1948,2022,90.0,84.1,100,5.6,12,98.0,85.7,90.2,644
COL1948,2023,89.2,85.0,98.4,5.6,13,92.5,92.9,84.9,701
COL1948,2024,87.5,90.2,100,6.1,12,99.9,88.9,85.9,775
COL1948,2025,87.5,88.2,100,4.9,13,93.7,86.2,89.4,785
COL1949,2021,96.3,97.4,100,0.6,8,92.2,93.3,93.8,170
COL1949,2022,98.0,93.1,100,1.5,9,100,100,92.9,92
COL1949,2023,97.2,96.3,100,2.2,8,100,94.0,91.4,251
COL1949,2024,96.4,98,100,0,10,100,100,93.1,14
COL1949,2025,93.8,95.2,100,3.9,8,99.4,92.0,91.9,504
COL1950,2021,89.0,80.5,97.6,4.9,15,82.6,81.8,85.1,892
COL1950,2022,84.6,79.4,89.3,5.7,12,93.3,84.9,89.1,968
COL1950,2023,89.6,84.0,94.2,5.7,13,93.2,89.2,90.1,808
COL1950,2024,86.1,87.0,100,7.8,14,95.1,83.5,83.5,921
COL1950,2025,92.9,89.5,99.1,4.8,12,99.7,84.7,92.7,593
COL1951,2021,97.0,97.4,100,1.0,8,96.1,92.6,94.7,159
COL1951,2022,100,98,100,1.4,8,100,100,93.1,38
COL1951,2023,98.2,98,100,0,10,100,100,99.3,17
COL1951,2024,94.9,97.9,100,0,9,100,100,96.7,93
COL1951,2025,93.3,91.6,100,2.3,8,100,93.7,100,244
COL1952,2021,90.7,93.0,100,1.3,9,100,91.9,86.9,384
COL1952,2022,96.8,95.3,100,0,8,100,99.1,88.9,128
COL1952,2023,97.5,96.6,100,0,8,100,97.1,92.3,125
COL1952,2024,93.5,98,100,0,10,100,99.2,89.3,51
COL1952,2025,95.8,93.3,100,3.1,9,100,95.3,89.4,381
COL1953,2021,84.8,84.8,97.9,3.8,13,82.9,87.7,80.4,806
COL1953,2022,88.9,87.3,100,3.2,14,80.4,91.7,84.0,651
COL1953,2023,88.2,84.3,97.0,3.8,14,79.3,86.5,87.7,905
COL1953,2024,84.4,75.0,86.5,7.3,15,73.4,84.1,86.7,1209
COL1953,2025,90.6,84.5,98.9,3.8,10,80.0,83.1,81.5,950
COL1954,2021,86.6,84.4,93.9,6.5,12,93.7,86.8,83.1,876
COL1954,2022,87.1,89.1,100,4.9,10,96.4,85.4,83.7,738
COL1954,2023,85.0,87.9,100,5.9,13,97.9,84.6,90.6,787
COL1954,2024,87.9,81.4,91.0,4.6,13,88.6,84.7,81.7,920
COL1954,2025,88.1,85.4,97.3,2.9,11,100,85.8,93.9,594
COL1955,2021,74.5,65.8,74.1,9.7,17,58.8,73.0,69.8,1735
COL1955,2022,73.7,61.2,79.7,12.4,19,58.5,69.1,71.9,1873
COL1955,2023,71.2,59.6,71.0,14.3,17,56.8,70.4,65.9,1941
COL1955,2024,77.7,65.0,80.0,9.8,18,57.5,75.2,74.3,1736
COL1955,2025,80.6,60.0,77.2,11.2,16,61.1,73.2,69.3,1815
COL1956,2021,92.1,91.2,100,2.2,8,100,89.8,86.8,358
COL1956,2022,95.7,91.1,100,3.8,11,100,96.0,87.0,342
COL1956,2023,92.2,98,100,2.4,11,100,99.3,88.2,308
COL1956,2024,95.0,87.9,100,2.2,9,100,88.5,87.9,497
COL1956,2025,97.5,91.6,100,1.4,8,100,93.6,93.6,192
COL1957,2021,80.5,73.1,92.0,9.4,16,63.9,80.9,81.2,1486
COL1957,2022,82.6,70.7,88.2,6.5,17,63.3,83.3,73.0,1466
COL1957,2023,79.5,74.7,85.4,9.7,16,66.5,75.9,83.1,1486
COL1957,2024,81.0,65.2,80.2,7.2,15,64.6,78.1,81.0,1595
COL1957,2025,84.0,70.8,83.0,9.2,17,58.0,79.9,72.1,1610
COL1958,2021,81.1,78.6,90.5,9.2,15,84.5,77.7,84.4,1199
COL1958,2022,81.7,79.1,88.7,9.1,14,80.9,78.1,77.8,1268
COL1958,2023,86.3,70.8,84.1,8.9,16,71.5,83.2,75.1,1448
COL1958,2024,84.3,77.8,93.4,6.7,16,77.3,80.5,77.3,1306
COL1958,2025,82.4,78.1,91.8,8.5,16,77.1,78.6,74.7,1449
COL1959,2021,96.6,97.0,100,0.6,10,100,96.6,94.2,151
COL1959,2022,94.5,98,100,0,9,100,96.1,97.1,116
COL1959,2023,94.9,97.1,100,1.0,10,100,98.4,92.5,195
COL1959,2024,98.1,98,100,0.2,8,100,94.3,100,31
COL1959,2025,93.0,89.8,100,1.7,10,100,97.5,97.8,170
COL1960,2021,81.5,70.3,80.6,6.3,15,68.0,82.2,78.3,1390
COL1960,2022,89.2,74.0,86.0,7.5,16,74.2,85.9,77.0,1248
COL1960,2023,87.4,83.4,95.3,4.9,12,77.4,87.6,85.4,889
COL1960,2024,89.0,80.7,96.9,5.7,14,78.6,81.8,80.1,1091
COL1960,2025,87.9,78.3,92.0,7.0,14,80.8,88.1,80.4,1165
COL1961,2021,78.4,61.4,78.2,11.6,17,61.8,70.4,67.4,1835
COL1961,2022,72.9,67.3,84.7,12.2,16,53.6,72.8,75.3,1810
COL1961,2023,74.4,66.3,77.7,13.7,19,52.3,73.0,75.0,1862
COL1961,2024,77.4,66.8,78.9,9.8,19,53.4,71.0,68.3,1810
COL1961,2025,77.0,66.2,75.2,10.8,17,56.4,73.6,77.6,1818
COL1962,2021,76.5,68.6,79.2,13.2,19,62.9,69.7,70.6,1837
COL1962,2022,73.3,62.3,80.0,10.3,19,50.2,73.3,72.1,1812
COL1962,2023,77.3,61.6,70.3,9.4,18,54.7,71.7,69.0,1836
COL1962,2024,76.7,65.1,79.4,10.6,17,58.8,66.5,75.3,1794
COL1962,2025,76.9,59.3,71.8,13.5,16,51.8,71.6,69.8,1942
COL1963,2021,95.4,98,100,1.8,9,97.3,94.1,99.0,86
COL1963,2022,95.2,95.8,100,1.2,8,94.4,100,97.8,206
COL1963,2023,92.9,97.1,100,2.1,9,100,93.9,97.1,222
COL1963,2024,93.1,93.9,100,0.6,8,96.7,94.3,92.9,349
COL1963,2025,98.3,98,100,0,8,98.8,100,92.7,43
COL1964,2021,87.9,85.6,97.4,5.6,10,93.1,87.5,92.8,728
COL1964,2022,88.9,87.4,100,5.3,12,100,92.6,95.4,616
COL1964,2023,89.4,91.4,100,2.5,10,100,93.9,88.0,347
COL1964,2024,88.9,92.5,100,5.0,12,100,88.2,89.0,610
COL1964,2025,99.3,94.3,100,0,11,100,98.9,92.4,57
COL1965,2021,89.2,77.2,89.7,7.2,12,79.3,84.0,89.4,1063
COL1965,2022,86.3,82.5,93.4,4.3,13,89.5,86.6,86.4,736
COL1965,2023,90.8,84.6,100,4.8,12,89.7,89.4,82.8,712
COL1965,2024,87.6,83.2,100,6.5,14,75.3,89.3,91.5,955
COL1965,2025,88.5,80.7,90.6,5.7,10,80.3,89.6,84.1,1086
COL1966,2021,74.1,69.2,86.8,12.6,16,64.5,72.5,68.6,1807
COL1966,2022,74.4,66.4,83.5,12.8,18,61.2,69.0,68.6,1837
COL1966,2023,80.0,64.9,81.0,8.2,18,70.7,75.7,72.5,1597
COL1966,2024,80.8,71.7,90.9,11.3,16,71.2,71.0,69.1,1631
COL1966,2025,79.8,64.4,79.4,10.3,16,63.0,70.8,77.4,1736
COL1967,2021,82.2,72.3,91.3,8.1,14,64.6,74.7,71.5,1477
COL1967,2022,81.4,66.2,83.8,11.5,15,57.5,79.1,74.5,1740
COL1967,2023,81.5,71.8,90.9,8.8,15,59.1,80.4,75.1,1539
COL1967,2024,80.8,69.4,78.6,8.0,18,67.2,76.9,77.5,1619
COL1967,2025,81.5,64.7,81.5,10.9,16,63.3,74.0,74.5,1758
COL1968,2021,81.3,79.2,91.9,5.2,11,90.1,81.0,78.0,1020
COL1968,2022,86.6,82.7,98.3,5.0,15,82.2,86.6,84.0,895
COL1968,2023,86.6,76.5,95.1,7.7,12,84.7,77.4,80.3,1245
COL1968,2024,86.9,85.7,95.2,5.6,13,88.5,85.8,87.2,841
COL1968,2025,89.7,85.4,100,4.2,15,91.7,88.1,80.0,786
COL1969,2021,92.0,89.7,100,2.8,10,94.3,91.0,89.9,505
COL1969,2022,89.0,93.0,100,4.8,12,85.7,90.0,91.1,639
COL1969,2023,92.2,92.3,100,0.7,8,100,95.5,88.8,233
COL1969,2024,96.0,97.3,100,3.3,9,92.2,93.6,93.2,413
COL1969,2025,93.0,97.7,100,2.9,8,98.9,96.5,95.3,186
COL1970,2021,97.6,92.9,100,0.8,9,98.0,93.3,89.3,141
COL1970,2022,94.7,90.3,100,0.4,10,97.3,92.3,98.1,216
COL1970,2023,94.5,98,100,1.5,9,99.6,95.4,91.3,123
COL1970,2024,92.9,92.5,100,0,10,99.6,98.7,96.9,98
COL1970,2025,96.3,96.0,100,0.7,8,97.8,91.9,89.8,189
COL1971,2021,84.5,80.5,95.6,9.5,13,80.2,78.2,75.9,1257
COL1971,2022,84.1,79.7,89.2,8.3,14,82.9,78.6,82.7,1237
COL1971,2023,86.0,85.5,100,5.4,14,82.8,85.6,83.0,886
COL1971,2024,88.6,81.2,100,5.5,14,84.3,84.8,82.0,1052
COL1971,2025,86.4,80.8,92.8,5.5,13,85.9,82.9,82.7,1099
COL1972,2021,85.8,77.3,96.1,7.3,12,78.6,83.0,93.0,1022
COL1972,2022,86.4,78.7,89.1,7.4,11,85.5,84.8,87.3,1059
COL1972,2023,89.7,89.9,100,3.3,9,88.4,91.8,85.5,666
COL1972,2024,87.1,81.5,93.8,3.8,12,88.6,85.6,86.1,781
COL1972,2025,91.0,91.7,100,1.4,11,96.2,89.9,98.0,420
COL1973,2021,95.0,91.6,100,0.0,8,100,96.8,94.8,143
COL1973,2022,95.3,93.7,100,0,9,100,99.6,91.9,77
COL1973,2023,98.7,95.2,100,0,8,100,97.9,91.6,40
COL1973,2024,98.5,93.8,100,0,10,100,96.2,96.3,35
COL1973,2025,98.7,98,100,0.1,8,100,96.8,99.5,3
COL1974,2021,90.6,90.0,100,5.0,11,95.6,84.1,82.2,602
COL1974,2022,90.7,91.7,100,2.4,11,95.8,87.4,88.8,491
COL1974,2023,93.6,86.0,97.4,2.2,13,100,90.9,93.5,348
COL1974,2024,86.7,89.6,100,6.5,10,95.8,86.3,94.4,742
COL1974,2025,87.6,88.4,100,3.5,9,100,90.4,86.9,667
COL1975,2021,90.7,89.1,100,4.4,10,84.9,92.1,94.6,550
COL1975,2022,95.1,95.3,100,0.2,9,89.2,96.7,91.0,193
COL1975,2023,89.2,92.2,100,4.1,9,94.5,89.7,87.9,562
COL1975,2024,90.1,85.7,100,4.0,11,89.0,88.3,89.5,694
COL1975,2025,91.6,89.6,100,4.5,10,94.6,93.5,87.2,679
COL1976,2021,75.5,65.1,83.7,11.0,17,64.6,71.1,78.5,1707
COL1976,2022,81.5,64.2,80.9,11.1,15,72.7,72.2,76.8,1702
COL1976,2023,76.6,73.1,87.9,9.5,14,77.3,75.5,74.7,1493
COL1976,2024,84.8,76.2,89.8,9.7,14,80.7,80.0,74.8,1423
COL1976,2025,76.6,74.4,91.5,9.6,17,70.3,73.9,72.4,1596
COL1977,2021,79.9,74.8,87.1,8.9,15,67.8,82.8,78.3,1455
COL1977,2022,80.8,73.7,82.7,7.2,16,72.8,75.7,74.0,1470
COL1977,2023,80.3,67.2,79.4,10.4,15,64.5,73.6,72.3,1740
COL1977,2024,84.6,69.5,84.3,7.0,14,66.6,77.1,78.9,1457
COL1977,2025,79.2,70.9,83.8,9.3,15,66.6,77.1,74.3,1654
COL1978,2021,97.3,94.6,100,0,8,100,93.1,96.0,137
COL1978,2022,94.4,98,100,0.5,8,98.2,93.4,93.6,188
COL1978,2023,93.9,91.9,100,1.2,8,100,97.6,97.4,224
COL1978,2024,98.8,98,100,0,8,100,100,91.0,8
COL1978,2025,93.3,98,100,3.3,9,100,94.8,98.2,228
COL1979,2021,89.2,90.8,100,1.4,9,96.5,90.5,95.0,279
COL1979,2022,92.1,96.0,100,2.4,11,89.3,91.8,90.1,368
COL1979,2023,95.4,94.0,100,3.4,8,93.6,92.1,91.9,492
COL1979,2024,95.3,97.2,100,1.0,9,97.4,93.9,90.3,284
COL1979,2025,94.8,90.7,100,0.4,11,94.7,93.9,98.9,349
COL1980,2021,90.8,80.4,90.4,5.6,13,77.7,85.7,79.5,955
COL1980,2022,89.0,82.0,95.1,6.4,11,82.4,91.8,84.6,934
COL1980,2023,94.1,81.2,100,5.4,11,79.7,92.2,84.2,869
COL1980,2024,88.3,84.1,100,2.5,10,85.2,91.5,93.3,603
COL1980,2025,93.6,83.2,98.5,3.2,13,80.8,86.6,89.5,816
COL1981,2021,90.4,94.1,100,2.4,10,97.6,90.5,97.4,262
COL1981,2022,94.8,92.3,100,1.7,10,90.4,97.6,93.6,257
COL1981,2023,91.3,88.9,100,4.4,9,89.3,91.3,85.2,603
COL1981,2024,90.5,90.7,100,2.3,11,93.4,91.2,91.4,536
COL1981,2025,95.7,88.4,100,2.2,10,91.3,94.0,86.5,557
COL1982,2021,88.9,81.9,97.9,5.1,15,84.3,86.8,89.8,745
COL1982,2022,84.5,80.1,94.3,4.7,12,90.2,83.9,87.2,917
COL1982,2023,83.5,80.4,91.4,7.4,12,83.3,85.5,82.5,1137
COL1982,2024,84.9,87.3,100,6.2,11,97.2,87.8,82.4,907
COL1982,2025,85.0,86.5,98.3,7.7,11,93.2,83.0,85.0,989
COL1983,2021,89.1,94.0,100,2.5,9,97.4,89.2,87.3,457
COL1983,2022,92.6,88.1,100,3.9,11,91.6,94.8,95.1,501
COL1983,2023,95.0,92.9,100,2.0,8,98.5,97.7,96.1,164
COL1983,2024,99.3,98,100,0,9,100,95.2,94.2,48
COL1983,2025,96.2,98,100,0,8,100,98.5,94.2,108
COL1984,2021,91.5,92.4,100,4.0,9,100,92.0,94.3,378
COL1984,2022,92.6,98,100,0.7,12,100,94.8,86.6,233
COL1984,2023,90.9,88.8,100,4.4,10,100,95.7,88.9,576
COL1984,2024,90.2,91.4,100,4.3,9,100,90.4,87.4,532
COL1984,2025,98.5,98,100,0.2,9,100,97.1,93.5,47
COL1985,2021,82.9,78.3,93.6,8.1,13,86.9,83.8,78.4,1091
COL1985,2022,80.4,82.0,97.7,9.2,14,88.6,79.3,76.7,1154
COL1985,2023,82.9,74.7,87.5,10.1,13,73.5,76.1,73.9,1503
COL1985,2024,82.5,76.4,85.5,6.5,13,85.4,81.4,84.4,1242
COL1985,2025,84.3,77.3,91.8,9.8,15,79.0,77.0,82.9,1443
COL1986,2021,78.3,72.7,84.1,10.3,15,68.6,77.6,82.5,1497
COL1986,2022,81.8,78.0,90.6,9.7,13,73.9,83.6,77.1,1394
COL1986,2023,82.4,73.6,85.3,7.5,13,68.0,80.8,79.8,1392
COL1986,2024,79.7,70.2,80.5,7.7,14,62.7,75.3,77.7,1567
COL1986,2025,82.0,71.2,82.3,6.6,13,71.8,82.9,83.0,1348
COL1987,2021,86.6,80.3,91.0,5.5,12,73.0,90.0,79.0,1033
COL1987,2022,86.2,82.8,100,7.7,15,79.1,82.9,88.2,1072
COL1987,2023,82.7,75.8,89.8,7.2,11,80.3,82.1,91.2,1130
COL1987,2024,85.7,84.2,98.6,3.3,12,79.1,89.3,86.6,778
COL1987,2025,85.0,86.4,96.2,6.9,10,82.0,86.1,88.7,1053
COL1988,2021,75.7,62.4,81.4,9.7,19,65.4,75.3,72.6,1720
COL1988,2022,71.5,65.0,78.2,11.3,19,63.3,70.2,67.4,1808
COL1988,2023,77.7,62.0,78.0,11.1,19,60.5,70.7,74.4,1768
COL1988,2024,76.2,62.6,79.1,12.8,19,68.7,70.2,70.6,1841
COL1988,2025,77.0,64.8,74.7,12.0,19,61.5,73.0,75.0,1850
COL1989,2021,95.9,83.7,99.4,4.1,11,85.7,93.3,96.0,558
COL1989,2022,94.0,85.0,100,4.0,9,82.0,93.0,93.0,685
COL1989,2023,92.8,91.5,100,5.2,11,88.9,88.1,86.7,706
COL1989,2024,96.6,93.6,100,2.1,9,96.0,98.3,90.4,271
COL1989,2025,92.4,88.9,100,2.7,10,87.5,93.2,97.0,584
COL1990,2021,91.1,87.2,100,5.0,11,86.1,88.9,90.6,627
COL1990,2022,95.4,89.7,100,4.4,9,88.5,92.4,89.8,522
COL1990,2023,92.1,89.5,100,3.2,12,91.6,93.0,92.3,555
COL1990,2024,89.7,86.2,100,6.1,13,89.0,89.8,84.6,800
COL1990,2025,92.6,81.8,100,2.9,10,87.0,88.3,85.5,790
COL1991,2021,79.8,73.1,81.9,7.6,12,80.2,78.3,75.5,1307
COL1991,2022,80.7,77.6,93.9,9.9,13,83.6,80.1,84.3,1289
COL1991,2023,85.5,71.3,87.3,9.2,16,73.5,79.5,77.3,1434
COL1991,2024,85.5,79.8,90.5,8.9,15,75.9,79.0,86.4,1354
COL1991,2025,87.5,79.5,89.2,7.2,14,89.6,87.8,80.6,1163
COL1992,2021,82.8,69.5,85.2,8.4,14,63.7,76.1,78.7,1530
COL1992,2022,78.7,76.0,88.6,8.2,14,72.9,79.4,75.9,1424
COL1992,2023,81.5,78.2,94.0,6.6,17,71.6,81.3,74.3,1289
COL1992,2024,81.1,75.6,88.0,8.7,14,72.2,84.2,77.0,1436
COL1992,2025,81.9,73.9,91.3,7.4,14,75.2,82.8,82.0,1298
COL1993,2021,94.2,90.1,100,4.7,11,87.7,87.4,91.3,573
COL1993,2022,94.0,91.3,100,2.1,9,91.5,91.6,97.3,313
COL1993,2023,89.8,85.7,100,1.6,12,84.0,95.4,95.6,466
COL1993,2024,94.6,88.8,100,3.2,9,87.7,94.6,88.9,520
COL1993,2025,95.6,88.1,100,3.4,8,87.2,93.1,86.2,689
COL1994,2021,97.5,94.2,100,1.1,8,100,96.9,99.5,71
COL1994,2022,94.5,91.9,100,2.3,8,100,97.2,94.8,210
COL1994,2023,97.5,98,100,0,10,100,95.8,91.0,81
COL1994,2024,96.7,98,100,2.2,9,100,96.8,95.5,141
COL1994,2025,93.0,95.3,100,2.3,9,100,96.2,93.2,209
COL1995,2021,86.6,82.5,98.9,3.0,11,82.0,91.3,83.4,690
COL1995,2022,92.0,82.7,100,5.6,13,79.4,87.0,92.6,877
COL1995,2023,88.8,88.2,100,2.1,10,89.0,91.3,84.7,513
COL1995,2024,86.1,87.6,100,4.8,11,80.0,88.7,84.7,898
COL1995,2025,93.4,86.1,100,3.7,12,87.2,87.5,91.1,761
COL1996,2021,84.1,68.8,80.7,9.8,16,61.7,77.1,76.8,1655
COL1996,2022,79.2,66.1,74.7,10.0,17,58.2,73.4,74.6,1698
COL1996,2023,80.9,74.8,90.4,8.3,17,72.7,77.0,76.2,1417
COL1996,2024,80.2,75.1,90.5,9.7,16,64.0,78.3,83.8,1548
COL1996,2025,83.8,78.0,90.2,6.8,15,67.6,84.5,82.6,1339
COL1997,2021,93.0,92.1,100,5.0,10,92.6,86.5,84.9,549
COL1997,2022,96.3,94.8,100,3.4,9,91.7,93.9,96.1,318
COL1997,2023,94.1,94.0,100,4.1,10,87.0,96.8,91.2,502
COL1997,2024,97.8,91.3,100,1.3,8,92.0,93.2,93.3,388
COL1997,2025,94.3,94.1,100,2.9,9,85.8,93.9,89.2,547
COL1998,2021,91.1,86.7,99.7,4.5,13,84.1,93.3,88.6,732
COL1998,2022,92.4,93.9,100,2.7,10,88.5,94.5,95.1,429
COL1998,2023,89.8,85.7,96.7,3.5,9,86.8,89.2,85.4,655
COL1998,2024,92.7,90.4,100,0.8,9,88.2,93.4,96.9,397
COL1998,2025,90.5,89.5,100,5.2,11,86.8,89.7,94.2,714
COL1999,2021,78.9,75.0,87.4,7.9,15,72.6,77.4,82.2,1414
COL1999,2022,82.1,70.8,90.5,9.4,17,77.4,75.8,76.8,1426
COL1999,2023,83.2,67.8,84.0,10.8,17,71.8,75.9,73.5,1595
COL1999,2024,78.7,68.1,81.6,8.4,14,75.6,75.8,81.9,1538
COL1999,2025,80.4,73.8,91.3,9.8,16,73.8,76.8,80.3,1560
COL2000,2021,72.6,61.2,75.9,12.8,21,53.6,66.3,63.0,1908
COL2000,2022,74.8,58.6,73.3,13.7,20,59.2,69.8,73.2,1910
COL2000,2023,72.7,68.6,81.5,13.8,19,63.5,70.9,68.2,1886
COL2000,2024,73.2,59.4,73.8,13.4,20,59.0,69.4,74.0,1902
COL2000,2025,74.5,61.6,75.7,12.3,19,64.6,73.9,69.3,1819
