infra_id,college_id,classrooms,labs,smart_classrooms,library_books,hostel_capacity,internet_speed_mbps,sports_complex,canteen,medical_center,solar_power
INF00001,COL0001,47,4,8,11348,0,210,No,Yes,No,No
INF00002,COL0001,48,4,12,11870,0,224,No,Yes,No,No
INF00003,COL0001,50,4,21,11808,0,246,No,Yes,No,No
INF00004,COL0001,50,4,20,13332,0,244,No,Yes,No,Yes
INF00005,COL0001,49,4,34,13352,0,283,No,Yes,No,No
INF00006,COL0002,32,19,6,8423,0,390,No,Yes,No,No
INF00007,COL0002,32,19,8,8625,0,409,No,Yes,No,No
INF00008,COL0002,33,20,12,8901,0,428,No,Yes,No,No
INF00009,COL0002,35,21,18,9101,0,485,No,Yes,No,Yes
INF00010,COL0002,35,21,26,9959,0,498,No,Yes,No,No
INF00011,COL0003,6,1,0,1712,59,390,No,Yes,Yes,No
INF00012,COL0003,6,1,1,1785,60,409,No,Yes,Yes,No
INF00013,COL0003,6,1,1,1917,59,441,No,Yes,Yes,Yes
INF00014,COL0003,6,1,2,1977,59,460,No,Yes,Yes,No
INF00015,COL0003,7,1,3,2115,59,531,No,Yes,Yes,No
INF00016,COL0004,8,1,1,2633,155,90,Yes,Yes,No,No
INF00017,COL0004,8,1,2,2750,159,94,Yes,Yes,No,No
INF00018,COL0004,9,1,3,2738,155,99,Yes,Yes,No,No
INF00019,COL0004,9,1,5,2888,167,99,Yes,Yes,No,No
INF00020,COL0004,8,1,5,2873,169,120,Yes,Yes,No,Yes
INF00021,COL0005,95,14,17,20587,0,270,No,Yes,Yes,No
INF00022,COL0005,97,14,27,21098,0,282,No,Yes,Yes,No
INF00023,COL0005,100,15,34,21773,0,289,No,Yes,Yes,No
INF00024,COL0005,100,15,58,23946,0,298,No,Yes,Yes,Yes
INF00025,COL0005,106,16,52,22670,0,373,No,Yes,Yes,No
INF00026,COL0006,12,2,2,3516,0,150,Yes,Yes,No,No
INF00027,COL0006,12,2,3,3708,0,157,Yes,Yes,No,No
INF00028,COL0006,13,2,5,3735,0,164,Yes,Yes,No,No
INF00029,COL0006,13,2,7,3959,0,165,Yes,Yes,No,No
INF00030,COL0006,14,2,10,4318,0,204,Yes,Yes,No,Yes
INF00031,COL0007,59,6,5,15760,937,270,No,Yes,No,No
INF00032,COL0007,60,6,10,16686,952,289,No,Yes,No,No
INF00033,COL0007,60,6,18,17024,946,318,No,Yes,No,No
INF00034,COL0007,61,6,19,17831,957,333,No,Yes,No,Yes
INF00035,COL0007,68,7,27,18520,984,349,No,Yes,No,No
INF00036,COL0008,21,12,4,4535,225,270,Yes,Yes,No,No
INF00037,COL0008,21,12,5,4674,231,296,Yes,Yes,No,No
INF00038,COL0008,22,13,7,5019,233,313,Yes,Yes,No,No
INF00039,COL0008,23,13,8,5252,238,311,Yes,Yes,No,No
INF00040,COL0008,22,13,10,4975,232,344,Yes,Yes,No,Yes
INF00041,COL0009,58,23,5,19999,505,270,Yes,Yes,No,Yes
INF00042,COL0009,60,24,11,20741,506,278,Yes,Yes,No,No
INF00043,COL0009,62,25,18,22134,509,308,Yes,Yes,No,Yes
INF00044,COL0009,61,24,29,23110,546,343,Yes,Yes,No,Yes
INF00045,COL0009,62,25,22,24095,530,369,Yes,Yes,No,Yes
INF00046,COL0010,6,1,1,3250,57,390,No,Yes,No,No
INF00047,COL0010,6,1,1,3428,57,425,No,Yes,No,No
INF00048,COL0010,6,1,2,3587,57,426,No,Yes,No,Yes
INF00049,COL0010,6,1,3,3822,60,448,No,Yes,No,No
INF00050,COL0010,7,1,4,3998,64,449,No,Yes,No,Yes
INF00051,COL0011,79,9,14,17995,0,210,No,Yes,Yes,No
INF00052,COL0011,80,9,25,18742,0,227,No,Yes,Yes,No
INF00053,COL0011,84,10,30,18816,0,242,No,Yes,Yes,No
INF00054,COL0011,84,10,47,20629,0,242,No,Yes,Yes,Yes
INF00055,COL0011,86,10,47,20286,0,243,No,Yes,Yes,Yes
INF00056,COL0012,28,5,5,10753,0,390,No,Yes,No,No
INF00057,COL0012,29,5,7,11172,0,426,No,Yes,No,No
INF00058,COL0012,29,5,9,11627,0,448,No,Yes,No,No
INF00059,COL0012,31,6,17,12266,0,443,No,Yes,No,Yes
INF00060,COL0012,29,5,14,12431,0,530,No,Yes,No,Yes
INF00061,COL0013,73,37,13,14490,498,150,Yes,Yes,Yes,No
INF00062,COL0013,75,38,18,14924,505,163,Yes,Yes,Yes,No
INF00063,COL0013,77,39,35,15760,525,179,Yes,Yes,Yes,No
INF00064,COL0013,80,41,38,16804,538,181,Yes,Yes,Yes,No
INF00065,COL0013,80,41,40,16222,544,195,Yes,Yes,Yes,Yes
INF00066,COL0014,24,10,4,4698,0,210,Yes,Yes,Yes,Yes
INF00067,COL0014,25,10,7,4870,0,219,Yes,Yes,Yes,No
INF00068,COL0014,26,11,10,5147,0,248,Yes,Yes,Yes,No
INF00069,COL0014,26,11,9,5178,0,262,Yes,Yes,Yes,No
INF00070,COL0014,28,12,16,5636,0,267,Yes,Yes,Yes,No
INF00071,COL0015,127,14,10,28027,1015,90,Yes,Yes,No,No
INF00072,COL0015,128,14,25,28740,1017,96,Yes,Yes,No,No
INF00073,COL0015,131,14,33,30855,1061,100,Yes,Yes,No,No
INF00074,COL0015,134,15,37,29774,1106,108,Yes,Yes,No,Yes
INF00075,COL0015,142,16,81,33192,1131,120,Yes,Yes,No,Yes
INF00076,COL0016,13,1,2,2729,165,270,No,Yes,Yes,No
INF00077,COL0016,13,1,3,2818,170,291,No,Yes,Yes,No
INF00078,COL0016,14,1,4,2989,166,310,No,Yes,Yes,No
INF00079,COL0016,14,1,7,2932,177,350,No,Yes,Yes,Yes
INF00080,COL0016,14,1,8,3168,182,328,No,Yes,Yes,No
INF00081,COL0017,59,12,11,15665,0,330,No,Yes,No,No
INF00082,COL0017,60,12,18,16146,0,360,No,Yes,No,No
INF00083,COL0017,60,12,26,16597,0,371,No,Yes,No,No
INF00084,COL0017,63,13,23,18205,0,372,No,Yes,No,Yes
INF00085,COL0017,67,14,35,19125,0,434,No,Yes,No,Yes
INF00086,COL0018,27,5,5,4822,0,270,No,Yes,No,No
INF00087,COL0018,28,5,7,5031,0,287,No,Yes,No,No
INF00088,COL0018,28,5,12,5142,0,313,No,Yes,No,Yes
INF00089,COL0018,28,5,11,5223,0,301,No,Yes,No,No
INF00090,COL0018,31,6,15,5375,0,339,No,Yes,No,No
INF00091,COL0019,79,11,6,21099,0,150,Yes,Yes,Yes,No
INF00092,COL0019,81,11,12,22254,0,160,Yes,Yes,Yes,No
INF00093,COL0019,83,12,23,22686,0,163,Yes,Yes,Yes,Yes
INF00094,COL0019,88,12,33,24446,0,176,Yes,Yes,Yes,Yes
INF00095,COL0019,88,12,30,23291,0,192,Yes,Yes,Yes,Yes
INF00096,COL0020,74,7,6,28030,1070,390,No,Yes,Yes,No
INF00097,COL0020,76,7,16,28824,1091,407,No,Yes,Yes,Yes
INF00098,COL0020,76,7,16,29157,1108,438,No,Yes,Yes,Yes
INF00099,COL0020,78,7,34,32076,1136,462,No,Yes,Yes,No
INF00100,COL0020,84,8,44,33238,1125,539,No,Yes,Yes,Yes
INF00101,COL0021,13,8,2,4496,182,210,Yes,Yes,Yes,No
INF00102,COL0021,13,8,3,4593,184,223,Yes,Yes,Yes,No
INF00103,COL0021,13,8,6,4977,192,240,Yes,Yes,Yes,No
INF00104,COL0021,14,9,6,4787,190,262,Yes,Yes,Yes,No
INF00105,COL0021,15,9,7,5277,193,273,Yes,Yes,Yes,Yes
INF00106,COL0022,128,15,23,34078,2170,330,Yes,Yes,No,No
INF00107,COL0022,131,15,37,36106,2205,355,Yes,Yes,No,No
INF00108,COL0022,132,15,47,37503,2269,379,Yes,Yes,No,Yes
INF00109,COL0022,138,16,80,37914,2194,408,Yes,Yes,No,No
INF00110,COL0022,142,17,71,37668,2314,420,Yes,Yes,No,Yes
INF00111,COL0023,11,6,2,3755,0,210,No,Yes,No,No
INF00112,COL0023,11,6,3,3969,0,224,No,Yes,No,No
INF00113,COL0023,12,6,4,4143,0,235,No,Yes,No,No
INF00114,COL0023,12,6,7,4108,0,242,No,Yes,No,No
INF00115,COL0023,13,7,7,4145,0,267,No,Yes,No,Yes
INF00116,COL0024,19,3,3,6130,0,330,Yes,Yes,No,No
INF00117,COL0024,20,3,5,6415,0,359,Yes,Yes,No,No
INF00118,COL0024,20,3,6,6622,0,377,Yes,Yes,No,No
INF00119,COL0024,21,3,10,6885,0,391,Yes,Yes,No,No
INF00120,COL0024,21,3,13,6772,0,413,Yes,Yes,No,No
INF00121,COL0025,76,12,14,20153,0,270,No,Yes,No,Yes
INF00122,COL0025,77,12,22,21298,0,297,No,Yes,No,No
INF00123,COL0025,79,13,25,21981,0,319,No,Yes,No,No
INF00124,COL0025,83,13,48,21473,0,339,No,Yes,No,Yes
INF00125,COL0025,82,13,38,23478,0,345,No,Yes,No,No
INF00126,COL0026,75,7,14,21228,813,150,Yes,Yes,No,No
INF00127,COL0026,76,7,21,21946,829,161,Yes,Yes,No,No
INF00128,COL0026,78,7,34,22415,837,167,Yes,Yes,No,Yes
INF00129,COL0026,81,8,40,25030,885,173,Yes,Yes,No,No
INF00130,COL0026,80,8,48,25256,818,199,Yes,Yes,No,No
INF00131,COL0027,7,1,1,3054,0,210,No,Yes,No,No
INF00132,COL0027,7,1,2,3194,0,221,No,Yes,No,No
INF00133,COL0027,7,1,3,3198,0,231,No,Yes,No,No
INF00134,COL0027,7,1,3,3435,0,272,No,Yes,No,No
INF00135,COL0027,8,1,5,3424,0,284,No,Yes,No,Yes
INF00136,COL0028,34,18,3,11388,649,330,No,No,Yes,No
INF00137,COL0028,34,18,6,11823,662,355,No,No,Yes,No
INF00138,COL0028,36,19,13,11942,650,361,No,No,Yes,No
INF00139,COL0028,37,19,18,12374,697,364,No,No,Yes,No
INF00140,COL0028,37,19,17,12554,673,457,No,No,Yes,Yes
INF00141,COL0029,45,8,4,10194,458,390,No,No,No,No
INF00142,COL0029,47,8,7,10549,471,414,No,No,No,No
INF00143,COL0029,46,8,14,11046,468,467,No,No,No,No
INF00144,COL0029,47,8,14,11843,485,462,No,No,No,No
INF00145,COL0029,50,9,16,12293,465,463,No,No,No,No
INF00146,COL0030,32,17,6,5834,0,330,Yes,Yes,Yes,Yes
INF00147,COL0030,33,17,8,6105,0,340,Yes,Yes,Yes,Yes
INF00148,COL0030,34,18,11,6218,0,358,Yes,Yes,Yes,Yes
INF00149,COL0030,35,19,17,6706,0,393,Yes,Yes,Yes,No
INF00150,COL0030,35,19,16,6771,0,457,Yes,Yes,Yes,Yes
INF00151,COL0031,9,5,2,3846,119,150,No,Yes,Yes,No
INF00152,COL0031,9,5,2,4020,120,160,No,Yes,Yes,No
INF00153,COL0031,9,5,3,4186,124,161,No,Yes,Yes,No
INF00154,COL0031,10,5,5,4409,124,170,No,Yes,Yes,Yes
INF00155,COL0031,10,5,6,4410,125,172,No,Yes,Yes,No
INF00156,COL0032,113,11,20,34051,1684,330,No,Yes,Yes,Yes
INF00157,COL0032,115,11,34,35754,1720,360,No,Yes,Yes,No
INF00158,COL0032,119,12,42,36987,1750,360,No,Yes,Yes,Yes
INF00159,COL0032,117,11,66,37596,1771,413,No,Yes,Yes,No
INF00160,COL0032,129,13,94,41234,1814,426,No,Yes,Yes,Yes
INF00161,COL0033,68,38,5,17563,0,390,No,Yes,Yes,Yes
INF00162,COL0033,70,39,10,18438,0,408,No,Yes,Yes,No
INF00163,COL0033,71,40,18,19279,0,456,No,Yes,Yes,No
INF00164,COL0033,71,39,19,18949,0,476,No,Yes,Yes,No
INF00165,COL0033,73,41,39,20333,0,485,No,Yes,Yes,Yes
INF00166,COL0034,70,26,13,18872,572,150,Yes,Yes,No,Yes
INF00167,COL0034,71,26,19,19255,575,162,Yes,Yes,No,Yes
INF00168,COL0034,74,28,28,20885,574,176,Yes,Yes,No,No
INF00169,COL0034,72,27,26,22090,602,191,Yes,Yes,No,Yes
INF00170,COL0034,79,29,44,20730,594,169,Yes,Yes,No,No
INF00171,COL0035,87,49,7,28885,0,210,No,Yes,Yes,No
INF00172,COL0035,88,50,16,29594,0,224,No,Yes,Yes,No
INF00173,COL0035,91,51,29,31933,0,247,No,Yes,Yes,Yes
INF00174,COL0035,91,51,28,32706,0,262,No,Yes,Yes,No
INF00175,COL0035,92,52,52,33479,0,280,No,Yes,Yes,No
INF00176,COL0036,52,10,9,13763,444,150,No,Yes,No,No
INF00177,COL0036,53,10,15,14070,445,163,No,Yes,No,No
INF00178,COL0036,56,11,22,14872,459,169,No,Yes,No,No
INF00179,COL0036,58,11,27,15926,457,184,No,Yes,No,No
INF00180,COL0036,55,11,24,15092,462,206,No,Yes,No,No
INF00181,COL0037,6,1,1,2211,58,270,No,Yes,No,No
INF00182,COL0037,6,1,1,2315,59,283,No,Yes,No,No
INF00183,COL0037,6,1,3,2358,58,308,No,Yes,No,No
INF00184,COL0037,7,1,4,2448,63,328,No,Yes,No,Yes
INF00185,COL0037,7,1,5,2676,64,353,No,Yes,No,No
INF00186,COL0038,32,5,6,10012,321,210,Yes,Yes,No,No
INF00187,COL0038,32,5,10,10547,321,229,Yes,Yes,No,No
INF00188,COL0038,34,5,11,10714,337,227,Yes,Yes,No,No
INF00189,COL0038,35,6,14,11139,341,247,Yes,Yes,No,Yes
INF00190,COL0038,35,5,18,12012,342,262,Yes,Yes,No,Yes
INF00191,COL0039,90,12,7,33692,1027,210,No,Yes,No,No
INF00192,COL0039,92,12,18,35544,1030,224,No,Yes,No,No
INF00193,COL0039,96,13,24,37097,1083,231,No,Yes,No,Yes
INF00194,COL0039,96,13,47,36611,1059,249,No,Yes,No,Yes
INF00195,COL0039,94,13,45,37658,1073,294,No,Yes,No,Yes
INF00196,COL0040,26,15,5,8936,457,270,Yes,Yes,Yes,No
INF00197,COL0040,27,16,8,9375,459,288,Yes,Yes,Yes,No
INF00198,COL0040,27,16,8,9594,470,316,Yes,Yes,Yes,Yes
INF00199,COL0040,29,17,15,9490,467,324,Yes,Yes,Yes,Yes
INF00200,COL0040,28,16,17,9995,493,334,Yes,Yes,Yes,Yes
INF00201,COL0041,13,5,2,7037,189,450,No,Yes,No,No
INF00202,COL0041,13,5,4,7395,191,487,No,Yes,No,Yes
INF00203,COL0041,14,5,6,7417,194,526,No,Yes,No,No
INF00204,COL0041,14,5,8,7513,197,564,No,Yes,No,Yes
INF00205,COL0041,14,5,7,7647,201,622,No,Yes,No,No
INF00206,COL0042,13,1,1,5939,138,210,No,Yes,No,No
INF00207,COL0042,14,1,3,6176,140,230,No,Yes,No,No
INF00208,COL0042,14,1,3,6463,143,247,No,Yes,No,No
INF00209,COL0042,13,1,5,6514,143,255,No,Yes,No,No
INF00210,COL0042,14,1,5,7241,155,256,No,Yes,No,Yes
INF00211,COL0043,27,16,5,6161,0,390,No,Yes,No,Yes
INF00212,COL0043,27,16,8,6374,0,412,No,Yes,No,No
INF00213,COL0043,29,17,12,6875,0,434,No,Yes,No,No
INF00214,COL0043,29,17,14,6825,0,478,No,Yes,No,Yes
INF00215,COL0043,28,17,18,7146,0,479,No,Yes,No,No
INF00216,COL0044,61,7,11,14841,468,150,No,Yes,No,No
INF00217,COL0044,63,7,17,15344,476,155,No,Yes,No,No
INF00218,COL0044,65,7,27,16536,490,172,No,Yes,No,No
INF00219,COL0044,63,7,26,15979,469,188,No,Yes,No,No
INF00220,COL0044,66,8,45,17338,473,194,No,Yes,No,Yes
INF00221,COL0045,12,2,2,5895,202,330,No,No,Yes,No
INF00222,COL0045,12,2,4,6115,202,361,No,No,Yes,Yes
INF00223,COL0045,12,2,4,6283,206,383,No,No,Yes,No
INF00224,COL0045,13,2,7,6426,212,404,No,No,Yes,Yes
INF00225,COL0045,13,2,8,6841,225,385,No,No,Yes,Yes
INF00226,COL0046,73,12,13,21716,578,330,Yes,Yes,No,No
INF00227,COL0046,75,12,22,22402,586,362,Yes,Yes,No,No
INF00228,COL0046,77,13,27,22711,593,353,Yes,Yes,No,No
INF00229,COL0046,77,13,39,23834,616,409,Yes,Yes,No,No
INF00230,COL0046,84,14,39,24741,600,421,Yes,Yes,No,Yes
INF00231,COL0047,22,2,4,4269,346,150,No,Yes,No,No
INF00232,COL0047,23,2,6,4407,356,155,No,Yes,No,No
INF00233,COL0047,24,2,8,4560,356,160,No,Yes,No,No
INF00234,COL0047,24,2,11,4800,359,190,No,Yes,No,No
INF00235,COL0047,25,2,17,4860,370,185,No,Yes,No,Yes
INF00236,COL0048,35,13,6,9195,295,270,Yes,Yes,No,No
INF00237,COL0048,36,13,10,9563,296,279,Yes,Yes,No,Yes
INF00238,COL0048,37,14,14,10009,301,306,Yes,Yes,No,No
INF00239,COL0048,37,14,22,10562,304,311,Yes,Yes,No,No
INF00240,COL0048,39,14,25,10372,308,364,Yes,Yes,No,Yes
INF00241,COL0049,67,33,12,23414,0,150,No,Yes,Yes,No
INF00242,COL0049,69,34,18,24471,0,161,No,Yes,Yes,No
INF00243,COL0049,69,34,28,24410,0,179,No,Yes,Yes,Yes
INF00244,COL0049,69,34,30,25244,0,185,No,Yes,Yes,Yes
INF00245,COL0049,76,37,54,28557,0,199,No,Yes,Yes,Yes
INF00246,COL0050,82,9,15,15912,1246,150,Yes,Yes,Yes,No
INF00247,COL0050,84,9,21,16387,1254,160,Yes,Yes,Yes,No
INF00248,COL0050,85,9,29,16812,1270,174,Yes,Yes,Yes,Yes
INF00249,COL0050,91,10,50,17389,1322,167,Yes,Yes,Yes,Yes
INF00250,COL0050,95,10,65,19615,1289,202,Yes,Yes,Yes,Yes
INF00251,COL0051,77,9,6,20277,0,90,No,Yes,Yes,No
INF00252,COL0051,78,9,15,21113,0,97,No,Yes,Yes,Yes
INF00253,COL0051,80,9,25,21251,0,105,No,Yes,Yes,Yes
INF00254,COL0051,83,10,40,22484,0,116,No,Yes,Yes,No
INF00255,COL0051,84,10,32,25026,0,109,No,Yes,Yes,No
INF00256,COL0052,16,6,1,7248,165,270,No,Yes,No,No
INF00257,COL0052,17,6,4,7661,165,295,No,Yes,No,No
INF00258,COL0052,16,6,6,7703,170,324,No,Yes,No,No
INF00259,COL0052,18,7,8,8090,167,305,No,Yes,No,Yes
INF00260,COL0052,18,7,7,8044,181,358,No,Yes,No,No
INF00261,COL0053,12,1,2,5308,192,270,No,Yes,No,No
INF00262,COL0053,12,1,4,5478,192,292,No,Yes,No,No
INF00263,COL0053,13,1,4,5571,197,298,No,Yes,No,No
INF00264,COL0053,13,1,7,5825,208,301,No,Yes,No,Yes
INF00265,COL0053,13,1,6,5846,209,314,No,Yes,No,No
INF00266,COL0054,6,3,1,2425,73,210,No,Yes,Yes,No
INF00267,COL0054,6,3,2,2523,73,225,No,Yes,Yes,No
INF00268,COL0054,6,3,2,2562,73,240,No,Yes,Yes,No
INF00269,COL0054,7,3,3,2720,73,249,No,Yes,Yes,No
INF00270,COL0054,7,3,5,2773,80,283,No,Yes,Yes,No
INF00271,COL0055,6,3,1,2034,50,270,No,No,Yes,No
INF00272,COL0055,6,3,2,2145,51,295,No,No,Yes,No
INF00273,COL0055,6,3,2,2222,51,299,No,No,Yes,No
INF00274,COL0055,6,3,3,2210,50,294,No,No,Yes,Yes
INF00275,COL0055,7,3,4,2370,51,365,No,No,Yes,Yes
INF00276,COL0056,39,23,7,10805,611,270,No,Yes,No,No
INF00277,COL0056,39,23,12,11195,615,283,No,Yes,No,No
INF00278,COL0056,40,24,15,11487,638,317,No,Yes,No,No
INF00279,COL0056,42,25,22,11869,619,311,No,Yes,No,No
INF00280,COL0056,42,25,22,11775,676,374,No,Yes,No,No
INF00281,COL0057,60,27,11,17460,666,270,No,Yes,No,No
INF00282,COL0057,61,28,18,18372,677,295,No,Yes,No,No
INF00283,COL0057,63,28,20,18498,692,294,No,Yes,No,No
INF00284,COL0057,66,30,25,20026,682,305,No,Yes,No,No
INF00285,COL0057,67,30,47,19382,724,360,No,Yes,No,Yes
INF00286,COL0058,14,3,3,4310,113,270,Yes,No,No,No
INF00287,COL0058,14,3,4,4462,114,288,Yes,No,No,No
INF00288,COL0058,15,3,6,4516,116,323,Yes,No,No,No
INF00289,COL0058,16,3,7,4783,115,326,Yes,No,No,Yes
INF00290,COL0058,15,3,11,5054,115,334,Yes,No,No,Yes
INF00291,COL0059,27,15,2,10615,472,270,Yes,Yes,Yes,No
INF00292,COL0059,28,15,6,11057,473,290,Yes,Yes,Yes,Yes
INF00293,COL0059,29,16,10,11607,484,315,Yes,Yes,Yes,No
INF00294,COL0059,28,16,12,11264,488,323,Yes,Yes,Yes,No
INF00295,COL0059,30,17,16,12285,472,339,Yes,Yes,Yes,Yes
INF00296,COL0060,32,5,6,6964,431,330,Yes,Yes,No,No
INF00297,COL0060,33,5,9,7214,436,349,Yes,Yes,No,No
INF00298,COL0060,35,5,12,7624,448,389,Yes,Yes,No,No
INF00299,COL0060,35,5,13,7699,433,398,Yes,Yes,No,Yes
INF00300,COL0060,34,5,20,8005,460,442,Yes,Yes,No,No
INF00301,COL0061,35,5,3,5839,0,330,No,Yes,No,No
INF00302,COL0061,35,5,8,6029,0,362,No,Yes,No,No
INF00303,COL0061,37,5,12,6259,0,353,No,Yes,No,Yes
INF00304,COL0061,37,5,17,6462,0,422,No,Yes,No,No
INF00305,COL0061,40,6,15,7230,0,437,No,Yes,No,No
INF00306,COL0062,76,7,6,26921,1034,270,No,No,No,No
INF00307,COL0062,79,7,14,28191,1037,291,No,No,No,No
INF00308,COL0062,81,7,25,28175,1078,292,No,No,No,No
INF00309,COL0062,83,8,28,28880,1063,295,No,No,No,No
INF00310,COL0062,82,8,30,29882,1103,336,No,No,No,Yes
INF00311,COL0063,15,7,1,6025,142,150,Yes,Yes,No,Yes
INF00312,COL0063,15,7,2,6218,142,160,Yes,Yes,No,Yes
INF00313,COL0063,16,7,4,6303,144,164,Yes,Yes,No,Yes
INF00314,COL0063,16,8,5,6464,154,173,Yes,Yes,No,Yes
INF00315,COL0063,17,8,10,6825,156,182,Yes,Yes,No,Yes
INF00316,COL0064,6,1,1,3648,129,270,Yes,No,Yes,No
INF00317,COL0064,6,1,2,3738,131,289,Yes,No,Yes,No
INF00318,COL0064,6,1,2,4072,134,304,Yes,No,Yes,No
INF00319,COL0064,6,1,3,4225,134,339,Yes,No,Yes,No
INF00320,COL0064,7,1,3,4324,141,356,Yes,No,Yes,Yes
INF00321,COL0065,37,17,7,10139,0,270,Yes,Yes,No,No
INF00322,COL0065,37,17,11,10608,0,285,Yes,Yes,No,No
INF00323,COL0065,38,17,17,11094,0,301,Yes,Yes,No,No
INF00324,COL0065,41,19,19,10760,0,309,Yes,Yes,No,Yes
INF00325,COL0065,41,19,25,11883,0,336,Yes,Yes,No,Yes
INF00326,COL0066,21,10,4,6351,428,270,Yes,Yes,Yes,No
INF00327,COL0066,22,10,6,6589,432,291,Yes,Yes,Yes,No
INF00328,COL0066,22,11,7,7036,445,311,Yes,Yes,Yes,Yes
INF00329,COL0066,23,11,10,6865,450,303,Yes,Yes,Yes,No
INF00330,COL0066,22,11,12,7047,450,351,Yes,Yes,Yes,Yes
INF00331,COL0067,123,13,22,33704,2097,390,No,Yes,Yes,No
INF00332,COL0067,125,13,39,35090,2135,419,No,Yes,Yes,No
INF00333,COL0067,130,14,46,37332,2199,447,No,Yes,Yes,No
INF00334,COL0067,130,14,66,36069,2119,436,No,Yes,Yes,Yes
INF00335,COL0067,131,14,84,39155,2132,482,No,Yes,Yes,Yes
INF00336,COL0068,75,12,14,19589,573,390,No,Yes,No,No
INF00337,COL0068,78,12,25,20377,585,415,No,Yes,No,No
INF00338,COL0068,80,13,30,20502,599,415,No,Yes,No,No
INF00339,COL0068,79,13,39,21160,611,463,No,Yes,No,No
INF00340,COL0068,83,13,38,21514,630,521,No,Yes,No,Yes
INF00341,COL0069,14,1,3,6078,248,150,No,Yes,Yes,No
INF00342,COL0069,15,1,5,6257,252,163,No,Yes,Yes,No
INF00343,COL0069,15,1,6,6402,251,162,No,Yes,Yes,Yes
INF00344,COL0069,14,1,6,6648,255,180,No,Yes,Yes,No
INF00345,COL0069,15,1,8,7399,268,209,No,Yes,Yes,Yes
INF00346,COL0070,32,17,6,13615,368,390,No,Yes,Yes,No
INF00347,COL0070,33,17,9,14133,378,419,No,Yes,Yes,Yes
INF00348,COL0070,34,18,12,15179,389,434,No,Yes,Yes,Yes
INF00349,COL0070,33,18,18,15629,383,485,No,Yes,Yes,No
INF00350,COL0070,35,18,15,15868,387,461,No,Yes,Yes,Yes
INF00351,COL0071,67,12,5,14463,0,270,No,Yes,No,No
INF00352,COL0071,68,12,14,15008,0,278,No,Yes,No,No
INF00353,COL0071,69,12,21,15194,0,311,No,Yes,No,Yes
INF00354,COL0071,75,13,24,16467,0,308,No,Yes,No,No
INF00355,COL0071,77,14,29,16537,0,325,No,Yes,No,No
INF00356,COL0072,78,12,14,19627,1048,150,No,Yes,Yes,No
INF00357,COL0072,79,12,21,20593,1058,156,No,Yes,Yes,No
INF00358,COL0072,80,12,34,21595,1110,162,No,Yes,Yes,Yes
INF00359,COL0072,84,13,30,22336,1116,177,No,Yes,Yes,No
INF00360,COL0072,83,13,46,23353,1059,204,No,Yes,Yes,Yes
INF00361,COL0073,6,3,0,6944,50,150,Yes,Yes,Yes,No
INF00362,COL0073,6,3,1,7227,51,160,Yes,Yes,Yes,No
INF00363,COL0073,6,3,2,7752,50,169,Yes,Yes,Yes,No
INF00364,COL0073,7,3,3,8175,54,195,Yes,Yes,Yes,Yes
INF00365,COL0073,7,3,4,7906,55,197,Yes,Yes,Yes,No
INF00366,COL0074,32,11,3,6512,455,450,Yes,Yes,Yes,No
INF00367,COL0074,33,11,5,6723,458,480,Yes,Yes,Yes,No
INF00368,COL0074,34,12,9,7103,474,530,Yes,Yes,Yes,Yes
INF00369,COL0074,35,12,15,7564,459,496,Yes,Yes,Yes,No
INF00370,COL0074,35,12,18,7355,495,597,Yes,Yes,Yes,Yes
INF00371,COL0075,77,13,14,17064,737,330,No,Yes,No,Yes
INF00372,COL0075,80,13,21,17449,750,356,No,Yes,No,Yes
INF00373,COL0075,81,14,29,18429,753,376,No,Yes,No,Yes
INF00374,COL0075,80,14,40,19568,771,376,No,Yes,No,Yes
INF00375,COL0075,88,15,44,19717,750,405,No,Yes,No,No
INF00376,COL0076,31,5,6,11777,0,210,Yes,Yes,Yes,No
INF00377,COL0076,32,5,8,12391,0,231,Yes,Yes,Yes,No
INF00378,COL0076,32,5,12,12514,0,247,Yes,Yes,Yes,Yes
INF00379,COL0076,33,5,12,12767,0,254,Yes,Yes,Yes,Yes
INF00380,COL0076,35,6,20,13834,0,264,Yes,Yes,Yes,No
INF00381,COL0077,73,14,13,19410,719,150,Yes,Yes,No,No
INF00382,COL0077,75,14,19,20210,730,157,Yes,Yes,No,Yes
INF00383,COL0077,79,15,33,20331,758,178,Yes,Yes,No,No
INF00384,COL0077,80,15,36,22845,725,166,Yes,Yes,No,Yes
INF00385,COL0077,83,16,37,22726,802,186,Yes,Yes,No,Yes
INF00386,COL0078,57,24,10,16342,0,90,No,Yes,Yes,Yes
INF00387,COL0078,58,24,16,16935,0,96,No,Yes,Yes,No
INF00388,COL0078,59,25,21,17342,0,97,No,Yes,Yes,Yes
INF00389,COL0078,62,26,35,18689,0,99,No,Yes,Yes,No
INF00390,COL0078,62,26,28,18298,0,110,No,Yes,Yes,Yes
INF00391,COL0079,37,4,7,13429,0,330,No,Yes,No,Yes
INF00392,COL0079,38,4,12,13768,0,359,No,Yes,No,No
INF00393,COL0079,39,4,16,14592,0,362,No,Yes,No,No
INF00394,COL0079,38,4,14,15689,0,390,No,Yes,No,Yes
INF00395,COL0079,42,5,29,15216,0,374,No,Yes,No,No
INF00396,COL0080,17,8,3,5973,142,90,Yes,Yes,No,No
INF00397,COL0080,17,8,5,6224,143,93,Yes,Yes,No,Yes
INF00398,COL0080,18,8,8,6463,149,103,Yes,Yes,No,No
INF00399,COL0080,19,9,10,6589,148,108,Yes,Yes,No,No
INF00400,COL0080,19,9,10,6623,146,109,Yes,Yes,No,No
INF00401,COL0081,85,7,15,31189,0,90,No,No,No,No
INF00402,COL0081,86,7,27,32087,0,98,No,No,No,No
INF00403,COL0081,89,7,39,34545,0,98,No,No,No,No
INF00404,COL0081,94,8,50,36481,0,99,No,No,No,No
INF00405,COL0081,98,8,59,36494,0,106,No,No,No,No
INF00406,COL0082,23,11,4,6443,0,150,Yes,Yes,Yes,Yes
INF00407,COL0082,24,11,8,6789,0,158,Yes,Yes,Yes,Yes
INF00408,COL0082,24,12,11,7100,0,177,Yes,Yes,Yes,No
INF00409,COL0082,26,12,12,7558,0,176,Yes,Yes,Yes,Yes
INF00410,COL0082,25,12,12,7121,0,208,Yes,Yes,Yes,No
INF00411,COL0083,19,3,2,8206,209,270,No,Yes,No,No
INF00412,COL0083,20,3,4,8499,215,297,No,Yes,No,Yes
INF00413,COL0083,20,3,7,9169,216,295,No,Yes,No,No
INF00414,COL0083,20,3,9,8933,212,350,No,Yes,No,No
INF00415,COL0083,20,3,11,9702,220,369,No,Yes,No,Yes
INF00416,COL0084,30,11,5,6833,502,330,Yes,Yes,No,No
INF00417,COL0084,31,11,9,7157,503,344,Yes,Yes,No,No
INF00418,COL0084,31,11,11,7627,507,353,Yes,Yes,No,Yes
INF00419,COL0084,33,12,16,7979,529,366,Yes,Yes,No,No
INF00420,COL0084,33,12,14,8410,556,385,Yes,Yes,No,Yes
INF00421,COL0085,27,3,2,6218,233,390,No,Yes,No,No
INF00422,COL0085,28,3,5,6507,234,418,No,Yes,No,Yes
INF00423,COL0085,28,3,7,6507,237,459,No,Yes,No,No
INF00424,COL0085,29,3,12,6659,237,470,No,Yes,No,No
INF00425,COL0085,29,3,13,6977,239,488,No,Yes,No,Yes
INF00426,COL0086,10,5,2,2377,112,210,No,No,No,No
INF00427,COL0086,10,5,3,2470,115,217,No,No,No,No
INF00428,COL0086,11,5,5,2624,116,243,No,No,No,Yes
INF00429,COL0086,11,5,4,2800,120,272,No,No,No,Yes
INF00430,COL0086,11,5,8,2733,120,294,No,No,No,No
INF00431,COL0087,67,13,12,19860,0,270,Yes,Yes,No,No
INF00432,COL0087,69,13,19,20586,0,281,Yes,Yes,No,No
INF00433,COL0087,71,14,32,22124,0,307,Yes,Yes,No,Yes
INF00434,COL0087,71,14,35,21871,0,318,Yes,Yes,No,Yes
INF00435,COL0087,74,14,46,21568,0,323,Yes,Yes,No,Yes
INF00436,COL0088,35,6,3,8571,0,270,Yes,Yes,Yes,No
INF00437,COL0088,36,6,6,8981,0,280,Yes,Yes,Yes,No
INF00438,COL0088,36,6,13,9218,0,317,Yes,Yes,Yes,Yes
INF00439,COL0088,37,6,15,9279,0,306,Yes,Yes,Yes,No
INF00440,COL0088,40,7,23,10446,0,364,Yes,Yes,Yes,No
INF00441,COL0089,25,3,4,6705,0,330,No,Yes,No,No
INF00442,COL0089,26,3,8,6913,0,359,No,Yes,No,No
INF00443,COL0089,26,3,8,6990,0,367,No,Yes,No,No
INF00444,COL0089,26,3,15,7580,0,384,No,Yes,No,Yes
INF00445,COL0089,29,3,19,7980,0,396,No,Yes,No,Yes
INF00446,COL0090,67,33,12,20368,690,450,Yes,Yes,No,No
INF00447,COL0090,69,34,17,20981,696,489,Yes,Yes,No,No
INF00448,COL0090,71,35,26,21796,700,499,Yes,Yes,No,Yes
INF00449,COL0090,73,36,41,22561,722,500,Yes,Yes,No,No
INF00450,COL0090,76,38,41,24107,715,581,Yes,Yes,No,Yes
INF00451,COL0091,125,25,22,29159,1097,270,Yes,Yes,No,No
INF00452,COL0091,129,26,38,30583,1130,290,Yes,Yes,No,Yes
INF00453,COL0091,131,26,47,30408,1135,313,Yes,Yes,No,Yes
INF00454,COL0091,137,27,57,32779,1187,339,Yes,Yes,No,No
INF00455,COL0091,138,28,95,35414,1121,369,Yes,Yes,No,Yes
INF00456,COL0092,35,15,6,9668,240,150,Yes,Yes,No,No
INF00457,COL0092,36,15,11,10043,244,164,Yes,Yes,No,No
INF00458,COL0092,36,15,16,10442,245,177,Yes,Yes,No,Yes
INF00459,COL0092,36,16,20,10407,249,170,Yes,Yes,No,No
INF00460,COL0092,40,17,23,10931,262,198,Yes,Yes,No,Yes
INF00461,COL0093,15,2,3,4228,245,210,Yes,Yes,No,No
INF00462,COL0093,16,2,4,4319,248,219,Yes,Yes,No,Yes
INF00463,COL0093,16,2,7,4462,254,242,Yes,Yes,No,Yes
INF00464,COL0093,16,2,7,4547,258,246,Yes,Yes,No,Yes
INF00465,COL0093,17,2,9,4763,263,278,Yes,Yes,No,Yes
INF00466,COL0094,18,4,1,5393,354,390,No,No,Yes,No
INF00467,COL0094,18,4,3,5641,363,403,No,No,Yes,No
INF00468,COL0094,19,4,4,6038,368,450,No,No,Yes,Yes
INF00469,COL0094,20,4,7,5963,369,470,No,No,Yes,Yes
INF00470,COL0094,20,4,10,6084,382,509,No,No,Yes,Yes
INF00471,COL0095,33,13,6,10607,0,270,No,Yes,Yes,No
INF00472,COL0095,34,13,10,10944,0,279,No,Yes,Yes,No
INF00473,COL0095,34,13,15,11312,0,286,No,Yes,Yes,No
INF00474,COL0095,37,14,21,12095,0,303,No,Yes,Yes,Yes
INF00475,COL0095,36,14,23,11627,0,322,No,Yes,Yes,Yes
INF00476,COL0096,28,12,5,8606,530,270,Yes,Yes,Yes,No
INF00477,COL0096,29,12,7,8901,540,286,Yes,Yes,Yes,No
INF00478,COL0096,29,12,12,9076,561,301,Yes,Yes,Yes,Yes
INF00479,COL0096,30,13,17,9948,568,331,Yes,Yes,Yes,Yes
INF00480,COL0096,31,13,14,10592,556,314,Yes,Yes,Yes,No
INF00481,COL0097,115,19,21,25986,0,450,Yes,Yes,Yes,Yes
INF00482,COL0097,118,19,29,26778,0,473,Yes,Yes,Yes,No
INF00483,COL0097,122,20,52,28224,0,513,Yes,Yes,Yes,No
INF00484,COL0097,125,21,55,29176,0,557,Yes,Yes,Yes,Yes
INF00485,COL0097,129,21,64,29502,0,589,Yes,Yes,Yes,Yes
INF00486,COL0098,58,9,10,21825,1093,330,No,Yes,Yes,Yes
INF00487,COL0098,59,9,17,22614,1108,345,No,Yes,Yes,No
INF00488,COL0098,61,9,27,23479,1126,355,No,Yes,Yes,No
INF00489,COL0098,60,9,28,24594,1102,360,No,Yes,Yes,No
INF00490,COL0098,65,10,34,25346,1181,389,No,Yes,Yes,No
INF00491,COL0099,44,4,8,9059,0,150,Yes,Yes,No,Yes
INF00492,COL0099,45,4,14,9590,0,158,Yes,Yes,No,No
INF00493,COL0099,47,4,14,9540,0,162,Yes,Yes,No,No
INF00494,COL0099,48,4,19,10267,0,169,Yes,Yes,No,No
INF00495,COL0099,48,4,27,10916,0,198,Yes,Yes,No,Yes
INF00496,COL0100,44,26,4,17606,0,270,No,Yes,No,Yes
INF00497,COL0100,46,27,10,18298,0,288,No,Yes,No,No
INF00498,COL0100,45,27,13,19339,0,291,No,Yes,No,Yes
INF00499,COL0100,48,28,23,19727,0,316,No,Yes,No,No
INF00500,COL0100,51,30,29,19785,0,375,No,Yes,No,No
INF00501,COL0101,74,7,13,18036,0,150,No,Yes,Yes,No
INF00502,COL0101,76,7,20,18646,0,162,No,Yes,Yes,No
INF00503,COL0101,78,7,35,19484,0,174,No,Yes,Yes,No
INF00504,COL0101,77,7,34,20158,0,181,No,Yes,Yes,No
INF00505,COL0101,81,8,53,21907,0,180,No,Yes,Yes,No
INF00506,COL0102,39,6,7,8047,0,450,No,Yes,Yes,No
INF00507,COL0102,40,6,12,8218,0,489,No,Yes,Yes,Yes
INF00508,COL0102,42,6,18,8926,0,524,No,Yes,Yes,No
INF00509,COL0102,41,6,22,9301,0,518,No,Yes,Yes,No
INF00510,COL0102,45,7,24,9923,0,627,No,Yes,Yes,Yes
INF00511,COL0103,6,1,1,1751,0,90,No,Yes,No,No
INF00512,COL0103,6,1,2,1854,0,95,No,Yes,No,No
INF00513,COL0103,6,1,2,1845,0,102,No,Yes,No,No
INF00514,COL0103,6,1,3,1883,0,109,No,Yes,No,Yes
INF00515,COL0103,6,1,4,1934,0,105,No,Yes,No,Yes
INF00516,COL0104,27,16,5,7185,361,210,No,Yes,No,No
INF00517,COL0104,28,16,7,7392,365,219,No,Yes,No,No
INF00518,COL0104,28,17,12,7777,379,252,No,Yes,No,No
INF00519,COL0104,28,16,15,8000,381,269,No,Yes,No,No
INF00520,COL0104,31,18,20,8129,402,289,No,Yes,No,Yes
INF00521,COL0105,9,4,2,4570,71,330,No,Yes,No,No
INF00522,COL0105,9,4,2,4673,73,355,No,Yes,No,No
INF00523,COL0105,9,4,3,4949,75,382,No,Yes,No,No
INF00524,COL0105,10,4,6,5254,74,370,No,Yes,No,Yes
INF00525,COL0105,9,4,4,5516,76,421,No,Yes,No,Yes
INF00526,COL0106,11,5,1,3488,141,150,Yes,Yes,No,No
INF00527,COL0106,11,5,2,3600,144,155,Yes,Yes,No,No
INF00528,COL0106,11,5,3,3760,142,170,Yes,Yes,No,No
INF00529,COL0106,12,6,5,4099,150,168,Yes,Yes,No,No
INF00530,COL0106,12,6,7,3975,150,208,Yes,Yes,No,No
INF00531,COL0107,6,1,1,2773,0,330,No,Yes,Yes,No
INF00532,COL0107,6,1,2,2921,0,344,No,Yes,Yes,Yes
INF00533,COL0107,6,1,3,3073,0,393,No,Yes,Yes,No
INF00534,COL0107,6,1,3,3036,0,364,No,Yes,Yes,Yes
INF00535,COL0107,7,1,4,3142,0,381,No,Yes,Yes,No
INF00536,COL0108,19,3,3,5449,0,330,No,Yes,No,No
INF00537,COL0108,19,3,5,5606,0,357,No,Yes,No,No
INF00538,COL0108,20,3,6,5986,0,390,No,Yes,No,No
INF00539,COL0108,20,3,9,6137,0,372,No,Yes,No,No
INF00540,COL0108,22,3,15,6007,0,419,No,Yes,No,Yes
INF00541,COL0109,60,5,5,14021,0,330,No,Yes,Yes,No
INF00542,COL0109,62,5,11,14736,0,348,No,Yes,Yes,No
INF00543,COL0109,64,5,20,14908,0,371,No,Yes,Yes,No
INF00544,COL0109,64,5,24,15977,0,418,No,Yes,Yes,No
INF00545,COL0109,67,6,25,16296,0,411,No,Yes,Yes,Yes
INF00546,COL0110,94,15,17,37300,1376,450,Yes,Yes,No,No
INF00547,COL0110,96,15,27,38115,1389,494,Yes,Yes,No,No
INF00548,COL0110,99,16,43,41283,1421,494,Yes,Yes,No,Yes
INF00549,COL0110,102,16,46,42462,1440,569,Yes,Yes,No,Yes
INF00550,COL0110,108,17,63,42390,1456,613,Yes,Yes,No,Yes
INF00551,COL0111,64,9,12,12706,0,90,Yes,Yes,No,No
INF00552,COL0111,66,9,20,13205,0,96,Yes,Yes,No,No
INF00553,COL0111,66,9,29,13237,0,96,Yes,Yes,No,No
INF00554,COL0111,67,9,34,13528,0,109,Yes,Yes,No,Yes
INF00555,COL0111,69,10,33,15671,0,116,Yes,Yes,No,No
INF00556,COL0112,53,28,10,15017,748,270,Yes,No,No,Yes
INF00557,COL0112,55,29,14,15752,758,285,Yes,No,No,No
INF00558,COL0112,55,29,20,15748,787,294,Yes,No,No,Yes
INF00559,COL0112,57,30,23,16092,789,321,Yes,No,No,Yes
INF00560,COL0112,60,32,35,16501,760,339,Yes,No,No,Yes
INF00561,COL0113,63,36,5,23280,921,270,Yes,Yes,No,No
INF00562,COL0113,65,37,13,23837,934,281,Yes,Yes,No,Yes
INF00563,COL0113,68,39,17,25844,931,302,Yes,Yes,No,No
INF00564,COL0113,69,40,28,25006,975,295,Yes,Yes,No,No
INF00565,COL0113,68,39,30,25719,949,352,Yes,Yes,No,No
INF00566,COL0114,18,8,3,4673,217,150,Yes,Yes,Yes,No
INF00567,COL0114,19,8,6,4890,220,162,Yes,Yes,Yes,No
INF00568,COL0114,19,8,6,5010,224,166,Yes,Yes,Yes,No
INF00569,COL0114,20,9,8,5494,219,164,Yes,Yes,Yes,Yes
INF00570,COL0114,21,9,12,5095,219,177,Yes,Yes,Yes,Yes
INF00571,COL0115,27,16,2,8219,0,390,No,No,No,No
INF00572,COL0115,28,17,5,8394,0,418,No,No,No,No
INF00573,COL0115,28,17,6,8571,0,426,No,No,No,Yes
INF00574,COL0115,28,17,14,9481,0,454,No,No,No,No
INF00575,COL0115,30,18,15,9846,0,444,No,No,No,Yes
INF00576,COL0116,50,28,9,15004,423,330,No,Yes,Yes,Yes
INF00577,COL0116,51,29,16,15786,434,362,No,Yes,Yes,No
INF00578,COL0116,53,30,22,16764,443,376,No,Yes,Yes,No
INF00579,COL0116,56,31,26,16734,424,400,No,Yes,Yes,Yes
INF00580,COL0116,52,29,32,18591,435,432,No,Yes,Yes,Yes
INF00581,COL0117,52,7,9,12636,0,330,Yes,Yes,Yes,No
INF00582,COL0117,54,7,14,13367,0,356,Yes,Yes,Yes,No
INF00583,COL0117,55,7,18,13885,0,390,Yes,Yes,Yes,Yes
INF00584,COL0117,55,7,23,14332,0,371,Yes,Yes,Yes,Yes
INF00585,COL0117,60,8,38,14988,0,426,Yes,Yes,Yes,No
INF00586,COL0118,7,3,1,2918,124,390,No,Yes,No,No
INF00587,COL0118,7,3,2,3032,126,416,No,Yes,No,No
INF00588,COL0118,7,3,2,3263,127,452,No,Yes,No,No
INF00589,COL0118,7,3,3,3297,131,452,No,Yes,No,Yes
INF00590,COL0118,8,3,4,3372,129,504,No,Yes,No,No
INF00591,COL0119,41,22,7,10062,0,330,Yes,Yes,Yes,Yes
INF00592,COL0119,42,23,11,10322,0,362,Yes,Yes,Yes,Yes
INF00593,COL0119,44,24,14,10867,0,396,Yes,Yes,Yes,No
INF00594,COL0119,44,24,23,11614,0,380,Yes,Yes,Yes,Yes
INF00595,COL0119,45,24,25,11979,0,375,Yes,Yes,Yes,No
INF00596,COL0120,69,11,12,16843,677,450,Yes,No,No,No
INF00597,COL0120,71,11,18,17706,691,475,Yes,No,No,No
INF00598,COL0120,73,12,32,18030,703,495,Yes,No,No,Yes
INF00599,COL0120,72,11,40,18535,712,550,Yes,No,No,No
INF00600,COL0120,72,12,34,18805,701,544,Yes,No,No,Yes
INF00601,COL0121,83,35,7,21803,1027,270,Yes,No,No,No
INF00602,COL0121,84,35,13,22329,1054,279,Yes,No,No,No
INF00603,COL0121,85,36,22,24009,1043,289,Yes,No,No,Yes
INF00604,COL0121,90,38,43,23921,1053,308,Yes,No,No,No
INF00605,COL0121,88,37,52,23647,1133,353,Yes,No,No,Yes
INF00606,COL0122,43,26,3,13085,387,270,Yes,Yes,No,No
INF00607,COL0122,44,27,7,13629,392,293,Yes,Yes,No,No
INF00608,COL0122,45,27,11,13608,407,317,Yes,Yes,No,Yes
INF00609,COL0122,46,28,12,15318,404,348,Yes,Yes,No,Yes
INF00610,COL0122,47,28,19,14616,404,303,Yes,Yes,No,Yes
INF00611,COL0123,22,3,4,5725,267,210,No,Yes,No,No
INF00612,COL0123,23,3,7,5934,268,229,No,Yes,No,No
INF00613,COL0123,23,3,9,6079,270,241,No,Yes,No,Yes
INF00614,COL0123,23,3,11,6196,273,233,No,Yes,No,No
INF00615,COL0123,25,3,12,6321,278,264,No,Yes,No,Yes
INF00616,COL0124,34,20,3,10365,0,390,Yes,No,No,Yes
INF00617,COL0124,35,21,7,10916,0,405,Yes,No,No,No
INF00618,COL0124,35,21,11,11147,0,454,Yes,No,No,Yes
INF00619,COL0124,36,21,16,11635,0,506,Yes,No,No,Yes
INF00620,COL0124,38,22,16,11730,0,506,Yes,No,No,Yes
INF00621,COL0125,27,4,5,6970,302,330,Yes,Yes,No,No
INF00622,COL0125,28,4,7,7121,306,358,Yes,Yes,No,No
INF00623,COL0125,28,4,9,7337,313,354,Yes,Yes,No,No
INF00624,COL0125,30,4,15,7438,321,404,Yes,Yes,No,No
INF00625,COL0125,28,4,14,8622,329,442,Yes,Yes,No,No
INF00626,COL0126,77,31,14,21735,0,330,Yes,Yes,No,No
INF00627,COL0126,79,32,24,22409,0,359,Yes,Yes,No,No
INF00628,COL0126,81,33,25,22874,0,363,Yes,Yes,No,Yes
INF00629,COL0126,82,33,30,24703,0,386,Yes,Yes,No,Yes
INF00630,COL0126,80,32,56,26172,0,392,Yes,Yes,No,No
INF00631,COL0127,22,3,2,7804,247,90,No,Yes,No,No
INF00632,COL0127,23,3,4,8112,251,93,No,Yes,No,No
INF00633,COL0127,23,3,7,8554,252,99,No,Yes,No,No
INF00634,COL0127,23,3,11,8468,267,107,No,Yes,No,Yes
INF00635,COL0127,25,3,8,9125,259,124,No,Yes,No,Yes
INF00636,COL0128,10,6,2,2725,0,210,Yes,No,Yes,No
INF00637,COL0128,10,6,3,2848,0,219,Yes,No,Yes,No
INF00638,COL0128,10,6,3,2973,0,233,Yes,No,Yes,No
INF00639,COL0128,11,7,6,2943,0,237,Yes,No,Yes,No
INF00640,COL0128,11,6,5,3378,0,261,Yes,No,Yes,Yes
INF00641,COL0129,35,21,6,8173,0,210,No,Yes,No,No
INF00642,COL0129,36,21,11,8483,0,222,No,Yes,No,No
INF00643,COL0129,38,23,15,8838,0,252,No,Yes,No,No
INF00644,COL0129,37,22,15,9503,0,230,No,Yes,No,No
INF00645,COL0129,39,24,20,9551,0,268,No,Yes,No,No
INF00646,COL0130,69,25,12,13352,983,150,Yes,Yes,No,No
INF00647,COL0130,70,25,21,13987,1010,161,Yes,Yes,No,No
INF00648,COL0130,72,26,30,14502,986,161,Yes,Yes,No,No
INF00649,COL0130,73,27,41,14820,1060,191,Yes,Yes,No,Yes
INF00650,COL0130,77,28,47,14445,1028,201,Yes,Yes,No,Yes
INF00651,COL0131,16,8,3,3141,158,330,Yes,Yes,Yes,No
INF00652,COL0131,16,8,4,3276,160,341,Yes,Yes,Yes,Yes
INF00653,COL0131,17,8,7,3299,163,356,Yes,Yes,Yes,No
INF00654,COL0131,17,9,7,3562,162,411,Yes,Yes,Yes,Yes
INF00655,COL0131,18,9,9,3857,171,378,Yes,Yes,Yes,Yes
INF00656,COL0132,116,14,21,29264,0,210,No,Yes,No,No
INF00657,COL0132,118,14,32,30736,0,229,No,Yes,No,Yes
INF00658,COL0132,119,14,54,32604,0,248,No,Yes,No,No
INF00659,COL0132,120,14,63,31411,0,249,No,Yes,No,Yes
INF00660,COL0132,124,15,73,32559,0,266,No,Yes,No,Yes
INF00661,COL0133,19,10,3,4861,0,330,Yes,Yes,No,No
INF00662,COL0133,19,10,6,4960,0,349,Yes,Yes,No,No
INF00663,COL0133,20,11,8,5392,0,351,Yes,Yes,No,No
INF00664,COL0133,21,11,9,5375,0,427,Yes,Yes,No,Yes
INF00665,COL0133,20,11,14,5663,0,387,Yes,Yes,No,No
INF00666,COL0134,10,2,2,2591,88,330,No,Yes,Yes,No
INF00667,COL0134,10,2,3,2734,90,360,No,Yes,Yes,Yes
INF00668,COL0134,11,2,4,2726,91,391,No,Yes,Yes,Yes
INF00669,COL0134,11,2,6,2937,90,403,No,Yes,Yes,Yes
INF00670,COL0134,11,2,8,3175,94,400,No,Yes,Yes,Yes
INF00671,COL0135,27,13,5,8974,199,270,Yes,Yes,No,No
INF00672,COL0135,28,13,9,9196,204,284,Yes,Yes,No,No
INF00673,COL0135,29,14,13,9630,204,302,Yes,Yes,No,No
INF00674,COL0135,30,14,18,9807,201,338,Yes,Yes,No,Yes
INF00675,COL0135,31,15,19,10075,205,345,Yes,Yes,No,Yes
INF00676,COL0136,27,12,2,9225,0,390,Yes,Yes,No,No
INF00677,COL0136,27,12,5,9415,0,409,Yes,Yes,No,No
INF00678,COL0136,29,13,10,10153,0,417,Yes,Yes,No,No
INF00679,COL0136,30,13,14,10321,0,452,Yes,Yes,No,Yes
INF00680,COL0136,29,13,13,10025,0,517,Yes,Yes,No,Yes
INF00681,COL0137,84,13,15,24130,1015,390,No,Yes,No,No
INF00682,COL0137,87,13,25,25111,1017,419,No,Yes,No,No
INF00683,COL0137,88,14,31,26693,1041,439,No,Yes,No,No
INF00684,COL0137,87,13,42,25990,1056,493,No,Yes,No,No
INF00685,COL0137,89,14,60,29681,1031,513,No,Yes,No,Yes
INF00686,COL0138,71,7,13,18588,1054,270,Yes,Yes,No,No
INF00687,COL0138,72,7,20,19245,1070,293,Yes,Yes,No,No
INF00688,COL0138,74,7,27,20474,1090,321,Yes,Yes,No,No
INF00689,COL0138,74,7,42,20102,1094,335,Yes,Yes,No,Yes
INF00690,COL0138,80,8,45,21938,1071,311,Yes,Yes,No,Yes
INF00691,COL0139,103,11,19,26047,1045,210,Yes,Yes,Yes,No
INF00692,COL0139,106,11,31,27149,1047,228,Yes,Yes,Yes,Yes
INF00693,COL0139,109,12,33,28868,1098,242,Yes,Yes,Yes,Yes
INF00694,COL0139,115,12,43,28913,1108,237,Yes,Yes,Yes,No
INF00695,COL0139,116,12,71,31412,1102,246,Yes,Yes,Yes,Yes
INF00696,COL0140,6,1,1,2124,91,330,No,Yes,Yes,No
INF00697,COL0140,6,1,2,2176,93,357,No,Yes,Yes,No
INF00698,COL0140,6,1,2,2368,93,395,No,Yes,Yes,No
INF00699,COL0140,6,1,3,2505,92,384,No,Yes,Yes,No
INF00700,COL0140,7,1,4,2461,98,386,No,Yes,Yes,No
INF00701,COL0141,17,1,1,4127,375,330,Yes,Yes,No,No
INF00702,COL0141,17,1,3,4260,379,352,Yes,Yes,No,Yes
INF00703,COL0141,18,1,5,4531,376,378,Yes,Yes,No,Yes
INF00704,COL0141,18,1,6,4708,402,423,Yes,Yes,No,No
INF00705,COL0141,19,1,10,5046,390,419,Yes,Yes,No,No
INF00706,COL0142,133,22,24,39340,1209,390,No,Yes,Yes,No
INF00707,COL0142,134,22,43,41113,1230,425,No,Yes,Yes,No
INF00708,COL0142,140,23,61,43279,1232,452,No,Yes,Yes,Yes
INF00709,COL0142,142,23,68,42822,1312,462,No,Yes,Yes,Yes
INF00710,COL0142,143,24,65,47428,1342,522,No,Yes,Yes,Yes
INF00711,COL0143,29,14,5,6458,385,330,No,Yes,No,No
INF00712,COL0143,30,14,8,6772,385,352,No,Yes,No,No
INF00713,COL0143,31,15,12,6761,386,371,No,Yes,No,No
INF00714,COL0143,32,15,14,7293,416,381,No,Yes,No,Yes
INF00715,COL0143,31,15,16,7304,390,410,No,Yes,No,Yes
INF00716,COL0144,15,1,1,8297,119,210,Yes,Yes,No,No
INF00717,COL0144,15,1,2,8619,119,226,Yes,Yes,No,Yes
INF00718,COL0144,16,1,4,9025,125,240,Yes,Yes,No,No
INF00719,COL0144,16,1,5,9609,126,260,Yes,Yes,No,No
INF00720,COL0144,17,1,10,9579,131,243,Yes,Yes,No,No
INF00721,COL0145,11,1,2,4703,0,90,No,Yes,Yes,No
INF00722,COL0145,11,1,3,4963,0,96,No,Yes,Yes,Yes
INF00723,COL0145,12,1,4,5065,0,98,No,Yes,Yes,No
INF00724,COL0145,12,1,5,5043,0,114,No,Yes,Yes,No
INF00725,COL0145,12,1,8,5676,0,114,No,Yes,Yes,Yes
INF00726,COL0146,114,18,9,30021,1533,450,Yes,Yes,Yes,No
INF00727,COL0146,115,18,25,31311,1560,479,Yes,Yes,Yes,No
INF00728,COL0146,120,19,40,31645,1539,537,Yes,Yes,Yes,Yes
INF00729,COL0146,126,20,56,33187,1624,537,Yes,Yes,Yes,Yes
INF00730,COL0146,130,20,79,36761,1533,584,Yes,Yes,Yes,Yes
INF00731,COL0147,21,10,4,4322,246,330,Yes,Yes,No,No
INF00732,COL0147,21,10,5,4579,247,349,Yes,Yes,No,No
INF00733,COL0147,22,10,9,4513,258,382,Yes,Yes,No,No
INF00734,COL0147,23,11,13,4703,255,408,Yes,Yes,No,Yes
INF00735,COL0147,23,11,12,5045,260,431,Yes,Yes,No,Yes
INF00736,COL0148,125,24,22,36861,933,450,No,Yes,No,Yes
INF00737,COL0148,129,25,35,38271,950,488,No,Yes,No,No
INF00738,COL0148,129,25,49,39963,953,505,No,Yes,No,Yes
INF00739,COL0148,136,26,68,42818,975,513,No,Yes,No,Yes
INF00740,COL0148,138,27,74,45579,1012,576,No,Yes,No,Yes
INF00741,COL0149,117,19,9,26979,1433,210,No,Yes,No,No
INF00742,COL0149,118,19,23,28380,1435,221,No,Yes,No,No
INF00743,COL0149,125,20,34,29165,1496,236,No,Yes,No,No
INF00744,COL0149,131,21,59,29534,1552,230,No,Yes,No,No
INF00745,COL0149,132,21,66,29402,1462,263,No,Yes,No,Yes
INF00746,COL0150,77,43,14,24741,929,210,Yes,Yes,No,Yes
INF00747,COL0150,79,44,20,25678,936,228,Yes,Yes,No,No
INF00748,COL0150,81,45,35,27437,934,233,Yes,Yes,No,Yes
INF00749,COL0150,86,48,34,27698,993,273,Yes,Yes,No,Yes
INF00750,COL0150,84,47,52,27555,967,278,Yes,Yes,No,No
INF00751,COL0151,38,4,3,11577,548,330,No,Yes,No,Yes
INF00752,COL0151,39,4,7,12123,559,362,No,Yes,No,Yes
INF00753,COL0151,41,4,12,12926,578,370,No,Yes,No,No
INF00754,COL0151,40,4,13,12408,567,405,No,Yes,No,No
INF00755,COL0151,43,5,24,13594,570,388,No,Yes,No,No
INF00756,COL0152,6,1,0,2822,50,450,Yes,Yes,Yes,No
INF00757,COL0152,6,1,1,2986,51,484,Yes,Yes,Yes,Yes
INF00758,COL0152,6,1,1,3083,52,534,Yes,Yes,Yes,No
INF00759,COL0152,7,1,3,3077,54,535,Yes,Yes,Yes,No
INF00760,COL0152,7,1,3,3241,55,618,Yes,Yes,Yes,Yes
INF00761,COL0153,10,4,2,3331,92,450,Yes,No,Yes,No
INF00762,COL0153,10,4,3,3427,95,484,Yes,No,Yes,No
INF00763,COL0153,10,4,3,3616,94,493,Yes,No,Yes,No
INF00764,COL0153,10,4,5,3904,94,553,Yes,No,Yes,No
INF00765,COL0153,11,5,7,3872,97,622,Yes,No,Yes,Yes
INF00766,COL0154,52,9,4,17559,0,270,Yes,Yes,No,No
INF00767,COL0154,53,9,10,18584,0,280,Yes,Yes,No,No
INF00768,COL0154,56,10,12,18907,0,315,Yes,Yes,No,No
INF00769,COL0154,54,9,15,19422,0,305,Yes,Yes,No,No
INF00770,COL0154,60,10,31,19973,0,309,Yes,Yes,No,No
INF00771,COL0155,23,9,2,9095,0,150,No,Yes,No,No
INF00772,COL0155,24,9,3,9297,0,163,No,Yes,No,Yes
INF00773,COL0155,24,9,8,9944,0,169,No,Yes,No,No
INF00774,COL0155,25,10,7,10273,0,193,No,Yes,No,Yes
INF00775,COL0155,24,10,13,10508,0,207,No,Yes,No,Yes
INF00776,COL0156,61,6,11,12817,583,150,Yes,Yes,No,No
INF00777,COL0156,63,6,17,13489,595,165,Yes,Yes,No,No
INF00778,COL0156,66,6,26,13470,611,177,Yes,Yes,No,No
INF00779,COL0156,66,7,29,13772,605,168,Yes,Yes,No,No
INF00780,COL0156,67,7,38,15741,590,170,Yes,Yes,No,No
INF00781,COL0157,44,8,8,9408,673,390,Yes,Yes,Yes,No
INF00782,COL0157,45,8,13,9751,685,427,Yes,Yes,Yes,Yes
INF00783,COL0157,45,8,17,10500,705,448,Yes,Yes,Yes,No
INF00784,COL0157,45,8,19,10105,679,469,Yes,Yes,Yes,No
INF00785,COL0157,50,9,30,10491,726,521,Yes,Yes,Yes,Yes
INF00786,COL0158,29,16,5,8235,0,330,No,Yes,Yes,No
INF00787,COL0158,30,17,9,8414,0,357,No,Yes,Yes,No
INF00788,COL0158,30,16,13,8884,0,355,No,Yes,Yes,No
INF00789,COL0158,32,18,16,9051,0,373,No,Yes,Yes,No
INF00790,COL0158,31,17,21,9324,0,379,No,Yes,Yes,No
INF00791,COL0159,22,10,4,5656,0,390,No,Yes,No,No
INF00792,COL0159,23,10,7,5815,0,405,No,Yes,No,No
INF00793,COL0159,23,10,7,6268,0,438,No,Yes,No,Yes
INF00794,COL0159,23,11,13,6405,0,490,No,Yes,No,No
INF00795,COL0159,24,11,11,6986,0,530,No,Yes,No,Yes
INF00796,COL0160,6,3,1,1853,0,90,No,Yes,Yes,No
INF00797,COL0160,6,3,2,1933,0,93,No,Yes,Yes,No
INF00798,COL0160,6,3,2,2041,0,96,No,Yes,Yes,No
INF00799,COL0160,6,3,3,2147,0,107,No,Yes,Yes,Yes
INF00800,COL0160,7,3,3,2218,0,125,No,Yes,Yes,Yes
INF00801,COL0161,8,4,1,4756,122,270,No,Yes,No,No
INF00802,COL0161,8,4,1,4972,122,294,No,Yes,No,No
INF00803,COL0161,8,4,2,5108,129,296,No,Yes,No,No
INF00804,COL0161,9,4,4,5088,130,344,No,Yes,No,Yes
INF00805,COL0161,9,5,5,5812,127,311,No,Yes,No,No
INF00806,COL0162,30,12,5,7845,278,450,No,No,Yes,No
INF00807,COL0162,31,12,8,8113,284,472,No,No,Yes,No
INF00808,COL0162,31,12,11,8464,280,510,No,No,Yes,No
INF00809,COL0162,33,13,16,8591,298,549,No,No,Yes,No
INF00810,COL0162,34,14,25,8555,293,616,No,No,Yes,Yes
INF00811,COL0163,49,21,4,18598,961,330,Yes,Yes,No,Yes
INF00812,COL0163,50,21,9,19450,963,347,Yes,Yes,No,No
INF00813,COL0163,51,22,18,20301,981,369,Yes,Yes,No,No
INF00814,COL0163,52,22,21,21269,1000,418,Yes,Yes,No,Yes
INF00815,COL0163,52,22,30,20597,1017,394,Yes,Yes,No,No
INF00816,COL0164,44,16,8,11487,495,330,Yes,Yes,No,No
INF00817,COL0164,44,16,12,11775,498,346,Yes,Yes,No,No
INF00818,COL0164,45,16,16,12262,511,367,Yes,Yes,No,Yes
INF00819,COL0164,47,17,27,12734,501,394,Yes,Yes,No,No
INF00820,COL0164,47,17,20,13763,515,460,Yes,Yes,No,No
INF00821,COL0165,117,13,21,39475,2035,330,No,Yes,Yes,No
INF00822,COL0165,119,13,32,41592,2041,350,No,Yes,Yes,Yes
INF00823,COL0165,124,14,49,41756,2069,393,No,Yes,Yes,Yes
INF00824,COL0165,126,14,59,45025,2129,366,No,Yes,Yes,Yes
INF00825,COL0165,126,14,77,48592,2123,454,No,Yes,Yes,Yes
INF00826,COL0166,16,7,1,4580,143,450,Yes,Yes,No,No
INF00827,COL0166,17,7,3,4836,146,468,Yes,Yes,No,Yes
INF00828,COL0166,17,7,5,5081,144,539,Yes,Yes,No,No
INF00829,COL0166,18,8,5,5080,148,577,Yes,Yes,No,No
INF00830,COL0166,18,8,10,5047,150,527,Yes,Yes,No,No
INF00831,COL0167,63,35,11,16300,366,270,Yes,Yes,No,No
INF00832,COL0167,64,36,18,17074,367,283,Yes,Yes,No,Yes
INF00833,COL0167,68,38,21,17924,378,308,Yes,Yes,No,No
INF00834,COL0167,68,38,32,18636,383,301,Yes,Yes,No,Yes
INF00835,COL0167,72,40,34,17757,405,327,Yes,Yes,No,Yes
INF00836,COL0168,57,24,10,13488,885,390,No,Yes,Yes,No
INF00837,COL0168,59,25,18,14127,903,410,No,Yes,Yes,No
INF00838,COL0168,58,25,23,14916,913,414,No,Yes,Yes,No
INF00839,COL0168,61,26,27,15771,897,433,No,Yes,Yes,Yes
INF00840,COL0168,61,26,43,15891,941,528,No,Yes,Yes,No
INF00841,COL0169,10,5,2,2021,127,210,Yes,Yes,No,No
INF00842,COL0169,10,5,3,2064,128,228,Yes,Yes,No,No
INF00843,COL0169,10,5,3,2122,128,226,Yes,Yes,No,No
INF00844,COL0169,11,6,4,2330,127,262,Yes,Yes,No,Yes
INF00845,COL0169,11,6,6,2202,131,242,Yes,Yes,No,Yes
INF00846,COL0170,6,3,0,3042,57,150,Yes,Yes,No,No
INF00847,COL0170,6,3,1,3132,57,160,Yes,Yes,No,No
INF00848,COL0170,6,3,1,3210,60,165,Yes,Yes,No,No
INF00849,COL0170,7,3,2,3303,61,179,Yes,Yes,No,No
INF00850,COL0170,7,3,3,3752,59,176,Yes,Yes,No,Yes
INF00851,COL0171,26,3,2,6432,372,390,Yes,Yes,Yes,No
INF00852,COL0171,27,3,4,6812,378,414,Yes,Yes,Yes,No
INF00853,COL0171,28,3,6,6725,383,459,Yes,Yes,Yes,No
INF00854,COL0171,27,3,13,7197,387,434,Yes,Yes,Yes,No
INF00855,COL0171,27,3,10,7359,377,501,Yes,Yes,Yes,No
INF00856,COL0172,47,4,4,18214,920,270,No,Yes,No,No
INF00857,COL0172,48,4,8,18925,931,289,No,Yes,No,No
INF00858,COL0172,49,4,16,19100,947,296,No,Yes,No,No
INF00859,COL0172,49,4,14,19422,976,298,No,Yes,No,No
INF00860,COL0172,51,4,27,20116,931,349,No,Yes,No,Yes
INF00861,COL0173,57,10,10,19193,0,330,No,Yes,No,Yes
INF00862,COL0173,58,10,18,19871,0,347,No,Yes,No,No
INF00863,COL0173,60,10,18,20815,0,390,No,Yes,No,No
INF00864,COL0173,62,11,30,20654,0,409,No,Yes,No,No
INF00865,COL0173,60,11,38,22755,0,433,No,Yes,No,No
INF00866,COL0174,6,3,1,1647,50,450,No,Yes,No,No
INF00867,COL0174,6,3,1,1739,50,474,No,Yes,No,No
INF00868,COL0174,6,3,2,1800,52,493,No,Yes,No,No
INF00869,COL0174,7,3,3,1806,50,522,No,Yes,No,Yes
INF00870,COL0174,7,3,5,1928,52,618,No,Yes,No,No
INF00871,COL0175,51,10,9,12660,783,210,No,Yes,No,No
INF00872,COL0175,52,10,15,13342,803,228,No,Yes,No,No
INF00873,COL0175,53,10,16,14175,794,234,No,Yes,No,No
INF00874,COL0175,53,10,30,13564,788,244,No,Yes,No,No
INF00875,COL0175,56,11,27,15284,811,274,No,Yes,No,No
INF00876,COL0176,126,18,23,25495,1119,210,No,Yes,No,No
INF00877,COL0176,130,19,36,26961,1140,224,No,Yes,No,No
INF00878,COL0176,132,19,52,27793,1143,238,No,Yes,No,Yes
INF00879,COL0176,131,19,69,27943,1151,248,No,Yes,No,No
INF00880,COL0176,132,19,64,29217,1206,284,No,Yes,No,Yes
INF00881,COL0177,31,14,6,6098,439,210,Yes,Yes,No,No
INF00882,COL0177,32,14,9,6263,452,229,Yes,Yes,No,No
INF00883,COL0177,32,14,14,6383,462,240,Yes,Yes,No,No
INF00884,COL0177,33,15,15,6945,476,233,Yes,Yes,No,No
INF00885,COL0177,33,15,15,7302,466,290,Yes,Yes,No,No
INF00886,COL0178,33,19,6,8608,411,210,Yes,Yes,Yes,Yes
INF00887,COL0178,34,19,11,8931,418,220,Yes,Yes,Yes,No
INF00888,COL0178,34,20,15,9170,428,235,Yes,Yes,Yes,No
INF00889,COL0178,37,21,22,9499,441,260,Yes,Yes,Yes,Yes
INF00890,COL0178,38,22,23,10456,457,274,Yes,Yes,Yes,No
INF00891,COL0179,29,3,5,8661,268,390,No,Yes,No,No
INF00892,COL0179,30,3,7,9119,270,408,No,Yes,No,No
INF00893,COL0179,31,3,12,9617,275,455,No,Yes,No,Yes
INF00894,COL0179,32,3,18,10158,278,464,No,Yes,No,No
INF00895,COL0179,33,3,23,10491,290,527,No,Yes,No,Yes
INF00896,COL0180,102,16,18,29953,1396,330,Yes,Yes,Yes,No
INF00897,COL0180,103,16,26,31171,1431,362,Yes,Yes,Yes,No
INF00898,COL0180,109,17,45,33050,1436,365,Yes,Yes,Yes,No
INF00899,COL0180,107,17,56,34722,1421,415,Yes,Yes,Yes,Yes
INF00900,COL0180,108,17,76,36877,1434,451,Yes,Yes,Yes,No
INF00901,COL0181,80,13,14,25040,0,210,No,Yes,Yes,Yes
INF00902,COL0181,82,13,26,25658,0,227,No,Yes,Yes,No
INF00903,COL0181,86,14,32,27391,0,226,No,Yes,Yes,No
INF00904,COL0181,84,14,48,28893,0,242,No,Yes,Yes,No
INF00905,COL0181,84,14,58,29447,0,294,No,Yes,Yes,Yes
INF00906,COL0182,25,3,4,6807,468,150,Yes,Yes,Yes,No
INF00907,COL0182,26,3,8,7137,478,162,Yes,Yes,Yes,Yes
INF00908,COL0182,26,3,8,7261,494,164,Yes,Yes,Yes,No
INF00909,COL0182,28,3,17,7704,470,187,Yes,Yes,Yes,Yes
INF00910,COL0182,28,3,14,7781,522,184,Yes,Yes,Yes,Yes
INF00911,COL0183,76,32,14,19942,1024,330,Yes,Yes,Yes,No
INF00912,COL0183,78,33,24,20567,1043,360,Yes,Yes,Yes,No
INF00913,COL0183,79,33,28,22164,1085,364,Yes,Yes,Yes,No
INF00914,COL0183,79,33,45,22712,1029,415,Yes,Yes,Yes,Yes
INF00915,COL0183,81,34,35,22368,1078,435,Yes,Yes,Yes,No
INF00916,COL0184,16,1,3,5443,317,270,Yes,Yes,No,No
INF00917,COL0184,16,1,5,5679,326,289,Yes,Yes,No,No
INF00918,COL0184,17,1,6,5694,330,315,Yes,Yes,No,No
INF00919,COL0184,17,1,9,6214,334,317,Yes,Yes,No,No
INF00920,COL0184,18,1,8,5949,342,365,Yes,Yes,No,Yes
INF00921,COL0185,24,12,4,4962,0,150,No,Yes,No,No
INF00922,COL0185,24,12,7,5125,0,155,No,Yes,No,Yes
INF00923,COL0185,26,13,9,5319,0,163,No,Yes,No,No
INF00924,COL0185,27,13,10,5767,0,169,No,Yes,No,No
INF00925,COL0185,26,13,17,5878,0,173,No,Yes,No,Yes
INF00926,COL0186,18,3,3,5985,227,330,Yes,Yes,No,No
INF00927,COL0186,19,3,5,6209,227,350,Yes,Yes,No,No
INF00928,COL0186,19,3,6,6553,234,357,Yes,Yes,No,No
INF00929,COL0186,19,3,8,6658,237,423,Yes,Yes,No,Yes
INF00930,COL0186,19,3,13,7270,235,418,Yes,Yes,No,Yes
INF00931,COL0187,15,5,3,3541,0,450,Yes,Yes,No,Yes
INF00932,COL0187,15,5,4,3638,0,476,Yes,Yes,No,Yes
INF00933,COL0187,16,5,6,3849,0,506,Yes,Yes,No,No
INF00934,COL0187,16,5,7,4164,0,573,Yes,Yes,No,Yes
INF00935,COL0187,16,5,11,4167,0,614,Yes,Yes,No,Yes
INF00936,COL0188,117,9,21,21730,2149,210,Yes,Yes,No,No
INF00937,COL0188,121,9,33,22428,2150,218,Yes,Yes,No,Yes
INF00938,COL0188,119,9,54,24093,2233,229,Yes,Yes,No,No
INF00939,COL0188,125,10,64,25094,2207,237,Yes,Yes,No,No
INF00940,COL0188,128,10,55,24046,2330,244,Yes,Yes,No,No
INF00941,COL0189,23,13,4,6534,158,210,Yes,Yes,No,No
INF00942,COL0189,24,13,6,6792,161,223,Yes,Yes,No,No
INF00943,COL0189,24,14,10,7050,163,244,Yes,Yes,No,Yes
INF00944,COL0189,24,14,9,7626,165,247,Yes,Yes,No,Yes
INF00945,COL0189,27,15,14,7786,163,236,Yes,Yes,No,Yes
INF00946,COL0190,10,1,2,3828,0,150,No,Yes,No,No
INF00947,COL0190,10,1,3,4017,0,163,No,Yes,No,No
INF00948,COL0190,11,1,4,4068,0,175,No,Yes,No,No
INF00949,COL0190,10,1,4,4336,0,167,No,Yes,No,No
INF00950,COL0190,12,1,6,4263,0,170,No,Yes,No,Yes
INF00951,COL0191,27,12,5,8979,0,270,Yes,Yes,Yes,Yes
INF00952,COL0191,28,12,8,9175,0,295,Yes,Yes,Yes,Yes
INF00953,COL0191,28,12,11,9708,0,312,Yes,Yes,Yes,No
INF00954,COL0191,30,13,14,10010,0,342,Yes,Yes,Yes,Yes
INF00955,COL0191,28,13,17,10821,0,374,Yes,Yes,Yes,No
INF00956,COL0192,33,12,6,8707,329,270,No,Yes,Yes,Yes
INF00957,COL0192,34,12,9,9026,331,293,No,Yes,Yes,No
INF00958,COL0192,34,12,13,9115,344,300,No,Yes,Yes,No
INF00959,COL0192,36,13,14,10017,336,318,No,Yes,Yes,No
INF00960,COL0192,36,13,20,10043,360,367,No,Yes,Yes,Yes
INF00961,COL0193,82,32,7,13908,0,90,Yes,Yes,Yes,No
INF00962,COL0193,84,33,18,14218,0,97,Yes,Yes,Yes,No
INF00963,COL0193,87,34,25,14793,0,100,Yes,Yes,Yes,No
INF00964,COL0193,89,35,30,15982,0,115,Yes,Yes,Yes,Yes
INF00965,COL0193,88,34,43,17069,0,118,Yes,Yes,Yes,Yes
INF00966,COL0194,64,9,12,17519,663,390,No,Yes,No,No
INF00967,COL0194,65,9,21,18068,674,404,No,Yes,No,No
INF00968,COL0194,68,10,22,18259,687,457,No,Yes,No,Yes
INF00969,COL0194,70,10,37,20645,667,434,No,Yes,No,Yes
INF00970,COL0194,71,10,38,19054,673,508,No,Yes,No,Yes
INF00971,COL0195,7,1,1,3722,0,210,No,Yes,No,No
INF00972,COL0195,7,1,2,3897,0,227,No,Yes,No,No
INF00973,COL0195,7,1,2,4044,0,247,No,Yes,No,No
INF00974,COL0195,7,1,4,4315,0,233,No,Yes,No,Yes
INF00975,COL0195,8,1,5,4285,0,257,No,Yes,No,No
INF00976,COL0196,62,30,11,14787,0,330,No,Yes,No,No
INF00977,COL0196,63,30,19,15159,0,356,No,Yes,No,No
INF00978,COL0196,64,31,21,15938,0,384,No,Yes,No,No
INF00979,COL0196,66,32,39,16742,0,388,No,Yes,No,Yes
INF00980,COL0196,69,33,30,16333,0,404,No,Yes,No,No
INF00981,COL0197,119,56,10,33089,0,330,Yes,Yes,Yes,Yes
INF00982,COL0197,121,57,25,34303,0,353,Yes,Yes,Yes,No
INF00983,COL0197,128,60,42,35671,0,383,Yes,Yes,Yes,No
INF00984,COL0197,131,62,50,36905,0,391,Yes,Yes,Yes,Yes
INF00985,COL0197,136,64,58,39971,0,431,Yes,Yes,Yes,Yes
INF00986,COL0198,68,9,12,16993,0,390,No,Yes,No,No
INF00987,COL0198,70,9,17,17713,0,407,No,Yes,No,No
INF00988,COL0198,72,9,22,18448,0,424,No,Yes,No,No
INF00989,COL0198,76,10,30,19922,0,440,No,Yes,No,Yes
INF00990,COL0198,77,10,38,20271,0,534,No,Yes,No,Yes
INF00991,COL0199,23,4,4,6585,305,450,No,Yes,Yes,No
INF00992,COL0199,23,4,6,6740,309,473,No,Yes,Yes,Yes
INF00993,COL0199,24,4,8,6863,312,481,No,Yes,Yes,No
INF00994,COL0199,25,4,11,7277,308,569,No,Yes,Yes,Yes
INF00995,COL0199,26,5,16,7631,319,599,No,Yes,Yes,Yes
INF00996,COL0200,50,23,4,10256,427,390,No,Yes,Yes,No
INF00997,COL0200,51,24,7,10722,439,407,No,Yes,Yes,No
INF00998,COL0200,54,25,18,11107,450,437,No,Yes,Yes,No
INF00999,COL0200,52,24,19,11892,464,449,No,Yes,Yes,Yes
INF01000,COL0200,58,26,28,12058,446,528,No,Yes,Yes,Yes
INF01001,COL0201,51,8,9,13812,623,330,No,Yes,No,No
INF01002,COL0201,53,8,14,14465,628,348,No,Yes,No,No
INF01003,COL0201,53,8,18,15451,640,366,No,Yes,No,No
INF01004,COL0201,53,8,28,15712,650,360,No,Yes,No,No
INF01005,COL0201,57,9,31,16895,680,435,No,Yes,No,No
INF01006,COL0202,84,43,15,16444,0,270,No,Yes,No,No
INF01007,COL0202,87,44,26,16778,0,287,No,Yes,No,No
INF01008,COL0202,88,45,30,17128,0,297,No,Yes,No,No
INF01009,COL0202,89,46,34,18641,0,311,No,Yes,No,No
INF01010,COL0202,90,46,52,18715,0,324,No,Yes,No,No
INF01011,COL0203,43,5,8,10208,588,270,Yes,Yes,No,Yes
INF01012,COL0203,44,5,11,10518,592,289,Yes,Yes,No,No
INF01013,COL0203,46,5,15,11170,612,324,Yes,Yes,No,No
INF01014,COL0203,45,5,22,11377,622,347,Yes,Yes,No,No
INF01015,COL0203,45,5,32,11731,607,378,Yes,Yes,No,No
INF01016,COL0204,34,15,6,10388,414,270,Yes,Yes,Yes,No
INF01017,COL0204,35,16,10,10627,416,283,Yes,Yes,Yes,Yes
INF01018,COL0204,36,16,11,11202,429,317,Yes,Yes,Yes,No
INF01019,COL0204,36,16,15,11146,427,308,Yes,Yes,Yes,Yes
INF01020,COL0204,37,16,25,12787,445,361,Yes,Yes,Yes,No
INF01021,COL0205,34,5,6,6587,0,150,Yes,Yes,Yes,No
INF01022,COL0205,35,5,9,6897,0,160,Yes,Yes,Yes,Yes
INF01023,COL0205,35,5,11,7247,0,164,Yes,Yes,Yes,No
INF01024,COL0205,37,5,13,7286,0,189,Yes,Yes,Yes,No
INF01025,COL0205,38,6,20,8102,0,201,Yes,Yes,Yes,Yes
INF01026,COL0206,21,2,2,4120,275,150,Yes,Yes,No,No
INF01027,COL0206,22,2,3,4254,283,159,Yes,Yes,No,No
INF01028,COL0206,22,2,8,4540,280,162,Yes,Yes,No,No
INF01029,COL0206,22,2,6,4657,276,185,Yes,Yes,No,No
INF01030,COL0206,24,2,14,4728,282,176,Yes,Yes,No,No
INF01031,COL0207,90,39,7,29216,0,390,No,Yes,No,Yes
INF01032,COL0207,92,40,19,29850,0,408,No,Yes,No,Yes
INF01033,COL0207,93,40,22,31843,0,426,No,Yes,No,No
INF01034,COL0207,100,44,34,33564,0,442,No,Yes,No,Yes
INF01035,COL0207,104,45,45,31898,0,440,No,Yes,No,Yes
INF01036,COL0208,107,11,19,26785,892,210,Yes,Yes,Yes,Yes
INF01037,COL0208,111,11,35,27343,902,226,Yes,Yes,Yes,No
INF01038,COL0208,110,11,49,28510,935,230,Yes,Yes,Yes,No
INF01039,COL0208,119,12,71,31599,963,268,Yes,Yes,Yes,Yes
INF01040,COL0208,113,12,81,32334,932,246,Yes,Yes,Yes,Yes
INF01041,COL0209,68,13,5,17049,1139,270,No,Yes,Yes,No
INF01042,COL0209,70,13,11,17445,1162,287,No,Yes,Yes,Yes
INF01043,COL0209,71,14,23,18611,1173,305,No,Yes,Yes,No
INF01044,COL0209,72,14,25,19493,1190,335,No,Yes,Yes,Yes
INF01045,COL0209,74,14,45,20006,1169,305,No,Yes,Yes,Yes
INF01046,COL0210,74,33,13,19454,1126,90,Yes,Yes,No,No
INF01047,COL0210,76,34,21,20207,1153,95,Yes,Yes,No,Yes
INF01048,COL0210,77,34,25,20596,1150,104,Yes,Yes,No,Yes
INF01049,COL0210,82,36,40,22124,1220,113,Yes,Yes,No,Yes
INF01050,COL0210,78,35,34,21634,1170,106,Yes,Yes,No,Yes
INF01051,COL0211,13,7,2,5157,230,390,No,Yes,No,No
INF01052,COL0211,13,7,4,5395,234,415,No,Yes,No,No
INF01053,COL0211,13,7,5,5457,237,454,No,Yes,No,No
INF01054,COL0211,14,8,8,5914,246,463,No,Yes,No,Yes
INF01055,COL0211,14,7,9,6145,242,460,No,Yes,No,No
INF01056,COL0212,12,2,2,3255,0,150,Yes,Yes,No,No
INF01057,COL0212,12,2,3,3323,0,163,Yes,Yes,No,No
INF01058,COL0212,12,2,5,3471,0,172,Yes,Yes,No,No
INF01059,COL0212,13,2,7,3833,0,170,Yes,Yes,No,No
INF01060,COL0212,13,2,6,3572,0,192,Yes,Yes,No,Yes
INF01061,COL0213,14,5,1,7677,0,270,Yes,Yes,No,Yes
INF01062,COL0213,14,5,2,7848,0,288,Yes,Yes,No,Yes
INF01063,COL0213,15,5,4,8081,0,290,Yes,Yes,No,Yes
INF01064,COL0213,15,5,4,9017,0,343,Yes,Yes,No,Yes
INF01065,COL0213,15,5,7,9163,0,338,Yes,Yes,No,Yes
INF01066,COL0214,67,10,5,20258,0,390,No,Yes,Yes,No
INF01067,COL0214,69,10,12,21130,0,422,No,Yes,Yes,No
INF01068,COL0214,72,11,20,22203,0,452,No,Yes,Yes,No
INF01069,COL0214,73,11,33,21899,0,446,No,Yes,Yes,No
INF01070,COL0214,76,11,35,24831,0,457,No,Yes,Yes,No
INF01071,COL0215,26,5,5,6071,447,210,Yes,Yes,No,No
INF01072,COL0215,27,5,7,6218,451,228,Yes,Yes,No,No
INF01073,COL0215,27,5,10,6538,466,225,Yes,Yes,No,No
INF01074,COL0215,28,5,15,7059,447,246,Yes,Yes,No,Yes
INF01075,COL0215,30,6,16,7284,451,264,Yes,Yes,No,No
INF01076,COL0216,24,5,4,5340,0,210,No,Yes,Yes,Yes
INF01077,COL0216,25,5,7,5480,0,222,No,Yes,Yes,Yes
INF01078,COL0216,25,5,10,5646,0,243,No,Yes,Yes,No
INF01079,COL0216,26,6,13,6119,0,268,No,Yes,Yes,Yes
INF01080,COL0216,26,5,11,5771,0,281,No,Yes,Yes,No
INF01081,COL0217,24,11,2,6715,257,330,Yes,Yes,No,No
INF01082,COL0217,24,11,4,6878,261,347,Yes,Yes,No,Yes
INF01083,COL0217,25,11,7,7488,260,355,Yes,Yes,No,No
INF01084,COL0217,25,12,9,7373,268,387,Yes,Yes,No,Yes
INF01085,COL0217,27,13,14,7649,264,376,Yes,Yes,No,Yes
INF01086,COL0218,6,1,1,1738,107,150,No,Yes,No,No
INF01087,COL0218,6,1,2,1834,110,158,No,Yes,No,No
INF01088,COL0218,6,1,2,1889,111,167,No,Yes,No,Yes
INF01089,COL0218,6,1,4,1891,116,183,No,Yes,No,Yes
INF01090,COL0218,7,1,5,2049,112,171,No,Yes,No,Yes
INF01091,COL0219,34,14,6,7174,317,330,Yes,Yes,No,No
INF01092,COL0219,35,14,8,7561,319,348,Yes,Yes,No,No
INF01093,COL0219,37,15,15,7603,331,382,Yes,Yes,No,No
INF01094,COL0219,36,15,16,7985,342,360,Yes,Yes,No,Yes
INF01095,COL0219,36,15,22,7910,320,388,Yes,Yes,No,No
INF01096,COL0220,39,23,7,9102,0,330,No,Yes,Yes,No
INF01097,COL0220,40,24,10,9568,0,342,No,Yes,Yes,No
INF01098,COL0220,41,24,13,9787,0,373,No,Yes,Yes,No
INF01099,COL0220,43,25,24,10515,0,361,No,Yes,Yes,Yes
INF01100,COL0220,45,26,30,11172,0,425,No,Yes,Yes,Yes
INF01101,COL0221,38,16,7,9906,350,150,No,Yes,No,No
INF01102,COL0221,39,16,12,10477,354,165,No,Yes,No,No
INF01103,COL0221,40,17,16,10626,369,160,No,Yes,No,No
INF01104,COL0221,41,17,17,11019,379,172,No,Yes,No,No
INF01105,COL0221,42,18,24,11790,377,197,No,Yes,No,No
INF01106,COL0222,88,10,16,17620,1384,270,No,Yes,No,No
INF01107,COL0222,91,10,22,18516,1422,290,No,Yes,No,No
INF01108,COL0222,93,11,41,19056,1419,293,No,Yes,No,No
INF01109,COL0222,93,11,40,20723,1432,332,No,Yes,No,Yes
INF01110,COL0222,96,11,67,21081,1490,309,No,Yes,No,No
INF01111,COL0223,58,6,10,17120,0,150,No,No,Yes,No
INF01112,COL0223,60,6,18,17579,0,158,No,No,Yes,No
INF01113,COL0223,60,6,20,19104,0,168,No,No,Yes,No
INF01114,COL0223,61,6,23,18523,0,187,No,No,Yes,Yes
INF01115,COL0223,67,7,37,20207,0,194,No,No,Yes,No
INF01116,COL0224,11,5,2,3277,0,150,No,Yes,No,Yes
INF01117,COL0224,11,5,4,3355,0,160,No,Yes,No,Yes
INF01118,COL0224,12,5,5,3608,0,179,No,Yes,No,No
INF01119,COL0224,12,5,6,3619,0,192,No,Yes,No,No
INF01120,COL0224,13,6,9,3888,0,184,No,Yes,No,Yes
INF01121,COL0225,33,4,6,6190,265,330,No,Yes,No,No
INF01122,COL0225,34,4,10,6431,266,349,No,Yes,No,No
INF01123,COL0225,36,4,15,6446,266,366,No,Yes,No,No
INF01124,COL0225,35,4,16,7012,280,387,No,Yes,No,Yes
INF01125,COL0225,36,4,26,7607,292,461,No,Yes,No,No
INF01126,COL0226,51,22,9,11448,706,150,Yes,Yes,No,No
INF01127,COL0226,52,22,14,11730,711,161,Yes,Yes,No,Yes
INF01128,COL0226,54,23,22,11988,736,168,Yes,Yes,No,Yes
INF01129,COL0226,57,24,33,13188,722,170,Yes,Yes,No,No
INF01130,COL0226,59,25,27,12613,767,190,Yes,Yes,No,Yes
INF01131,COL0227,23,13,4,8129,383,270,Yes,Yes,No,No
INF01132,COL0227,23,13,6,8320,392,280,Yes,Yes,No,No
INF01133,COL0227,24,14,8,8693,405,318,Yes,Yes,No,No
INF01134,COL0227,24,13,9,9139,417,342,Yes,Yes,No,Yes
INF01135,COL0227,25,14,16,9815,411,342,Yes,Yes,No,Yes
INF01136,COL0228,6,3,1,1614,0,330,No,Yes,No,No
INF01137,COL0228,6,3,2,1666,0,363,No,Yes,No,Yes
INF01138,COL0228,6,3,2,1740,0,388,No,Yes,No,No
INF01139,COL0228,7,3,3,1901,0,383,No,Yes,No,No
INF01140,COL0228,6,3,4,1952,0,434,No,Yes,No,Yes
INF01141,COL0229,31,3,2,11828,0,150,No,Yes,No,No
INF01142,COL0229,32,3,5,12314,0,157,No,Yes,No,No
INF01143,COL0229,32,3,11,12674,0,162,No,Yes,No,No
INF01144,COL0229,34,3,15,13744,0,186,No,Yes,No,No
INF01145,COL0229,33,3,12,14091,0,180,No,Yes,No,Yes
INF01146,COL0230,129,22,23,32989,2140,210,No,Yes,No,Yes
INF01147,COL0230,134,23,34,33718,2182,231,No,Yes,No,No
INF01148,COL0230,139,24,56,35375,2171,224,No,Yes,No,No
INF01149,COL0230,141,24,83,37553,2273,245,No,Yes,No,No
INF01150,COL0230,144,25,96,40193,2211,273,No,Yes,No,No
INF01151,COL0231,96,36,17,17340,0,450,No,Yes,No,No
INF01152,COL0231,97,37,27,18134,0,477,No,Yes,No,No
INF01153,COL0231,98,37,30,19294,0,527,No,Yes,No,Yes
INF01154,COL0231,106,40,39,19537,0,541,No,Yes,No,No
INF01155,COL0231,105,40,62,20349,0,594,No,Yes,No,No
INF01156,COL0232,24,13,2,10079,0,270,Yes,Yes,No,No
INF01157,COL0232,24,13,4,10624,0,279,Yes,Yes,No,No
INF01158,COL0232,25,14,6,10921,0,302,Yes,Yes,No,No
INF01159,COL0232,25,13,8,11828,0,324,Yes,Yes,No,No
INF01160,COL0232,27,15,12,11816,0,355,Yes,Yes,No,No
INF01161,COL0233,26,11,5,8113,0,210,Yes,Yes,No,No
INF01162,COL0233,26,11,7,8317,0,225,Yes,Yes,No,Yes
INF01163,COL0233,27,11,10,9024,0,234,Yes,Yes,No,Yes
INF01164,COL0233,27,12,12,9276,0,253,Yes,Yes,No,Yes
INF01165,COL0233,29,12,21,9667,0,247,Yes,Yes,No,Yes
INF01166,COL0234,6,1,1,1500,50,450,Yes,Yes,No,Yes
INF01167,COL0234,6,1,2,1550,51,472,Yes,Yes,No,No
INF01168,COL0234,6,1,2,1676,50,501,Yes,Yes,No,No
INF01169,COL0234,6,1,3,1645,52,568,Yes,Yes,No,No
INF01170,COL0234,7,1,5,1752,55,581,Yes,Yes,No,Yes
INF01171,COL0235,47,6,8,13569,913,270,No,Yes,No,No
INF01172,COL0235,48,6,14,13869,940,292,No,Yes,No,No
INF01173,COL0235,49,6,19,14879,967,293,No,Yes,No,No
INF01174,COL0235,51,6,22,15080,985,348,No,Yes,No,No
INF01175,COL0235,51,6,35,16711,947,333,No,Yes,No,Yes
INF01176,COL0236,44,23,4,13212,473,150,Yes,Yes,No,No
INF01177,COL0236,45,24,10,13946,479,162,Yes,Yes,No,No
INF01178,COL0236,47,25,15,14495,494,174,Yes,Yes,No,Yes
INF01179,COL0236,48,25,23,15310,495,191,Yes,Yes,No,No
INF01180,COL0236,49,26,31,15695,503,205,Yes,Yes,No,Yes
INF01181,COL0237,26,15,5,6566,0,210,Yes,Yes,No,Yes
INF01182,COL0237,26,15,7,6774,0,219,Yes,Yes,No,Yes
INF01183,COL0237,27,16,9,6989,0,250,Yes,Yes,No,Yes
INF01184,COL0237,29,17,11,7325,0,256,Yes,Yes,No,Yes
INF01185,COL0237,28,16,17,7436,0,256,Yes,Yes,No,Yes
INF01186,COL0238,19,8,3,5033,192,210,Yes,Yes,Yes,No
INF01187,COL0238,19,8,5,5170,193,228,Yes,Yes,Yes,No
INF01188,COL0238,20,9,7,5377,196,235,Yes,Yes,Yes,No
INF01189,COL0238,20,8,8,5359,205,246,Yes,Yes,Yes,No
INF01190,COL0238,20,8,10,5822,198,274,Yes,Yes,Yes,Yes
INF01191,COL0239,76,13,14,21737,0,210,No,Yes,No,No
INF01192,COL0239,77,13,19,22606,0,228,No,Yes,No,No
INF01193,COL0239,81,14,29,24304,0,244,No,Yes,No,No
INF01194,COL0239,80,14,38,25026,0,240,No,Yes,No,Yes
INF01195,COL0239,84,14,42,26143,0,286,No,Yes,No,No
INF01196,COL0240,36,6,6,6701,295,270,No,Yes,No,Yes
INF01197,COL0240,37,6,12,6949,296,290,No,Yes,No,Yes
INF01198,COL0240,38,6,13,7309,301,295,No,Yes,No,No
INF01199,COL0240,39,6,20,7348,302,310,No,Yes,No,Yes
INF01200,COL0240,39,7,20,7288,297,305,No,Yes,No,No
INF01201,COL0241,47,22,8,13724,0,210,Yes,Yes,No,No
INF01202,COL0241,48,22,14,14197,0,228,Yes,Yes,No,No
INF01203,COL0241,49,23,20,14504,0,234,Yes,Yes,No,No
INF01204,COL0241,49,23,26,14746,0,255,Yes,Yes,No,No
INF01205,COL0241,53,25,25,16369,0,290,Yes,Yes,No,Yes
INF01206,COL0242,6,1,0,3745,0,270,Yes,Yes,No,No
INF01207,COL0242,6,1,1,3954,0,287,Yes,Yes,No,No
INF01208,COL0242,6,1,1,4020,0,321,Yes,Yes,No,No
INF01209,COL0242,6,1,2,4283,0,302,Yes,Yes,No,Yes
INF01210,COL0242,7,1,4,4460,0,358,Yes,Yes,No,Yes
INF01211,COL0243,44,25,4,15348,542,330,No,Yes,No,No
INF01212,COL0243,45,26,8,16089,547,352,No,Yes,No,Yes
INF01213,COL0243,47,27,14,16172,550,352,No,Yes,No,Yes
INF01214,COL0243,46,26,22,17977,581,378,No,Yes,No,No
INF01215,COL0243,47,27,27,17889,565,370,No,Yes,No,No
INF01216,COL0244,9,1,2,3361,96,210,No,Yes,No,No
INF01217,COL0244,9,1,3,3560,98,228,No,Yes,No,Yes
INF01218,COL0244,10,1,4,3671,100,248,No,Yes,No,No
INF01219,COL0244,10,1,4,3671,103,255,No,Yes,No,No
INF01220,COL0244,10,1,5,4020,106,257,No,Yes,No,Yes
INF01221,COL0245,13,1,1,6117,80,90,No,Yes,No,Yes
INF01222,COL0245,13,1,3,6477,81,93,No,Yes,No,No
INF01223,COL0245,14,1,4,6547,84,96,No,Yes,No,No
INF01224,COL0245,14,1,4,6666,81,100,No,Yes,No,No
INF01225,COL0245,14,1,9,7544,87,103,No,Yes,No,Yes
INF01226,COL0246,7,3,1,2172,0,210,No,Yes,Yes,No
INF01227,COL0246,7,3,2,2241,0,224,No,Yes,Yes,No
INF01228,COL0246,7,3,3,2263,0,235,No,Yes,Yes,Yes
INF01229,COL0246,8,3,3,2531,0,246,No,Yes,Yes,No
INF01230,COL0246,8,3,4,2405,0,242,No,Yes,Yes,Yes
INF01231,COL0247,20,2,4,7046,331,330,No,Yes,No,No
INF01232,COL0247,20,2,6,7285,340,342,No,Yes,No,No
INF01233,COL0247,22,2,9,7729,331,353,No,Yes,No,No
INF01234,COL0247,21,2,11,7740,352,387,No,Yes,No,No
INF01235,COL0247,22,2,10,8261,342,458,No,Yes,No,Yes
INF01236,COL0248,48,5,4,14181,0,210,Yes,Yes,No,No
INF01237,COL0248,49,5,9,14767,0,224,Yes,Yes,No,No
INF01238,COL0248,50,5,15,15227,0,240,Yes,Yes,No,No
INF01239,COL0248,53,5,23,15432,0,229,Yes,Yes,No,No
INF01240,COL0248,50,5,25,17488,0,289,Yes,Yes,No,Yes
INF01241,COL0249,37,7,3,16102,638,390,Yes,Yes,Yes,No
INF01242,COL0249,38,7,6,16441,645,428,Yes,Yes,Yes,No
INF01243,COL0249,39,7,8,17825,639,461,Yes,Yes,Yes,No
INF01244,COL0249,38,7,11,18168,647,492,Yes,Yes,Yes,Yes
INF01245,COL0249,42,8,23,19190,670,470,Yes,Yes,Yes,Yes
INF01246,COL0250,97,16,17,23480,1376,330,No,Yes,Yes,No
INF01247,COL0250,101,17,28,24616,1382,350,No,Yes,Yes,No
INF01248,COL0250,102,17,47,24654,1427,360,No,Yes,Yes,Yes
INF01249,COL0250,102,17,55,26465,1477,418,No,Yes,Yes,Yes
INF01250,COL0250,105,17,66,28466,1509,385,No,Yes,Yes,No
INF01251,COL0251,13,1,2,3360,0,90,No,Yes,Yes,No
INF01252,COL0251,13,1,4,3432,0,94,No,Yes,Yes,No
INF01253,COL0251,14,1,5,3707,0,96,No,Yes,Yes,No
INF01254,COL0251,14,1,5,3705,0,103,No,Yes,Yes,No
INF01255,COL0251,14,1,9,4019,0,125,No,Yes,Yes,No
INF01256,COL0252,85,11,15,22698,824,330,No,Yes,Yes,No
INF01257,COL0252,86,11,26,23955,840,359,No,Yes,Yes,No
INF01258,COL0252,88,11,40,24543,856,383,No,Yes,Yes,No
INF01259,COL0252,90,12,49,24983,887,385,No,Yes,Yes,Yes
INF01260,COL0252,97,13,65,25922,884,389,No,Yes,Yes,Yes
INF01261,COL0253,62,10,11,14495,985,150,Yes,Yes,No,No
INF01262,COL0253,63,10,17,14837,1008,156,Yes,Yes,No,No
INF01263,COL0253,65,10,22,16091,993,173,Yes,Yes,No,Yes
INF01264,COL0253,67,11,25,16859,1061,176,Yes,Yes,No,No
INF01265,COL0253,65,11,35,17614,1029,208,Yes,Yes,No,No
INF01266,COL0254,6,1,1,1645,50,270,No,Yes,No,No
INF01267,COL0254,6,1,2,1708,51,280,No,Yes,No,No
INF01268,COL0254,6,1,2,1722,53,314,No,Yes,No,No
INF01269,COL0254,7,1,3,1809,54,312,No,Yes,No,No
INF01270,COL0254,7,1,4,1850,51,305,No,Yes,No,No
INF01271,COL0255,64,8,12,11709,810,150,No,Yes,No,No
INF01272,COL0255,66,8,16,11976,817,159,No,Yes,No,No
INF01273,COL0255,69,9,26,12805,850,164,No,Yes,No,Yes
INF01274,COL0255,71,9,31,13470,835,169,No,Yes,No,No
INF01275,COL0255,70,9,45,12947,844,197,No,Yes,No,No
INF01276,COL0256,16,1,3,5252,160,330,Yes,Yes,No,No
INF01277,COL0256,16,1,4,5539,165,343,Yes,Yes,No,No
INF01278,COL0256,17,1,5,5651,161,388,Yes,Yes,No,No
INF01279,COL0256,18,1,7,5705,166,428,Yes,Yes,No,No
INF01280,COL0256,17,1,9,5965,179,458,Yes,Yes,No,No
INF01281,COL0257,25,4,4,4469,300,270,No,Yes,No,No
INF01282,COL0257,25,4,6,4635,305,281,No,Yes,No,No
INF01283,COL0257,26,4,11,4894,305,303,No,Yes,No,No
INF01284,COL0257,28,4,16,5271,303,340,No,Yes,No,No
INF01285,COL0257,28,4,15,5181,333,359,No,Yes,No,Yes
INF01286,COL0258,24,4,4,5264,264,210,Yes,Yes,Yes,No
INF01287,COL0258,25,4,7,5525,267,216,Yes,Yes,Yes,Yes
INF01288,COL0258,25,4,11,5586,277,247,Yes,Yes,Yes,Yes
INF01289,COL0258,25,4,14,5842,268,230,Yes,Yes,Yes,Yes
INF01290,COL0258,27,5,18,6190,294,255,Yes,Yes,Yes,No
INF01291,COL0259,27,5,5,6198,0,450,No,Yes,No,No
INF01292,COL0259,28,5,8,6347,0,489,No,Yes,No,No
INF01293,COL0259,29,5,12,6864,0,517,No,Yes,No,Yes
INF01294,COL0259,29,5,17,6721,0,499,No,Yes,No,No
INF01295,COL0259,30,6,18,6721,0,593,No,Yes,No,No
INF01296,COL0260,142,18,26,35209,1174,270,Yes,Yes,No,No
INF01297,COL0260,147,19,43,36300,1196,296,Yes,Yes,No,No
INF01298,COL0260,150,19,47,37911,1182,309,Yes,Yes,No,Yes
INF01299,COL0260,158,20,60,39410,1263,315,Yes,Yes,No,Yes
INF01300,COL0260,156,20,67,38440,1185,375,Yes,Yes,No,No
INF01301,COL0261,6,1,1,2998,63,390,Yes,Yes,Yes,No
INF01302,COL0261,6,1,2,3147,63,427,Yes,Yes,Yes,Yes
INF01303,COL0261,6,1,2,3154,63,461,Yes,Yes,Yes,Yes
INF01304,COL0261,6,1,2,3440,65,502,Yes,Yes,Yes,No
INF01305,COL0261,7,1,4,3502,69,469,Yes,Yes,Yes,No
INF01306,COL0262,8,4,1,1965,88,450,No,Yes,No,No
INF01307,COL0262,8,4,1,2063,90,489,No,Yes,No,No
INF01308,COL0262,8,4,2,2102,88,517,No,Yes,No,Yes
INF01309,COL0262,8,4,3,2221,95,518,No,Yes,No,No
INF01310,COL0262,9,5,4,2132,91,527,No,Yes,No,No
INF01311,COL0263,20,2,4,6774,134,450,No,Yes,Yes,No
INF01312,COL0263,21,2,6,6937,136,472,No,Yes,Yes,No
INF01313,COL0263,21,2,7,7529,140,504,No,Yes,Yes,No
INF01314,COL0263,21,2,9,7833,146,538,No,Yes,Yes,No
INF01315,COL0263,21,2,10,7670,143,552,No,Yes,Yes,Yes
INF01316,COL0264,37,7,7,13583,677,450,Yes,Yes,No,No
INF01317,COL0264,38,7,10,14264,688,476,Yes,Yes,No,No
INF01318,COL0264,39,7,14,14883,711,506,Yes,Yes,No,No
INF01319,COL0264,39,7,18,15405,680,493,Yes,Yes,No,Yes
INF01320,COL0264,39,7,20,16164,691,559,Yes,Yes,No,Yes
INF01321,COL0265,102,13,18,37926,1883,210,No,Yes,No,No
INF01322,COL0265,104,13,26,38894,1890,223,No,Yes,No,No
INF01323,COL0265,109,14,48,42373,1933,235,No,Yes,No,Yes
INF01324,COL0265,110,14,55,43211,1938,272,No,Yes,No,No
INF01325,COL0265,109,14,55,42758,2009,240,No,Yes,No,No
INF01326,COL0266,74,40,13,16130,739,330,No,Yes,Yes,No
INF01327,COL0266,77,41,23,16654,742,350,No,Yes,Yes,No
INF01328,COL0266,80,43,27,17244,777,395,No,Yes,Yes,No
INF01329,COL0266,81,44,33,17636,759,371,No,Yes,Yes,No
INF01330,COL0266,83,45,39,19682,760,438,No,Yes,Yes,No
INF01331,COL0267,137,11,11,36285,1452,270,Yes,Yes,No,Yes
INF01332,COL0267,141,11,28,37624,1470,284,Yes,Yes,No,No
INF01333,COL0267,144,12,40,38995,1508,312,Yes,Yes,No,No
INF01334,COL0267,144,12,39,38617,1461,309,Yes,Yes,No,Yes
INF01335,COL0267,146,12,76,43344,1470,332,Yes,Yes,No,No
INF01336,COL0268,27,11,5,7606,478,390,Yes,Yes,Yes,No
INF01337,COL0268,27,11,7,7779,491,407,Yes,Yes,Yes,Yes
INF01338,COL0268,28,11,11,8114,486,423,Yes,Yes,Yes,Yes
INF01339,COL0268,29,12,16,8605,503,505,Yes,Yes,Yes,Yes
INF01340,COL0268,29,12,13,9211,535,499,Yes,Yes,Yes,Yes
INF01341,COL0269,42,4,8,8431,0,150,No,Yes,No,No
INF01342,COL0269,42,4,11,8839,0,164,No,Yes,No,No
INF01343,COL0269,45,4,20,9170,0,161,No,Yes,No,No
INF01344,COL0269,46,4,17,9927,0,190,No,Yes,No,No
INF01345,COL0269,44,4,25,9435,0,199,No,Yes,No,No
INF01346,COL0270,122,21,22,22718,0,150,No,Yes,No,No
INF01347,COL0270,124,21,36,23979,0,159,No,Yes,No,No
INF01348,COL0270,132,23,46,23701,0,170,No,Yes,No,No
INF01349,COL0270,132,23,61,25322,0,194,No,Yes,No,No
INF01350,COL0270,131,23,96,26349,0,197,No,Yes,No,No
INF01351,COL0271,108,64,19,28046,671,210,Yes,Yes,Yes,No
INF01352,COL0271,111,66,27,28889,677,221,Yes,Yes,Yes,No
INF01353,COL0271,114,68,48,29516,682,225,Yes,Yes,Yes,No
INF01354,COL0271,113,67,57,30000,700,239,Yes,Yes,Yes,Yes
INF01355,COL0271,123,73,77,32186,679,292,Yes,Yes,Yes,Yes
INF01356,COL0272,6,3,1,2138,0,90,No,Yes,No,No
INF01357,COL0272,6,3,2,2227,0,95,No,Yes,No,No
INF01358,COL0272,6,3,2,2299,0,99,No,Yes,No,No
INF01359,COL0272,7,3,3,2376,0,106,No,Yes,No,No
INF01360,COL0272,6,3,4,2637,0,111,No,Yes,No,No
INF01361,COL0273,9,4,2,2497,0,330,Yes,Yes,No,Yes
INF01362,COL0273,9,4,3,2593,0,341,Yes,Yes,No,Yes
INF01363,COL0273,10,4,4,2663,0,354,Yes,Yes,No,No
INF01364,COL0273,10,4,4,2665,0,411,Yes,Yes,No,No
INF01365,COL0273,10,5,4,2779,0,383,Yes,Yes,No,No
INF01366,COL0274,43,17,3,17318,0,210,Yes,No,Yes,Yes
INF01367,COL0274,44,17,7,17731,0,219,Yes,No,Yes,Yes
INF01368,COL0274,46,18,12,18088,0,226,Yes,No,Yes,Yes
INF01369,COL0274,48,19,22,20106,0,253,Yes,No,Yes,No
INF01370,COL0274,48,19,29,20414,0,261,Yes,No,Yes,Yes
INF01371,COL0275,55,10,10,13703,502,150,No,Yes,No,No
INF01372,COL0275,56,10,15,14210,509,155,No,Yes,No,No
INF01373,COL0275,56,10,20,14958,521,178,No,Yes,No,Yes
INF01374,COL0275,61,11,36,15295,515,186,No,Yes,No,No
INF01375,COL0275,60,11,42,15903,545,183,No,Yes,No,Yes
INF01376,COL0276,41,7,7,8244,350,150,Yes,Yes,No,No
INF01377,COL0276,42,7,12,8599,358,164,Yes,Yes,No,No
INF01378,COL0276,42,7,15,9204,363,166,Yes,Yes,No,Yes
INF01379,COL0276,42,7,24,8896,353,167,Yes,Yes,No,No
INF01380,COL0276,45,8,30,10198,381,202,Yes,Yes,No,Yes
INF01381,COL0277,57,22,10,20869,542,150,Yes,Yes,Yes,No
INF01382,COL0277,58,22,17,21602,551,165,Yes,Yes,Yes,Yes
INF01383,COL0277,59,23,22,22181,547,163,Yes,Yes,Yes,No
INF01384,COL0277,63,24,26,23579,575,183,Yes,Yes,Yes,Yes
INF01385,COL0277,65,25,46,23739,578,185,Yes,Yes,Yes,Yes
INF01386,COL0278,33,6,6,10194,364,390,No,Yes,No,No
INF01387,COL0278,34,6,8,10430,367,423,No,Yes,No,Yes
INF01388,COL0278,34,6,13,10872,385,426,No,Yes,No,No
INF01389,COL0278,35,6,19,10889,396,496,No,Yes,No,Yes
INF01390,COL0278,37,7,26,12529,381,491,No,Yes,No,Yes
INF01391,COL0279,82,8,7,23536,882,30,Yes,Yes,Yes,No
INF01392,COL0279,84,8,18,24229,907,31,Yes,Yes,Yes,No
INF01393,COL0279,87,8,28,24544,932,36,Yes,Yes,Yes,No
INF01394,COL0279,89,9,25,26506,903,39,Yes,Yes,Yes,Yes
INF01395,COL0279,86,8,41,27868,914,37,Yes,Yes,Yes,No
INF01396,COL0280,63,22,11,13830,1108,210,No,Yes,No,No
INF01397,COL0280,64,23,16,14349,1141,229,No,Yes,No,No
INF01398,COL0280,65,23,24,14447,1147,229,No,Yes,No,Yes
INF01399,COL0280,69,24,40,15976,1207,254,No,Yes,No,Yes
INF01400,COL0280,71,25,48,15106,1132,243,No,Yes,No,Yes
INF01401,COL0281,103,16,19,20668,767,150,No,Yes,No,No
INF01402,COL0281,105,16,31,21860,774,163,No,Yes,No,No
INF01403,COL0281,108,17,37,22648,769,170,No,Yes,No,No
INF01404,COL0281,113,17,58,22602,776,170,No,Yes,No,No
INF01405,COL0281,110,17,72,23018,842,184,No,Yes,No,Yes
INF01406,COL0282,24,4,4,7871,290,210,Yes,Yes,No,No
INF01407,COL0282,25,4,7,8042,292,219,Yes,Yes,No,No
INF01408,COL0282,25,4,9,8527,290,233,Yes,Yes,No,No
INF01409,COL0282,27,4,16,9200,305,265,Yes,Yes,No,No
INF01410,COL0282,26,4,18,9047,315,260,Yes,Yes,No,No
INF01411,COL0283,41,4,7,9088,423,450,No,No,No,No
INF01412,COL0283,43,4,11,9275,435,489,No,No,No,Yes
INF01413,COL0283,42,4,16,9697,439,502,No,No,No,No
INF01414,COL0283,45,4,25,10517,428,548,No,No,No,No
INF01415,COL0283,44,4,22,10075,445,562,No,No,No,No
INF01416,COL0284,6,3,1,1500,0,270,Yes,Yes,No,No
INF01417,COL0284,6,3,2,1538,0,290,Yes,Yes,No,Yes
INF01418,COL0284,6,3,2,1574,0,288,Yes,Yes,No,No
INF01419,COL0284,7,3,3,1598,0,335,Yes,Yes,No,Yes
INF01420,COL0284,7,3,4,1682,0,354,Yes,Yes,No,No
INF01421,COL0285,89,15,16,22292,817,450,Yes,Yes,No,No
INF01422,COL0285,90,15,24,23441,827,474,Yes,Yes,No,No
INF01423,COL0285,93,16,42,24293,819,487,Yes,Yes,No,No
INF01424,COL0285,99,17,36,25259,855,567,Yes,Yes,No,No
INF01425,COL0285,98,17,59,25302,898,531,Yes,Yes,No,Yes
INF01426,COL0286,6,1,1,2183,62,210,Yes,Yes,No,No
INF01427,COL0286,6,1,2,2272,63,223,Yes,Yes,No,No
INF01428,COL0286,6,1,2,2313,63,245,Yes,Yes,No,No
INF01429,COL0286,7,1,3,2377,67,261,Yes,Yes,No,No
INF01430,COL0286,6,1,3,2677,67,274,Yes,Yes,No,No
INF01431,COL0287,51,8,9,14989,0,150,No,Yes,No,No
INF01432,COL0287,52,8,14,15878,0,161,No,Yes,No,No
INF01433,COL0287,54,9,24,16639,0,159,No,Yes,No,Yes
INF01434,COL0287,54,8,27,17561,0,187,No,Yes,No,Yes
INF01435,COL0287,53,8,30,17843,0,210,No,Yes,No,Yes
INF01436,COL0288,102,19,18,37034,966,450,Yes,Yes,No,Yes
INF01437,COL0288,105,20,28,38440,979,476,Yes,Yes,No,No
INF01438,COL0288,106,20,40,38914,1010,489,Yes,Yes,No,No
INF01439,COL0288,114,21,43,43236,998,547,Yes,Yes,No,No
INF01440,COL0288,111,21,62,43011,1076,578,Yes,Yes,No,Yes
INF01441,COL0289,39,5,7,9562,0,150,No,Yes,No,No
INF01442,COL0289,40,5,13,9834,0,160,No,Yes,No,No
INF01443,COL0289,41,5,13,10162,0,161,No,Yes,No,No
INF01444,COL0289,42,5,24,10467,0,192,No,Yes,No,No
INF01445,COL0289,44,6,31,11347,0,174,No,Yes,No,Yes
INF01446,COL0290,23,4,4,5363,185,450,No,Yes,No,No
INF01447,COL0290,24,4,7,5534,189,467,No,Yes,No,No
INF01448,COL0290,24,4,9,5690,196,531,No,Yes,No,No
INF01449,COL0290,24,4,11,5736,197,565,No,Yes,No,Yes
INF01450,COL0290,25,4,13,6333,202,569,No,Yes,No,No
INF01451,COL0291,8,5,1,4322,0,330,No,Yes,Yes,Yes
INF01452,COL0291,8,5,2,4571,0,355,No,Yes,Yes,No
INF01453,COL0291,8,5,3,4749,0,363,No,Yes,Yes,Yes
INF01454,COL0291,9,6,5,5026,0,412,No,Yes,Yes,Yes
INF01455,COL0291,8,5,5,4812,0,386,No,Yes,Yes,Yes
INF01456,COL0292,6,1,1,1939,51,330,No,Yes,No,No
INF01457,COL0292,6,1,1,1986,52,360,No,Yes,No,No
INF01458,COL0292,6,1,2,2119,52,355,No,Yes,No,No
INF01459,COL0292,6,1,3,2219,53,413,No,Yes,No,No
INF01460,COL0292,7,1,4,2167,54,396,No,Yes,No,No
INF01461,COL0293,6,3,1,2654,57,390,Yes,Yes,No,No
INF01462,COL0293,6,3,2,2725,58,407,Yes,Yes,No,No
INF01463,COL0293,6,3,2,2889,59,414,Yes,Yes,No,No
INF01464,COL0293,6,3,3,3104,60,488,Yes,Yes,No,No
INF01465,COL0293,7,3,4,2951,61,454,Yes,Yes,No,No
INF01466,COL0294,64,35,12,18890,0,90,Yes,No,No,Yes
INF01467,COL0294,66,36,17,19496,0,94,Yes,No,No,No
INF01468,COL0294,66,36,23,19832,0,105,Yes,No,No,No
INF01469,COL0294,67,36,36,20635,0,100,Yes,No,No,Yes
INF01470,COL0294,72,39,48,21657,0,101,Yes,No,No,No
INF01471,COL0295,11,1,1,4061,117,390,Yes,Yes,No,No
INF01472,COL0295,11,1,2,4157,119,428,Yes,Yes,No,No
INF01473,COL0295,12,1,3,4303,120,414,Yes,Yes,No,No
INF01474,COL0295,12,1,5,4357,127,443,Yes,Yes,No,No
INF01475,COL0295,12,1,5,4752,122,507,Yes,Yes,No,No
INF01476,COL0296,6,3,1,1500,0,150,No,Yes,Yes,No
INF01477,COL0296,6,3,2,1549,0,158,No,Yes,Yes,Yes
INF01478,COL0296,6,3,2,1609,0,159,No,Yes,Yes,No
INF01479,COL0296,7,3,4,1688,0,173,No,Yes,Yes,No
INF01480,COL0296,6,3,4,1743,0,204,No,Yes,Yes,No
INF01481,COL0297,12,1,1,5442,0,90,No,Yes,Yes,No
INF01482,COL0297,12,1,2,5657,0,97,No,Yes,Yes,No
INF01483,COL0297,13,1,3,5849,0,99,No,Yes,Yes,No
INF01484,COL0297,13,1,5,6170,0,105,No,Yes,Yes,No
INF01485,COL0297,13,1,6,6055,0,116,No,Yes,Yes,No
INF01486,COL0298,13,5,2,4196,0,210,No,Yes,No,No
INF01487,COL0298,13,5,3,4444,0,221,No,Yes,No,Yes
INF01488,COL0298,14,5,5,4475,0,224,No,Yes,No,No
INF01489,COL0298,14,5,6,4729,0,239,No,Yes,No,No
INF01490,COL0298,15,6,8,5083,0,286,No,Yes,No,No
INF01491,COL0299,87,44,16,19218,706,150,No,Yes,No,No
INF01492,COL0299,90,45,24,20196,712,161,No,Yes,No,No
INF01493,COL0299,93,47,38,20715,739,163,No,Yes,No,No
INF01494,COL0299,90,46,50,20709,762,169,No,Yes,No,Yes
INF01495,COL0299,100,50,44,22329,762,186,No,Yes,No,Yes
INF01496,COL0300,81,31,6,22770,0,270,Yes,Yes,No,No
INF01497,COL0300,84,32,17,23873,0,294,Yes,Yes,No,No
INF01498,COL0300,85,33,28,24929,0,307,Yes,Yes,No,No
INF01499,COL0300,86,33,23,25135,0,321,Yes,Yes,No,No
INF01500,COL0300,91,35,35,26631,0,378,Yes,Yes,No,No
INF01501,COL0301,22,9,2,6324,225,390,Yes,Yes,Yes,Yes
INF01502,COL0301,22,9,4,6462,227,421,Yes,Yes,Yes,No
INF01503,COL0301,24,10,8,7014,238,464,Yes,Yes,Yes,Yes
INF01504,COL0301,24,10,9,7367,241,487,Yes,Yes,Yes,Yes
INF01505,COL0301,23,9,14,6985,249,517,Yes,Yes,Yes,Yes
INF01506,COL0302,66,12,12,11472,1176,330,Yes,Yes,Yes,No
INF01507,COL0302,68,12,21,11971,1194,362,Yes,Yes,Yes,No
INF01508,COL0302,69,13,30,12545,1234,353,Yes,Yes,Yes,No
INF01509,COL0302,72,13,27,12771,1197,379,Yes,Yes,Yes,No
INF01510,COL0302,70,13,46,13928,1215,370,Yes,Yes,Yes,Yes
INF01511,COL0303,6,3,1,3367,82,450,No,Yes,Yes,No
INF01512,COL0303,6,3,1,3532,84,471,No,Yes,Yes,No
INF01513,COL0303,6,3,2,3705,82,485,No,Yes,Yes,No
INF01514,COL0303,6,3,2,3697,83,512,No,Yes,Yes,No
INF01515,COL0303,6,3,3,4012,87,537,No,Yes,Yes,No
INF01516,COL0304,28,4,5,7706,309,330,No,Yes,Yes,No
INF01517,COL0304,28,4,8,8015,316,359,No,Yes,Yes,Yes
INF01518,COL0304,30,4,10,8303,311,351,No,Yes,Yes,No
INF01519,COL0304,29,4,11,8711,320,385,No,Yes,Yes,No
INF01520,COL0304,29,4,19,9099,309,450,No,Yes,Yes,Yes
INF01521,COL0305,17,9,3,3368,118,150,No,Yes,No,No
INF01522,COL0305,17,9,5,3481,119,162,No,Yes,No,No
INF01523,COL0305,18,10,8,3745,121,170,No,Yes,No,No
INF01524,COL0305,19,10,9,3582,128,180,No,Yes,No,No
INF01525,COL0305,20,10,14,3744,129,209,No,Yes,No,Yes
INF01526,COL0306,66,13,12,22067,549,330,No,Yes,No,No
INF01527,COL0306,67,13,17,22724,563,356,No,Yes,No,No
INF01528,COL0306,69,14,25,23781,572,382,No,Yes,No,No
INF01529,COL0306,72,14,40,25261,554,413,No,Yes,No,Yes
INF01530,COL0306,75,15,35,26563,603,453,No,Yes,No,No
INF01531,COL0307,172,22,14,30092,0,450,No,Yes,No,No
INF01532,COL0307,177,23,35,31795,0,484,No,Yes,No,Yes
INF01533,COL0307,177,23,41,32344,0,498,No,Yes,No,No
INF01534,COL0307,184,24,60,33294,0,568,No,Yes,No,Yes
INF01535,COL0307,199,25,91,33287,0,590,No,Yes,No,No
INF01536,COL0308,6,3,1,2090,0,330,No,Yes,No,No
INF01537,COL0308,6,3,2,2196,0,347,No,Yes,No,No
INF01538,COL0308,6,3,2,2308,0,371,No,Yes,No,No
INF01539,COL0308,6,3,3,2350,0,385,No,Yes,No,No
INF01540,COL0308,7,3,4,2385,0,432,No,Yes,No,Yes
INF01541,COL0309,8,2,1,2700,57,330,No,Yes,No,No
INF01542,COL0309,8,2,1,2786,58,359,No,Yes,No,No
INF01543,COL0309,8,2,2,2878,59,379,No,Yes,No,No
INF01544,COL0309,8,2,3,2943,57,366,No,Yes,No,No
INF01545,COL0309,9,2,4,3035,62,459,No,Yes,No,Yes
INF01546,COL0310,109,61,9,36112,0,330,Yes,Yes,Yes,No
INF01547,COL0310,113,63,17,38174,0,357,Yes,Yes,Yes,Yes
INF01548,COL0310,111,62,39,38299,0,380,Yes,Yes,Yes,No
INF01549,COL0310,120,67,44,38783,0,373,Yes,Yes,Yes,Yes
INF01550,COL0310,117,66,57,43937,0,392,Yes,Yes,Yes,No
INF01551,COL0311,83,39,15,23395,1165,270,Yes,Yes,No,Yes
INF01552,COL0311,85,40,21,24113,1199,289,Yes,Yes,No,Yes
INF01553,COL0311,86,40,26,24938,1185,289,Yes,Yes,No,No
INF01554,COL0311,92,43,46,26581,1206,313,Yes,Yes,No,No
INF01555,COL0311,86,41,45,26563,1230,336,Yes,Yes,No,Yes
INF01556,COL0312,13,2,2,4333,173,450,Yes,No,No,No
INF01557,COL0312,13,2,4,4425,174,483,Yes,No,No,No
INF01558,COL0312,14,2,6,4514,179,538,Yes,No,No,No
INF01559,COL0312,14,2,8,4661,186,548,Yes,No,No,Yes
INF01560,COL0312,14,2,10,5075,176,527,Yes,No,No,No
INF01561,COL0313,17,8,3,5491,210,270,Yes,Yes,No,No
INF01562,COL0313,17,8,5,5710,215,287,Yes,Yes,No,No
INF01563,COL0313,18,9,6,5837,214,306,Yes,Yes,No,No
INF01564,COL0313,18,8,10,6073,228,331,Yes,Yes,No,Yes
INF01565,COL0313,19,9,12,6052,235,349,Yes,Yes,No,No
INF01566,COL0314,9,5,1,2545,106,270,No,Yes,No,No
INF01567,COL0314,9,5,2,2685,109,281,No,Yes,No,No
INF01568,COL0314,9,5,2,2829,109,294,No,Yes,No,Yes
INF01569,COL0314,10,5,5,2941,111,349,No,Yes,No,Yes
INF01570,COL0314,10,6,4,3123,112,314,No,Yes,No,No
INF01571,COL0315,13,5,2,5537,0,450,No,Yes,No,No
INF01572,COL0315,13,5,4,5653,0,479,No,Yes,No,No
INF01573,COL0315,13,5,5,6123,0,525,No,Yes,No,No
INF01574,COL0315,14,5,7,6301,0,531,No,Yes,No,Yes
INF01575,COL0315,14,5,7,6711,0,599,No,Yes,No,Yes
INF01576,COL0316,39,18,7,9346,501,330,Yes,Yes,Yes,Yes
INF01577,COL0316,40,18,12,9794,510,353,Yes,Yes,Yes,No
INF01578,COL0316,40,19,14,9885,512,367,Yes,Yes,Yes,Yes
INF01579,COL0316,43,20,17,10618,521,393,Yes,Yes,Yes,Yes
INF01580,COL0316,44,20,28,10313,524,397,Yes,Yes,Yes,Yes
INF01581,COL0317,29,12,5,7371,448,210,Yes,Yes,No,No
INF01582,COL0317,30,12,8,7774,450,223,Yes,Yes,No,Yes
INF01583,COL0317,30,12,13,7674,457,250,Yes,Yes,No,Yes
INF01584,COL0317,30,13,13,8501,474,264,Yes,Yes,No,Yes
INF01585,COL0317,32,13,23,9030,493,285,Yes,Yes,No,Yes
INF01586,COL0318,46,5,8,9230,0,210,No,Yes,Yes,No
INF01587,COL0318,48,5,12,9624,0,220,No,Yes,Yes,No
INF01588,COL0318,49,5,20,10080,0,230,No,Yes,Yes,No
INF01589,COL0318,49,5,18,10458,0,253,No,Yes,Yes,Yes
INF01590,COL0318,49,5,34,10062,0,288,No,Yes,Yes,No
INF01591,COL0319,35,4,6,7983,313,330,No,Yes,No,No
INF01592,COL0319,36,4,10,8324,321,353,No,Yes,No,Yes
INF01593,COL0319,38,4,16,8427,325,387,No,Yes,No,No
INF01594,COL0319,36,4,19,9038,318,394,No,Yes,No,No
INF01595,COL0319,39,4,28,9004,322,450,No,Yes,No,Yes
INF01596,COL0320,33,14,6,9170,621,450,No,Yes,No,No
INF01597,COL0320,34,14,10,9551,636,469,No,Yes,No,No
INF01598,COL0320,34,14,13,9772,625,510,No,Yes,No,No
INF01599,COL0320,36,15,18,9890,664,505,No,Yes,No,No
INF01600,COL0320,38,16,23,10134,694,625,No,Yes,No,No
INF01601,COL0321,6,1,0,5171,0,270,No,Yes,No,No
INF01602,COL0321,6,1,1,5361,0,293,No,Yes,No,No
INF01603,COL0321,6,1,2,5711,0,323,No,Yes,No,No
INF01604,COL0321,6,1,3,5611,0,335,No,Yes,No,Yes
INF01605,COL0321,7,1,3,6239,0,327,No,Yes,No,No
INF01606,COL0322,12,1,1,8283,0,270,Yes,Yes,Yes,Yes
INF01607,COL0322,12,1,2,8750,0,287,Yes,Yes,Yes,No
INF01608,COL0322,13,1,3,8682,0,310,Yes,Yes,Yes,Yes
INF01609,COL0322,13,1,6,8890,0,302,Yes,Yes,Yes,No
INF01610,COL0322,13,1,7,9494,0,314,Yes,Yes,Yes,Yes
INF01611,COL0323,26,10,5,4745,318,390,No,Yes,No,No
INF01612,COL0323,27,10,8,5012,326,414,No,Yes,No,Yes
INF01613,COL0323,27,10,10,5061,331,450,No,Yes,No,Yes
INF01614,COL0323,29,11,11,5098,329,459,No,Yes,No,No
INF01615,COL0323,27,10,16,5818,319,493,No,Yes,No,Yes
INF01616,COL0324,134,19,24,33490,0,270,Yes,Yes,No,No
INF01617,COL0324,139,20,43,34277,0,296,Yes,Yes,No,No
INF01618,COL0324,145,21,61,36885,0,302,Yes,Yes,No,Yes
INF01619,COL0324,143,20,82,38469,0,331,Yes,Yes,No,Yes
INF01620,COL0324,150,21,79,38997,0,355,Yes,Yes,No,No
INF01621,COL0325,120,10,22,30392,1400,270,No,Yes,Yes,No
INF01622,COL0325,124,10,35,31431,1436,295,No,Yes,Yes,Yes
INF01623,COL0325,128,11,43,32049,1451,287,No,Yes,Yes,No
INF01624,COL0325,132,11,65,35697,1440,313,No,Yes,Yes,Yes
INF01625,COL0325,128,11,66,34887,1557,323,No,Yes,Yes,Yes
INF01626,COL0326,14,1,3,5606,205,270,No,Yes,No,No
INF01627,COL0326,14,1,3,5757,209,295,No,Yes,No,Yes
INF01628,COL0326,15,1,5,6050,214,309,No,Yes,No,No
INF01629,COL0326,15,1,9,6480,210,315,No,Yes,No,Yes
INF01630,COL0326,15,1,6,6775,226,333,No,Yes,No,Yes
INF01631,COL0327,36,6,6,10748,598,270,Yes,Yes,No,No
INF01632,COL0327,37,6,10,11206,601,281,Yes,Yes,No,No
INF01633,COL0327,38,6,12,11868,622,319,Yes,Yes,No,No
INF01634,COL0327,38,6,15,11615,650,347,Yes,Yes,No,No
INF01635,COL0327,41,7,20,13120,610,311,Yes,Yes,No,No
INF01636,COL0328,85,43,15,25170,0,450,Yes,Yes,No,Yes
INF01637,COL0328,87,44,25,26202,0,468,Yes,Yes,No,Yes
INF01638,COL0328,91,46,29,28167,0,484,Yes,Yes,No,No
INF01639,COL0328,95,48,54,28301,0,503,Yes,Yes,No,No
INF01640,COL0328,95,48,49,29074,0,618,Yes,Yes,No,Yes
INF01641,COL0329,20,9,4,6042,192,150,Yes,Yes,No,Yes
INF01642,COL0329,20,9,6,6188,193,157,Yes,Yes,No,No
INF01643,COL0329,21,9,10,6607,199,170,Yes,Yes,No,No
INF01644,COL0329,22,10,9,6711,202,184,Yes,Yes,No,No
INF01645,COL0329,21,9,15,6898,197,170,Yes,Yes,No,Yes
INF01646,COL0330,39,14,3,10319,371,210,No,Yes,No,No
INF01647,COL0330,40,14,6,10641,381,228,No,Yes,No,No
INF01648,COL0330,42,15,10,11398,383,237,No,Yes,No,No
INF01649,COL0330,43,15,15,11581,383,232,No,Yes,No,No
INF01650,COL0330,45,16,16,11520,376,262,No,Yes,No,No
INF01651,COL0331,105,60,19,21742,1242,210,No,Yes,Yes,Yes
INF01652,COL0331,106,61,32,22485,1248,225,No,Yes,Yes,No
INF01653,COL0331,110,63,47,23242,1313,229,No,Yes,Yes,No
INF01654,COL0331,112,64,43,23479,1311,257,No,Yes,Yes,No
INF01655,COL0331,119,68,56,26759,1370,271,No,Yes,Yes,Yes
INF01656,COL0332,30,18,5,8229,0,210,No,Yes,No,No
INF01657,COL0332,31,18,10,8595,0,230,No,Yes,No,Yes
INF01658,COL0332,31,19,10,9100,0,245,No,Yes,No,No
INF01659,COL0332,33,20,14,9499,0,257,No,Yes,No,Yes
INF01660,COL0332,32,19,22,8980,0,292,No,Yes,No,Yes
INF01661,COL0333,57,5,10,19889,0,150,Yes,Yes,No,Yes
INF01662,COL0333,59,5,16,20812,0,158,Yes,Yes,No,Yes
INF01663,COL0333,61,5,23,20797,0,180,Yes,Yes,No,No
INF01664,COL0333,60,5,26,23440,0,176,Yes,Yes,No,No
INF01665,COL0333,60,5,34,23342,0,205,Yes,Yes,No,No
INF01666,COL0334,11,2,2,2943,139,390,No,Yes,No,No
INF01667,COL0334,11,2,3,3087,140,409,No,Yes,No,No
INF01668,COL0334,11,2,5,3292,140,418,No,Yes,No,No
INF01669,COL0334,12,2,6,3328,140,480,No,Yes,No,No
INF01670,COL0334,12,2,7,3573,148,478,No,Yes,No,No
INF01671,COL0335,17,9,1,7244,258,150,No,Yes,No,No
INF01672,COL0335,17,9,3,7636,262,161,No,Yes,No,No
INF01673,COL0335,18,10,5,7984,258,173,No,Yes,No,No
INF01674,COL0335,18,9,9,7765,277,193,No,Yes,No,No
INF01675,COL0335,19,10,8,8772,288,182,No,Yes,No,Yes
INF01676,COL0336,12,1,2,3550,0,330,No,Yes,No,No
INF01677,COL0336,12,1,4,3743,0,348,No,Yes,No,No
INF01678,COL0336,13,1,6,3757,0,388,No,Yes,No,Yes
INF01679,COL0336,13,1,7,3896,0,394,No,Yes,No,Yes
INF01680,COL0336,13,1,7,4236,0,402,No,Yes,No,No
INF01681,COL0337,27,15,5,10644,471,90,Yes,Yes,No,Yes
INF01682,COL0337,27,15,8,11230,475,95,Yes,Yes,No,No
INF01683,COL0337,28,16,10,11854,498,97,Yes,Yes,No,No
INF01684,COL0337,30,17,13,12011,513,100,Yes,Yes,No,Yes
INF01685,COL0337,28,16,17,12632,499,108,Yes,Yes,No,No
INF01686,COL0338,30,12,5,7651,259,330,Yes,Yes,Yes,No
INF01687,COL0338,31,12,9,7996,267,360,Yes,Yes,Yes,No
INF01688,COL0338,32,13,15,8449,265,362,Yes,Yes,Yes,No
INF01689,COL0338,33,13,14,8438,262,426,Yes,Yes,Yes,No
INF01690,COL0338,35,14,17,8922,289,381,Yes,Yes,Yes,No
INF01691,COL0339,7,3,1,2610,0,150,No,Yes,No,No
INF01692,COL0339,7,3,2,2714,0,159,No,Yes,No,No
INF01693,COL0339,7,3,3,2831,0,160,No,Yes,No,No
INF01694,COL0339,8,3,3,2980,0,166,No,Yes,No,No
INF01695,COL0339,8,3,6,3123,0,198,No,Yes,No,No
INF01696,COL0340,15,3,1,7771,179,210,Yes,Yes,No,No
INF01697,COL0340,15,3,2,8116,181,227,Yes,Yes,No,Yes
INF01698,COL0340,16,3,5,8411,187,244,Yes,Yes,No,Yes
INF01699,COL0340,16,3,7,8404,189,237,Yes,Yes,No,No
INF01700,COL0340,16,3,6,9569,199,269,Yes,Yes,No,Yes
INF01701,COL0341,21,3,2,7020,354,90,Yes,Yes,No,No
INF01702,COL0341,21,3,4,7308,360,93,Yes,Yes,No,No
INF01703,COL0341,21,3,5,7395,365,108,Yes,Yes,No,Yes
INF01704,COL0341,22,3,6,8204,381,109,Yes,Yes,No,No
INF01705,COL0341,22,3,11,7786,369,106,Yes,Yes,No,No
INF01706,COL0342,15,2,3,5916,147,150,No,Yes,No,No
INF01707,COL0342,16,2,4,6103,148,158,No,Yes,No,No
INF01708,COL0342,16,2,6,6438,155,180,No,Yes,No,No
INF01709,COL0342,17,2,8,6547,149,178,No,Yes,No,No
INF01710,COL0342,16,2,9,6616,150,202,No,Yes,No,Yes
INF01711,COL0343,129,25,23,38967,992,270,No,Yes,No,No
INF01712,COL0343,132,26,37,40060,1005,284,No,Yes,No,Yes
INF01713,COL0343,139,27,51,41882,993,289,No,Yes,No,Yes
INF01714,COL0343,139,27,70,42735,1061,351,No,Yes,No,No
INF01715,COL0343,145,28,85,42344,1029,374,No,Yes,No,Yes
INF01716,COL0344,71,10,13,22775,745,210,Yes,Yes,Yes,No
INF01717,COL0344,72,10,19,23867,747,230,Yes,Yes,Yes,No
INF01718,COL0344,76,11,31,23819,754,229,Yes,Yes,Yes,No
INF01719,COL0344,73,10,42,24705,807,259,Yes,Yes,Yes,Yes
INF01720,COL0344,76,11,52,27626,833,293,Yes,Yes,Yes,No
INF01721,COL0345,24,13,4,4241,277,150,Yes,Yes,No,Yes
INF01722,COL0345,24,13,7,4396,279,159,Yes,Yes,No,No
INF01723,COL0345,26,14,10,4614,284,172,Yes,Yes,No,Yes
INF01724,COL0345,26,14,13,4609,280,184,Yes,Yes,No,No
INF01725,COL0345,26,14,12,4802,286,208,Yes,Yes,No,Yes
INF01726,COL0346,29,13,5,8811,548,450,No,Yes,Yes,No
INF01727,COL0346,30,13,7,9068,551,490,No,Yes,Yes,No
INF01728,COL0346,31,14,10,9597,553,505,No,Yes,Yes,No
INF01729,COL0346,30,13,18,10150,558,508,No,Yes,Yes,Yes
INF01730,COL0346,32,14,23,9997,609,624,No,Yes,Yes,Yes
INF01731,COL0347,14,2,3,3559,0,210,No,Yes,Yes,No
INF01732,COL0347,14,2,4,3709,0,218,No,Yes,Yes,No
INF01733,COL0347,14,2,6,3818,0,238,No,Yes,Yes,No
INF01734,COL0347,15,2,9,3931,0,235,No,Yes,Yes,Yes
INF01735,COL0347,15,2,8,4164,0,283,No,Yes,Yes,No
INF01736,COL0348,143,15,26,32964,0,150,Yes,Yes,No,No
INF01737,COL0348,148,15,44,34431,0,158,Yes,Yes,No,No
INF01738,COL0348,150,16,67,34686,0,170,Yes,Yes,No,No
INF01739,COL0348,149,16,76,35632,0,194,Yes,Yes,No,No
INF01740,COL0348,164,17,88,35712,0,202,Yes,Yes,No,Yes
INF01741,COL0349,19,10,3,5297,333,210,No,Yes,No,No
INF01742,COL0349,19,10,5,5556,335,219,No,Yes,No,No
INF01743,COL0349,20,10,9,5788,351,241,No,Yes,No,No
INF01744,COL0349,21,11,10,6024,337,238,No,Yes,No,Yes
INF01745,COL0349,21,11,11,6427,358,281,No,Yes,No,Yes
INF01746,COL0350,7,1,1,2301,99,210,No,Yes,Yes,No
INF01747,COL0350,7,1,2,2365,100,222,No,Yes,Yes,No
INF01748,COL0350,7,1,3,2451,103,250,No,Yes,Yes,No
INF01749,COL0350,8,1,4,2656,99,233,No,Yes,Yes,No
INF01750,COL0350,7,1,5,2600,101,288,No,Yes,Yes,Yes
INF01751,COL0351,103,19,8,23360,1397,330,Yes,Yes,No,No
INF01752,COL0351,106,19,20,23975,1417,353,Yes,Yes,No,No
INF01753,COL0351,109,20,38,26119,1409,380,Yes,Yes,No,No
INF01754,COL0351,113,21,33,25829,1418,386,Yes,Yes,No,Yes
INF01755,COL0351,116,21,67,28708,1427,424,Yes,Yes,No,No
INF01756,COL0352,19,11,3,6631,191,390,No,Yes,No,No
INF01757,COL0352,20,11,5,6952,191,428,No,Yes,No,No
INF01758,COL0352,20,12,6,7369,193,436,No,Yes,No,No
INF01759,COL0352,20,12,9,7443,199,500,No,Yes,No,No
INF01760,COL0352,20,12,10,7487,201,486,No,Yes,No,Yes
INF01761,COL0353,113,19,20,30109,1754,210,Yes,No,Yes,Yes
INF01762,COL0353,116,20,34,31115,1799,228,Yes,No,Yes,No
INF01763,COL0353,118,20,42,33585,1812,244,Yes,No,Yes,No
INF01764,COL0353,119,20,69,35235,1859,233,Yes,No,Yes,Yes
INF01765,COL0353,124,21,57,36423,1777,283,Yes,No,Yes,Yes
INF01766,COL0354,27,10,2,8299,0,270,No,Yes,Yes,No
INF01767,COL0354,28,10,5,8755,0,293,No,Yes,Yes,Yes
INF01768,COL0354,28,10,9,8763,0,314,No,Yes,Yes,Yes
INF01769,COL0354,28,10,14,8801,0,339,No,Yes,Yes,Yes
INF01770,COL0354,28,10,10,9388,0,342,No,Yes,Yes,Yes
INF01771,COL0355,46,27,8,12136,315,330,Yes,Yes,No,No
INF01772,COL0355,48,28,14,12720,317,342,Yes,Yes,No,Yes
INF01773,COL0355,50,29,16,13238,326,377,Yes,Yes,No,Yes
INF01774,COL0355,49,29,23,14065,330,411,Yes,Yes,No,No
INF01775,COL0355,53,31,27,14572,317,376,Yes,Yes,No,Yes
INF01776,COL0356,77,12,6,25149,0,390,No,Yes,No,No
INF01777,COL0356,79,12,15,25718,0,409,No,Yes,No,No
INF01778,COL0356,81,13,26,27122,0,441,No,Yes,No,No
INF01779,COL0356,81,13,40,27232,0,473,No,Yes,No,Yes
INF01780,COL0356,83,13,39,29018,0,538,No,Yes,No,No
INF01781,COL0357,40,19,3,16870,341,210,Yes,Yes,No,Yes
INF01782,COL0357,41,20,8,17324,343,225,Yes,Yes,No,Yes
INF01783,COL0357,42,20,9,18000,349,223,Yes,Yes,No,No
INF01784,COL0357,45,21,18,18343,363,250,Yes,Yes,No,No
INF01785,COL0357,46,22,17,20835,380,239,Yes,Yes,No,Yes
INF01786,COL0358,6,3,1,1976,50,330,No,Yes,No,Yes
INF01787,COL0358,6,3,2,2073,51,359,No,Yes,No,No
INF01788,COL0358,6,3,2,2126,51,369,No,Yes,No,Yes
INF01789,COL0358,6,3,3,2169,54,423,No,Yes,No,No
INF01790,COL0358,7,3,4,2239,51,388,No,Yes,No,Yes
INF01791,COL0359,6,1,0,2384,0,210,Yes,Yes,No,No
INF01792,COL0359,6,1,1,2478,0,225,Yes,Yes,No,No
INF01793,COL0359,6,1,1,2565,0,245,Yes,Yes,No,No
INF01794,COL0359,6,1,2,2770,0,232,Yes,Yes,No,Yes
INF01795,COL0359,7,1,3,2889,0,264,Yes,Yes,No,Yes
INF01796,COL0360,27,3,5,10034,0,390,No,Yes,No,No
INF01797,COL0360,27,3,8,10348,0,423,No,Yes,No,No
INF01798,COL0360,29,3,9,10645,0,421,No,Yes,No,Yes
INF01799,COL0360,29,3,16,10731,0,463,No,Yes,No,No
INF01800,COL0360,29,3,18,11728,0,502,No,Yes,No,No
INF01801,COL0361,104,44,19,19414,1614,390,Yes,Yes,Yes,No
INF01802,COL0361,107,45,31,20304,1630,412,Yes,Yes,Yes,No
INF01803,COL0361,106,45,37,21069,1700,444,Yes,Yes,Yes,Yes
INF01804,COL0361,114,48,45,20728,1636,431,Yes,Yes,Yes,No
INF01805,COL0361,120,51,59,23311,1679,543,Yes,Yes,Yes,Yes
INF01806,COL0362,6,1,1,1876,96,210,No,Yes,No,No
INF01807,COL0362,6,1,2,1917,97,229,No,Yes,No,Yes
INF01808,COL0362,6,1,2,1974,99,248,No,Yes,No,No
INF01809,COL0362,7,1,4,1993,100,263,No,Yes,No,No
INF01810,COL0362,7,1,4,2038,98,270,No,Yes,No,No
INF01811,COL0363,42,7,8,9589,0,210,No,Yes,Yes,No
INF01812,COL0363,43,7,11,9858,0,225,No,Yes,Yes,No
INF01813,COL0363,44,7,15,10064,0,231,No,Yes,Yes,Yes
INF01814,COL0363,46,8,24,10753,0,247,No,Yes,Yes,Yes
INF01815,COL0363,44,7,30,11496,0,287,No,Yes,Yes,Yes
INF01816,COL0364,86,46,15,28206,669,390,No,Yes,No,No
INF01817,COL0364,87,47,22,29147,683,415,No,Yes,No,No
INF01818,COL0364,90,48,33,31035,688,464,No,Yes,No,No
INF01819,COL0364,95,51,49,33073,675,431,No,Yes,No,Yes
INF01820,COL0364,90,48,39,30513,669,467,No,Yes,No,Yes
INF01821,COL0365,56,33,10,12468,684,270,No,Yes,No,No
INF01822,COL0365,57,34,18,13208,686,295,No,Yes,No,No
INF01823,COL0365,60,36,26,13845,691,321,No,Yes,No,Yes
INF01824,COL0365,61,36,29,14542,701,334,No,Yes,No,Yes
INF01825,COL0365,62,37,27,14846,717,319,No,Yes,No,Yes
INF01826,COL0366,48,6,9,10781,0,450,Yes,Yes,No,No
INF01827,COL0366,49,6,14,11412,0,469,Yes,Yes,No,No
INF01828,COL0366,51,6,23,11250,0,512,Yes,Yes,No,No
INF01829,COL0366,52,6,27,12452,0,558,Yes,Yes,No,No
INF01830,COL0366,52,6,23,12277,0,607,Yes,Yes,No,No
INF01831,COL0367,13,2,2,4751,0,150,No,Yes,No,No
INF01832,COL0367,13,2,4,4974,0,159,No,Yes,No,No
INF01833,COL0367,13,2,4,4993,0,178,No,Yes,No,No
INF01834,COL0367,14,2,7,5424,0,192,No,Yes,No,Yes
INF01835,COL0367,15,2,11,5241,0,182,No,Yes,No,No
INF01836,COL0368,14,8,3,5222,253,270,No,Yes,No,No
INF01837,COL0368,14,8,4,5481,259,291,No,Yes,No,No
INF01838,COL0368,15,8,7,5587,261,322,No,Yes,No,No
INF01839,COL0368,15,8,7,5791,255,337,No,Yes,No,No
INF01840,COL0368,15,9,10,6388,253,317,No,Yes,No,No
INF01841,COL0369,67,25,12,13177,1118,270,No,Yes,Yes,Yes
INF01842,COL0369,68,25,21,13478,1150,283,No,Yes,Yes,Yes
INF01843,COL0369,70,26,26,14440,1144,298,No,Yes,Yes,Yes
INF01844,COL0369,72,27,36,14724,1122,329,No,Yes,Yes,Yes
INF01845,COL0369,70,26,37,14297,1234,355,No,Yes,Yes,Yes
INF01846,COL0370,27,2,5,7979,196,90,Yes,Yes,No,Yes
INF01847,COL0370,28,2,8,8433,200,96,Yes,Yes,No,No
INF01848,COL0370,29,2,9,8496,206,105,Yes,Yes,No,Yes
INF01849,COL0370,29,2,11,8581,210,114,Yes,Yes,No,No
INF01850,COL0370,30,2,17,9209,205,118,Yes,Yes,No,No
INF01851,COL0371,16,6,3,5312,0,450,No,Yes,No,No
INF01852,COL0371,17,6,4,5522,0,464,No,Yes,No,No
INF01853,COL0371,17,6,8,5853,0,480,No,Yes,No,Yes
INF01854,COL0371,17,6,9,6170,0,512,No,Yes,No,No
INF01855,COL0371,18,7,13,5823,0,522,No,Yes,No,No
INF01856,COL0372,11,5,2,4042,0,270,No,Yes,Yes,No
INF01857,COL0372,11,5,3,4133,0,283,No,Yes,Yes,No
INF01858,COL0372,11,5,4,4501,0,320,No,Yes,Yes,No
INF01859,COL0372,11,5,4,4561,0,332,No,Yes,Yes,No
INF01860,COL0372,13,6,7,4535,0,307,No,Yes,Yes,No
INF01861,COL0373,20,9,4,5029,126,90,Yes,Yes,Yes,Yes
INF01862,COL0373,21,9,5,5315,129,98,Yes,Yes,Yes,Yes
INF01863,COL0373,21,9,8,5270,131,100,Yes,Yes,Yes,No
INF01864,COL0373,22,10,9,5407,136,108,Yes,Yes,Yes,Yes
INF01865,COL0373,22,10,16,5887,137,107,Yes,Yes,Yes,No
INF01866,COL0374,100,41,18,20288,691,210,Yes,Yes,No,No
INF01867,COL0374,101,42,29,21335,704,229,Yes,Yes,No,No
INF01868,COL0374,103,42,41,21566,709,245,Yes,Yes,No,Yes
INF01869,COL0374,104,42,40,23676,731,235,Yes,Yes,No,Yes
INF01870,COL0374,109,45,62,24530,716,289,Yes,Yes,No,Yes
INF01871,COL0375,29,3,5,9829,0,210,No,Yes,No,No
INF01872,COL0375,30,3,7,10218,0,221,No,Yes,No,No
INF01873,COL0375,31,3,11,10433,0,231,No,Yes,No,Yes
INF01874,COL0375,31,3,13,11487,0,269,No,Yes,No,No
INF01875,COL0375,31,3,16,11914,0,266,No,Yes,No,Yes
INF01876,COL0376,7,1,1,2441,64,390,No,Yes,Yes,No
INF01877,COL0376,7,1,2,2575,64,419,No,Yes,Yes,No
INF01878,COL0376,7,1,2,2665,65,441,No,Yes,Yes,No
INF01879,COL0376,7,1,3,2745,67,437,No,Yes,Yes,Yes
INF01880,COL0376,8,1,5,3021,65,437,No,Yes,Yes,No
INF01881,COL0377,51,7,9,20564,449,210,No,Yes,No,No
INF01882,COL0377,52,7,14,21634,460,217,No,Yes,No,No
INF01883,COL0377,54,7,19,22676,468,250,No,Yes,No,Yes
INF01884,COL0377,57,8,28,21822,474,244,No,Yes,No,Yes
INF01885,COL0377,56,8,28,24244,463,269,No,Yes,No,No
INF01886,COL0378,58,22,10,16725,611,150,Yes,Yes,No,Yes
INF01887,COL0378,59,23,15,17625,619,157,Yes,Yes,No,Yes
INF01888,COL0378,60,23,20,17538,622,164,Yes,Yes,No,No
INF01889,COL0378,63,24,29,18157,616,167,Yes,Yes,No,No
INF01890,COL0378,63,24,41,19092,639,194,Yes,Yes,No,Yes
INF01891,COL0379,19,4,2,5588,246,330,No,Yes,Yes,No
INF01892,COL0379,19,4,4,5746,249,347,No,Yes,Yes,No
INF01893,COL0379,20,4,5,6080,246,372,No,Yes,Yes,No
INF01894,COL0379,20,4,9,6227,255,415,No,Yes,Yes,No
INF01895,COL0379,21,4,10,6683,249,454,No,Yes,Yes,Yes
INF01896,COL0380,6,1,1,1504,51,150,Yes,Yes,No,Yes
INF01897,COL0380,6,1,1,1576,51,155,Yes,Yes,No,No
INF01898,COL0380,6,1,2,1667,54,165,Yes,Yes,No,Yes
INF01899,COL0380,6,1,3,1636,51,166,Yes,Yes,No,No
INF01900,COL0380,7,1,5,1851,54,175,Yes,Yes,No,No
INF01901,COL0381,28,11,2,10613,521,210,No,Yes,Yes,No
INF01902,COL0381,29,11,5,10829,533,229,No,Yes,Yes,No
INF01903,COL0381,29,11,8,11086,523,227,No,Yes,Yes,Yes
INF01904,COL0381,29,11,14,12312,534,254,No,Yes,Yes,Yes
INF01905,COL0381,30,12,11,11884,568,273,No,Yes,Yes,Yes
INF01906,COL0382,28,2,5,7566,0,270,No,Yes,No,No
INF01907,COL0382,29,2,9,7944,0,292,No,Yes,No,No
INF01908,COL0382,29,2,11,8171,0,317,No,Yes,No,Yes
INF01909,COL0382,30,2,13,8291,0,329,No,Yes,No,No
INF01910,COL0382,30,2,16,8552,0,317,No,Yes,No,Yes
INF01911,COL0383,16,3,3,3500,166,150,No,Yes,No,No
INF01912,COL0383,16,3,5,3635,166,159,No,Yes,No,No
INF01913,COL0383,17,3,8,3723,171,160,No,Yes,No,No
INF01914,COL0383,17,3,8,3961,174,175,No,Yes,No,No
INF01915,COL0383,18,3,13,4048,170,183,No,Yes,No,No
INF01916,COL0384,18,4,3,3928,201,150,No,Yes,Yes,No
INF01917,COL0384,18,4,5,4026,204,159,No,Yes,Yes,No
INF01918,COL0384,18,4,8,4314,202,171,No,Yes,Yes,No
INF01919,COL0384,20,4,9,4475,214,177,No,Yes,Yes,Yes
INF01920,COL0384,19,4,14,4301,211,184,No,Yes,Yes,Yes
INF01921,COL0385,39,8,7,7959,480,150,No,Yes,No,No
INF01922,COL0385,40,8,10,8267,493,165,No,Yes,No,No
INF01923,COL0385,40,8,15,8850,508,172,No,Yes,No,No
INF01924,COL0385,44,9,19,8970,515,192,No,Yes,No,No
INF01925,COL0385,44,9,26,9446,514,203,No,Yes,No,No
INF01926,COL0386,37,20,7,8962,428,210,Yes,No,Yes,Yes
INF01927,COL0386,38,21,11,9444,440,220,Yes,No,Yes,Yes
INF01928,COL0386,38,21,12,9709,447,233,Yes,No,Yes,Yes
INF01929,COL0386,39,21,15,9674,464,250,Yes,No,Yes,Yes
INF01930,COL0386,40,22,28,10304,436,283,Yes,No,Yes,Yes
INF01931,COL0387,65,38,12,10080,743,270,No,No,No,Yes
INF01932,COL0387,66,39,18,10315,761,280,No,No,No,Yes
INF01933,COL0387,68,40,26,10558,779,323,No,No,No,No
INF01934,COL0387,73,43,26,10900,809,302,No,No,No,Yes
INF01935,COL0387,73,43,50,11463,747,346,No,No,No,No
INF01936,COL0388,17,6,3,5421,141,210,No,Yes,No,No
INF01937,COL0388,18,6,5,5544,142,225,No,Yes,No,No
INF01938,COL0388,18,6,6,5901,141,243,No,Yes,No,No
INF01939,COL0388,19,7,10,6273,147,245,No,Yes,No,Yes
INF01940,COL0388,19,7,10,6555,158,249,No,Yes,No,Yes
INF01941,COL0389,61,7,5,11982,473,90,Yes,Yes,No,No
INF01942,COL0389,63,7,11,12280,486,97,Yes,Yes,No,No
INF01943,COL0389,64,7,22,12662,474,101,Yes,Yes,No,Yes
INF01944,COL0389,64,7,18,12746,484,114,Yes,Yes,No,Yes
INF01945,COL0389,67,8,36,13703,491,119,Yes,Yes,No,Yes
INF01946,COL0390,85,50,7,19969,565,390,Yes,Yes,No,Yes
INF01947,COL0390,88,52,14,20851,580,428,Yes,Yes,No,No
INF01948,COL0390,89,52,29,21777,592,452,Yes,Yes,No,Yes
INF01949,COL0390,88,52,33,23142,576,466,Yes,Yes,No,Yes
INF01950,COL0390,95,56,53,23180,625,495,Yes,Yes,No,No
INF01951,COL0391,15,8,3,4738,0,330,Yes,Yes,Yes,Yes
INF01952,COL0391,15,8,4,4983,0,351,Yes,Yes,Yes,No
INF01953,COL0391,16,9,7,5158,0,360,Yes,Yes,Yes,Yes
INF01954,COL0391,16,9,7,5193,0,405,Yes,Yes,Yes,Yes
INF01955,COL0391,16,9,11,5310,0,394,Yes,Yes,Yes,Yes
INF01956,COL0392,8,2,1,3091,64,330,No,Yes,No,No
INF01957,COL0392,8,2,2,3227,66,341,No,Yes,No,No
INF01958,COL0392,8,2,3,3243,68,361,No,Yes,No,No
INF01959,COL0392,8,2,4,3351,64,407,No,Yes,No,No
INF01960,COL0392,9,2,4,3403,66,439,No,Yes,No,No
INF01961,COL0393,78,10,14,26392,0,210,Yes,No,Yes,No
INF01962,COL0393,81,10,25,26923,0,220,Yes,No,Yes,No
INF01963,COL0393,83,11,37,29485,0,226,Yes,No,Yes,No
INF01964,COL0393,81,10,44,30444,0,249,Yes,No,Yes,Yes
INF01965,COL0393,87,11,44,28855,0,282,Yes,No,Yes,Yes
INF01966,COL0394,13,5,1,4519,200,390,No,No,No,No
INF01967,COL0394,14,5,3,4673,202,411,No,No,No,No
INF01968,COL0394,13,5,4,4993,202,425,No,No,No,No
INF01969,COL0394,14,5,6,4826,204,506,No,No,No,No
INF01970,COL0394,15,6,7,5438,215,479,No,No,No,Yes
INF01971,COL0395,51,7,4,7738,497,210,No,Yes,No,No
INF01972,COL0395,52,7,8,7935,512,224,No,Yes,No,No
INF01973,COL0395,53,7,16,8068,506,247,No,Yes,No,No
INF01974,COL0395,56,8,19,9000,510,231,No,Yes,No,No
INF01975,COL0395,54,7,22,8827,517,244,No,Yes,No,Yes
INF01976,COL0396,25,4,2,4819,230,450,No,No,Yes,No
INF01977,COL0396,25,4,4,4980,231,491,No,No,Yes,No
INF01978,COL0396,27,4,6,5118,238,530,No,No,Yes,No
INF01979,COL0396,28,4,13,5426,244,545,No,No,Yes,Yes
INF01980,COL0396,28,4,12,5895,231,599,No,No,Yes,No
INF01981,COL0397,25,4,4,5388,197,330,Yes,Yes,No,No
INF01982,COL0397,26,4,8,5513,201,344,Yes,Yes,No,No
INF01983,COL0397,27,4,11,5611,205,360,Yes,Yes,No,Yes
INF01984,COL0397,28,4,16,6041,197,428,Yes,Yes,No,No
INF01985,COL0397,27,4,18,6488,210,387,Yes,Yes,No,Yes
INF01986,COL0398,69,11,6,14712,0,150,Yes,Yes,No,Yes
INF01987,COL0398,71,11,14,15299,0,165,Yes,Yes,No,No
INF01988,COL0398,71,11,17,15451,0,163,Yes,Yes,No,No
INF01989,COL0398,72,11,30,15829,0,165,Yes,Yes,No,No
INF01990,COL0398,78,12,43,17499,0,174,Yes,Yes,No,Yes
INF01991,COL0399,23,11,2,12848,253,270,No,Yes,Yes,No
INF01992,COL0399,24,11,5,13333,258,282,No,Yes,Yes,No
INF01993,COL0399,24,11,8,14244,260,311,No,Yes,Yes,No
INF01994,COL0399,25,12,8,14287,271,303,No,Yes,Yes,No
INF01995,COL0399,26,12,13,14295,262,311,No,Yes,Yes,Yes
INF01996,COL0400,15,3,3,4236,123,90,Yes,Yes,No,No
INF01997,COL0400,15,3,4,4453,124,97,Yes,Yes,No,No
INF01998,COL0400,16,3,6,4454,126,99,Yes,Yes,No,Yes
INF01999,COL0400,16,3,9,4753,127,104,Yes,Yes,No,Yes
INF02000,COL0400,17,3,8,5184,127,107,Yes,Yes,No,No
INF02001,COL0401,6,3,1,1576,50,390,No,No,No,Yes
INF02002,COL0401,6,3,1,1627,50,423,No,No,No,No
INF02003,COL0401,6,3,2,1723,52,466,No,No,No,No
INF02004,COL0401,6,3,3,1839,54,452,No,No,No,Yes
INF02005,COL0401,7,3,4,1826,53,484,No,No,No,No
INF02006,COL0402,16,3,1,4436,104,390,Yes,No,No,No
INF02007,COL0402,16,3,3,4688,107,413,Yes,No,No,No
INF02008,COL0402,17,3,6,4647,108,464,Yes,No,No,Yes
INF02009,COL0402,17,3,7,5099,106,502,Yes,No,No,No
INF02010,COL0402,17,3,6,5328,116,516,Yes,No,No,No
INF02011,COL0403,32,18,3,14474,261,270,Yes,Yes,Yes,No
INF02012,COL0403,33,19,6,15150,267,282,Yes,Yes,Yes,Yes
INF02013,COL0403,33,18,8,16011,266,294,Yes,Yes,Yes,Yes
INF02014,COL0403,34,19,14,15397,278,335,Yes,Yes,Yes,Yes
INF02015,COL0403,36,20,20,17565,283,335,Yes,Yes,Yes,No
INF02016,COL0404,53,24,10,9480,372,150,Yes,Yes,No,Yes
INF02017,COL0404,55,25,16,10005,382,160,Yes,Yes,No,No
INF02018,COL0404,57,26,22,10110,390,169,Yes,Yes,No,Yes
INF02019,COL0404,58,26,24,10560,400,169,Yes,Yes,No,Yes
INF02020,COL0404,57,26,35,11643,409,202,Yes,Yes,No,Yes
INF02021,COL0405,6,1,1,2119,50,390,No,Yes,No,No
INF02022,COL0405,6,1,2,2166,51,407,No,Yes,No,No
INF02023,COL0405,6,1,2,2349,50,443,No,Yes,No,No
INF02024,COL0405,6,1,3,2270,52,446,No,Yes,No,No
INF02025,COL0405,6,1,3,2573,55,452,No,Yes,No,No
INF02026,COL0406,25,10,4,5683,260,270,Yes,Yes,Yes,Yes
INF02027,COL0406,26,10,6,5981,263,279,Yes,Yes,Yes,Yes
INF02028,COL0406,27,11,11,5948,275,293,Yes,Yes,Yes,Yes
INF02029,COL0406,28,11,14,6277,278,339,Yes,Yes,Yes,Yes
INF02030,COL0406,28,11,21,6422,285,353,Yes,Yes,Yes,Yes
INF02031,COL0407,31,4,6,6419,0,390,Yes,Yes,No,No
INF02032,COL0407,32,4,9,6558,0,412,Yes,Yes,No,Yes
INF02033,COL0407,32,4,10,6983,0,414,Yes,Yes,No,Yes
INF02034,COL0407,33,4,15,7067,0,455,Yes,Yes,No,No
INF02035,COL0407,34,4,19,7511,0,463,Yes,Yes,No,Yes
INF02036,COL0408,79,32,14,15976,0,330,No,Yes,No,Yes
INF02037,COL0408,80,33,22,16843,0,353,No,Yes,No,No
INF02038,COL0408,84,34,25,17413,0,379,No,Yes,No,No
INF02039,COL0408,88,36,36,17058,0,378,No,Yes,No,Yes
INF02040,COL0408,83,34,45,19388,0,381,No,Yes,No,No
INF02041,COL0409,25,2,2,7470,324,390,No,No,Yes,Yes
INF02042,COL0409,25,2,4,7639,330,421,No,No,Yes,No
INF02043,COL0409,26,2,8,8169,332,453,No,No,Yes,Yes
INF02044,COL0409,26,2,9,8561,345,455,No,No,Yes,No
INF02045,COL0409,27,2,11,8998,358,446,No,No,Yes,No
INF02046,COL0410,25,15,4,5715,171,330,No,Yes,No,No
INF02047,COL0410,26,16,8,5835,173,342,No,Yes,No,No
INF02048,COL0410,26,16,9,6207,176,387,No,Yes,No,No
INF02049,COL0410,27,16,14,6311,179,398,No,Yes,No,Yes
INF02050,COL0410,29,17,15,7061,188,413,No,Yes,No,Yes
INF02051,COL0411,87,7,16,26064,879,390,No,Yes,Yes,No
INF02052,COL0411,89,7,23,26733,881,404,No,Yes,Yes,No
INF02053,COL0411,91,7,38,28748,911,443,No,Yes,Yes,Yes
INF02054,COL0411,94,8,48,28247,911,443,No,Yes,Yes,Yes
INF02055,COL0411,93,7,65,31714,980,516,No,Yes,Yes,No
INF02056,COL0412,14,2,1,5237,170,210,No,Yes,No,No
INF02057,COL0412,15,2,2,5364,171,228,No,Yes,No,Yes
INF02058,COL0412,15,2,5,5549,175,234,No,Yes,No,No
INF02059,COL0412,15,2,5,6166,181,234,No,Yes,No,No
INF02060,COL0412,15,2,8,5835,186,257,No,Yes,No,Yes
INF02061,COL0413,18,2,3,2998,204,150,No,Yes,No,No
INF02062,COL0413,18,2,5,3145,208,164,No,Yes,No,No
INF02063,COL0413,18,2,7,3198,205,168,No,Yes,No,No
INF02064,COL0413,20,2,11,3284,211,180,No,Yes,No,No
INF02065,COL0413,21,2,13,3611,216,182,No,Yes,No,Yes
INF02066,COL0414,65,11,12,11413,0,390,Yes,Yes,Yes,No
INF02067,COL0414,66,11,18,12045,0,404,Yes,Yes,Yes,No
INF02068,COL0414,66,11,21,12286,0,431,Yes,Yes,Yes,No
INF02069,COL0414,68,11,27,12397,0,499,Yes,Yes,Yes,Yes
INF02070,COL0414,74,13,43,12661,0,499,Yes,Yes,Yes,No
INF02071,COL0415,42,19,8,12788,487,150,No,Yes,No,No
INF02072,COL0415,43,20,11,13165,500,164,No,Yes,No,No
INF02073,COL0415,44,20,16,13516,505,173,No,Yes,No,Yes
INF02074,COL0415,44,20,20,14616,523,164,No,Yes,No,No
INF02075,COL0415,49,22,30,13944,521,180,No,Yes,No,No
INF02076,COL0416,23,11,4,6354,0,150,No,Yes,No,No
INF02077,COL0416,24,11,7,6644,0,162,No,Yes,No,No
INF02078,COL0416,24,12,10,7042,0,161,No,Yes,No,No
INF02079,COL0416,24,11,13,7177,0,184,No,Yes,No,No
INF02080,COL0416,24,12,14,7162,0,200,No,Yes,No,No
INF02081,COL0417,80,44,14,26605,1339,330,Yes,Yes,Yes,No
INF02082,COL0417,81,45,23,27162,1345,353,Yes,Yes,Yes,No
INF02083,COL0417,84,46,31,29567,1353,379,Yes,Yes,Yes,Yes
INF02084,COL0417,86,48,51,28930,1378,402,Yes,Yes,Yes,No
INF02085,COL0417,92,51,58,32558,1445,418,Yes,Yes,Yes,Yes
INF02086,COL0418,92,51,17,15955,0,330,Yes,Yes,No,Yes
INF02087,COL0418,95,53,29,16533,0,358,Yes,Yes,No,No
INF02088,COL0418,95,52,39,16713,0,375,Yes,Yes,No,No
INF02089,COL0418,98,54,50,18680,0,375,Yes,Yes,No,Yes
INF02090,COL0418,105,58,47,19352,0,451,Yes,Yes,No,No
INF02091,COL0419,50,6,9,14040,652,90,Yes,Yes,No,No
INF02092,COL0419,52,6,16,14413,652,97,Yes,Yes,No,No
INF02093,COL0419,53,6,21,15621,691,100,Yes,Yes,No,Yes
INF02094,COL0419,56,7,25,15223,663,100,Yes,Yes,No,No
INF02095,COL0419,57,7,39,15220,681,125,Yes,Yes,No,Yes
INF02096,COL0420,28,10,5,8068,0,270,No,Yes,Yes,No
INF02097,COL0420,29,10,7,8465,0,282,No,Yes,Yes,No
INF02098,COL0420,29,10,11,8676,0,297,No,Yes,Yes,Yes
INF02099,COL0420,31,11,15,8687,0,317,No,Yes,Yes,No
INF02100,COL0420,31,11,19,9158,0,344,No,Yes,Yes,Yes
INF02101,COL0421,18,10,3,6800,0,450,No,Yes,No,No
INF02102,COL0421,19,10,5,7200,0,470,No,Yes,No,No
INF02103,COL0421,18,10,6,7579,0,500,No,Yes,No,No
INF02104,COL0421,19,10,11,7535,0,535,No,Yes,No,No
INF02105,COL0421,20,11,10,8428,0,618,No,Yes,No,No
INF02106,COL0422,17,7,3,4017,151,90,No,No,No,No
INF02107,COL0422,18,7,5,4147,154,96,No,No,No,Yes
INF02108,COL0422,18,7,6,4455,151,99,No,No,No,No
INF02109,COL0422,18,7,8,4284,160,107,No,No,No,No
INF02110,COL0422,18,8,11,4935,164,124,No,No,No,No
INF02111,COL0423,120,23,22,23171,1660,450,No,Yes,No,No
INF02112,COL0423,123,24,37,24090,1690,487,No,Yes,No,No
INF02113,COL0423,125,24,54,25719,1747,511,No,Yes,No,No
INF02114,COL0423,126,24,66,25447,1694,493,No,Yes,No,No
INF02115,COL0423,139,27,59,27937,1803,578,No,Yes,No,Yes
INF02116,COL0424,69,14,6,18792,862,330,Yes,Yes,No,No
INF02117,COL0424,70,14,15,19303,870,354,Yes,Yes,No,Yes
INF02118,COL0424,74,15,23,20535,879,350,Yes,Yes,No,No
INF02119,COL0424,77,16,33,20833,868,370,Yes,Yes,No,No
INF02120,COL0424,80,16,27,22011,903,400,Yes,Yes,No,Yes
INF02121,COL0425,22,8,4,6254,237,150,Yes,Yes,No,Yes
INF02122,COL0425,22,8,6,6562,241,161,Yes,Yes,No,No
INF02123,COL0425,23,8,9,6758,239,165,Yes,Yes,No,No
INF02124,COL0425,23,8,12,7014,251,183,Yes,Yes,No,Yes
INF02125,COL0425,24,9,14,7212,263,202,Yes,Yes,No,Yes
INF02126,COL0426,76,9,14,15316,1190,330,Yes,Yes,No,No
INF02127,COL0426,77,9,22,16219,1209,351,Yes,Yes,No,No
INF02128,COL0426,78,9,31,17050,1241,373,Yes,Yes,No,Yes
INF02129,COL0426,84,10,37,17295,1270,394,Yes,Yes,No,No
INF02130,COL0426,84,10,54,16543,1287,429,Yes,Yes,No,No
INF02131,COL0427,55,29,4,16835,805,390,Yes,Yes,No,No
INF02132,COL0427,56,29,11,17746,809,409,Yes,Yes,No,No
INF02133,COL0427,58,30,15,17697,835,459,Yes,Yes,No,Yes
INF02134,COL0427,58,31,28,19226,866,486,Yes,Yes,No,No
INF02135,COL0427,63,33,25,20715,892,496,Yes,Yes,No,Yes
INF02136,COL0428,26,12,5,5638,0,90,Yes,Yes,Yes,Yes
INF02137,COL0428,27,12,7,5964,0,94,Yes,Yes,Yes,No
INF02138,COL0428,27,12,11,6173,0,97,Yes,Yes,Yes,No
INF02139,COL0428,29,13,11,6457,0,105,Yes,Yes,Yes,Yes
INF02140,COL0428,29,13,17,6952,0,125,Yes,Yes,Yes,Yes
INF02141,COL0429,7,1,1,2607,0,210,No,Yes,Yes,No
INF02142,COL0429,7,1,2,2709,0,223,No,Yes,Yes,Yes
INF02143,COL0429,7,1,3,2833,0,231,No,Yes,Yes,Yes
INF02144,COL0429,8,1,3,2860,0,243,No,Yes,Yes,No
INF02145,COL0429,8,1,4,2860,0,278,No,Yes,Yes,Yes
INF02146,COL0430,62,34,11,18140,1201,450,Yes,Yes,Yes,No
INF02147,COL0430,63,34,20,19078,1214,465,Yes,Yes,Yes,Yes
INF02148,COL0430,66,36,30,19043,1235,514,Yes,Yes,Yes,Yes
INF02149,COL0430,68,37,27,20269,1215,516,Yes,Yes,Yes,No
INF02150,COL0430,68,38,47,20602,1221,525,Yes,Yes,Yes,Yes
INF02151,COL0431,45,25,8,12297,0,270,Yes,Yes,No,Yes
INF02152,COL0431,46,26,12,12709,0,292,Yes,Yes,No,No
INF02153,COL0431,47,26,17,13368,0,323,Yes,Yes,No,No
INF02154,COL0431,48,26,25,13940,0,304,Yes,Yes,No,Yes
INF02155,COL0431,52,29,37,15185,0,364,Yes,Yes,No,Yes
INF02156,COL0432,20,2,2,6420,184,270,Yes,Yes,No,No
INF02157,COL0432,21,2,4,6771,184,279,Yes,Yes,No,No
INF02158,COL0432,20,2,5,7002,186,307,Yes,Yes,No,Yes
INF02159,COL0432,21,2,10,7209,194,316,Yes,Yes,No,No
INF02160,COL0432,22,2,11,7807,189,377,Yes,Yes,No,No
INF02161,COL0433,22,10,4,11478,0,330,Yes,Yes,Yes,No
INF02162,COL0433,23,10,6,12077,0,344,Yes,Yes,Yes,No
INF02163,COL0433,24,11,10,12112,0,353,Yes,Yes,Yes,Yes
INF02164,COL0433,23,10,13,12176,0,381,Yes,Yes,Yes,Yes
INF02165,COL0433,24,11,10,12561,0,392,Yes,Yes,Yes,Yes
INF02166,COL0434,32,5,3,7846,227,390,Yes,Yes,No,No
INF02167,COL0434,33,5,6,8155,233,412,Yes,Yes,No,No
INF02168,COL0434,33,5,10,8481,236,456,Yes,Yes,No,No
INF02169,COL0434,36,6,14,9004,238,457,Yes,Yes,No,Yes
INF02170,COL0434,35,5,13,9062,246,444,Yes,Yes,No,Yes
INF02171,COL0435,11,6,2,4218,135,330,No,Yes,No,No
INF02172,COL0435,11,6,3,4437,137,355,No,Yes,No,No
INF02173,COL0435,11,6,4,4467,140,357,No,Yes,No,No
INF02174,COL0435,12,6,6,4924,142,374,No,Yes,No,Yes
INF02175,COL0435,12,7,7,4990,149,438,No,Yes,No,Yes
INF02176,COL0436,10,1,2,5739,182,450,Yes,Yes,Yes,No
INF02177,COL0436,10,1,3,5894,182,466,Yes,Yes,Yes,No
INF02178,COL0436,11,1,4,6211,183,508,Yes,Yes,Yes,No
INF02179,COL0436,11,1,5,6482,197,543,Yes,Yes,Yes,Yes
INF02180,COL0436,11,1,7,6889,199,516,Yes,Yes,Yes,Yes
INF02181,COL0437,53,30,10,15125,822,150,No,Yes,Yes,No
INF02182,COL0437,54,30,16,15854,835,158,No,Yes,Yes,Yes
INF02183,COL0437,56,32,20,15804,859,177,No,Yes,Yes,No
INF02184,COL0437,58,33,24,16537,890,173,No,Yes,Yes,No
INF02185,COL0437,60,34,42,17724,829,173,No,Yes,Yes,No
INF02186,COL0438,83,33,7,24963,992,210,Yes,Yes,Yes,Yes
INF02187,COL0438,85,34,16,26196,1010,219,Yes,Yes,Yes,Yes
INF02188,COL0438,85,34,23,26900,1027,229,Yes,Yes,Yes,Yes
INF02189,COL0438,93,37,27,26606,1006,236,Yes,Yes,Yes,Yes
INF02190,COL0438,87,35,47,29758,1048,262,Yes,Yes,Yes,Yes
INF02191,COL0439,47,24,4,13359,357,270,Yes,Yes,No,No
INF02192,COL0439,49,25,11,13732,365,290,Yes,Yes,No,Yes
INF02193,COL0439,50,25,13,14254,371,306,Yes,Yes,No,No
INF02194,COL0439,52,27,24,15406,382,300,Yes,Yes,No,Yes
INF02195,COL0439,49,25,20,16116,384,354,Yes,Yes,No,Yes
INF02196,COL0440,89,7,7,23451,1398,450,Yes,Yes,Yes,No
INF02197,COL0440,90,7,18,24535,1407,489,Yes,Yes,Yes,No
INF02198,COL0440,94,7,21,25692,1399,508,Yes,Yes,Yes,Yes
INF02199,COL0440,99,8,29,25633,1443,531,Yes,Yes,Yes,Yes
INF02200,COL0440,96,8,40,28794,1403,531,Yes,Yes,Yes,No
INF02201,COL0441,54,29,10,11736,0,90,No,Yes,No,No
INF02202,COL0441,55,29,16,12423,0,95,No,Yes,No,No
INF02203,COL0441,55,30,19,12324,0,99,No,Yes,No,No
INF02204,COL0441,60,32,27,12808,0,114,No,Yes,No,No
INF02205,COL0441,61,33,38,13091,0,119,No,Yes,No,Yes
INF02206,COL0442,6,3,0,3327,50,270,No,Yes,No,No
INF02207,COL0442,6,3,1,3450,50,281,No,Yes,No,No
INF02208,COL0442,6,3,2,3527,50,303,No,Yes,No,No
INF02209,COL0442,7,3,3,3732,50,296,No,Yes,No,No
INF02210,COL0442,7,3,3,3647,55,333,No,Yes,No,Yes
INF02211,COL0443,22,11,4,5993,168,390,No,Yes,No,No
INF02212,COL0443,22,11,6,6172,169,414,No,Yes,No,Yes
INF02213,COL0443,23,11,10,6406,171,442,No,Yes,No,No
INF02214,COL0443,24,12,10,6859,177,427,No,Yes,No,Yes
INF02215,COL0443,24,12,14,6813,177,483,No,Yes,No,Yes
INF02216,COL0444,16,6,3,3193,155,330,Yes,Yes,No,Yes
INF02217,COL0444,17,6,4,3332,159,352,Yes,Yes,No,No
INF02218,COL0444,17,6,5,3571,159,368,Yes,Yes,No,Yes
INF02219,COL0444,17,6,9,3674,156,415,Yes,Yes,No,Yes
INF02220,COL0444,18,7,8,3577,167,371,Yes,Yes,No,Yes
INF02221,COL0445,72,42,6,13804,740,330,Yes,Yes,No,Yes
INF02222,COL0445,74,43,13,14526,758,347,Yes,Yes,No,No
INF02223,COL0445,77,45,20,15025,768,396,Yes,Yes,No,No
INF02224,COL0445,75,44,30,15767,765,416,Yes,Yes,No,Yes
INF02225,COL0445,77,45,35,15752,759,379,Yes,Yes,No,Yes
INF02226,COL0446,6,1,1,1500,56,150,Yes,Yes,Yes,No
INF02227,COL0446,6,1,1,1573,56,164,Yes,Yes,Yes,No
INF02228,COL0446,6,1,2,1563,58,169,Yes,Yes,Yes,No
INF02229,COL0446,6,1,2,1606,57,165,Yes,Yes,Yes,No
INF02230,COL0446,6,1,4,1771,62,172,Yes,Yes,Yes,No
INF02231,COL0447,69,38,12,18276,1379,270,No,Yes,No,No
INF02232,COL0447,71,39,20,19099,1417,296,No,Yes,No,No
INF02233,COL0447,74,41,32,20426,1453,321,No,Yes,No,Yes
INF02234,COL0447,72,40,39,20362,1423,344,No,Yes,No,No
INF02235,COL0447,79,44,48,21026,1451,341,No,Yes,No,Yes
INF02236,COL0448,17,9,1,3695,256,330,Yes,Yes,Yes,No
INF02237,COL0448,17,9,3,3901,261,355,Yes,Yes,Yes,No
INF02238,COL0448,18,10,5,4110,267,357,Yes,Yes,Yes,Yes
INF02239,COL0448,19,10,8,4293,257,406,Yes,Yes,Yes,Yes
INF02240,COL0448,18,10,10,4144,280,443,Yes,Yes,Yes,Yes
INF02241,COL0449,36,3,6,13053,512,330,Yes,Yes,Yes,No
INF02242,COL0449,37,3,11,13649,522,344,Yes,Yes,Yes,No
INF02243,COL0449,39,3,16,13871,524,378,Yes,Yes,Yes,Yes
INF02244,COL0449,38,3,19,13876,526,391,Yes,Yes,Yes,Yes
INF02245,COL0449,37,3,22,14311,572,383,Yes,Yes,Yes,Yes
INF02246,COL0450,24,13,4,6400,431,150,Yes,Yes,No,No
INF02247,COL0450,24,13,6,6651,441,165,Yes,Yes,No,No
INF02248,COL0450,25,14,9,6975,439,160,Yes,Yes,No,Yes
INF02249,COL0450,27,14,14,7365,445,186,Yes,Yes,No,No
INF02250,COL0450,27,14,18,7935,468,205,Yes,Yes,No,Yes
INF02251,COL0451,28,15,5,7932,340,150,No,Yes,Yes,No
INF02252,COL0451,29,15,8,8137,341,156,No,Yes,Yes,No
INF02253,COL0451,29,15,10,8433,352,160,No,Yes,Yes,No
INF02254,COL0451,29,16,16,8869,363,192,No,Yes,Yes,No
INF02255,COL0451,30,16,15,9250,366,200,No,Yes,Yes,No
INF02256,COL0452,87,15,16,32303,1030,210,Yes,Yes,Yes,No
INF02257,COL0452,90,15,28,33654,1047,225,Yes,Yes,Yes,No
INF02258,COL0452,90,16,41,34618,1057,241,Yes,Yes,Yes,No
INF02259,COL0452,93,16,40,37701,1062,233,Yes,Yes,Yes,Yes
INF02260,COL0452,94,16,59,35459,1119,271,Yes,Yes,Yes,No
INF02261,COL0453,19,3,2,5408,179,330,No,Yes,No,No
INF02262,COL0453,20,3,4,5561,181,347,No,Yes,No,No
INF02263,COL0453,20,3,6,5737,180,367,No,Yes,No,No
INF02264,COL0453,20,3,8,6155,181,381,No,Yes,No,No
INF02265,COL0453,21,3,8,6094,187,404,No,Yes,No,No
INF02266,COL0454,19,3,2,8143,0,210,No,Yes,Yes,No
INF02267,COL0454,19,3,4,8417,0,229,No,Yes,Yes,No
INF02268,COL0454,20,3,5,8676,0,229,No,Yes,Yes,No
INF02269,COL0454,21,3,6,8759,0,267,No,Yes,Yes,Yes
INF02270,COL0454,22,3,13,9815,0,285,No,Yes,Yes,Yes
INF02271,COL0455,54,9,10,9227,0,390,No,Yes,No,No
INF02272,COL0455,55,9,14,9767,0,423,No,Yes,No,No
INF02273,COL0455,58,10,24,9946,0,435,No,Yes,No,No
INF02274,COL0455,59,10,27,9895,0,440,No,Yes,No,No
INF02275,COL0455,57,9,31,11401,0,492,No,Yes,No,No
INF02276,COL0456,13,2,2,3504,170,390,No,Yes,No,No
INF02277,COL0456,13,2,4,3706,174,414,No,Yes,No,Yes
INF02278,COL0456,14,2,5,3923,173,436,No,Yes,No,Yes
INF02279,COL0456,14,2,5,4021,171,500,No,Yes,No,No
INF02280,COL0456,14,2,9,4053,177,462,No,Yes,No,No
INF02281,COL0457,105,18,19,18103,1016,450,No,Yes,No,No
INF02282,COL0457,109,19,29,19010,1017,493,No,Yes,No,No
INF02283,COL0457,110,19,38,19359,1037,518,No,Yes,No,Yes
INF02284,COL0457,110,19,63,19431,1030,580,No,Yes,No,No
INF02285,COL0457,115,20,77,21332,1135,597,No,Yes,No,No
INF02286,COL0458,60,33,11,12358,651,210,Yes,Yes,No,No
INF02287,COL0458,61,34,15,12641,665,223,Yes,Yes,No,No
INF02288,COL0458,61,34,27,13452,661,234,Yes,Yes,No,Yes
INF02289,COL0458,64,35,33,13149,697,256,Yes,Yes,No,Yes
INF02290,COL0458,68,37,40,13633,669,272,Yes,Yes,No,No
INF02291,COL0459,55,4,4,21805,956,330,No,Yes,No,No
INF02292,COL0459,56,4,9,23041,964,362,No,Yes,No,No
INF02293,COL0459,59,4,14,23611,960,367,No,Yes,No,No
INF02294,COL0459,58,4,25,24559,1015,361,No,Yes,No,No
INF02295,COL0459,62,5,33,24390,973,425,No,Yes,No,No
INF02296,COL0460,58,30,10,19255,0,270,No,Yes,No,No
INF02297,COL0460,59,30,19,19882,0,289,No,Yes,No,Yes
INF02298,COL0460,61,31,21,20717,0,291,No,Yes,No,No
INF02299,COL0460,60,31,23,22094,0,328,No,Yes,No,No
INF02300,COL0460,63,33,32,21620,0,371,No,Yes,No,No
INF02301,COL0461,9,4,1,4189,184,150,No,No,Yes,No
INF02302,COL0461,9,4,2,4359,187,155,No,No,Yes,No
INF02303,COL0461,9,4,2,4630,187,159,No,No,Yes,No
INF02304,COL0461,9,4,4,4634,186,177,No,No,Yes,No
INF02305,COL0461,10,4,5,4974,202,191,No,No,Yes,No
INF02306,COL0462,27,2,5,5656,460,90,No,Yes,No,Yes
INF02307,COL0462,28,2,7,5878,470,95,No,Yes,No,No
INF02308,COL0462,29,2,10,6022,476,106,No,Yes,No,No
INF02309,COL0462,30,2,11,6130,461,113,No,Yes,No,No
INF02310,COL0462,29,2,14,6443,512,121,No,Yes,No,No
INF02311,COL0463,18,8,3,3878,268,390,No,No,No,No
INF02312,COL0463,18,8,4,4086,270,429,No,No,No,No
INF02313,COL0463,19,9,7,4064,283,447,No,No,No,No
INF02314,COL0463,20,9,9,4354,287,426,No,No,No,No
INF02315,COL0463,20,9,12,4371,285,452,No,No,No,No
INF02316,COL0464,26,10,2,12374,0,270,No,Yes,No,No
INF02317,COL0464,27,10,5,12657,0,279,No,Yes,No,No
INF02318,COL0464,27,10,7,13704,0,308,No,Yes,No,No
INF02319,COL0464,27,10,11,13304,0,348,No,Yes,No,Yes
INF02320,COL0464,30,11,17,14074,0,367,No,Yes,No,No
INF02321,COL0465,98,18,18,20205,0,390,No,Yes,No,Yes
INF02322,COL0465,100,18,27,20863,0,428,No,Yes,No,No
INF02323,COL0465,103,19,43,22098,0,421,No,Yes,No,No
INF02324,COL0465,106,20,58,21651,0,480,No,Yes,No,No
INF02325,COL0465,108,20,55,23789,0,501,No,Yes,No,No
INF02326,COL0466,15,6,3,3787,0,150,No,Yes,No,No
INF02327,COL0466,15,6,4,3987,0,158,No,Yes,No,No
INF02328,COL0466,16,6,7,4035,0,175,No,Yes,No,Yes
INF02329,COL0466,17,7,7,4398,0,175,No,Yes,No,No
INF02330,COL0466,17,7,7,4535,0,171,No,Yes,No,Yes
INF02331,COL0467,99,57,8,28464,1928,450,No,Yes,Yes,No
INF02332,COL0467,102,59,14,29135,1983,480,No,Yes,Yes,No
INF02333,COL0467,102,59,32,31235,1944,492,No,Yes,Yes,No
INF02334,COL0467,105,61,51,33329,1993,566,No,Yes,Yes,No
INF02335,COL0467,104,60,45,33303,2148,592,No,Yes,Yes,Yes
INF02336,COL0468,121,24,10,37158,0,210,No,Yes,Yes,No
INF02337,COL0468,123,24,25,39081,0,217,No,Yes,Yes,No
INF02338,COL0468,125,25,26,38855,0,235,No,Yes,Yes,No
INF02339,COL0468,125,25,61,40531,0,260,No,Yes,Yes,No
INF02340,COL0468,127,25,61,44799,0,268,No,Yes,Yes,Yes
INF02341,COL0469,22,12,4,4467,343,330,No,Yes,No,No
INF02342,COL0469,23,12,7,4698,344,352,No,Yes,No,No
INF02343,COL0469,24,13,10,4675,358,391,No,Yes,No,Yes
INF02344,COL0469,23,13,9,4924,362,399,No,Yes,No,Yes
INF02345,COL0469,23,13,13,5036,375,459,No,Yes,No,No
INF02346,COL0470,131,19,10,42249,1493,210,No,Yes,Yes,No
INF02347,COL0470,136,20,30,44600,1516,230,No,Yes,Yes,No
INF02348,COL0470,141,20,35,44709,1564,250,No,Yes,Yes,No
INF02349,COL0470,145,21,52,45483,1538,231,No,Yes,Yes,Yes
INF02350,COL0470,143,21,58,45968,1604,256,No,Yes,Yes,Yes
INF02351,COL0471,37,17,7,7396,383,150,No,Yes,No,No
INF02352,COL0471,38,17,12,7573,384,155,No,Yes,No,No
INF02353,COL0471,40,18,13,8275,391,159,No,Yes,No,Yes
INF02354,COL0471,41,19,21,7888,389,186,No,Yes,No,Yes
INF02355,COL0471,42,19,23,8264,426,202,No,Yes,No,No
INF02356,COL0472,48,5,9,6983,0,390,Yes,Yes,No,No
INF02357,COL0472,49,5,15,7379,0,404,Yes,Yes,No,Yes
INF02358,COL0472,50,5,21,7365,0,461,Yes,Yes,No,No
INF02359,COL0472,52,5,27,7620,0,477,Yes,Yes,No,No
INF02360,COL0472,50,5,26,8610,0,491,Yes,Yes,No,No
INF02361,COL0473,6,1,0,1500,0,390,No,Yes,No,Yes
INF02362,COL0473,6,1,1,1587,0,419,No,Yes,No,No
INF02363,COL0473,6,1,1,1643,0,445,No,Yes,No,Yes
INF02364,COL0473,6,1,3,1748,0,460,No,Yes,No,No
INF02365,COL0473,7,1,4,1635,0,496,No,Yes,No,No
INF02366,COL0474,26,5,5,11342,0,450,No,No,No,No
INF02367,COL0474,26,5,7,11601,0,465,No,No,No,No
INF02368,COL0474,27,5,11,12380,0,502,No,No,No,No
INF02369,COL0474,29,6,16,12103,0,542,No,No,No,No
INF02370,COL0474,29,5,13,13511,0,534,No,No,No,No
INF02371,COL0475,56,9,10,14760,0,390,No,Yes,No,Yes
INF02372,COL0475,57,9,15,15556,0,406,No,Yes,No,No
INF02373,COL0475,58,9,23,16329,0,417,No,Yes,No,Yes
INF02374,COL0475,60,10,25,17238,0,440,No,Yes,No,Yes
INF02375,COL0475,62,10,30,16085,0,457,No,Yes,No,No
INF02376,COL0476,15,1,3,5113,115,330,No,Yes,Yes,Yes
INF02377,COL0476,15,1,4,5402,116,352,No,Yes,Yes,Yes
INF02378,COL0476,16,1,5,5478,116,360,No,Yes,Yes,No
INF02379,COL0476,16,1,8,6007,120,424,No,Yes,Yes,No
INF02380,COL0476,17,1,10,6325,127,411,No,Yes,Yes,No
INF02381,COL0477,16,8,1,5289,135,330,Yes,No,Yes,No
INF02382,COL0477,16,8,2,5493,135,351,Yes,No,Yes,No
INF02383,COL0477,16,8,4,5539,136,366,Yes,No,Yes,No
INF02384,COL0477,17,9,5,5880,136,426,Yes,No,Yes,No
INF02385,COL0477,18,9,7,6010,148,454,Yes,No,Yes,Yes
INF02386,COL0478,13,2,2,5279,0,270,No,Yes,No,No
INF02387,COL0478,13,2,4,5530,0,287,No,Yes,No,No
INF02388,COL0478,13,2,5,5509,0,288,No,Yes,No,No
INF02389,COL0478,14,2,6,5935,0,340,No,Yes,No,No
INF02390,COL0478,14,2,8,6018,0,374,No,Yes,No,No
INF02391,COL0479,28,5,5,9175,0,210,No,Yes,Yes,No
INF02392,COL0479,28,5,8,9584,0,224,No,Yes,Yes,No
INF02393,COL0479,30,5,10,10028,0,227,No,Yes,Yes,No
INF02394,COL0479,30,5,14,10032,0,238,No,Yes,Yes,Yes
INF02395,COL0479,32,6,19,10070,0,260,No,Yes,Yes,No
INF02396,COL0480,99,50,18,19241,693,390,Yes,Yes,No,Yes
INF02397,COL0480,102,52,29,20280,711,405,Yes,Yes,No,Yes
INF02398,COL0480,105,53,32,21206,697,421,Yes,Yes,No,Yes
INF02399,COL0480,102,52,43,20850,744,481,Yes,Yes,No,Yes
INF02400,COL0480,112,57,55,23330,723,487,Yes,Yes,No,No
INF02401,COL0481,40,19,7,7006,402,390,Yes,Yes,Yes,No
INF02402,COL0481,41,20,10,7356,403,416,Yes,Yes,Yes,No
INF02403,COL0481,41,20,18,7702,404,458,Yes,Yes,Yes,No
INF02404,COL0481,42,20,21,8100,406,442,Yes,Yes,Yes,No
INF02405,COL0481,44,21,24,8191,443,477,Yes,Yes,Yes,No
INF02406,COL0482,9,1,2,3847,0,90,Yes,Yes,No,No
INF02407,COL0482,9,1,3,3963,0,97,Yes,Yes,No,No
INF02408,COL0482,9,1,4,4212,0,103,Yes,Yes,No,Yes
INF02409,COL0482,9,1,4,4082,0,110,Yes,Yes,No,Yes
INF02410,COL0482,10,1,5,4259,0,104,Yes,Yes,No,No
INF02411,COL0483,62,26,5,11129,0,270,No,Yes,Yes,No
INF02412,COL0483,64,27,13,11635,0,296,No,Yes,Yes,No
INF02413,COL0483,65,27,23,12420,0,310,No,Yes,Yes,No
INF02414,COL0483,69,29,20,12117,0,312,No,Yes,Yes,No
INF02415,COL0483,65,27,33,13235,0,322,No,Yes,Yes,Yes
INF02416,COL0484,31,3,6,7226,271,390,No,No,No,Yes
INF02417,COL0484,32,3,10,7440,278,404,No,No,No,No
INF02418,COL0484,33,3,12,7731,277,453,No,No,No,No
INF02419,COL0484,34,3,20,8148,279,447,No,No,No,Yes
INF02420,COL0484,34,3,24,8726,296,466,No,No,No,No
INF02421,COL0485,24,5,4,5675,288,150,No,Yes,No,No
INF02422,COL0485,24,5,6,5866,293,158,No,Yes,No,No
INF02423,COL0485,25,5,11,6327,293,178,No,Yes,No,Yes
INF02424,COL0485,25,5,14,6421,312,174,No,Yes,No,No
INF02425,COL0485,26,5,18,6294,296,204,No,Yes,No,No
INF02426,COL0486,41,16,7,11488,0,150,No,Yes,Yes,No
INF02427,COL0486,42,16,11,12130,0,164,No,Yes,Yes,No
INF02428,COL0486,43,17,15,12231,0,174,No,Yes,Yes,Yes
INF02429,COL0486,44,17,18,13239,0,171,No,Yes,Yes,No
INF02430,COL0486,46,18,20,13389,0,197,No,Yes,Yes,Yes
INF02431,COL0487,65,36,5,26071,608,210,Yes,Yes,No,Yes
INF02432,COL0487,67,37,12,27537,613,228,Yes,Yes,No,No
INF02433,COL0487,69,38,21,27215,631,237,Yes,Yes,No,Yes
INF02434,COL0487,71,39,32,27714,652,252,Yes,Yes,No,No
INF02435,COL0487,74,41,29,30012,650,262,Yes,Yes,No,Yes
INF02436,COL0488,37,15,3,9801,546,330,No,Yes,No,No
INF02437,COL0488,38,15,7,10255,546,341,No,Yes,No,Yes
INF02438,COL0488,40,16,9,10293,556,364,No,Yes,No,No
INF02439,COL0488,41,17,12,10420,594,381,No,Yes,No,No
INF02440,COL0488,39,16,24,11782,587,418,No,Yes,No,Yes
INF02441,COL0489,102,19,18,24488,0,390,Yes,Yes,No,Yes
INF02442,COL0489,105,20,32,25746,0,411,Yes,Yes,No,No
INF02443,COL0489,110,20,39,27217,0,449,Yes,Yes,No,Yes
INF02444,COL0489,107,20,43,27838,0,488,Yes,Yes,No,Yes
INF02445,COL0489,115,21,55,28493,0,503,Yes,Yes,No,Yes
INF02446,COL0490,33,15,6,11378,299,450,No,Yes,No,Yes
INF02447,COL0490,34,16,8,11691,306,483,No,Yes,No,Yes
INF02448,COL0490,35,16,11,12610,301,501,No,Yes,No,No
INF02449,COL0490,34,16,13,12941,325,580,No,Yes,No,Yes
INF02450,COL0490,38,17,24,13439,302,527,No,Yes,No,No
INF02451,COL0491,14,3,3,4407,0,150,Yes,Yes,No,No
INF02452,COL0491,15,3,4,4617,0,156,Yes,Yes,No,No
INF02453,COL0491,15,3,6,4807,0,175,Yes,Yes,No,Yes
INF02454,COL0491,16,3,7,5195,0,191,Yes,Yes,No,No
INF02455,COL0491,16,3,10,5243,0,204,Yes,Yes,No,Yes
INF02456,COL0492,17,2,3,4657,0,330,No,Yes,No,No
INF02457,COL0492,17,2,5,4763,0,355,No,Yes,No,No
INF02458,COL0492,18,2,7,5026,0,355,No,Yes,No,Yes
INF02459,COL0492,18,2,8,5415,0,426,No,Yes,No,No
INF02460,COL0492,19,2,10,5040,0,431,No,Yes,No,Yes
INF02461,COL0493,28,4,5,9454,0,330,No,Yes,Yes,No
INF02462,COL0493,28,4,7,9858,0,358,No,Yes,Yes,No
INF02463,COL0493,30,4,11,10156,0,383,No,Yes,Yes,Yes
INF02464,COL0493,30,4,17,10409,0,389,No,Yes,Yes,Yes
INF02465,COL0493,32,5,14,11301,0,424,No,Yes,Yes,Yes
INF02466,COL0494,6,1,1,1500,0,270,No,Yes,Yes,No
INF02467,COL0494,6,1,1,1574,0,280,No,Yes,Yes,No
INF02468,COL0494,6,1,2,1650,0,302,No,Yes,Yes,No
INF02469,COL0494,6,1,3,1707,0,317,No,Yes,Yes,No
INF02470,COL0494,7,1,3,1660,0,339,No,Yes,Yes,No
INF02471,COL0495,56,28,10,14614,0,270,No,Yes,No,No
INF02472,COL0495,57,29,15,15398,0,296,No,Yes,No,No
INF02473,COL0495,59,30,26,16015,0,298,No,Yes,No,Yes
INF02474,COL0495,58,29,32,16067,0,305,No,Yes,No,No
INF02475,COL0495,63,31,42,17272,0,316,No,Yes,No,Yes
INF02476,COL0496,37,3,7,6333,574,330,No,Yes,No,Yes
INF02477,COL0496,38,3,11,6560,585,347,No,Yes,No,No
INF02478,COL0496,39,3,15,6887,604,392,No,Yes,No,Yes
INF02479,COL0496,41,3,19,6977,576,408,No,Yes,No,No
INF02480,COL0496,39,3,21,7197,606,434,No,Yes,No,Yes
INF02481,COL0497,87,52,16,24434,1353,210,No,Yes,No,No
INF02482,COL0497,89,53,26,25098,1360,221,No,Yes,No,Yes
INF02483,COL0497,91,54,30,25997,1422,252,No,Yes,No,No
INF02484,COL0497,97,58,49,27541,1394,254,No,Yes,No,Yes
INF02485,COL0497,100,60,55,28088,1407,253,No,Yes,No,Yes
INF02486,COL0498,85,16,7,31148,1368,330,Yes,Yes,Yes,No
INF02487,COL0498,88,17,14,32333,1404,345,Yes,Yes,Yes,No
INF02488,COL0498,88,17,25,34078,1414,380,Yes,Yes,Yes,Yes
INF02489,COL0498,88,17,30,34587,1427,402,Yes,Yes,Yes,No
INF02490,COL0498,98,19,52,36297,1454,441,Yes,Yes,Yes,No
INF02491,COL0499,103,42,8,18025,1419,210,No,Yes,No,No
INF02492,COL0499,105,43,20,18951,1439,222,No,Yes,No,No
INF02493,COL0499,110,45,24,19098,1443,224,No,Yes,No,No
INF02494,COL0499,109,44,53,19427,1491,256,No,Yes,No,No
INF02495,COL0499,109,44,61,20493,1439,243,No,Yes,No,No
INF02496,COL0500,43,24,3,17019,0,270,No,Yes,Yes,No
INF02497,COL0500,44,25,9,17774,0,296,No,Yes,Yes,No
INF02498,COL0500,45,25,11,18053,0,299,No,Yes,Yes,No
INF02499,COL0500,45,25,14,19147,0,315,No,Yes,Yes,No
INF02500,COL0500,46,26,17,20637,0,314,No,Yes,Yes,No
INF02501,COL0501,50,9,9,10371,314,270,Yes,Yes,No,No
INF02502,COL0501,51,9,16,10923,321,279,Yes,Yes,No,No
INF02503,COL0501,53,10,22,11530,319,308,Yes,Yes,No,No
INF02504,COL0501,56,10,22,11995,333,299,Yes,Yes,No,No
INF02505,COL0501,57,10,25,11638,325,378,Yes,Yes,No,No
INF02506,COL0502,6,3,1,2085,71,90,No,Yes,Yes,No
INF02507,COL0502,6,3,2,2138,72,99,No,Yes,Yes,No
INF02508,COL0502,6,3,2,2235,72,108,No,Yes,Yes,No
INF02509,COL0502,6,3,2,2274,71,107,No,Yes,Yes,No
INF02510,COL0502,7,3,4,2404,71,124,No,Yes,Yes,No
INF02511,COL0503,70,10,13,16841,617,270,Yes,Yes,No,No
INF02512,COL0503,72,10,22,17293,622,279,Yes,Yes,No,No
INF02513,COL0503,75,11,23,18242,652,304,Yes,Yes,No,No
INF02514,COL0503,77,11,42,19705,642,295,Yes,Yes,No,Yes
INF02515,COL0503,74,11,50,18977,621,369,Yes,Yes,No,No
INF02516,COL0504,35,20,6,9525,660,210,Yes,Yes,No,No
INF02517,COL0504,36,21,11,10068,667,217,Yes,Yes,No,Yes
INF02518,COL0504,37,21,17,10023,685,243,Yes,Yes,No,Yes
INF02519,COL0504,39,22,15,10274,708,255,Yes,Yes,No,Yes
INF02520,COL0504,39,22,21,11443,680,252,Yes,Yes,No,Yes
INF02521,COL0505,23,13,4,6609,0,210,Yes,Yes,No,No
INF02522,COL0505,24,14,6,6925,0,231,Yes,Yes,No,No
INF02523,COL0505,25,14,10,6900,0,250,Yes,Yes,No,No
INF02524,COL0505,24,13,14,7690,0,250,Yes,Yes,No,No
INF02525,COL0505,26,15,19,7770,0,256,Yes,Yes,No,Yes
INF02526,COL0506,89,37,7,24094,756,270,No,Yes,No,No
INF02527,COL0506,90,38,13,25402,759,281,No,Yes,No,Yes
INF02528,COL0506,94,39,29,25560,773,319,No,Yes,No,No
INF02529,COL0506,99,41,43,25544,769,325,No,Yes,No,No
INF02530,COL0506,96,40,44,29510,802,304,No,Yes,No,Yes
INF02531,COL0507,30,4,5,6901,418,390,Yes,Yes,Yes,No
INF02532,COL0507,31,4,9,7211,423,426,Yes,Yes,Yes,No
INF02533,COL0507,31,4,14,7507,424,431,Yes,Yes,Yes,Yes
INF02534,COL0507,33,4,16,7973,431,438,Yes,Yes,Yes,Yes
INF02535,COL0507,33,4,23,7839,459,446,Yes,Yes,Yes,Yes
INF02536,COL0508,70,10,13,23937,0,390,Yes,Yes,Yes,No
INF02537,COL0508,72,10,21,24801,0,414,Yes,Yes,Yes,No
INF02538,COL0508,74,11,24,25677,0,459,Yes,Yes,Yes,No
INF02539,COL0508,76,11,45,25496,0,456,Yes,Yes,Yes,Yes
INF02540,COL0508,75,11,44,28327,0,497,Yes,Yes,Yes,Yes
INF02541,COL0509,72,27,13,18431,0,90,Yes,Yes,Yes,Yes
INF02542,COL0509,75,28,19,19411,0,98,Yes,Yes,Yes,Yes
INF02543,COL0509,75,28,30,20471,0,104,Yes,Yes,Yes,Yes
INF02544,COL0509,80,30,39,20722,0,117,Yes,Yes,Yes,Yes
INF02545,COL0509,75,28,50,20229,0,109,Yes,Yes,Yes,Yes
INF02546,COL0510,24,10,2,5203,180,330,No,Yes,Yes,No
INF02547,COL0510,25,10,5,5507,182,355,No,Yes,Yes,No
INF02548,COL0510,26,11,8,5461,181,370,No,Yes,Yes,Yes
INF02549,COL0510,25,10,10,5962,182,390,No,Yes,Yes,Yes
INF02550,COL0510,25,11,10,5672,193,396,No,Yes,Yes,No
INF02551,COL0511,20,8,4,7272,377,330,No,Yes,No,No
INF02552,COL0511,21,8,6,7618,379,342,No,Yes,No,No
INF02553,COL0511,21,8,8,7596,387,390,No,Yes,No,Yes
INF02554,COL0511,22,9,9,7710,409,360,No,Yes,No,No
INF02555,COL0511,22,9,11,8315,377,450,No,Yes,No,No
INF02556,COL0512,64,25,12,12493,0,390,Yes,No,No,No
INF02557,COL0512,66,26,20,12774,0,414,Yes,No,No,No
INF02558,COL0512,67,26,29,13749,0,464,Yes,No,No,No
INF02559,COL0512,67,26,33,14576,0,497,Yes,No,No,No
INF02560,COL0512,73,29,46,15257,0,459,Yes,No,No,No
INF02561,COL0513,172,29,14,42783,2610,330,No,Yes,No,No
INF02562,COL0513,174,29,38,43964,2672,355,No,Yes,No,Yes
INF02563,COL0513,178,30,53,44834,2690,375,No,Yes,No,No
INF02564,COL0513,183,31,56,49135,2625,410,No,Yes,No,Yes
INF02565,COL0513,193,33,109,52647,2908,371,No,Yes,No,Yes
INF02566,COL0514,18,9,3,4474,0,210,No,Yes,No,No
INF02567,COL0514,19,9,6,4647,0,223,No,Yes,No,No
INF02568,COL0514,19,9,7,4693,0,251,No,Yes,No,No
INF02569,COL0514,20,10,10,5033,0,242,No,Yes,No,No
INF02570,COL0514,19,10,12,5541,0,284,No,Yes,No,Yes
INF02571,COL0515,18,8,3,5882,239,90,No,Yes,Yes,No
INF02572,COL0515,18,8,5,6141,244,97,No,Yes,Yes,Yes
INF02573,COL0515,19,8,7,6182,239,106,No,Yes,Yes,Yes
INF02574,COL0515,19,9,10,6526,260,109,No,Yes,Yes,Yes
INF02575,COL0515,20,9,12,6808,255,115,No,Yes,Yes,No
INF02576,COL0516,11,2,2,2521,81,390,No,Yes,No,No
INF02577,COL0516,11,2,3,2667,82,411,No,Yes,No,No
INF02578,COL0516,12,2,4,2699,84,456,No,Yes,No,No
INF02579,COL0516,12,2,7,2723,87,478,No,Yes,No,No
INF02580,COL0516,12,2,6,3060,83,545,No,Yes,No,Yes
INF02581,COL0517,7,3,1,2871,0,210,Yes,Yes,No,Yes
INF02582,COL0517,7,3,2,2950,0,226,Yes,Yes,No,Yes
INF02583,COL0517,7,3,3,3110,0,230,Yes,Yes,No,No
INF02584,COL0517,8,3,4,3299,0,234,Yes,Yes,No,No
INF02585,COL0517,8,3,4,3169,0,292,Yes,Yes,No,No
INF02586,COL0518,14,5,3,3729,0,390,No,Yes,No,Yes
INF02587,COL0518,15,5,4,3847,0,417,No,Yes,No,No
INF02588,COL0518,14,5,5,4040,0,460,No,Yes,No,No
INF02589,COL0518,15,5,7,4178,0,464,No,Yes,No,No
INF02590,COL0518,15,5,7,4309,0,482,No,Yes,No,No
INF02591,COL0519,29,11,5,8644,428,450,No,Yes,Yes,No
INF02592,COL0519,30,11,9,9010,439,493,No,Yes,Yes,No
INF02593,COL0519,30,11,9,9088,431,526,No,Yes,Yes,No
INF02594,COL0519,31,12,14,9658,444,520,No,Yes,Yes,Yes
INF02595,COL0519,33,13,16,10178,439,546,No,Yes,Yes,No
INF02596,COL0520,119,16,21,22090,1886,270,Yes,Yes,No,No
INF02597,COL0520,121,16,31,22537,1941,294,Yes,Yes,No,Yes
INF02598,COL0520,127,17,43,23267,1988,318,Yes,Yes,No,Yes
INF02599,COL0520,131,18,60,25161,2044,348,Yes,Yes,No,Yes
INF02600,COL0520,134,18,77,27120,2029,351,Yes,Yes,No,Yes
INF02601,COL0521,91,16,7,24496,0,270,Yes,Yes,Yes,No
INF02602,COL0521,94,16,16,25684,0,284,Yes,Yes,Yes,No
INF02603,COL0521,98,17,25,26197,0,289,Yes,Yes,Yes,Yes
INF02604,COL0521,96,17,26,28469,0,297,Yes,Yes,Yes,Yes
INF02605,COL0521,96,17,44,27660,0,338,Yes,Yes,Yes,No
INF02606,COL0522,11,1,1,3300,95,270,No,Yes,No,No
INF02607,COL0522,11,1,2,3485,96,282,No,Yes,No,No
INF02608,COL0522,12,1,3,3465,95,294,No,Yes,No,No
INF02609,COL0522,12,1,4,3753,103,346,No,Yes,No,No
INF02610,COL0522,11,1,5,3846,105,316,No,Yes,No,Yes
INF02611,COL0523,20,3,4,6063,168,330,No,Yes,No,No
INF02612,COL0523,21,3,6,6380,169,352,No,Yes,No,No
INF02613,COL0523,21,3,8,6538,177,363,No,Yes,No,No
INF02614,COL0523,22,3,10,6702,180,371,No,Yes,No,No
INF02615,COL0523,21,3,11,6752,180,406,No,Yes,No,No
INF02616,COL0524,34,5,6,10792,629,210,Yes,Yes,No,No
INF02617,COL0524,35,5,9,11410,632,227,Yes,Yes,No,No
INF02618,COL0524,36,5,13,11674,635,249,Yes,Yes,No,Yes
INF02619,COL0524,36,5,21,12445,672,242,Yes,Yes,No,No
INF02620,COL0524,38,6,25,12662,671,261,Yes,Yes,No,No
INF02621,COL0525,63,12,11,16118,1097,330,No,No,No,No
INF02622,COL0525,65,12,20,16986,1124,359,No,No,No,No
INF02623,COL0525,66,13,27,17933,1102,371,No,No,No,Yes
INF02624,COL0525,67,13,33,17664,1188,427,No,No,No,No
INF02625,COL0525,71,14,48,17939,1212,415,No,No,No,No
INF02626,COL0526,17,2,3,3348,257,390,No,Yes,Yes,No
INF02627,COL0526,17,2,4,3538,264,417,No,Yes,Yes,Yes
INF02628,COL0526,18,2,7,3714,266,459,No,Yes,Yes,No
INF02629,COL0526,19,2,9,3781,260,455,No,Yes,Yes,No
INF02630,COL0526,20,2,12,3734,260,523,No,Yes,Yes,No
INF02631,COL0527,17,2,3,4723,229,270,Yes,Yes,No,No
INF02632,COL0527,17,2,4,4999,235,288,Yes,Yes,No,No
INF02633,COL0527,18,2,7,5031,239,291,Yes,Yes,No,Yes
INF02634,COL0527,18,2,9,5475,247,340,Yes,Yes,No,No
INF02635,COL0527,18,2,9,5765,249,325,Yes,Yes,No,Yes
INF02636,COL0528,68,30,5,17490,0,150,Yes,Yes,No,No
INF02637,COL0528,70,31,11,18009,0,161,Yes,Yes,No,No
INF02638,COL0528,72,32,21,19554,0,180,Yes,Yes,No,No
INF02639,COL0528,73,32,25,20545,0,178,Yes,Yes,No,Yes
INF02640,COL0528,76,34,45,21185,0,178,Yes,Yes,No,Yes
INF02641,COL0529,14,2,1,5046,0,150,No,Yes,No,No
INF02642,COL0529,14,2,3,5257,0,159,No,Yes,No,No
INF02643,COL0529,15,2,3,5617,0,165,No,Yes,No,No
INF02644,COL0529,15,2,5,5390,0,186,No,Yes,No,No
INF02645,COL0529,15,2,5,6256,0,187,No,Yes,No,No
INF02646,COL0530,39,16,3,11231,745,270,Yes,Yes,Yes,No
INF02647,COL0530,39,16,6,11644,766,286,Yes,Yes,Yes,No
INF02648,COL0530,40,16,12,12288,769,303,Yes,Yes,Yes,No
INF02649,COL0530,42,17,19,13154,784,327,Yes,Yes,Yes,Yes
INF02650,COL0530,43,18,17,13488,822,372,Yes,Yes,Yes,Yes
INF02651,COL0531,22,8,4,5909,285,330,Yes,Yes,Yes,Yes
INF02652,COL0531,23,8,7,6238,289,343,Yes,Yes,Yes,Yes
INF02653,COL0531,24,9,7,6603,301,387,Yes,Yes,Yes,No
INF02654,COL0531,24,9,13,6859,305,417,Yes,Yes,Yes,Yes
INF02655,COL0531,23,8,12,6579,303,416,Yes,Yes,Yes,Yes
INF02656,COL0532,8,1,1,4499,0,390,No,Yes,Yes,No
INF02657,COL0532,8,1,2,4701,0,405,No,Yes,Yes,No
INF02658,COL0532,8,1,3,4993,0,466,No,Yes,Yes,Yes
INF02659,COL0532,8,1,3,4912,0,439,No,Yes,Yes,Yes
INF02660,COL0532,9,1,6,4982,0,532,No,Yes,Yes,No
INF02661,COL0533,80,42,14,19649,636,150,Yes,Yes,No,Yes
INF02662,COL0533,82,43,25,20702,637,161,Yes,Yes,No,Yes
INF02663,COL0533,85,44,27,21432,665,162,Yes,Yes,No,Yes
INF02664,COL0533,86,45,43,22562,679,178,Yes,Yes,No,No
INF02665,COL0533,92,48,56,21864,642,175,Yes,Yes,No,Yes
INF02666,COL0534,44,4,8,9603,487,210,No,Yes,No,No
INF02667,COL0534,45,4,12,9977,493,218,No,Yes,No,No
INF02668,COL0534,45,4,20,10103,504,224,No,Yes,No,No
INF02669,COL0534,46,4,26,10656,512,235,No,Yes,No,Yes
INF02670,COL0534,51,5,31,10387,522,263,No,Yes,No,Yes
INF02671,COL0535,110,12,20,21962,1330,210,No,Yes,Yes,Yes
INF02672,COL0535,113,12,31,22437,1365,224,No,Yes,Yes,No
INF02673,COL0535,115,13,38,22884,1355,247,No,Yes,Yes,No
INF02674,COL0535,121,13,65,25368,1343,273,No,Yes,Yes,Yes
INF02675,COL0535,125,14,91,25384,1371,236,No,Yes,Yes,Yes
INF02676,COL0536,13,3,2,8120,102,390,Yes,Yes,No,No
INF02677,COL0536,13,3,3,8520,104,427,Yes,Yes,No,No
INF02678,COL0536,13,3,6,8963,103,439,Yes,Yes,No,No
INF02679,COL0536,14,3,6,9232,103,454,Yes,Yes,No,No
INF02680,COL0536,14,3,6,9375,111,526,Yes,Yes,No,Yes
INF02681,COL0537,6,3,0,4095,50,270,No,Yes,No,No
INF02682,COL0537,6,3,1,4265,51,286,No,Yes,No,No
INF02683,COL0537,6,3,2,4394,51,304,No,Yes,No,No
INF02684,COL0537,7,3,3,4403,54,321,No,Yes,No,No
INF02685,COL0537,7,3,3,4721,54,304,No,Yes,No,Yes
INF02686,COL0538,24,5,4,8551,0,330,Yes,Yes,Yes,No
INF02687,COL0538,25,5,8,8985,0,362,Yes,Yes,Yes,No
INF02688,COL0538,25,5,10,8981,0,359,Yes,Yes,Yes,No
INF02689,COL0538,25,5,12,9587,0,378,Yes,Yes,Yes,No
INF02690,COL0538,25,5,12,9542,0,459,Yes,Yes,Yes,Yes
INF02691,COL0539,32,13,6,8406,375,270,Yes,Yes,Yes,No
INF02692,COL0539,33,13,8,8580,378,288,Yes,Yes,Yes,No
INF02693,COL0539,34,14,12,8903,375,290,Yes,Yes,Yes,No
INF02694,COL0539,35,14,19,9918,379,301,Yes,Yes,Yes,No
INF02695,COL0539,33,14,24,10222,409,331,Yes,Yes,Yes,No
INF02696,COL0540,40,4,7,13335,0,210,No,Yes,No,No
INF02697,COL0540,41,4,12,13762,0,231,No,Yes,No,No
INF02698,COL0540,43,4,19,14453,0,237,No,Yes,No,Yes
INF02699,COL0540,42,4,16,15609,0,265,No,Yes,No,No
INF02700,COL0540,44,4,28,14933,0,242,No,Yes,No,Yes
INF02701,COL0541,38,7,7,8168,0,270,No,Yes,Yes,No
INF02702,COL0541,39,7,10,8649,0,282,No,Yes,Yes,No
INF02703,COL0541,41,7,12,8732,0,298,No,Yes,Yes,Yes
INF02704,COL0541,41,7,15,8973,0,348,No,Yes,Yes,No
INF02705,COL0541,41,7,25,9742,0,368,No,Yes,Yes,Yes
INF02706,COL0542,17,6,3,2818,219,150,No,Yes,No,No
INF02707,COL0542,17,6,5,2983,225,156,No,Yes,No,Yes
INF02708,COL0542,18,6,7,2947,223,165,No,Yes,No,Yes
INF02709,COL0542,18,6,10,3203,225,170,No,Yes,No,No
INF02710,COL0542,18,6,13,3051,223,180,No,Yes,No,Yes
INF02711,COL0543,17,10,1,7272,270,270,No,No,No,No
INF02712,COL0543,17,10,2,7553,270,281,No,No,No,No
INF02713,COL0543,17,10,4,7890,277,306,No,No,No,Yes
INF02714,COL0543,19,11,8,7862,273,350,No,No,No,No
INF02715,COL0543,20,12,9,8262,291,312,No,No,No,Yes
INF02716,COL0544,76,9,14,20238,1333,330,Yes,Yes,Yes,No
INF02717,COL0544,77,9,19,20999,1367,363,Yes,Yes,Yes,Yes
INF02718,COL0544,81,10,25,22055,1334,365,Yes,Yes,Yes,No
INF02719,COL0544,83,10,42,21950,1392,410,Yes,Yes,Yes,Yes
INF02720,COL0544,81,10,48,23223,1399,415,Yes,Yes,Yes,Yes
INF02721,COL0545,53,9,4,19709,0,270,Yes,Yes,No,No
INF02722,COL0545,54,9,11,20419,0,281,Yes,Yes,No,Yes
INF02723,COL0545,57,10,20,21477,0,303,Yes,Yes,No,No
INF02724,COL0545,59,10,22,22917,0,310,Yes,Yes,No,No
INF02725,COL0545,58,10,34,23375,0,346,Yes,Yes,No,No
INF02726,COL0546,75,6,14,23592,0,390,No,Yes,No,No
INF02727,COL0546,76,6,20,24460,0,422,No,Yes,No,No
INF02728,COL0546,77,6,24,24700,0,457,No,Yes,No,No
INF02729,COL0546,79,6,42,26016,0,454,No,Yes,No,No
INF02730,COL0546,80,6,58,27970,0,467,No,Yes,No,Yes
INF02731,COL0547,72,12,13,16370,1052,450,Yes,Yes,Yes,No
INF02732,COL0547,74,12,21,17263,1075,489,Yes,Yes,Yes,No
INF02733,COL0547,75,12,32,17728,1078,540,Yes,Yes,Yes,No
INF02734,COL0547,74,12,42,18956,1069,584,Yes,Yes,Yes,Yes
INF02735,COL0547,82,14,43,19399,1153,539,Yes,Yes,Yes,Yes
INF02736,COL0548,38,4,3,13097,0,210,No,Yes,No,No
INF02737,COL0548,39,4,9,13465,0,217,No,Yes,No,No
INF02738,COL0548,39,4,11,14489,0,241,No,Yes,No,No
INF02739,COL0548,39,4,11,14317,0,270,No,Yes,No,Yes
INF02740,COL0548,44,5,21,14389,0,241,No,Yes,No,No
INF02741,COL0549,22,11,4,6714,346,390,No,Yes,No,No
INF02742,COL0549,23,11,6,6985,353,404,No,Yes,No,No
INF02743,COL0549,23,12,10,7159,346,433,No,Yes,No,Yes
INF02744,COL0549,23,12,11,7297,368,469,No,Yes,No,Yes
INF02745,COL0549,25,13,15,7977,368,528,No,Yes,No,Yes
INF02746,COL0550,98,46,18,29095,619,270,Yes,Yes,No,No
INF02747,COL0550,101,47,31,30361,624,297,Yes,Yes,No,No
INF02748,COL0550,101,47,33,31048,636,295,Yes,Yes,No,Yes
INF02749,COL0550,109,51,63,30865,649,340,Yes,Yes,No,No
INF02750,COL0550,110,52,59,33061,656,368,Yes,Yes,No,Yes
INF02751,COL0551,6,3,0,6049,50,330,Yes,No,No,No
INF02752,COL0551,6,3,1,6233,50,355,Yes,No,No,No
INF02753,COL0551,6,3,2,6502,51,382,Yes,No,No,No
INF02754,COL0551,7,3,2,6955,51,421,Yes,No,No,Yes
INF02755,COL0551,7,3,4,7399,52,446,Yes,No,No,Yes
INF02756,COL0552,108,11,19,31307,2160,450,No,Yes,No,No
INF02757,COL0552,111,11,29,33004,2174,479,No,Yes,No,Yes
INF02758,COL0552,116,12,49,34064,2266,528,No,Yes,No,No
INF02759,COL0552,113,12,45,34569,2253,497,No,Yes,No,No
INF02760,COL0552,123,13,73,35756,2345,541,No,Yes,No,Yes
INF02761,COL0553,22,13,4,7675,0,90,Yes,Yes,Yes,No
INF02762,COL0553,23,14,6,8080,0,96,Yes,Yes,Yes,No
INF02763,COL0553,24,14,8,8134,0,100,Yes,Yes,Yes,No
INF02764,COL0553,24,14,9,8638,0,100,Yes,Yes,Yes,Yes
INF02765,COL0553,24,14,16,8454,0,116,Yes,Yes,Yes,No
INF02766,COL0554,11,1,2,2762,0,150,No,Yes,No,No
INF02767,COL0554,11,1,3,2899,0,165,No,Yes,No,No
INF02768,COL0554,11,1,4,2904,0,167,No,Yes,No,No
INF02769,COL0554,11,1,4,3202,0,178,No,Yes,No,Yes
INF02770,COL0554,13,1,9,3195,0,210,No,Yes,No,No
INF02771,COL0555,118,20,21,23803,1067,390,Yes,Yes,Yes,No
INF02772,COL0555,120,20,29,24815,1092,411,Yes,Yes,Yes,No
INF02773,COL0555,124,21,57,26457,1100,424,Yes,Yes,Yes,Yes
INF02774,COL0555,122,21,56,25947,1130,426,Yes,Yes,Yes,Yes
INF02775,COL0555,126,21,72,25965,1093,528,Yes,Yes,Yes,Yes
INF02776,COL0556,18,11,3,5563,0,150,Yes,Yes,No,No
INF02777,COL0556,19,11,5,5733,0,164,Yes,Yes,No,No
INF02778,COL0556,19,11,8,5864,0,174,Yes,Yes,No,No
INF02779,COL0556,20,12,8,6128,0,164,Yes,Yes,No,No
INF02780,COL0556,21,13,14,6430,0,192,Yes,Yes,No,No
INF02781,COL0557,8,3,1,3729,141,210,Yes,Yes,Yes,No
INF02782,COL0557,8,3,2,3869,144,217,Yes,Yes,Yes,Yes
INF02783,COL0557,9,3,3,3922,143,228,Yes,Yes,Yes,No
INF02784,COL0557,9,3,4,4045,143,232,Yes,Yes,Yes,No
INF02785,COL0557,8,3,4,4482,155,284,Yes,Yes,Yes,No
INF02786,COL0558,6,3,1,1723,0,150,Yes,Yes,No,No
INF02787,COL0558,6,3,1,1770,0,156,Yes,Yes,No,No
INF02788,COL0558,6,3,2,1910,0,163,Yes,Yes,No,Yes
INF02789,COL0558,6,3,3,2025,0,181,Yes,Yes,No,No
INF02790,COL0558,6,3,4,1934,0,197,Yes,Yes,No,Yes
INF02791,COL0559,18,7,3,6785,0,210,Yes,Yes,No,No
INF02792,COL0559,19,7,6,7107,0,230,Yes,Yes,No,Yes
INF02793,COL0559,19,7,6,7510,0,228,Yes,Yes,No,No
INF02794,COL0559,19,7,8,7284,0,265,Yes,Yes,No,Yes
INF02795,COL0559,19,8,11,8390,0,289,Yes,Yes,No,Yes
INF02796,COL0560,39,6,7,10916,0,210,Yes,Yes,Yes,No
INF02797,COL0560,40,6,12,11190,0,227,Yes,Yes,Yes,No
INF02798,COL0560,41,6,16,11429,0,249,Yes,Yes,Yes,Yes
INF02799,COL0560,42,6,19,11634,0,272,Yes,Yes,Yes,No
INF02800,COL0560,43,7,20,12541,0,260,Yes,Yes,Yes,Yes
INF02801,COL0561,66,7,12,19418,0,270,No,Yes,No,No
INF02802,COL0561,68,7,19,20040,0,278,No,Yes,No,No
INF02803,COL0561,71,8,30,21510,0,287,No,Yes,No,Yes
INF02804,COL0561,68,7,36,20824,0,349,No,Yes,No,No
INF02805,COL0561,73,8,35,23369,0,371,No,Yes,No,No
INF02806,COL0562,6,3,1,1500,0,270,Yes,Yes,No,No
INF02807,COL0562,6,3,2,1551,0,279,Yes,Yes,No,No
INF02808,COL0562,6,3,3,1601,0,323,Yes,Yes,No,Yes
INF02809,COL0562,7,3,3,1651,0,313,Yes,Yes,No,No
INF02810,COL0562,7,3,3,1717,0,341,Yes,Yes,No,No
INF02811,COL0563,10,5,2,2817,177,270,Yes,Yes,Yes,Yes
INF02812,COL0563,10,5,3,2946,181,280,Yes,Yes,Yes,No
INF02813,COL0563,11,5,3,3128,185,288,Yes,Yes,Yes,No
INF02814,COL0563,11,5,6,3193,192,329,Yes,Yes,Yes,Yes
INF02815,COL0563,11,5,6,3132,184,339,Yes,Yes,Yes,Yes
INF02816,COL0564,9,5,2,3070,143,270,No,Yes,No,Yes
INF02817,COL0564,9,5,3,3160,147,286,No,Yes,No,No
INF02818,COL0564,9,5,3,3357,151,305,No,Yes,No,Yes
INF02819,COL0564,9,5,5,3513,148,345,No,Yes,No,No
INF02820,COL0564,10,6,4,3596,156,314,No,Yes,No,No
INF02821,COL0565,7,1,1,1500,0,210,No,Yes,Yes,No
INF02822,COL0565,7,1,2,1536,0,220,No,Yes,Yes,No
INF02823,COL0565,7,1,3,1670,0,236,No,Yes,Yes,Yes
INF02824,COL0565,8,1,5,1657,0,262,No,Yes,Yes,No
INF02825,COL0565,7,1,3,1751,0,277,No,Yes,Yes,Yes
INF02826,COL0566,15,6,1,9722,171,330,No,No,No,No
INF02827,COL0566,15,6,2,9983,174,354,No,No,No,No
INF02828,COL0566,16,6,5,10155,178,366,No,No,No,No
INF02829,COL0566,17,7,6,11336,179,383,No,No,No,No
INF02830,COL0566,17,7,8,11790,191,420,No,No,No,Yes
INF02831,COL0567,10,2,2,2962,80,270,Yes,Yes,No,No
INF02832,COL0567,10,2,2,3091,80,281,Yes,Yes,No,Yes
INF02833,COL0567,10,2,4,3207,84,300,Yes,Yes,No,No
INF02834,COL0567,11,2,6,3491,84,320,Yes,Yes,No,Yes
INF02835,COL0567,11,2,8,3505,89,309,Yes,Yes,No,No
INF02836,COL0568,44,5,8,9586,0,270,No,Yes,No,No
INF02837,COL0568,45,5,12,10096,0,285,No,Yes,No,No
INF02838,COL0568,47,5,17,10118,0,289,No,Yes,No,No
INF02839,COL0568,48,5,17,10428,0,299,No,Yes,No,No
INF02840,COL0568,46,5,23,10921,0,318,No,Yes,No,No
INF02841,COL0569,21,9,4,4567,137,150,No,Yes,No,No
INF02842,COL0569,21,9,7,4795,137,163,No,Yes,No,No
INF02843,COL0569,23,10,8,4829,145,170,No,Yes,No,Yes
INF02844,COL0569,23,10,10,4936,138,172,No,Yes,No,No
INF02845,COL0569,24,10,17,5424,151,177,No,Yes,No,Yes
INF02846,COL0570,6,3,0,5291,0,270,No,Yes,Yes,No
INF02847,COL0570,6,3,1,5438,0,281,No,Yes,Yes,No
INF02848,COL0570,6,3,2,5704,0,302,No,Yes,Yes,No
INF02849,COL0570,6,3,3,5741,0,309,No,Yes,Yes,Yes
INF02850,COL0570,7,3,2,5949,0,335,No,Yes,Yes,Yes
INF02851,COL0571,38,17,3,10618,498,90,No,Yes,No,Yes
INF02852,COL0571,39,17,8,10863,501,96,No,Yes,No,Yes
INF02853,COL0571,41,18,13,11468,506,100,No,Yes,No,Yes
INF02854,COL0571,43,19,13,12369,515,113,No,Yes,No,Yes
INF02855,COL0571,43,19,16,12418,539,102,No,Yes,No,Yes
INF02856,COL0572,52,9,9,11341,0,150,No,Yes,Yes,No
INF02857,COL0572,53,9,14,11694,0,158,No,Yes,Yes,No
INF02858,COL0572,53,9,23,12322,0,164,No,Yes,Yes,No
INF02859,COL0572,55,9,25,12436,0,190,No,Yes,Yes,No
INF02860,COL0572,59,10,30,13075,0,208,No,Yes,Yes,No
INF02861,COL0573,6,3,1,1962,72,390,No,Yes,No,No
INF02862,COL0573,6,3,2,2065,72,428,No,Yes,No,No
INF02863,COL0573,6,3,2,2099,75,442,No,Yes,No,Yes
INF02864,COL0573,6,3,3,2297,77,439,No,Yes,No,Yes
INF02865,COL0573,7,3,4,2338,79,508,No,Yes,No,Yes
INF02866,COL0574,39,16,3,13944,353,270,Yes,Yes,No,No
INF02867,COL0574,40,16,6,14449,362,291,Yes,Yes,No,Yes
INF02868,COL0574,42,17,10,14706,371,302,Yes,Yes,No,No
INF02869,COL0574,42,17,19,15809,367,338,Yes,Yes,No,No
INF02870,COL0574,43,17,17,16755,387,354,Yes,Yes,No,Yes
INF02871,COL0575,19,2,2,6846,0,150,Yes,Yes,No,No
INF02872,COL0575,19,2,4,7071,0,155,Yes,Yes,No,No
INF02873,COL0575,20,2,4,7574,0,174,Yes,Yes,No,Yes
INF02874,COL0575,21,2,8,7885,0,188,Yes,Yes,No,No
INF02875,COL0575,21,2,12,7426,0,184,Yes,Yes,No,Yes
INF02876,COL0576,14,5,3,4398,0,150,No,Yes,No,No
INF02877,COL0576,14,5,4,4586,0,160,No,Yes,No,Yes
INF02878,COL0576,14,5,5,4821,0,179,No,Yes,No,No
INF02879,COL0576,15,5,6,4710,0,187,No,Yes,No,No
INF02880,COL0576,15,6,10,4967,0,179,No,Yes,No,Yes
INF02881,COL0577,45,16,8,11867,332,90,Yes,No,No,Yes
INF02882,COL0577,46,16,14,12394,332,95,Yes,No,No,No
INF02883,COL0577,46,16,18,13120,332,101,Yes,No,No,Yes
INF02884,COL0577,49,17,20,14002,359,102,Yes,No,No,No
INF02885,COL0577,48,17,32,14358,363,118,Yes,No,No,No
INF02886,COL0578,6,1,1,2154,75,330,No,Yes,No,No
INF02887,COL0578,6,1,2,2276,76,342,No,Yes,No,No
INF02888,COL0578,6,1,3,2354,78,391,No,Yes,No,Yes
INF02889,COL0578,6,1,4,2483,75,368,No,Yes,No,No
INF02890,COL0578,6,1,4,2341,77,451,No,Yes,No,No
INF02891,COL0579,40,6,7,14659,364,330,Yes,Yes,Yes,No
INF02892,COL0579,41,6,13,15339,366,340,Yes,Yes,Yes,No
INF02893,COL0579,42,6,15,15908,374,379,Yes,Yes,Yes,Yes
INF02894,COL0579,41,6,20,16283,368,401,Yes,Yes,Yes,No
INF02895,COL0579,46,7,32,16234,381,413,Yes,Yes,Yes,Yes
INF02896,COL0580,8,3,1,2367,0,210,No,Yes,No,No
INF02897,COL0580,8,3,2,2450,0,226,No,Yes,No,No
INF02898,COL0580,8,3,3,2617,0,237,No,Yes,No,Yes
INF02899,COL0580,8,3,4,2593,0,258,No,Yes,No,No
INF02900,COL0580,9,3,6,2698,0,259,No,Yes,No,Yes
INF02901,COL0581,14,3,3,5423,164,390,Yes,Yes,Yes,No
INF02902,COL0581,14,3,4,5595,165,412,Yes,Yes,Yes,No
INF02903,COL0581,15,3,5,5794,168,452,Yes,Yes,Yes,No
INF02904,COL0581,15,3,7,6034,178,455,Yes,Yes,Yes,No
INF02905,COL0581,16,3,11,6574,181,466,Yes,Yes,Yes,No
INF02906,COL0582,44,19,8,11522,0,150,Yes,Yes,No,No
INF02907,COL0582,44,19,12,11966,0,163,Yes,Yes,No,No
INF02908,COL0582,46,20,18,12102,0,171,Yes,Yes,No,No
INF02909,COL0582,47,20,27,13440,0,192,Yes,Yes,No,Yes
INF02910,COL0582,46,20,23,13559,0,184,Yes,Yes,No,Yes
INF02911,COL0583,110,17,9,20413,1460,270,Yes,No,No,No
INF02912,COL0583,113,18,17,21568,1502,290,Yes,No,No,No
INF02913,COL0583,114,18,37,22429,1495,319,Yes,No,No,No
INF02914,COL0583,120,19,44,22097,1517,346,Yes,No,No,Yes
INF02915,COL0583,118,18,58,22206,1601,374,Yes,No,No,No
INF02916,COL0584,15,1,3,4408,0,150,Yes,Yes,No,No
INF02917,COL0584,15,1,5,4619,0,164,Yes,Yes,No,Yes
INF02918,COL0584,16,1,7,4608,0,176,Yes,Yes,No,No
INF02919,COL0584,16,1,9,5133,0,187,Yes,Yes,No,No
INF02920,COL0584,16,1,7,4905,0,202,Yes,Yes,No,No
INF02921,COL0585,28,14,2,9093,409,210,No,Yes,No,No
INF02922,COL0585,29,14,6,9511,411,217,No,Yes,No,No
INF02923,COL0585,29,14,8,9809,424,235,No,Yes,No,No
INF02924,COL0585,30,15,10,10627,443,247,No,Yes,No,No
INF02925,COL0585,32,16,18,11161,411,293,No,Yes,No,No
INF02926,COL0586,13,6,2,4645,154,270,No,No,Yes,No
INF02927,COL0586,13,6,4,4857,158,293,No,No,Yes,Yes
INF02928,COL0586,13,6,6,5013,156,291,No,No,Yes,Yes
INF02929,COL0586,13,6,5,5292,160,312,No,No,Yes,Yes
INF02930,COL0586,14,7,8,5494,172,308,No,No,Yes,Yes
INF02931,COL0587,138,12,11,34341,1764,270,No,Yes,Yes,Yes
INF02932,COL0587,140,12,23,35280,1817,284,No,Yes,Yes,Yes
INF02933,COL0587,144,13,41,35715,1810,296,No,Yes,Yes,No
INF02934,COL0587,154,13,55,36932,1921,307,No,Yes,Yes,No
INF02935,COL0587,158,14,86,39673,1929,327,No,Yes,Yes,No
INF02936,COL0588,61,9,11,23075,1015,330,No,Yes,No,No
INF02937,COL0588,63,9,15,24288,1026,353,No,Yes,No,Yes
INF02938,COL0588,63,9,26,25344,1035,387,No,Yes,No,No
INF02939,COL0588,64,9,34,26174,1038,406,No,Yes,No,No
INF02940,COL0588,70,10,30,26737,1021,413,No,Yes,No,Yes
INF02941,COL0589,88,49,7,15793,573,390,Yes,Yes,Yes,No
INF02942,COL0589,89,50,14,16351,586,423,Yes,Yes,Yes,No
INF02943,COL0589,90,50,25,17581,587,443,Yes,Yes,Yes,No
INF02944,COL0589,96,53,41,16780,601,462,Yes,Yes,Yes,Yes
INF02945,COL0589,95,53,49,17910,599,543,Yes,Yes,Yes,Yes
INF02946,COL0590,9,1,2,2419,91,270,No,Yes,Yes,Yes
INF02947,COL0590,9,1,2,2471,93,292,No,Yes,Yes,No
INF02948,COL0590,10,1,4,2524,92,312,No,Yes,Yes,No
INF02949,COL0590,9,1,5,2803,99,330,No,Yes,Yes,No
INF02950,COL0590,9,1,4,2944,95,313,No,Yes,Yes,Yes
INF02951,COL0591,40,5,7,8317,311,450,Yes,Yes,No,No
INF02952,COL0591,41,5,11,8683,311,478,Yes,Yes,No,No
INF02953,COL0591,41,5,17,8847,329,523,Yes,Yes,No,Yes
INF02954,COL0591,43,5,25,9587,336,577,Yes,Yes,No,Yes
INF02955,COL0591,45,6,23,9975,332,608,Yes,Yes,No,No
INF02956,COL0592,134,17,11,41553,1357,450,No,Yes,Yes,Yes
INF02957,COL0592,137,17,27,42885,1377,468,No,Yes,Yes,No
INF02958,COL0592,140,18,33,44506,1384,502,No,Yes,Yes,No
INF02959,COL0592,143,18,39,46020,1358,532,No,Yes,Yes,Yes
INF02960,COL0592,151,19,91,45461,1400,584,No,Yes,Yes,Yes
INF02961,COL0593,74,28,13,23628,1180,390,Yes,Yes,No,No
INF02962,COL0593,76,29,21,24451,1201,414,Yes,Yes,No,Yes
INF02963,COL0593,76,29,31,24926,1184,435,Yes,Yes,No,No
INF02964,COL0593,79,30,31,27787,1267,454,Yes,Yes,No,Yes
INF02965,COL0593,80,30,42,28585,1264,544,Yes,Yes,No,Yes
INF02966,COL0594,56,30,10,17609,443,210,Yes,Yes,Yes,No
INF02967,COL0594,57,30,18,18557,448,228,Yes,Yes,Yes,No
INF02968,COL0594,60,32,24,19280,456,227,Yes,Yes,Yes,No
INF02969,COL0594,59,32,27,18691,459,272,Yes,Yes,Yes,No
INF02970,COL0594,64,34,33,20210,459,262,Yes,Yes,Yes,No
INF02971,COL0595,6,1,1,1500,50,150,Yes,Yes,No,No
INF02972,COL0595,6,1,1,1560,51,155,Yes,Yes,No,No
INF02973,COL0595,6,1,2,1575,50,164,Yes,Yes,No,Yes
INF02974,COL0595,6,1,3,1638,54,186,Yes,Yes,No,No
INF02975,COL0595,7,1,3,1815,56,197,Yes,Yes,No,No
INF02976,COL0596,120,20,10,21317,1373,150,Yes,Yes,No,No
INF02977,COL0596,122,20,26,22215,1386,157,Yes,Yes,No,No
INF02978,COL0596,124,21,38,22954,1374,170,Yes,Yes,No,No
INF02979,COL0596,124,21,38,23217,1432,187,Yes,Yes,No,No
INF02980,COL0596,135,23,67,23856,1479,168,Yes,Yes,No,No
INF02981,COL0597,39,20,7,8521,0,330,Yes,Yes,No,No
INF02982,COL0597,40,21,11,8705,0,360,Yes,Yes,No,No
INF02983,COL0597,41,21,17,9418,0,393,Yes,Yes,No,No
INF02984,COL0597,42,21,21,9639,0,373,Yes,Yes,No,Yes
INF02985,COL0597,43,22,21,10475,0,384,Yes,Yes,No,No
INF02986,COL0598,9,5,1,2670,0,390,Yes,Yes,No,No
INF02987,COL0598,9,5,1,2746,0,410,Yes,Yes,No,No
INF02988,COL0598,10,5,3,2967,0,414,Yes,Yes,No,No
INF02989,COL0598,10,5,3,2857,0,494,Yes,Yes,No,No
INF02990,COL0598,9,5,4,3274,0,485,Yes,Yes,No,Yes
INF02991,COL0599,23,12,4,6337,0,330,Yes,Yes,Yes,No
INF02992,COL0599,24,12,7,6661,0,361,Yes,Yes,Yes,No
INF02993,COL0599,24,13,8,7067,0,369,Yes,Yes,Yes,No
INF02994,COL0599,25,13,9,7020,0,424,Yes,Yes,Yes,No
INF02995,COL0599,24,13,16,6847,0,421,Yes,Yes,Yes,Yes
INF02996,COL0600,42,4,8,11006,0,390,No,Yes,Yes,No
INF02997,COL0600,42,4,13,11345,0,420,No,Yes,Yes,No
INF02998,COL0600,44,4,19,11892,0,437,No,Yes,Yes,No
INF02999,COL0600,45,4,26,12778,0,460,No,Yes,Yes,Yes
INF03000,COL0600,48,5,24,12599,0,525,No,Yes,Yes,No
INF03001,COL0601,8,4,1,3314,59,330,No,Yes,Yes,No
INF03002,COL0601,8,4,2,3482,60,356,No,Yes,Yes,No
INF03003,COL0601,8,4,3,3605,61,353,No,Yes,Yes,No
INF03004,COL0601,9,4,5,3759,61,382,No,Yes,Yes,No
INF03005,COL0601,9,4,6,3689,64,446,No,Yes,Yes,Yes
INF03006,COL0602,23,9,4,4740,0,390,Yes,Yes,Yes,Yes
INF03007,COL0602,24,9,8,4897,0,410,Yes,Yes,Yes,No
INF03008,COL0602,24,9,7,5195,0,423,Yes,Yes,Yes,Yes
INF03009,COL0602,25,10,15,5522,0,436,Yes,Yes,Yes,Yes
INF03010,COL0602,26,10,15,5813,0,539,Yes,Yes,Yes,Yes
INF03011,COL0603,6,3,1,1841,115,330,No,Yes,No,No
INF03012,COL0603,6,3,1,1926,116,362,No,Yes,No,No
INF03013,COL0603,6,3,2,2060,120,359,No,Yes,No,No
INF03014,COL0603,6,3,3,2117,121,400,No,Yes,No,No
INF03015,COL0603,6,3,3,2188,124,417,No,Yes,No,No
INF03016,COL0604,30,16,5,8174,543,450,Yes,Yes,Yes,No
INF03017,COL0604,31,16,8,8381,548,467,Yes,Yes,Yes,No
INF03018,COL0604,32,17,13,8767,559,495,Yes,Yes,Yes,No
INF03019,COL0604,33,18,14,9402,567,524,Yes,Yes,Yes,Yes
INF03020,COL0604,35,18,18,9392,546,505,Yes,Yes,Yes,No
INF03021,COL0605,12,2,2,3653,0,330,Yes,Yes,No,No
INF03022,COL0605,12,2,3,3839,0,353,Yes,Yes,No,No
INF03023,COL0605,12,2,4,4047,0,359,Yes,Yes,No,No
INF03024,COL0605,13,2,8,3880,0,413,Yes,Yes,No,No
INF03025,COL0605,14,2,10,4372,0,411,Yes,Yes,No,No
INF03026,COL0606,25,9,4,7257,284,90,No,Yes,No,No
INF03027,COL0606,25,9,7,7655,286,97,No,Yes,No,No
INF03028,COL0606,26,9,11,7918,292,106,No,Yes,No,No
INF03029,COL0606,28,10,16,8194,305,107,No,Yes,No,Yes
INF03030,COL0606,26,10,13,8081,293,111,No,Yes,No,Yes
INF03031,COL0607,27,2,2,9471,0,270,No,Yes,No,No
INF03032,COL0607,27,2,4,9668,0,284,No,Yes,No,No
INF03033,COL0607,29,2,6,10348,0,303,No,Yes,No,Yes
INF03034,COL0607,29,2,9,10779,0,340,No,Yes,No,Yes
INF03035,COL0607,29,2,10,11610,0,348,No,Yes,No,No
INF03036,COL0608,7,3,1,2349,0,150,Yes,Yes,Yes,No
INF03037,COL0608,7,3,2,2486,0,156,Yes,Yes,Yes,No
INF03038,COL0608,7,3,3,2493,0,178,Yes,Yes,Yes,No
INF03039,COL0608,7,3,3,2637,0,186,Yes,Yes,Yes,No
INF03040,COL0608,8,3,5,2865,0,197,Yes,Yes,Yes,No
INF03041,COL0609,44,22,8,8135,632,270,Yes,Yes,No,Yes
INF03042,COL0609,45,23,14,8366,640,294,Yes,Yes,No,No
INF03043,COL0609,46,23,15,8845,656,311,Yes,Yes,No,No
INF03044,COL0609,47,23,28,9140,675,345,Yes,Yes,No,Yes
INF03045,COL0609,48,24,25,8977,659,331,Yes,Yes,No,Yes
INF03046,COL0610,71,11,13,17595,1025,330,No,Yes,Yes,No
INF03047,COL0610,74,11,19,18425,1026,353,No,Yes,Yes,No
INF03048,COL0610,76,12,28,19459,1069,390,No,Yes,Yes,No
INF03049,COL0610,76,12,40,19817,1116,416,No,Yes,Yes,No
INF03050,COL0610,80,12,35,21230,1064,408,No,Yes,Yes,Yes
INF03051,COL0611,39,23,7,13297,373,450,No,Yes,Yes,No
INF03052,COL0611,40,23,13,13968,375,483,No,Yes,Yes,No
INF03053,COL0611,40,24,14,14373,385,503,No,Yes,Yes,No
INF03054,COL0611,44,26,23,14731,393,505,No,Yes,Yes,No
INF03055,COL0611,41,24,29,16034,401,580,No,Yes,Yes,Yes
INF03056,COL0612,9,2,2,2550,91,390,No,Yes,No,No
INF03057,COL0612,9,2,3,2641,94,422,No,Yes,No,Yes
INF03058,COL0612,9,2,3,2679,92,440,No,Yes,No,No
INF03059,COL0612,10,2,5,2774,97,448,No,Yes,No,No
INF03060,COL0612,10,2,6,3002,92,486,No,Yes,No,No
INF03061,COL0613,19,3,3,4009,0,150,No,Yes,No,No
INF03062,COL0613,19,3,6,4212,0,163,No,Yes,No,No
INF03063,COL0613,20,3,6,4275,0,172,No,Yes,No,No
INF03064,COL0613,21,3,10,4685,0,175,No,Yes,No,No
INF03065,COL0613,21,3,13,4763,0,199,No,Yes,No,Yes
INF03066,COL0614,6,3,1,1500,50,210,No,No,Yes,No
INF03067,COL0614,6,3,2,1549,51,217,No,No,Yes,No
INF03068,COL0614,6,3,2,1607,52,250,No,No,Yes,Yes
INF03069,COL0614,6,3,3,1748,52,249,No,No,Yes,Yes
INF03070,COL0614,7,3,3,1854,54,282,No,No,Yes,Yes
INF03071,COL0615,43,5,8,14519,707,150,No,No,No,No
INF03072,COL0615,44,5,12,14936,721,160,No,No,No,No
INF03073,COL0615,45,5,20,15525,714,174,No,No,No,No
INF03074,COL0615,47,5,24,15797,768,180,No,No,No,No
INF03075,COL0615,46,5,20,16993,754,172,No,No,No,No
INF03076,COL0616,18,9,3,6581,293,330,Yes,Yes,Yes,No
INF03077,COL0616,18,9,5,6767,296,347,Yes,Yes,Yes,No
INF03078,COL0616,19,9,6,6909,303,384,Yes,Yes,Yes,No
INF03079,COL0616,20,10,12,7360,317,411,Yes,Yes,Yes,No
INF03080,COL0616,20,10,11,7462,325,457,Yes,Yes,Yes,Yes
INF03081,COL0617,51,7,4,16122,0,330,No,Yes,No,No
INF03082,COL0617,52,7,10,16971,0,345,No,Yes,No,No
INF03083,COL0617,53,7,11,18052,0,377,No,Yes,No,No
INF03084,COL0617,53,7,19,18375,0,429,No,Yes,No,No
INF03085,COL0617,58,8,19,17803,0,458,No,Yes,No,No
INF03086,COL0618,48,26,9,15486,969,270,Yes,Yes,No,Yes
INF03087,COL0618,50,27,12,16414,996,292,Yes,Yes,No,Yes
INF03088,COL0618,51,28,23,16272,976,318,Yes,Yes,No,No
INF03089,COL0618,54,29,23,17509,1047,297,Yes,Yes,No,Yes
INF03090,COL0618,52,28,29,17272,1011,334,Yes,Yes,No,Yes
INF03091,COL0619,85,48,7,21592,734,30,Yes,Yes,Yes,Yes
INF03092,COL0619,87,49,15,22785,752,31,Yes,Yes,Yes,No
INF03093,COL0619,87,49,23,23301,744,32,Yes,Yes,Yes,Yes
INF03094,COL0619,94,53,32,25231,774,35,Yes,Yes,Yes,Yes
INF03095,COL0619,94,53,35,23951,767,39,Yes,Yes,Yes,No
INF03096,COL0620,91,11,7,18172,0,210,No,Yes,No,Yes
INF03097,COL0620,94,11,15,19216,0,231,No,Yes,No,No
INF03098,COL0620,98,12,24,19697,0,237,No,Yes,No,Yes
INF03099,COL0620,101,12,32,19264,0,250,No,Yes,No,Yes
INF03100,COL0620,97,12,39,20676,0,257,No,Yes,No,No
INF03101,COL0621,91,15,16,17613,1233,210,Yes,Yes,Yes,No
INF03102,COL0621,92,15,22,18192,1251,220,Yes,Yes,Yes,No
INF03103,COL0621,93,15,31,19302,1270,246,Yes,Yes,Yes,Yes
INF03104,COL0621,100,16,49,20709,1256,233,Yes,Yes,Yes,Yes
INF03105,COL0621,96,16,42,19667,1294,264,Yes,Yes,Yes,No
INF03106,COL0622,9,1,2,3387,150,210,No,Yes,Yes,No
INF03107,COL0622,9,1,2,3572,153,228,No,Yes,Yes,No
INF03108,COL0622,10,1,3,3778,157,228,No,Yes,Yes,Yes
INF03109,COL0622,9,1,4,3612,156,271,No,Yes,Yes,Yes
INF03110,COL0622,10,1,7,4151,156,236,No,Yes,Yes,No
INF03111,COL0623,69,37,6,12936,0,270,Yes,Yes,No,Yes
INF03112,COL0623,72,38,12,13657,0,282,Yes,Yes,No,No
INF03113,COL0623,71,38,16,13595,0,288,Yes,Yes,No,No
INF03114,COL0623,73,39,36,13915,0,332,Yes,Yes,No,Yes
INF03115,COL0623,75,40,40,14169,0,353,Yes,Yes,No,No
INF03116,COL0624,84,31,7,21286,672,90,Yes,Yes,Yes,No
INF03117,COL0624,87,32,14,22420,678,95,Yes,Yes,Yes,Yes
INF03118,COL0624,87,32,24,22646,697,106,Yes,Yes,Yes,No
INF03119,COL0624,87,32,28,23871,688,106,Yes,Yes,Yes,No
INF03120,COL0624,95,35,48,24203,709,112,Yes,Yes,Yes,No
INF03121,COL0625,63,12,11,15020,0,210,No,Yes,No,No
INF03122,COL0625,64,12,17,15897,0,222,No,Yes,No,No
INF03123,COL0625,67,13,23,16539,0,234,No,Yes,No,Yes
INF03124,COL0625,69,13,39,16842,0,256,No,Yes,No,Yes
INF03125,COL0625,68,13,34,18103,0,257,No,Yes,No,Yes
INF03126,COL0626,28,5,2,7193,359,270,No,Yes,No,No
INF03127,COL0626,29,5,6,7590,369,289,No,Yes,No,No
INF03128,COL0626,29,5,7,8005,367,315,No,Yes,No,No
INF03129,COL0626,29,5,8,8034,374,303,No,Yes,No,No
INF03130,COL0626,32,6,20,8626,369,344,No,Yes,No,Yes
INF03131,COL0627,6,1,1,2339,111,270,No,Yes,No,No
INF03132,COL0627,6,1,2,2459,111,280,No,Yes,No,No
INF03133,COL0627,6,1,2,2452,114,320,No,Yes,No,Yes
INF03134,COL0627,6,1,2,2486,116,340,No,Yes,No,No
INF03135,COL0627,7,1,3,2837,112,303,No,Yes,No,No
INF03136,COL0628,41,19,3,11826,0,210,No,Yes,Yes,No
INF03137,COL0628,42,19,8,12433,0,223,No,Yes,Yes,Yes
INF03138,COL0628,43,20,14,13007,0,252,No,Yes,Yes,No
INF03139,COL0628,44,20,19,13024,0,247,No,Yes,Yes,No
INF03140,COL0628,44,20,16,13035,0,290,No,Yes,Yes,No
INF03141,COL0629,48,28,9,9055,910,90,Yes,Yes,No,No
INF03142,COL0629,49,29,14,9480,934,95,Yes,Yes,No,Yes
INF03143,COL0629,50,29,20,9441,916,107,Yes,Yes,No,Yes
INF03144,COL0629,53,31,19,10034,956,112,Yes,Yes,No,Yes
INF03145,COL0629,53,31,35,9897,940,107,Yes,Yes,No,Yes
INF03146,COL0630,20,10,4,6408,0,270,Yes,Yes,No,No
INF03147,COL0630,21,10,7,6758,0,287,Yes,Yes,No,No
INF03148,COL0630,20,10,7,6943,0,290,Yes,Yes,No,Yes
INF03149,COL0630,21,11,11,7246,0,332,Yes,Yes,No,No
INF03150,COL0630,21,10,11,7842,0,315,Yes,Yes,No,No
INF03151,COL0631,16,2,3,6880,100,330,No,Yes,No,No
INF03152,COL0631,17,2,4,7264,101,361,No,Yes,No,No
INF03153,COL0631,16,2,5,7331,100,353,No,Yes,No,No
INF03154,COL0631,18,2,7,7984,101,424,No,Yes,No,No
INF03155,COL0631,17,2,8,8297,108,379,No,Yes,No,Yes
INF03156,COL0632,6,3,1,2484,50,390,No,Yes,Yes,No
INF03157,COL0632,6,3,1,2543,51,405,No,Yes,Yes,No
INF03158,COL0632,6,3,2,2680,52,451,No,Yes,Yes,No
INF03159,COL0632,7,3,3,2785,51,465,No,Yes,Yes,No
INF03160,COL0632,7,3,3,2996,56,446,No,Yes,Yes,No
INF03161,COL0633,79,30,14,26710,717,390,No,Yes,Yes,No
INF03162,COL0633,80,30,23,27707,725,420,No,Yes,Yes,No
INF03163,COL0633,82,31,29,28136,750,431,No,Yes,Yes,No
INF03164,COL0633,84,32,32,28758,748,455,No,Yes,Yes,No
INF03165,COL0633,91,35,52,31167,741,514,No,Yes,Yes,No
INF03166,COL0634,13,2,2,4977,0,390,No,No,No,No
INF03167,COL0634,13,2,4,5259,0,407,No,No,No,No
INF03168,COL0634,14,2,6,5515,0,423,No,No,No,No
INF03169,COL0634,13,2,5,5517,0,487,No,No,No,No
INF03170,COL0634,14,2,7,6071,0,489,No,No,No,No
INF03171,COL0635,23,4,2,6652,0,450,No,Yes,Yes,Yes
INF03172,COL0635,24,4,4,7000,0,491,No,Yes,Yes,Yes
INF03173,COL0635,24,4,8,7136,0,515,No,Yes,Yes,No
INF03174,COL0635,26,4,12,7131,0,503,No,Yes,Yes,Yes
INF03175,COL0635,25,4,9,7718,0,518,No,Yes,Yes,Yes
INF03176,COL0636,20,8,4,5417,289,330,Yes,Yes,No,No
INF03177,COL0636,20,8,5,5534,291,357,Yes,Yes,No,No
INF03178,COL0636,21,8,8,5972,305,382,Yes,Yes,No,No
INF03179,COL0636,21,8,12,6245,314,373,Yes,Yes,No,No
INF03180,COL0636,23,9,11,6408,321,424,Yes,Yes,No,Yes
INF03181,COL0637,28,3,2,10802,450,330,No,No,No,Yes
INF03182,COL0637,29,3,6,11411,454,356,No,No,No,No
INF03183,COL0637,30,3,10,11343,471,385,No,No,No,Yes
INF03184,COL0637,30,3,10,12170,462,415,No,No,No,No
INF03185,COL0637,30,3,10,11813,480,417,No,No,No,No
INF03186,COL0638,11,4,2,3310,167,390,No,Yes,No,No
INF03187,COL0638,11,4,3,3409,168,427,No,Yes,No,No
INF03188,COL0638,12,4,4,3658,177,444,No,Yes,No,No
INF03189,COL0638,12,4,6,3630,175,488,No,Yes,No,Yes
INF03190,COL0638,12,4,8,4017,176,503,No,Yes,No,No
INF03191,COL0639,17,7,3,3786,0,390,No,Yes,Yes,No
INF03192,COL0639,17,7,5,3874,0,410,No,Yes,Yes,No
INF03193,COL0639,17,7,6,4139,0,417,No,Yes,Yes,No
INF03194,COL0639,18,8,7,4113,0,427,No,Yes,Yes,Yes
INF03195,COL0639,19,8,10,4461,0,507,No,Yes,Yes,No
INF03196,COL0640,49,6,4,17036,324,330,No,Yes,Yes,No
INF03197,COL0640,49,6,7,17431,327,356,No,Yes,Yes,No
INF03198,COL0640,51,6,18,18260,334,355,No,Yes,Yes,No
INF03199,COL0640,52,6,25,19956,348,386,No,Yes,Yes,No
INF03200,COL0640,53,7,20,18847,333,411,No,Yes,Yes,No
INF03201,COL0641,80,8,14,21640,567,210,Yes,Yes,Yes,Yes
INF03202,COL0641,83,8,24,22412,579,230,Yes,Yes,Yes,No
INF03203,COL0641,84,8,27,23017,572,227,Yes,Yes,Yes,Yes
INF03204,COL0641,85,8,39,24345,613,263,Yes,Yes,Yes,Yes
INF03205,COL0641,86,9,41,24777,599,271,Yes,Yes,Yes,No
INF03206,COL0642,39,4,3,6581,445,390,Yes,Yes,Yes,No
INF03207,COL0642,40,4,8,6725,454,417,Yes,Yes,Yes,No
INF03208,COL0642,41,4,11,7101,445,446,Yes,Yes,Yes,No
INF03209,COL0642,41,4,16,7246,451,433,Yes,Yes,Yes,No
INF03210,COL0642,42,4,23,7403,472,491,Yes,Yes,Yes,Yes
INF03211,COL0643,134,16,11,46075,1620,270,No,Yes,No,No
INF03212,COL0643,138,16,24,48685,1624,288,No,Yes,No,No
INF03213,COL0643,139,17,44,51006,1696,303,No,Yes,No,Yes
INF03214,COL0643,142,17,63,49922,1753,329,No,Yes,No,No
INF03215,COL0643,150,18,95,52916,1703,334,No,Yes,No,Yes
INF03216,COL0644,28,4,2,8684,194,390,Yes,Yes,No,No
INF03217,COL0644,28,4,4,8882,197,405,Yes,Yes,No,No
INF03218,COL0644,30,4,6,9468,199,439,Yes,Yes,No,No
INF03219,COL0644,29,4,9,9712,204,469,Yes,Yes,No,Yes
INF03220,COL0644,30,4,17,10097,206,468,Yes,Yes,No,Yes
INF03221,COL0645,67,25,5,16896,1202,270,Yes,Yes,Yes,No
INF03222,COL0645,68,25,11,17705,1211,282,Yes,Yes,Yes,Yes
INF03223,COL0645,71,26,20,18086,1211,309,Yes,Yes,Yes,Yes
INF03224,COL0645,75,28,32,18119,1224,332,Yes,Yes,Yes,No
INF03225,COL0645,73,27,37,20633,1232,328,Yes,Yes,Yes,Yes
INF03226,COL0646,7,1,1,2664,73,330,No,Yes,No,No
INF03227,COL0646,7,1,1,2823,74,347,No,Yes,No,No
INF03228,COL0646,8,1,2,2948,74,381,No,Yes,No,No
INF03229,COL0646,8,1,4,2907,75,390,No,Yes,No,No
INF03230,COL0646,7,1,4,3123,80,435,No,Yes,No,Yes
INF03231,COL0647,93,9,7,16327,1180,390,Yes,Yes,No,Yes
INF03232,COL0647,95,9,16,16975,1188,418,Yes,Yes,No,No
INF03233,COL0647,95,9,26,17996,1242,427,Yes,Yes,No,No
INF03234,COL0647,96,9,38,17897,1250,496,Yes,Yes,No,No
INF03235,COL0647,99,10,57,18398,1258,491,Yes,Yes,No,No
INF03236,COL0648,20,10,2,8788,286,90,Yes,Yes,No,Yes
INF03237,COL0648,20,10,4,9150,290,93,Yes,Yes,No,Yes
INF03238,COL0648,22,11,8,9241,294,98,Yes,Yes,No,Yes
INF03239,COL0648,21,10,6,9914,294,111,Yes,Yes,No,Yes
INF03240,COL0648,22,11,10,10517,293,101,Yes,Yes,No,Yes
INF03241,COL0649,90,51,7,29316,0,270,Yes,Yes,Yes,No
INF03242,COL0649,93,53,18,30510,0,288,Yes,Yes,Yes,Yes
INF03243,COL0649,94,53,23,32751,0,307,Yes,Yes,Yes,Yes
INF03244,COL0649,99,56,36,32663,0,327,Yes,Yes,Yes,Yes
INF03245,COL0649,102,58,38,36245,0,343,Yes,Yes,Yes,Yes
INF03246,COL0650,71,11,6,25081,0,330,No,Yes,No,Yes
INF03247,COL0650,74,11,16,25863,0,356,No,Yes,No,Yes
INF03248,COL0650,76,12,17,27332,0,385,No,Yes,No,Yes
INF03249,COL0650,77,12,24,26736,0,405,No,Yes,No,No
INF03250,COL0650,74,11,26,28419,0,406,No,Yes,No,Yes
INF03251,COL0651,82,40,7,29852,1178,390,Yes,Yes,No,Yes
INF03252,COL0651,84,41,14,30525,1210,413,Yes,Yes,No,Yes
INF03253,COL0651,87,42,29,31502,1185,448,Yes,Yes,No,Yes
INF03254,COL0651,86,42,29,32788,1199,467,Yes,Yes,No,No
INF03255,COL0651,85,42,52,34706,1218,471,Yes,Yes,No,Yes
INF03256,COL0652,46,6,8,11227,0,330,No,Yes,Yes,No
INF03257,COL0652,47,6,12,11767,0,350,No,Yes,Yes,Yes
INF03258,COL0652,48,6,17,12557,0,374,No,Yes,Yes,Yes
INF03259,COL0652,48,6,24,13014,0,386,No,Yes,Yes,Yes
INF03260,COL0652,52,7,31,13318,0,384,No,Yes,Yes,Yes
INF03261,COL0653,12,6,2,5622,155,150,No,Yes,Yes,No
INF03262,COL0653,12,6,3,5790,159,161,No,Yes,Yes,No
INF03263,COL0653,12,6,4,6143,163,161,No,Yes,Yes,No
INF03264,COL0653,13,6,5,6419,159,180,No,Yes,Yes,No
INF03265,COL0653,13,7,8,6259,169,202,No,Yes,Yes,Yes
INF03266,COL0654,6,3,1,1500,85,150,Yes,Yes,No,Yes
INF03267,COL0654,6,3,2,1552,85,158,Yes,Yes,No,No
INF03268,COL0654,6,3,2,1583,88,178,Yes,Yes,No,No
INF03269,COL0654,6,3,3,1742,91,184,Yes,Yes,No,Yes
INF03270,COL0654,7,3,5,1848,90,201,Yes,Yes,No,No
INF03271,COL0655,11,4,2,5256,0,270,Yes,Yes,Yes,Yes
INF03272,COL0655,11,4,3,5377,0,294,Yes,Yes,Yes,No
INF03273,COL0655,11,4,4,5750,0,305,Yes,Yes,Yes,No
INF03274,COL0655,12,4,5,5987,0,342,Yes,Yes,Yes,No
INF03275,COL0655,12,4,7,6313,0,365,Yes,Yes,Yes,No
INF03276,COL0656,6,4,1,2461,0,270,No,Yes,No,No
INF03277,COL0656,6,4,2,2547,0,294,No,Yes,No,No
INF03278,COL0656,6,4,2,2681,0,300,No,Yes,No,Yes
INF03279,COL0656,7,4,3,2650,0,333,No,Yes,No,No
INF03280,COL0656,7,4,5,2904,0,375,No,Yes,No,Yes
INF03281,COL0657,11,5,2,3773,0,270,No,Yes,Yes,Yes
INF03282,COL0657,11,5,3,3866,0,295,No,Yes,Yes,No
INF03283,COL0657,12,5,4,3945,0,313,No,Yes,Yes,No
INF03284,COL0657,12,5,4,4014,0,317,No,Yes,Yes,No
INF03285,COL0657,12,6,8,4585,0,371,No,Yes,Yes,No
INF03286,COL0658,31,18,6,7261,0,330,No,Yes,No,No
INF03287,COL0658,31,18,8,7477,0,361,No,Yes,No,No
INF03288,COL0658,32,19,13,8047,0,381,No,Yes,No,Yes
INF03289,COL0658,32,19,18,7776,0,429,No,Yes,No,No
INF03290,COL0658,33,19,21,8334,0,383,No,Yes,No,No
INF03291,COL0659,41,20,7,8791,324,390,No,Yes,No,Yes
INF03292,COL0659,42,20,10,9074,332,422,No,Yes,No,No
INF03293,COL0659,43,21,17,9380,327,425,No,Yes,No,No
INF03294,COL0659,44,21,23,10088,344,497,No,Yes,No,Yes
INF03295,COL0659,44,21,31,10683,339,536,No,Yes,No,No
INF03296,COL0660,71,7,6,15006,1322,330,Yes,Yes,Yes,No
INF03297,COL0660,74,7,14,15333,1361,352,Yes,Yes,Yes,No
INF03298,COL0660,75,7,18,16009,1370,390,Yes,Yes,Yes,Yes
INF03299,COL0660,77,8,32,16321,1406,424,Yes,Yes,Yes,No
INF03300,COL0660,77,8,27,18056,1407,406,Yes,Yes,Yes,No
INF03301,COL0661,10,2,2,2471,0,390,No,Yes,No,No
INF03302,COL0661,10,2,3,2521,0,411,No,Yes,No,No
INF03303,COL0661,10,2,4,2767,0,415,No,Yes,No,No
INF03304,COL0661,11,2,5,2850,0,445,No,Yes,No,No
INF03305,COL0661,11,2,8,2908,0,504,No,Yes,No,Yes
INF03306,COL0662,95,14,8,32448,0,390,Yes,Yes,No,No
INF03307,COL0662,97,14,17,33719,0,425,Yes,Yes,No,No
INF03308,COL0662,100,15,34,34071,0,442,Yes,Yes,No,No
INF03309,COL0662,100,15,48,36079,0,468,Yes,Yes,No,No
INF03310,COL0662,103,15,36,38443,0,533,Yes,Yes,No,No
INF03311,COL0663,26,15,5,4999,346,330,Yes,Yes,No,Yes
INF03312,COL0663,27,16,7,5209,353,355,Yes,Yes,No,No
INF03313,COL0663,28,16,8,5316,363,377,Yes,Yes,No,Yes
INF03314,COL0663,27,16,12,5672,351,393,Yes,Yes,No,Yes
INF03315,COL0663,29,17,17,5636,354,420,Yes,Yes,No,Yes
INF03316,COL0664,66,32,12,17099,0,270,Yes,Yes,No,No
INF03317,COL0664,68,33,19,18093,0,281,Yes,Yes,No,No
INF03318,COL0664,71,34,31,18263,0,290,Yes,Yes,No,No
INF03319,COL0664,68,33,26,20130,0,324,Yes,Yes,No,Yes
INF03320,COL0664,76,37,41,18586,0,357,Yes,Yes,No,Yes
INF03321,COL0665,6,3,0,3795,0,150,No,Yes,No,No
INF03322,COL0665,6,3,1,3982,0,156,No,Yes,No,No
INF03323,COL0665,6,3,2,4200,0,160,No,Yes,No,No
INF03324,COL0665,6,3,3,4206,0,184,No,Yes,No,Yes
INF03325,COL0665,7,3,3,4615,0,185,No,Yes,No,Yes
INF03326,COL0666,92,14,17,18899,0,270,Yes,Yes,No,No
INF03327,COL0666,95,14,24,19807,0,289,Yes,Yes,No,No
INF03328,COL0666,96,15,41,20615,0,324,Yes,Yes,No,No
INF03329,COL0666,97,15,56,21599,0,340,Yes,Yes,No,No
INF03330,COL0666,99,15,72,23317,0,330,Yes,Yes,No,Yes
INF03331,COL0667,16,2,3,3702,186,450,No,Yes,No,No
INF03332,COL0667,16,2,5,3898,191,475,No,Yes,No,Yes
INF03333,COL0667,17,2,6,3909,194,496,No,Yes,No,Yes
INF03334,COL0667,18,2,8,4167,189,531,No,Yes,No,Yes
INF03335,COL0667,18,2,10,4230,193,542,No,Yes,No,Yes
INF03336,COL0668,7,4,1,3220,74,210,Yes,Yes,No,No
INF03337,COL0668,7,4,2,3410,75,223,Yes,Yes,No,No
INF03338,COL0668,7,4,2,3545,75,246,Yes,Yes,No,Yes
INF03339,COL0668,8,4,3,3481,77,241,Yes,Yes,No,No
INF03340,COL0668,7,4,4,3622,81,289,Yes,Yes,No,No
INF03341,COL0669,6,1,0,1500,0,450,No,No,Yes,No
INF03342,COL0669,6,1,1,1532,0,477,No,No,Yes,No
INF03343,COL0669,6,1,1,1565,0,485,No,No,Yes,No
INF03344,COL0669,6,1,3,1594,0,508,No,No,Yes,No
INF03345,COL0669,6,1,3,1832,0,522,No,No,Yes,No
INF03346,COL0670,6,3,0,2006,67,330,Yes,Yes,No,No
INF03347,COL0670,6,3,1,2116,67,349,Yes,Yes,No,No
INF03348,COL0670,6,3,2,2221,68,367,Yes,Yes,No,No
INF03349,COL0670,6,3,2,2214,68,375,Yes,Yes,No,No
INF03350,COL0670,6,3,2,2473,73,394,Yes,Yes,No,No
INF03351,COL0671,102,18,18,31348,0,330,Yes,Yes,Yes,No
INF03352,COL0671,104,18,25,32934,0,343,Yes,Yes,Yes,Yes
INF03353,COL0671,109,19,40,33103,0,370,Yes,Yes,Yes,No
INF03354,COL0671,114,20,45,33556,0,382,Yes,Yes,Yes,No
INF03355,COL0671,118,21,77,37680,0,439,Yes,Yes,Yes,No
INF03356,COL0672,94,9,17,24669,0,270,Yes,No,Yes,Yes
INF03357,COL0672,97,9,24,25984,0,283,Yes,No,Yes,No
INF03358,COL0672,97,9,39,26319,0,289,Yes,No,Yes,No
INF03359,COL0672,105,10,46,26245,0,313,Yes,No,Yes,No
INF03360,COL0672,104,10,48,29883,0,372,Yes,No,Yes,No
INF03361,COL0673,11,4,1,5411,0,330,No,Yes,Yes,No
INF03362,COL0673,11,4,2,5662,0,355,No,Yes,Yes,Yes
INF03363,COL0673,11,4,4,5801,0,367,No,Yes,Yes,No
INF03364,COL0673,11,4,3,6205,0,367,No,Yes,Yes,Yes
INF03365,COL0673,12,4,7,6226,0,413,No,Yes,Yes,No
INF03366,COL0674,8,4,1,3170,0,270,Yes,Yes,Yes,No
INF03367,COL0674,8,4,2,3244,0,279,Yes,Yes,Yes,No
INF03368,COL0674,8,4,3,3419,0,291,Yes,Yes,Yes,No
INF03369,COL0674,8,4,3,3620,0,301,Yes,Yes,Yes,No
INF03370,COL0674,9,4,3,3882,0,375,Yes,Yes,Yes,No
INF03371,COL0675,53,6,4,13928,0,330,Yes,Yes,No,Yes
INF03372,COL0675,54,6,9,14523,0,342,Yes,Yes,No,No
INF03373,COL0675,55,6,15,15352,0,355,Yes,Yes,No,Yes
INF03374,COL0675,55,6,21,15518,0,360,Yes,Yes,No,No
INF03375,COL0675,57,6,29,16421,0,437,Yes,Yes,No,Yes
INF03376,COL0676,20,2,4,4222,199,150,No,Yes,Yes,No
INF03377,COL0676,20,2,5,4316,202,161,No,Yes,Yes,No
INF03378,COL0676,21,2,7,4654,206,165,No,Yes,Yes,No
INF03379,COL0676,21,2,10,4825,204,185,No,Yes,Yes,Yes
INF03380,COL0676,23,2,11,5093,201,191,No,Yes,Yes,Yes
INF03381,COL0677,24,4,2,7096,0,150,Yes,Yes,No,Yes
INF03382,COL0677,24,4,4,7393,0,158,Yes,Yes,No,Yes
INF03383,COL0677,25,4,7,7492,0,174,Yes,Yes,No,No
INF03384,COL0677,26,4,10,8138,0,184,Yes,Yes,No,Yes
INF03385,COL0677,27,5,11,8306,0,196,Yes,Yes,No,Yes
INF03386,COL0678,23,11,2,5790,0,150,Yes,Yes,No,Yes
INF03387,COL0678,23,11,4,6072,0,163,Yes,Yes,No,No
INF03388,COL0678,25,12,7,6222,0,165,Yes,Yes,No,No
INF03389,COL0678,25,12,11,6604,0,190,Yes,Yes,No,Yes
INF03390,COL0678,24,12,11,6743,0,171,Yes,Yes,No,Yes
INF03391,COL0679,25,4,4,8158,0,330,Yes,Yes,Yes,No
INF03392,COL0679,26,4,7,8484,0,345,Yes,Yes,Yes,No
INF03393,COL0679,27,4,9,8977,0,373,Yes,Yes,Yes,No
INF03394,COL0679,26,4,12,9220,0,387,Yes,Yes,Yes,Yes
INF03395,COL0679,27,4,19,10016,0,410,Yes,Yes,Yes,Yes
INF03396,COL0680,50,6,9,9054,429,210,No,Yes,No,No
INF03397,COL0680,51,6,14,9260,434,221,No,Yes,No,No
INF03398,COL0680,52,6,17,9574,447,231,No,Yes,No,Yes
INF03399,COL0680,54,6,30,10341,455,237,No,Yes,No,No
INF03400,COL0680,54,6,27,10649,467,293,No,Yes,No,Yes
INF03401,COL0681,27,3,5,5964,0,390,No,Yes,No,No
INF03402,COL0681,28,3,7,6090,0,416,No,Yes,No,No
INF03403,COL0681,29,3,12,6394,0,426,No,Yes,No,No
INF03404,COL0681,30,3,15,6451,0,503,No,Yes,No,No
INF03405,COL0681,30,3,22,6550,0,507,No,Yes,No,No
INF03406,COL0682,34,15,3,6050,0,450,No,Yes,Yes,No
INF03407,COL0682,35,15,6,6296,0,464,No,Yes,Yes,No
INF03408,COL0682,36,16,11,6771,0,502,No,Yes,Yes,Yes
INF03409,COL0682,38,17,13,6738,0,548,No,Yes,Yes,No
INF03410,COL0682,38,17,20,7340,0,564,No,Yes,Yes,Yes
INF03411,COL0683,6,3,1,1500,54,330,No,Yes,Yes,No
INF03412,COL0683,6,3,1,1586,55,362,No,Yes,Yes,No
INF03413,COL0683,6,3,2,1675,55,382,No,Yes,Yes,Yes
INF03414,COL0683,7,3,3,1607,59,401,No,Yes,Yes,Yes
INF03415,COL0683,6,3,4,1799,55,439,No,Yes,Yes,No
INF03416,COL0684,35,4,3,12153,621,270,Yes,Yes,No,No
INF03417,COL0684,36,4,5,12497,630,294,Yes,Yes,No,No
INF03418,COL0684,37,4,9,13303,635,293,Yes,Yes,No,No
INF03419,COL0684,38,4,14,13058,625,342,Yes,Yes,No,No
INF03420,COL0684,39,4,16,13196,644,367,Yes,Yes,No,No
INF03421,COL0685,102,48,8,17754,816,210,Yes,Yes,No,No
INF03422,COL0685,105,50,16,18451,834,220,Yes,Yes,No,No
INF03423,COL0685,105,49,36,19568,821,249,Yes,Yes,No,No
INF03424,COL0685,106,50,43,20395,881,243,Yes,Yes,No,Yes
INF03425,COL0685,115,54,73,21869,864,250,Yes,Yes,No,Yes
INF03426,COL0686,101,59,8,32390,1349,210,No,Yes,No,No
INF03427,COL0686,104,61,17,33159,1380,222,No,Yes,No,No
INF03428,COL0686,103,60,33,34904,1403,234,No,Yes,No,No
INF03429,COL0686,113,66,31,36616,1386,260,No,Yes,No,No
INF03430,COL0686,112,65,52,38244,1354,289,No,Yes,No,No
INF03431,COL0687,43,8,8,13784,813,330,No,Yes,No,No
INF03432,COL0687,44,8,14,14309,816,351,No,Yes,No,No
INF03433,COL0687,44,8,15,14348,828,392,No,Yes,No,No
INF03434,COL0687,47,9,25,16174,858,366,No,Yes,No,No
INF03435,COL0687,49,9,24,16672,902,408,No,Yes,No,Yes
INF03436,COL0688,47,20,4,14932,430,330,Yes,Yes,No,No
INF03437,COL0688,48,20,8,15714,430,357,Yes,Yes,No,No
INF03438,COL0688,49,21,13,16598,447,354,Yes,Yes,No,No
INF03439,COL0688,51,22,25,16574,454,379,Yes,Yes,No,No
INF03440,COL0688,49,21,23,16586,466,419,Yes,Yes,No,No
INF03441,COL0689,7,3,1,2289,98,330,No,Yes,No,No
INF03442,COL0689,7,3,2,2370,99,354,No,Yes,No,No
INF03443,COL0689,8,3,2,2556,100,361,No,Yes,No,No
INF03444,COL0689,8,3,5,2543,99,372,No,Yes,No,Yes
INF03445,COL0689,7,3,4,2680,99,378,No,Yes,No,No
INF03446,COL0690,6,3,1,2597,0,330,No,Yes,No,No
INF03447,COL0690,6,3,2,2677,0,344,No,Yes,No,No
INF03448,COL0690,6,3,2,2749,0,361,No,Yes,No,Yes
INF03449,COL0690,6,3,4,2983,0,386,No,Yes,No,No
INF03450,COL0690,6,3,3,2985,0,444,No,Yes,No,No
INF03451,COL0691,38,16,7,9594,0,330,No,Yes,Yes,No
INF03452,COL0691,39,16,12,10113,0,355,No,Yes,Yes,No
INF03453,COL0691,41,17,19,10445,0,390,No,Yes,Yes,No
INF03454,COL0691,42,18,24,10456,0,389,No,Yes,Yes,No
INF03455,COL0691,44,18,24,10863,0,399,No,Yes,Yes,Yes
INF03456,COL0692,76,10,14,15557,1370,270,No,Yes,No,No
INF03457,COL0692,79,10,24,16248,1386,286,No,Yes,No,No
INF03458,COL0692,79,10,31,16940,1371,296,No,Yes,No,No
INF03459,COL0692,81,11,46,17690,1477,344,No,Yes,No,Yes
INF03460,COL0692,80,10,55,18348,1383,371,No,Yes,No,No
INF03461,COL0693,56,27,10,15811,628,330,Yes,Yes,No,No
INF03462,COL0693,57,28,14,16188,634,351,Yes,Yes,No,No
INF03463,COL0693,60,29,20,16803,664,359,Yes,Yes,No,Yes
INF03464,COL0693,61,29,28,17741,683,361,Yes,Yes,No,No
INF03465,COL0693,60,29,43,18709,659,442,Yes,Yes,No,Yes
INF03466,COL0694,23,2,4,6284,0,90,No,Yes,No,No
INF03467,COL0694,23,2,6,6522,0,95,No,Yes,No,Yes
INF03468,COL0694,24,2,7,6969,0,106,No,Yes,No,No
INF03469,COL0694,25,2,15,6984,0,101,No,Yes,No,No
INF03470,COL0694,26,2,15,7581,0,117,No,Yes,No,No
INF03471,COL0695,93,15,7,24447,963,330,Yes,Yes,No,Yes
INF03472,COL0695,96,15,17,25501,965,354,Yes,Yes,No,No
INF03473,COL0695,98,16,20,26000,1013,392,Yes,Yes,No,Yes
INF03474,COL0695,103,17,44,27262,1029,396,Yes,Yes,No,Yes
INF03475,COL0695,99,16,42,26977,1049,457,Yes,Yes,No,Yes
INF03476,COL0696,117,49,9,29607,1661,330,Yes,Yes,No,Yes
INF03477,COL0696,120,50,21,31197,1683,361,Yes,Yes,No,Yes
INF03478,COL0696,120,50,33,31454,1707,366,Yes,Yes,No,Yes
INF03479,COL0696,128,53,61,32762,1727,425,Yes,Yes,No,Yes
INF03480,COL0696,122,51,63,36284,1782,454,Yes,Yes,No,No
INF03481,COL0697,39,5,7,11880,368,390,Yes,Yes,Yes,No
INF03482,COL0697,40,5,12,12131,371,422,Yes,Yes,Yes,No
INF03483,COL0697,41,5,15,12379,368,461,Yes,Yes,Yes,No
INF03484,COL0697,42,5,19,13032,375,462,Yes,Yes,Yes,Yes
INF03485,COL0697,42,5,24,13225,371,522,Yes,Yes,Yes,No
INF03486,COL0698,35,18,3,12487,0,390,No,Yes,No,No
INF03487,COL0698,36,18,8,13137,0,420,No,Yes,No,No
INF03488,COL0698,36,19,13,13899,0,461,No,Yes,No,Yes
INF03489,COL0698,37,19,18,14182,0,500,No,Yes,No,No
INF03490,COL0698,36,19,23,14006,0,440,No,Yes,No,No
INF03491,COL0699,6,1,1,1500,50,210,No,Yes,No,No
INF03492,COL0699,6,1,1,1536,51,229,No,Yes,No,No
INF03493,COL0699,6,1,3,1608,52,225,No,Yes,No,No
INF03494,COL0699,6,1,2,1706,52,257,No,Yes,No,No
INF03495,COL0699,6,1,3,1760,54,259,No,Yes,No,No
INF03496,COL0700,84,48,7,24183,0,330,Yes,Yes,Yes,Yes
INF03497,COL0700,87,50,17,25336,0,340,Yes,Yes,Yes,Yes
INF03498,COL0700,89,51,25,26907,0,389,Yes,Yes,Yes,Yes
INF03499,COL0700,93,53,39,27442,0,389,Yes,Yes,Yes,No
INF03500,COL0700,88,50,30,26378,0,451,Yes,Yes,Yes,Yes
INF03501,COL0701,6,1,1,2501,68,330,Yes,Yes,No,No
INF03502,COL0701,6,1,2,2579,70,340,Yes,Yes,No,No
INF03503,COL0701,6,1,2,2758,69,372,Yes,Yes,No,No
INF03504,COL0701,6,1,3,2856,70,412,Yes,Yes,No,Yes
INF03505,COL0701,7,1,4,2822,76,388,Yes,Yes,No,No
INF03506,COL0702,23,12,2,7004,0,270,No,No,Yes,No
INF03507,COL0702,24,12,5,7246,0,281,No,No,Yes,Yes
INF03508,COL0702,24,13,6,7775,0,317,No,No,Yes,Yes
INF03509,COL0702,25,13,8,8169,0,339,No,No,Yes,Yes
INF03510,COL0702,24,13,15,8662,0,327,No,No,Yes,No
INF03511,COL0703,23,14,2,6844,471,150,Yes,Yes,Yes,No
INF03512,COL0703,24,14,5,7253,472,165,Yes,Yes,Yes,Yes
INF03513,COL0703,24,15,6,7503,476,180,Yes,Yes,Yes,No
INF03514,COL0703,24,15,10,7558,507,178,Yes,Yes,Yes,No
INF03515,COL0703,26,16,15,8197,475,172,Yes,Yes,Yes,Yes
INF03516,COL0704,83,33,15,14889,889,210,No,Yes,Yes,Yes
INF03517,COL0704,84,33,22,15193,891,223,No,Yes,Yes,No
INF03518,COL0704,89,35,35,16542,922,235,No,Yes,Yes,Yes
INF03519,COL0704,91,36,40,16509,924,266,No,Yes,Yes,No
INF03520,COL0704,89,36,66,16803,968,281,No,Yes,Yes,Yes
INF03521,COL0705,12,5,2,5381,134,450,No,Yes,Yes,Yes
INF03522,COL0705,12,5,3,5627,134,485,No,Yes,Yes,Yes
INF03523,COL0705,13,5,6,5899,135,510,No,Yes,Yes,No
INF03524,COL0705,13,5,7,5965,144,504,No,Yes,Yes,No
INF03525,COL0705,13,5,6,6509,144,549,No,Yes,Yes,Yes
INF03526,COL0706,87,49,7,28044,1224,210,Yes,Yes,No,Yes
INF03527,COL0706,90,51,17,29656,1242,226,Yes,Yes,No,No
INF03528,COL0706,92,52,25,30744,1226,227,Yes,Yes,No,No
INF03529,COL0706,95,53,46,30626,1278,244,Yes,Yes,No,Yes
INF03530,COL0706,99,56,49,34502,1275,244,Yes,Yes,No,Yes
INF03531,COL0707,43,7,3,7367,573,330,No,Yes,No,No
INF03532,COL0707,43,7,9,7759,580,346,No,Yes,No,No
INF03533,COL0707,45,7,12,7928,597,387,No,Yes,No,No
INF03534,COL0707,46,7,20,7830,606,420,No,Yes,No,No
INF03535,COL0707,48,8,20,8419,587,433,No,Yes,No,Yes
INF03536,COL0708,27,4,2,8028,457,390,Yes,Yes,No,No
INF03537,COL0708,28,4,4,8314,463,428,Yes,Yes,No,Yes
INF03538,COL0708,29,4,10,8364,460,418,Yes,Yes,No,No
INF03539,COL0708,28,4,10,9398,481,465,Yes,Yes,No,No
INF03540,COL0708,30,4,18,9638,469,504,Yes,Yes,No,Yes
INF03541,COL0709,7,1,1,2460,0,210,No,Yes,No,No
INF03542,COL0709,7,1,2,2535,0,228,No,Yes,No,No
INF03543,COL0709,8,1,3,2645,0,239,No,Yes,No,No
INF03544,COL0709,8,1,5,2728,0,238,No,Yes,No,Yes
INF03545,COL0709,8,1,5,2706,0,278,No,Yes,No,No
INF03546,COL0710,12,5,1,6350,215,270,No,Yes,No,No
INF03547,COL0710,12,5,2,6699,221,281,No,Yes,No,No
INF03548,COL0710,13,5,4,6660,218,294,No,Yes,No,Yes
INF03549,COL0710,13,5,5,6992,221,325,No,Yes,No,No
INF03550,COL0710,13,5,8,7507,231,340,No,Yes,No,Yes
INF03551,COL0711,85,12,15,20046,0,150,Yes,Yes,Yes,No
INF03552,COL0711,87,12,23,21078,0,158,Yes,Yes,Yes,No
INF03553,COL0711,91,13,37,21631,0,170,Yes,Yes,Yes,No
INF03554,COL0711,90,13,53,21404,0,184,Yes,Yes,Yes,No
INF03555,COL0711,92,13,65,24628,0,186,Yes,Yes,Yes,Yes
INF03556,COL0712,108,18,19,18687,0,150,Yes,Yes,Yes,No
INF03557,COL0712,110,18,34,19518,0,159,Yes,Yes,Yes,No
INF03558,COL0712,112,19,47,20800,0,160,Yes,Yes,Yes,No
INF03559,COL0712,115,19,55,20220,0,190,Yes,Yes,Yes,Yes
INF03560,COL0712,115,19,50,22450,0,182,Yes,Yes,Yes,Yes
INF03561,COL0713,26,10,5,5910,289,150,No,Yes,No,No
INF03562,COL0713,26,10,8,6040,294,155,No,Yes,No,No
INF03563,COL0713,27,10,8,6243,299,178,No,Yes,No,Yes
INF03564,COL0713,29,11,16,6576,310,171,No,Yes,No,No
INF03565,COL0713,28,11,18,6481,298,183,No,Yes,No,Yes
INF03566,COL0714,86,9,15,14812,1263,450,No,Yes,No,No
INF03567,COL0714,87,9,27,15613,1285,473,No,Yes,No,Yes
INF03568,COL0714,91,10,38,16377,1297,499,No,Yes,No,No
INF03569,COL0714,94,10,52,16348,1375,495,No,Yes,No,No
INF03570,COL0714,99,10,72,17710,1361,611,No,Yes,No,No
INF03571,COL0715,21,12,4,7031,188,270,Yes,Yes,No,No
INF03572,COL0715,21,12,6,7297,193,290,Yes,Yes,No,No
INF03573,COL0715,22,13,7,7752,194,307,Yes,Yes,No,Yes
INF03574,COL0715,23,13,11,7769,198,298,Yes,Yes,No,No
INF03575,COL0715,23,13,15,8273,193,315,Yes,Yes,No,Yes
INF03576,COL0716,6,1,0,2382,50,330,No,Yes,No,No
INF03577,COL0716,6,1,1,2459,51,354,No,Yes,No,No
INF03578,COL0716,6,1,1,2665,51,370,No,Yes,No,No
INF03579,COL0716,6,1,2,2686,53,426,No,Yes,No,No
INF03580,COL0716,6,1,3,2915,56,415,No,Yes,No,No
INF03581,COL0717,17,2,3,4661,130,390,Yes,Yes,No,No
INF03582,COL0717,17,2,5,4907,133,420,Yes,Yes,No,No
INF03583,COL0717,18,2,8,5022,133,441,Yes,Yes,No,Yes
INF03584,COL0717,18,2,9,5350,131,465,Yes,Yes,No,No
INF03585,COL0717,19,2,10,5193,132,509,Yes,Yes,No,No
INF03586,COL0718,52,31,9,11710,872,90,No,Yes,No,No
INF03587,COL0718,53,32,13,12365,896,96,No,Yes,No,No
INF03588,COL0718,53,32,18,12335,911,98,No,Yes,No,No
INF03589,COL0718,57,34,27,12835,892,107,No,Yes,No,No
INF03590,COL0718,60,36,34,13989,974,107,No,Yes,No,No
INF03591,COL0719,6,1,0,3043,74,270,No,Yes,No,No
INF03592,COL0719,6,1,1,3127,74,294,No,Yes,No,Yes
INF03593,COL0719,6,1,2,3325,74,288,No,Yes,No,No
INF03594,COL0719,7,1,3,3514,74,310,No,Yes,No,No
INF03595,COL0719,7,1,3,3544,75,326,No,Yes,No,No
INF03596,COL0720,129,22,23,28242,1550,450,Yes,Yes,No,No
INF03597,COL0720,132,22,39,29209,1569,480,Yes,Yes,No,No
INF03598,COL0720,135,23,43,30588,1558,494,Yes,Yes,No,Yes
INF03599,COL0720,142,24,79,32489,1560,548,Yes,Yes,No,Yes
INF03600,COL0720,144,24,102,31902,1608,566,Yes,Yes,No,No
INF03601,COL0721,125,23,22,38449,0,210,No,Yes,No,No
INF03602,COL0721,127,23,38,40715,0,226,No,Yes,No,No
INF03603,COL0721,134,25,55,40689,0,233,No,Yes,No,No
INF03604,COL0721,138,25,68,41464,0,265,No,Yes,No,No
INF03605,COL0721,145,27,77,47360,0,275,No,Yes,No,Yes
INF03606,COL0722,87,15,16,30875,1490,90,Yes,Yes,Yes,No
INF03607,COL0722,90,16,23,31818,1504,97,Yes,Yes,Yes,Yes
INF03608,COL0722,91,16,41,33556,1539,105,Yes,Yes,Yes,No
INF03609,COL0722,91,16,40,35020,1621,104,Yes,Yes,Yes,No
INF03610,COL0722,95,16,48,36453,1557,110,Yes,Yes,Yes,Yes
INF03611,COL0723,6,1,1,2700,62,150,Yes,Yes,Yes,No
INF03612,COL0723,6,1,2,2770,64,157,Yes,Yes,Yes,No
INF03613,COL0723,6,1,2,2904,64,179,Yes,Yes,Yes,No
INF03614,COL0723,6,1,3,2953,62,179,Yes,Yes,Yes,No
INF03615,COL0723,6,1,3,2948,64,196,Yes,Yes,Yes,Yes
INF03616,COL0724,61,5,5,11151,0,330,Yes,Yes,Yes,No
INF03617,COL0724,63,5,9,11630,0,363,Yes,Yes,Yes,No
INF03618,COL0724,64,5,14,12082,0,386,Yes,Yes,Yes,No
INF03619,COL0724,67,5,23,12467,0,405,Yes,Yes,Yes,No
INF03620,COL0724,64,5,29,13753,0,416,Yes,Yes,Yes,Yes
INF03621,COL0725,8,4,1,2248,0,270,No,Yes,No,No
INF03622,COL0725,8,4,2,2316,0,286,No,Yes,No,No
INF03623,COL0725,8,4,3,2345,0,313,No,Yes,No,No
INF03624,COL0725,8,4,4,2487,0,346,No,Yes,No,No
INF03625,COL0725,9,4,7,2687,0,359,No,Yes,No,No
INF03626,COL0726,53,20,10,14340,399,150,No,Yes,No,No
INF03627,COL0726,54,21,15,14633,400,157,No,Yes,No,No
INF03628,COL0726,55,21,22,15645,402,167,No,Yes,No,No
INF03629,COL0726,59,22,27,15206,414,169,No,Yes,No,No
INF03630,COL0726,60,23,36,16657,412,183,No,Yes,No,Yes
INF03631,COL0727,8,2,1,2462,0,90,No,Yes,Yes,No
INF03632,COL0727,8,2,2,2543,0,93,No,Yes,Yes,No
INF03633,COL0727,9,2,3,2603,0,104,No,Yes,Yes,No
INF03634,COL0727,8,2,3,2634,0,99,No,Yes,Yes,No
INF03635,COL0727,8,2,6,2755,0,103,No,Yes,Yes,Yes
INF03636,COL0728,106,17,19,31609,1817,390,Yes,Yes,Yes,No
INF03637,COL0728,108,17,30,33389,1834,426,Yes,Yes,Yes,Yes
INF03638,COL0728,114,18,47,32886,1860,418,Yes,Yes,Yes,No
INF03639,COL0728,111,18,57,35612,1856,451,Yes,Yes,Yes,No
INF03640,COL0728,114,18,75,36431,1917,528,Yes,Yes,Yes,No
INF03641,COL0729,7,1,1,2147,122,90,No,Yes,No,No
INF03642,COL0729,7,1,2,2209,124,94,No,Yes,No,No
INF03643,COL0729,7,1,3,2290,126,105,No,Yes,No,No
INF03644,COL0729,8,1,4,2477,125,104,No,Yes,No,No
INF03645,COL0729,7,1,4,2619,134,112,No,Yes,No,No
INF03646,COL0730,62,12,5,16549,0,390,No,Yes,Yes,No
INF03647,COL0730,64,12,13,17154,0,405,No,Yes,Yes,Yes
INF03648,COL0730,65,13,23,17837,0,430,No,Yes,Yes,No
INF03649,COL0730,65,13,28,18373,0,463,No,Yes,Yes,No
INF03650,COL0730,70,14,26,18899,0,500,No,Yes,Yes,Yes
INF03651,COL0731,6,1,1,1545,0,210,No,Yes,No,No
INF03652,COL0731,6,1,2,1613,0,230,No,Yes,No,No
INF03653,COL0731,6,1,2,1634,0,226,No,Yes,No,No
INF03654,COL0731,6,1,2,1780,0,248,No,Yes,No,No
INF03655,COL0731,7,1,4,1784,0,280,No,Yes,No,Yes
INF03656,COL0732,24,13,4,5328,382,390,No,Yes,Yes,No
INF03657,COL0732,24,13,7,5524,391,407,No,Yes,Yes,No
INF03658,COL0732,26,14,11,5613,387,424,No,Yes,Yes,No
INF03659,COL0732,26,14,10,5739,414,476,No,Yes,Yes,Yes
INF03660,COL0732,26,14,17,6448,420,534,No,Yes,Yes,No
INF03661,COL0733,12,7,1,4489,98,270,No,Yes,No,Yes
INF03662,COL0733,12,7,2,4707,100,279,No,Yes,No,No
INF03663,COL0733,12,7,3,4966,101,299,No,Yes,No,No
INF03664,COL0733,13,7,4,5276,105,330,No,Yes,No,No
INF03665,COL0733,12,7,4,5100,100,326,No,Yes,No,No
INF03666,COL0734,67,13,12,15443,786,210,No,Yes,No,No
INF03667,COL0734,69,13,17,16198,790,230,No,Yes,No,No
INF03668,COL0734,69,13,26,17175,832,225,No,Yes,No,No
INF03669,COL0734,72,14,43,18079,841,271,No,Yes,No,No
INF03670,COL0734,74,14,42,17974,873,264,No,Yes,No,No
INF03671,COL0735,26,5,2,9806,209,210,No,Yes,No,No
INF03672,COL0735,26,5,5,10215,212,224,No,Yes,No,Yes
INF03673,COL0735,27,5,6,10612,218,232,No,Yes,No,Yes
INF03674,COL0735,27,5,11,11254,209,258,No,Yes,No,No
INF03675,COL0735,29,5,12,12076,216,239,No,Yes,No,Yes
INF03676,COL0736,6,3,1,2473,0,450,Yes,Yes,No,No
INF03677,COL0736,6,3,2,2550,0,489,Yes,Yes,No,Yes
INF03678,COL0736,6,3,2,2678,0,525,Yes,Yes,No,Yes
INF03679,COL0736,6,3,4,2677,0,492,Yes,Yes,No,No
INF03680,COL0736,7,3,4,3028,0,591,Yes,Yes,No,Yes
INF03681,COL0737,6,3,1,1500,50,210,No,No,Yes,No
INF03682,COL0737,6,3,2,1536,50,217,No,No,Yes,No
INF03683,COL0737,6,3,3,1618,52,226,No,No,Yes,No
INF03684,COL0737,6,3,2,1743,53,236,No,No,Yes,Yes
INF03685,COL0737,6,3,4,1853,50,262,No,No,Yes,Yes
INF03686,COL0738,13,5,2,4765,250,450,Yes,Yes,No,No
INF03687,COL0738,13,5,4,4914,250,469,Yes,Yes,No,No
INF03688,COL0738,14,5,6,5071,265,531,Yes,Yes,No,No
INF03689,COL0738,14,6,6,5514,263,569,Yes,Yes,No,Yes
INF03690,COL0738,14,5,9,5540,271,573,Yes,Yes,No,Yes
INF03691,COL0739,88,52,16,31575,0,270,No,Yes,Yes,No
INF03692,COL0739,89,53,24,33002,0,285,No,Yes,Yes,No
INF03693,COL0739,94,56,36,33254,0,323,No,Yes,Yes,Yes
INF03694,COL0739,94,56,41,35008,0,335,No,Yes,Yes,Yes
INF03695,COL0739,101,60,70,37373,0,366,No,Yes,Yes,No
INF03696,COL0740,88,15,16,19075,0,270,No,Yes,No,No
INF03697,COL0740,90,15,22,19507,0,291,No,Yes,No,No
INF03698,COL0740,92,16,29,21179,0,302,No,Yes,No,No
INF03699,COL0740,98,17,55,20508,0,309,No,Yes,No,Yes
INF03700,COL0740,92,16,51,22431,0,306,No,Yes,No,No
INF03701,COL0741,16,7,1,10225,173,270,No,Yes,No,No
INF03702,COL0741,16,7,3,10564,177,289,No,Yes,No,No
INF03703,COL0741,17,7,5,10737,175,309,No,Yes,No,No
INF03704,COL0741,17,8,8,11173,176,340,No,Yes,No,No
INF03705,COL0741,18,8,11,12618,180,351,No,Yes,No,Yes
INF03706,COL0742,33,17,6,11039,231,330,Yes,Yes,No,No
INF03707,COL0742,34,17,8,11578,235,343,Yes,Yes,No,No
INF03708,COL0742,35,18,14,11862,237,389,Yes,Yes,No,No
INF03709,COL0742,36,18,16,12300,249,394,Yes,Yes,No,No
INF03710,COL0742,36,18,23,12015,236,455,Yes,Yes,No,Yes
INF03711,COL0743,12,2,1,2962,183,390,Yes,No,No,No
INF03712,COL0743,12,2,2,3122,187,422,Yes,No,No,No
INF03713,COL0743,13,2,4,3122,191,439,Yes,No,No,No
INF03714,COL0743,13,2,6,3433,187,433,Yes,No,No,Yes
INF03715,COL0743,13,2,5,3317,198,535,Yes,No,No,Yes
INF03716,COL0744,39,5,7,8619,661,270,Yes,Yes,No,No
INF03717,COL0744,40,5,10,8808,664,283,Yes,Yes,No,Yes
INF03718,COL0744,40,5,17,9216,682,300,Yes,Yes,No,No
INF03719,COL0744,43,6,25,9412,664,351,Yes,Yes,No,Yes
INF03720,COL0744,45,6,31,10240,692,374,Yes,Yes,No,Yes
INF03721,COL0745,9,4,2,4394,67,450,Yes,Yes,Yes,No
INF03722,COL0745,9,4,3,4543,68,487,Yes,Yes,Yes,No
INF03723,COL0745,10,4,4,4912,71,516,Yes,Yes,Yes,Yes
INF03724,COL0745,10,4,6,4823,68,537,Yes,Yes,Yes,No
INF03725,COL0745,10,4,5,5420,68,584,Yes,Yes,Yes,Yes
INF03726,COL0746,11,6,1,5861,176,210,Yes,Yes,No,No
INF03727,COL0746,11,6,2,5995,177,217,Yes,Yes,No,No
INF03728,COL0746,12,6,3,6475,180,242,Yes,Yes,No,No
INF03729,COL0746,12,7,4,6695,183,259,Yes,Yes,No,No
INF03730,COL0746,12,7,7,6886,178,242,Yes,Yes,No,Yes
INF03731,COL0747,55,9,10,20196,774,390,No,Yes,No,No
INF03732,COL0747,56,9,15,21022,786,413,No,Yes,No,No
INF03733,COL0747,59,10,19,22324,794,433,No,Yes,No,No
INF03734,COL0747,62,10,32,23009,843,456,No,Yes,No,No
INF03735,COL0747,61,10,29,23358,775,494,No,Yes,No,No
INF03736,COL0748,10,4,2,2660,0,330,No,No,No,No
INF03737,COL0748,10,4,3,2791,0,356,No,No,No,Yes
INF03738,COL0748,11,4,3,2852,0,370,No,No,No,No
INF03739,COL0748,11,4,6,3135,0,385,No,No,No,No
INF03740,COL0748,11,4,6,3106,0,408,No,No,No,No
INF03741,COL0749,77,36,14,18080,0,150,No,Yes,No,Yes
INF03742,COL0749,79,37,21,18474,0,162,No,Yes,No,No
INF03743,COL0749,82,38,27,19242,0,178,No,Yes,No,Yes
INF03744,COL0749,80,37,41,20117,0,182,No,Yes,No,Yes
INF03745,COL0749,87,41,40,21057,0,208,No,Yes,No,Yes
INF03746,COL0750,25,10,4,8585,223,450,Yes,Yes,Yes,Yes
INF03747,COL0750,25,10,7,8809,224,490,Yes,Yes,Yes,No
INF03748,COL0750,26,10,9,9490,223,498,Yes,Yes,Yes,Yes
INF03749,COL0750,27,11,14,9132,237,584,Yes,Yes,Yes,No
INF03750,COL0750,28,11,17,9559,234,611,Yes,Yes,Yes,Yes
INF03751,COL0751,53,25,10,12056,0,150,Yes,Yes,Yes,Yes
INF03752,COL0751,54,25,14,12373,0,158,Yes,Yes,Yes,No
INF03753,COL0751,57,27,22,13477,0,165,Yes,Yes,Yes,No
INF03754,COL0751,57,27,34,13377,0,195,Yes,Yes,Yes,No
INF03755,COL0751,58,27,34,13978,0,176,Yes,Yes,Yes,Yes
INF03756,COL0752,49,22,4,10156,0,330,No,Yes,No,No
INF03757,COL0752,50,22,10,10543,0,359,No,Yes,No,No
INF03758,COL0752,51,23,11,10862,0,376,No,Yes,No,Yes
INF03759,COL0752,52,23,25,11802,0,371,No,Yes,No,No
INF03760,COL0752,56,25,18,11081,0,407,No,Yes,No,Yes
INF03761,COL0753,6,1,1,1622,0,330,No,Yes,No,No
INF03762,COL0753,6,1,2,1680,0,347,No,Yes,No,No
INF03763,COL0753,6,1,3,1726,0,357,No,Yes,No,Yes
INF03764,COL0753,7,1,3,1827,0,377,No,Yes,No,No
INF03765,COL0753,7,1,5,1815,0,412,No,Yes,No,No
INF03766,COL0754,21,2,2,10882,0,210,No,Yes,No,No
INF03767,COL0754,22,2,4,11208,0,225,No,Yes,No,Yes
INF03768,COL0754,22,2,5,12127,0,246,No,Yes,No,No
INF03769,COL0754,23,2,10,12620,0,265,No,Yes,No,No
INF03770,COL0754,23,2,13,13227,0,257,No,Yes,No,No
INF03771,COL0755,6,3,1,2054,0,210,No,Yes,No,No
INF03772,COL0755,6,3,1,2166,0,229,No,Yes,No,No
INF03773,COL0755,6,3,3,2192,0,225,No,Yes,No,No
INF03774,COL0755,6,3,3,2287,0,255,No,Yes,No,Yes
INF03775,COL0755,6,3,3,2337,0,235,No,Yes,No,No
INF03776,COL0756,67,37,12,24481,698,450,Yes,Yes,No,Yes
INF03777,COL0756,69,38,22,25120,718,474,Yes,Yes,No,No
INF03778,COL0756,72,39,27,25985,734,491,Yes,Yes,No,No
INF03779,COL0756,71,39,36,27656,731,578,Yes,Yes,No,Yes
INF03780,COL0756,77,43,38,26857,761,533,Yes,Yes,No,No
INF03781,COL0757,132,14,24,32873,0,270,Yes,Yes,No,Yes
INF03782,COL0757,136,14,33,34173,0,296,Yes,Yes,No,No
INF03783,COL0757,140,15,43,34258,0,306,Yes,Yes,No,No
INF03784,COL0757,140,15,64,35219,0,313,Yes,Yes,No,No
INF03785,COL0757,143,15,73,35826,0,336,Yes,Yes,No,No
INF03786,COL0758,6,1,0,3340,50,390,No,Yes,No,No
INF03787,COL0758,6,1,1,3468,51,414,No,Yes,No,No
INF03788,COL0758,6,1,2,3533,52,440,No,Yes,No,No
INF03789,COL0758,6,1,2,3937,52,428,No,Yes,No,Yes
INF03790,COL0758,7,1,3,3914,55,520,No,Yes,No,No
INF03791,COL0759,79,7,14,23866,792,270,Yes,Yes,No,No
INF03792,COL0759,81,7,22,25013,814,285,Yes,Yes,No,No
INF03793,COL0759,85,8,32,26118,827,317,Yes,Yes,No,No
INF03794,COL0759,88,8,50,27466,842,312,Yes,Yes,No,No
INF03795,COL0759,84,7,52,29517,829,319,Yes,Yes,No,Yes
INF03796,COL0760,56,8,4,19358,0,270,No,Yes,Yes,No
INF03797,COL0760,58,8,12,19897,0,292,No,Yes,Yes,No
INF03798,COL0760,58,8,16,21461,0,323,No,Yes,Yes,Yes
INF03799,COL0760,61,9,29,22050,0,316,No,Yes,Yes,Yes
INF03800,COL0760,59,8,32,23976,0,375,No,Yes,Yes,Yes
INF03801,COL0761,104,40,19,29302,1038,390,Yes,Yes,No,Yes
INF03802,COL0761,108,41,27,30048,1060,402,Yes,Yes,No,No
INF03803,COL0761,110,42,49,31344,1057,428,Yes,Yes,No,Yes
INF03804,COL0761,113,43,60,32635,1066,433,Yes,Yes,No,No
INF03805,COL0761,116,45,62,31669,1113,532,Yes,Yes,No,Yes
INF03806,COL0762,88,12,16,28442,1278,330,Yes,No,No,Yes
INF03807,COL0762,91,12,25,29072,1281,341,Yes,No,No,No
INF03808,COL0762,94,13,38,31286,1303,354,Yes,No,No,Yes
INF03809,COL0762,91,12,46,30806,1307,378,Yes,No,No,No
INF03810,COL0762,98,13,57,31351,1313,378,Yes,No,No,Yes
INF03811,COL0763,42,20,8,13136,0,390,No,Yes,No,No
INF03812,COL0763,43,21,13,13650,0,407,No,Yes,No,No
INF03813,COL0763,43,20,15,13937,0,420,No,Yes,No,No
INF03814,COL0763,47,22,22,14914,0,477,No,Yes,No,Yes
INF03815,COL0763,48,23,26,14853,0,483,No,Yes,No,No
INF03816,COL0764,122,11,22,34809,0,390,No,Yes,Yes,No
INF03817,COL0764,123,11,36,36862,0,408,No,Yes,Yes,Yes
INF03818,COL0764,126,11,43,36525,0,448,No,Yes,Yes,No
INF03819,COL0764,130,12,53,40711,0,475,No,Yes,Yes,Yes
INF03820,COL0764,139,13,78,37677,0,463,No,Yes,Yes,Yes
INF03821,COL0765,14,1,3,3950,191,210,Yes,Yes,Yes,No
INF03822,COL0765,14,1,4,4070,194,229,Yes,Yes,Yes,No
INF03823,COL0765,14,1,5,4166,200,241,Yes,Yes,Yes,Yes
INF03824,COL0765,15,1,6,4643,204,264,Yes,Yes,Yes,No
INF03825,COL0765,16,1,9,4587,211,286,Yes,Yes,Yes,Yes
INF03826,COL0766,30,12,5,5979,0,150,Yes,Yes,No,No
INF03827,COL0766,31,12,9,6283,0,164,Yes,Yes,No,No
INF03828,COL0766,31,12,12,6447,0,172,Yes,Yes,No,Yes
INF03829,COL0766,32,13,12,6447,0,186,Yes,Yes,No,Yes
INF03830,COL0766,33,13,16,6618,0,185,Yes,Yes,No,No
INF03831,COL0767,14,6,3,3531,0,330,Yes,Yes,Yes,No
INF03832,COL0767,14,6,4,3704,0,362,Yes,Yes,Yes,No
INF03833,COL0767,14,6,6,3948,0,389,Yes,Yes,Yes,No
INF03834,COL0767,15,6,7,4016,0,370,Yes,Yes,Yes,No
INF03835,COL0767,15,6,7,3850,0,432,Yes,Yes,Yes,No
INF03836,COL0768,55,26,10,13721,790,390,Yes,No,No,Yes
INF03837,COL0768,56,26,17,14293,813,412,Yes,No,No,Yes
INF03838,COL0768,59,28,24,14904,802,422,Yes,No,No,No
INF03839,COL0768,57,27,27,16127,802,494,Yes,No,No,Yes
INF03840,COL0768,63,30,40,15964,806,459,Yes,No,No,Yes
INF03841,COL0769,32,19,6,10557,242,150,No,Yes,Yes,No
INF03842,COL0769,32,19,9,10836,245,161,No,Yes,Yes,No
INF03843,COL0769,34,20,12,11112,247,174,No,Yes,Yes,No
INF03844,COL0769,35,21,13,12403,243,191,No,Yes,Yes,Yes
INF03845,COL0769,34,20,20,11834,254,173,No,Yes,Yes,Yes
INF03846,COL0770,10,4,2,2671,0,270,Yes,Yes,Yes,No
INF03847,COL0770,10,4,3,2793,0,282,Yes,Yes,Yes,No
INF03848,COL0770,11,4,4,2987,0,315,Yes,Yes,Yes,Yes
INF03849,COL0770,11,4,4,3026,0,344,Yes,Yes,Yes,No
INF03850,COL0770,11,4,6,3269,0,335,Yes,Yes,Yes,Yes
INF03851,COL0771,6,3,1,1728,50,150,No,Yes,Yes,Yes
INF03852,COL0771,6,3,2,1813,50,160,No,Yes,Yes,No
INF03853,COL0771,6,3,2,1817,52,179,No,Yes,Yes,Yes
INF03854,COL0771,6,3,2,1852,51,175,No,Yes,Yes,Yes
INF03855,COL0771,7,3,5,2036,52,209,No,Yes,Yes,No
INF03856,COL0772,51,19,9,17085,475,270,Yes,Yes,No,No
INF03857,COL0772,53,20,15,17587,486,296,Yes,Yes,No,No
INF03858,COL0772,55,20,19,19128,485,293,Yes,Yes,No,No
INF03859,COL0772,53,20,24,19692,514,299,Yes,Yes,No,No
INF03860,COL0772,58,22,30,20327,501,366,Yes,Yes,No,No
INF03861,COL0773,101,10,8,18125,1002,210,Yes,Yes,No,Yes
INF03862,COL0773,104,10,18,19094,1026,223,Yes,Yes,No,No
INF03863,COL0773,105,10,36,19108,1015,252,Yes,Yes,No,No
INF03864,COL0773,107,11,46,19854,1056,261,Yes,Yes,No,Yes
INF03865,COL0773,109,11,63,21209,1055,261,Yes,Yes,No,No
INF03866,COL0774,13,5,2,4620,230,270,No,Yes,No,No
INF03867,COL0774,13,5,3,4784,237,288,No,Yes,No,No
INF03868,COL0774,14,5,5,5142,240,288,No,Yes,No,No
INF03869,COL0774,14,5,8,4998,234,338,No,Yes,No,No
INF03870,COL0774,14,6,8,4995,238,341,No,Yes,No,Yes
INF03871,COL0775,28,11,5,8851,461,390,No,Yes,No,No
INF03872,COL0775,29,11,9,9198,473,426,No,Yes,No,Yes
INF03873,COL0775,29,11,13,9438,462,435,No,Yes,No,No
INF03874,COL0775,31,12,13,10101,498,486,No,Yes,No,No
INF03875,COL0775,32,13,15,10077,513,507,No,Yes,No,No
INF03876,COL0776,22,11,4,5722,0,150,Yes,Yes,Yes,Yes
INF03877,COL0776,22,11,6,5971,0,161,Yes,Yes,Yes,No
INF03878,COL0776,24,12,11,6250,0,165,Yes,Yes,Yes,Yes
INF03879,COL0776,24,12,14,6518,0,191,Yes,Yes,Yes,Yes
INF03880,COL0776,23,12,17,6593,0,192,Yes,Yes,Yes,Yes
INF03881,COL0777,79,30,6,24529,0,330,Yes,Yes,Yes,No
INF03882,COL0777,82,31,13,25588,0,361,Yes,Yes,Yes,Yes
INF03883,COL0777,83,32,21,26740,0,383,Yes,Yes,Yes,Yes
INF03884,COL0777,82,31,37,28073,0,399,Yes,Yes,Yes,Yes
INF03885,COL0777,87,33,37,28483,0,390,Yes,Yes,Yes,Yes
INF03886,COL0778,8,1,1,2434,135,150,No,Yes,Yes,No
INF03887,COL0778,8,1,2,2528,135,165,No,Yes,Yes,No
INF03888,COL0778,8,1,3,2659,135,172,No,Yes,Yes,No
INF03889,COL0778,8,1,4,2623,144,170,No,Yes,Yes,Yes
INF03890,COL0778,8,1,6,2788,141,193,No,Yes,Yes,No
INF03891,COL0779,91,16,16,24559,0,390,No,Yes,No,No
INF03892,COL0779,94,16,25,25167,0,419,No,Yes,No,Yes
INF03893,COL0779,96,17,30,25816,0,420,No,Yes,No,Yes
INF03894,COL0779,98,17,42,28367,0,452,No,Yes,No,Yes
INF03895,COL0779,97,17,52,27970,0,513,No,Yes,No,No
INF03896,COL0780,79,16,14,12024,695,210,Yes,Yes,Yes,Yes
INF03897,COL0780,80,16,23,12384,697,226,Yes,Yes,Yes,No
INF03898,COL0780,83,17,35,13261,709,247,Yes,Yes,Yes,No
INF03899,COL0780,84,17,49,12989,756,235,Yes,Yes,Yes,No
INF03900,COL0780,88,18,55,13688,730,253,Yes,Yes,Yes,No
INF03901,COL0781,37,3,7,8315,0,450,No,Yes,Yes,No
INF03902,COL0781,38,3,11,8748,0,473,No,Yes,Yes,No
INF03903,COL0781,38,3,12,8920,0,539,No,Yes,Yes,No
INF03904,COL0781,40,3,17,9636,0,494,No,Yes,Yes,No
INF03905,COL0781,42,3,29,9513,0,552,No,Yes,Yes,No
INF03906,COL0782,61,6,5,27893,593,270,No,Yes,Yes,No
INF03907,COL0782,62,6,12,29473,606,279,No,Yes,Yes,No
INF03908,COL0782,65,6,15,29133,600,308,No,Yes,Yes,No
INF03909,COL0782,63,6,23,31159,599,304,No,Yes,Yes,Yes
INF03910,COL0782,64,6,34,33185,651,359,No,Yes,Yes,No
INF03911,COL0783,16,9,3,5807,143,210,No,Yes,No,Yes
INF03912,COL0783,16,9,5,6129,146,224,No,Yes,No,No
INF03913,COL0783,17,9,6,6064,148,231,No,Yes,No,No
INF03914,COL0783,17,10,10,6705,155,268,No,Yes,No,Yes
INF03915,COL0783,17,10,8,6885,156,284,No,Yes,No,Yes
INF03916,COL0784,100,20,18,20963,0,330,Yes,Yes,Yes,No
INF03917,COL0784,102,20,31,21732,0,356,Yes,Yes,Yes,Yes
INF03918,COL0784,105,21,45,22246,0,357,Yes,Yes,Yes,No
INF03919,COL0784,111,22,67,22666,0,392,Yes,Yes,Yes,Yes
INF03920,COL0784,110,22,55,24300,0,453,Yes,Yes,Yes,Yes
INF03921,COL0785,34,6,6,10746,250,450,No,Yes,No,No
INF03922,COL0785,35,6,9,11185,251,489,No,Yes,No,No
INF03923,COL0785,35,6,13,11794,261,522,No,Yes,No,Yes
INF03924,COL0785,36,6,13,11643,265,537,No,Yes,No,No
INF03925,COL0785,35,6,19,12839,250,572,No,Yes,No,Yes
INF03926,COL0786,15,9,1,4514,237,390,No,Yes,No,No
INF03927,COL0786,15,9,3,4669,242,429,No,Yes,No,No
INF03928,COL0786,16,10,5,4725,251,446,No,Yes,No,No
INF03929,COL0786,16,9,4,5023,240,501,No,Yes,No,Yes
INF03930,COL0786,17,10,9,5164,240,532,No,Yes,No,Yes
INF03931,COL0787,77,12,14,22041,913,390,No,Yes,Yes,No
INF03932,COL0787,78,12,19,22529,916,428,No,Yes,Yes,No
INF03933,COL0787,81,13,24,24115,919,416,No,Yes,Yes,No
INF03934,COL0787,82,13,44,23395,942,429,No,Yes,Yes,Yes
INF03935,COL0787,84,13,54,27085,988,462,No,Yes,Yes,Yes
INF03936,COL0788,61,36,11,11072,643,90,Yes,Yes,No,No
INF03937,COL0788,63,37,17,11677,657,99,Yes,Yes,No,Yes
INF03938,COL0788,65,38,23,11855,667,104,Yes,Yes,No,No
INF03939,COL0788,67,39,27,12110,650,106,Yes,Yes,No,No
INF03940,COL0788,65,38,33,13625,709,121,Yes,Yes,No,Yes
INF03941,COL0789,56,6,10,16815,0,270,No,Yes,Yes,No
INF03942,COL0789,57,6,16,17651,0,295,No,Yes,Yes,No
INF03943,COL0789,57,6,22,17950,0,315,No,Yes,Yes,No
INF03944,COL0789,60,6,30,17918,0,315,No,Yes,Yes,Yes
INF03945,COL0789,63,7,37,18372,0,323,No,Yes,Yes,No
INF03946,COL0790,44,18,4,15027,494,150,Yes,Yes,Yes,Yes
INF03947,COL0790,45,18,7,15415,503,159,Yes,Yes,Yes,Yes
INF03948,COL0790,45,18,14,15696,505,174,Yes,Yes,Yes,No
INF03949,COL0790,46,19,18,16669,517,177,Yes,Yes,Yes,Yes
INF03950,COL0790,51,21,22,16764,508,175,Yes,Yes,Yes,No
INF03951,COL0791,13,6,1,7271,192,270,No,Yes,No,No
INF03952,COL0791,13,6,2,7698,197,287,No,Yes,No,Yes
INF03953,COL0791,14,6,3,8042,198,317,No,Yes,No,No
INF03954,COL0791,14,6,6,8462,194,335,No,Yes,No,Yes
INF03955,COL0791,15,7,6,8983,209,322,No,Yes,No,Yes
INF03956,COL0792,56,5,4,11386,917,270,No,Yes,Yes,No
INF03957,COL0792,57,5,10,11982,921,285,No,Yes,Yes,No
INF03958,COL0792,58,5,16,12700,968,302,No,Yes,Yes,No
INF03959,COL0792,61,5,24,12809,956,320,No,Yes,Yes,Yes
INF03960,COL0792,60,5,24,13120,925,325,No,Yes,Yes,Yes
INF03961,COL0793,16,8,3,5176,0,330,No,Yes,No,No
INF03962,COL0793,16,8,4,5485,0,363,No,Yes,No,No
INF03963,COL0793,17,8,8,5597,0,351,No,Yes,No,Yes
INF03964,COL0793,17,8,10,5664,0,380,No,Yes,No,No
INF03965,COL0793,17,9,11,5879,0,381,No,Yes,No,No
INF03966,COL0794,14,6,3,6230,130,330,Yes,Yes,No,Yes
INF03967,COL0794,14,6,4,6449,131,343,Yes,Yes,No,No
INF03968,COL0794,15,6,5,6585,135,370,Yes,Yes,No,No
INF03969,COL0794,16,7,9,7283,135,364,Yes,Yes,No,No
INF03970,COL0794,15,6,8,7600,143,408,Yes,Yes,No,No
INF03971,COL0795,15,8,1,6063,0,270,No,Yes,No,Yes
INF03972,COL0795,15,8,2,6335,0,288,No,Yes,No,No
INF03973,COL0795,16,8,4,6464,0,318,No,Yes,No,Yes
INF03974,COL0795,17,9,5,7048,0,333,No,Yes,No,Yes
INF03975,COL0795,16,8,10,7436,0,342,No,Yes,No,No
INF03976,COL0796,50,4,9,15720,0,210,No,Yes,No,Yes
INF03977,COL0796,52,4,15,16215,0,229,No,Yes,No,No
INF03978,COL0796,51,4,16,16626,0,242,No,Yes,No,No
INF03979,COL0796,54,4,31,17531,0,264,No,Yes,No,No
INF03980,COL0796,53,4,35,19286,0,247,No,Yes,No,Yes
INF03981,COL0797,15,7,1,6124,0,150,No,Yes,No,No
INF03982,COL0797,15,7,3,6339,0,155,No,Yes,No,No
INF03983,COL0797,15,7,5,6606,0,171,No,Yes,No,No
INF03984,COL0797,16,7,4,7038,0,176,No,Yes,No,No
INF03985,COL0797,16,7,6,7239,0,183,No,Yes,No,No
INF03986,COL0798,16,9,3,6112,257,150,Yes,Yes,No,Yes
INF03987,COL0798,16,9,4,6321,259,161,Yes,Yes,No,No
INF03988,COL0798,17,10,6,6667,260,176,Yes,Yes,No,No
INF03989,COL0798,18,10,8,7147,261,173,Yes,Yes,No,Yes
INF03990,COL0798,18,10,13,6925,285,182,Yes,Yes,No,No
INF03991,COL0799,19,10,3,5112,157,330,No,Yes,No,No
INF03992,COL0799,20,10,6,5391,160,349,No,Yes,No,No
INF03993,COL0799,20,10,9,5674,157,367,No,Yes,No,No
INF03994,COL0799,20,11,10,5969,163,411,No,Yes,No,No
INF03995,COL0799,20,11,13,6031,170,376,No,Yes,No,Yes
INF03996,COL0800,51,6,9,13790,465,450,Yes,Yes,No,No
INF03997,COL0800,52,6,14,14335,473,464,Yes,Yes,No,No
INF03998,COL0800,52,6,17,15134,492,491,Yes,Yes,No,No
INF03999,COL0800,53,6,21,15811,469,538,Yes,Yes,No,No
INF04000,COL0800,54,6,27,15678,468,573,Yes,Yes,No,No
INF04001,COL0801,25,5,4,5875,0,390,No,Yes,No,Yes
INF04002,COL0801,26,5,7,6031,0,423,No,Yes,No,Yes
INF04003,COL0801,26,5,9,6396,0,449,No,Yes,No,No
INF04004,COL0801,27,5,13,6861,0,454,No,Yes,No,No
INF04005,COL0801,28,6,17,6694,0,477,No,Yes,No,No
INF04006,COL0802,9,1,1,3481,0,330,No,Yes,No,No
INF04007,COL0802,9,1,2,3682,0,356,No,Yes,No,Yes
INF04008,COL0802,10,1,3,3660,0,393,No,Yes,No,No
INF04009,COL0802,10,1,4,3959,0,394,No,Yes,No,No
INF04010,COL0802,9,1,5,3813,0,376,No,Yes,No,No
INF04011,COL0803,23,3,4,7704,194,390,No,Yes,Yes,No
INF04012,COL0803,23,3,6,8097,200,406,No,Yes,Yes,Yes
INF04013,COL0803,24,3,10,8161,195,453,No,Yes,Yes,Yes
INF04014,COL0803,26,3,15,8430,197,485,No,Yes,Yes,Yes
INF04015,COL0803,26,3,13,9114,195,524,No,Yes,Yes,Yes
INF04016,COL0804,26,14,5,8062,284,150,Yes,Yes,No,No
INF04017,COL0804,26,14,7,8517,285,157,Yes,Yes,No,Yes
INF04018,COL0804,27,14,10,8768,297,179,Yes,Yes,No,Yes
INF04019,COL0804,27,15,16,9491,297,172,Yes,Yes,No,Yes
INF04020,COL0804,27,15,13,9697,308,194,Yes,Yes,No,No
INF04021,COL0805,42,5,3,9805,299,30,No,Yes,Yes,No
INF04022,COL0805,43,5,8,10121,305,31,No,Yes,Yes,No
INF04023,COL0805,43,5,12,10612,306,32,No,Yes,Yes,No
INF04024,COL0805,46,6,14,10531,317,36,No,Yes,Yes,No
INF04025,COL0805,44,5,16,11642,313,35,No,Yes,Yes,No
INF04026,COL0806,7,1,1,3380,0,90,No,Yes,No,No
INF04027,COL0806,7,1,1,3449,0,97,No,Yes,No,No
INF04028,COL0806,8,1,2,3546,0,102,No,Yes,No,No
INF04029,COL0806,7,1,2,3934,0,100,No,Yes,No,No
INF04030,COL0806,8,1,3,4130,0,107,No,Yes,No,No
INF04031,COL0807,43,5,3,10147,0,150,No,Yes,No,No
INF04032,COL0807,44,5,9,10536,0,157,No,Yes,No,No
INF04033,COL0807,46,5,11,10873,0,177,No,Yes,No,No
INF04034,COL0807,48,6,18,10849,0,184,No,Yes,No,No
INF04035,COL0807,49,6,28,11471,0,205,No,Yes,No,No
INF04036,COL0808,120,24,10,46334,1082,390,No,Yes,No,No
INF04037,COL0808,124,25,27,47997,1110,418,No,Yes,No,Yes
INF04038,COL0808,128,26,30,49897,1089,415,No,Yes,No,No
INF04039,COL0808,129,26,34,49261,1171,466,No,Yes,No,Yes
INF04040,COL0808,125,25,57,51891,1110,460,No,Yes,No,Yes
INF04041,COL0809,9,4,1,3372,127,270,Yes,Yes,No,No
INF04042,COL0809,9,4,1,3554,129,284,Yes,Yes,No,No
INF04043,COL0809,10,4,3,3598,129,297,Yes,Yes,No,No
INF04044,COL0809,9,4,4,3936,136,348,Yes,Yes,No,No
INF04045,COL0809,10,5,5,3731,134,359,Yes,Yes,No,No
INF04046,COL0810,118,17,9,34141,0,390,Yes,Yes,No,No
INF04047,COL0810,120,17,20,35399,0,424,Yes,Yes,No,No
INF04048,COL0810,126,18,44,36232,0,435,Yes,Yes,No,No
INF04049,COL0810,122,18,33,37123,0,463,Yes,Yes,No,Yes
INF04050,COL0810,125,18,58,39055,0,450,Yes,Yes,No,Yes
INF04051,COL0811,69,10,12,13138,0,330,Yes,Yes,Yes,No
INF04052,COL0811,70,10,20,13463,0,347,Yes,Yes,Yes,No
INF04053,COL0811,74,11,33,13744,0,374,Yes,Yes,Yes,Yes
INF04054,COL0811,76,11,28,14451,0,383,Yes,Yes,Yes,No
INF04055,COL0811,75,11,40,14732,0,438,Yes,Yes,Yes,No
INF04056,COL0812,8,1,1,2144,0,150,No,Yes,No,No
INF04057,COL0812,8,1,2,2214,0,165,No,Yes,No,No
INF04058,COL0812,8,1,3,2302,0,159,No,Yes,No,No
INF04059,COL0812,9,1,3,2518,0,184,No,Yes,No,Yes
INF04060,COL0812,9,1,4,2391,0,190,No,Yes,No,No
INF04061,COL0813,94,11,8,17352,1587,390,No,Yes,No,Yes
INF04062,COL0813,97,11,20,18137,1625,402,No,Yes,No,Yes
INF04063,COL0813,96,11,30,18842,1674,436,No,Yes,No,Yes
INF04064,COL0813,101,12,28,19251,1624,482,No,Yes,No,No
INF04065,COL0813,106,12,35,19504,1635,494,No,Yes,No,Yes
INF04066,COL0814,71,14,13,24460,1094,330,Yes,Yes,Yes,No
INF04067,COL0814,72,14,19,25682,1105,350,Yes,Yes,Yes,Yes
INF04068,COL0814,73,14,31,26802,1140,389,Yes,Yes,Yes,Yes
INF04069,COL0814,76,15,36,26422,1095,360,Yes,Yes,Yes,Yes
INF04070,COL0814,82,16,58,29892,1103,436,Yes,Yes,Yes,No
INF04071,COL0815,40,17,3,11930,0,270,No,Yes,Yes,No
INF04072,COL0815,41,17,7,12518,0,290,No,Yes,Yes,No
INF04073,COL0815,42,18,13,12451,0,290,No,Yes,Yes,Yes
INF04074,COL0815,43,18,21,12825,0,335,No,Yes,Yes,Yes
INF04075,COL0815,45,19,21,14702,0,358,No,Yes,Yes,Yes
INF04076,COL0816,10,6,2,4880,197,390,Yes,Yes,Yes,No
INF04077,COL0816,10,6,3,5151,198,426,Yes,Yes,Yes,No
INF04078,COL0816,10,6,4,5259,202,433,Yes,Yes,Yes,No
INF04079,COL0816,11,7,4,5295,204,500,Yes,Yes,Yes,Yes
INF04080,COL0816,11,6,6,5826,199,447,Yes,Yes,Yes,No
INF04081,COL0817,92,49,17,27404,0,270,No,No,No,No
INF04082,COL0817,93,49,28,28085,0,297,No,No,No,Yes
INF04083,COL0817,95,51,35,29058,0,313,No,No,No,Yes
INF04084,COL0817,96,51,48,30708,0,298,No,No,No,No
INF04085,COL0817,100,53,52,32803,0,325,No,No,No,No
INF04086,COL0818,132,22,24,34809,0,330,Yes,Yes,No,No
INF04087,COL0818,136,23,42,36519,0,350,Yes,Yes,No,Yes
INF04088,COL0818,139,23,61,37963,0,366,Yes,Yes,No,Yes
INF04089,COL0818,147,25,58,40034,0,410,Yes,Yes,No,No
INF04090,COL0818,138,23,101,41798,0,407,Yes,Yes,No,Yes
INF04091,COL0819,18,3,3,5948,285,330,Yes,Yes,No,No
INF04092,COL0819,18,3,5,6226,286,343,Yes,Yes,No,No
INF04093,COL0819,19,3,6,6658,299,372,Yes,Yes,No,No
INF04094,COL0819,20,3,7,6338,298,377,Yes,Yes,No,Yes
INF04095,COL0819,20,3,13,6821,311,436,Yes,Yes,No,No
INF04096,COL0820,38,4,7,9223,763,390,No,Yes,No,No
INF04097,COL0820,39,4,11,9727,767,427,No,Yes,No,No
INF04098,COL0820,39,4,15,9803,800,461,No,Yes,No,No
INF04099,COL0820,41,4,19,10214,769,481,No,Yes,No,No
INF04100,COL0820,40,4,18,11433,807,466,No,Yes,No,Yes
INF04101,COL0821,40,7,3,9881,834,330,Yes,Yes,Yes,No
INF04102,COL0821,42,7,7,10147,858,361,Yes,Yes,Yes,Yes
INF04103,COL0821,41,7,14,10876,857,396,Yes,Yes,Yes,No
INF04104,COL0821,42,7,19,11342,840,375,Yes,Yes,Yes,No
INF04105,COL0821,42,7,15,11407,871,438,Yes,Yes,Yes,Yes
INF04106,COL0822,13,1,2,5244,243,150,No,Yes,Yes,No
INF04107,COL0822,13,1,3,5557,247,156,No,Yes,Yes,No
INF04108,COL0822,14,1,6,5777,245,164,No,Yes,Yes,No
INF04109,COL0822,14,1,6,5983,259,169,No,Yes,Yes,Yes
INF04110,COL0822,14,1,10,6265,264,203,No,Yes,Yes,No
INF04111,COL0823,37,5,7,8586,0,210,Yes,Yes,No,No
INF04112,COL0823,38,5,11,8942,0,228,Yes,Yes,No,No
INF04113,COL0823,38,5,14,9456,0,225,Yes,Yes,No,No
INF04114,COL0823,40,5,20,10051,0,241,Yes,Yes,No,Yes
INF04115,COL0823,39,5,23,10249,0,272,Yes,Yes,No,No
INF04116,COL0824,12,5,1,6006,0,210,No,No,Yes,No
INF04117,COL0824,12,5,2,6214,0,226,No,No,Yes,No
INF04118,COL0824,12,5,4,6322,0,231,No,No,Yes,No
INF04119,COL0824,13,5,5,6691,0,257,No,No,Yes,No
INF04120,COL0824,13,6,6,6835,0,247,No,No,Yes,No
INF04121,COL0825,45,27,8,7912,542,270,Yes,Yes,No,No
INF04122,COL0825,45,27,11,8258,551,285,Yes,Yes,No,No
INF04123,COL0825,49,29,21,8722,566,312,Yes,Yes,No,Yes
INF04124,COL0825,46,28,21,9219,568,336,Yes,Yes,No,No
INF04125,COL0825,51,31,28,9124,574,377,Yes,Yes,No,Yes
INF04126,COL0826,15,8,3,5388,233,150,Yes,Yes,No,Yes
INF04127,COL0826,15,8,4,5572,235,162,Yes,Yes,No,Yes
INF04128,COL0826,16,8,6,6028,241,164,Yes,Yes,No,Yes
INF04129,COL0826,17,9,7,5841,240,181,Yes,Yes,No,Yes
INF04130,COL0826,16,9,9,6390,235,183,Yes,Yes,No,Yes
INF04131,COL0827,127,11,10,26143,1575,270,Yes,Yes,Yes,No
INF04132,COL0827,131,11,23,27419,1583,294,Yes,Yes,Yes,No
INF04133,COL0827,132,11,37,27749,1668,294,Yes,Yes,Yes,No
INF04134,COL0827,135,12,61,29532,1576,296,Yes,Yes,Yes,No
INF04135,COL0827,139,12,77,31276,1614,359,Yes,Yes,Yes,No
INF04136,COL0828,25,11,4,7251,200,210,No,Yes,No,No
INF04137,COL0828,26,11,8,7575,201,217,No,Yes,No,Yes
INF04138,COL0828,26,11,12,7988,204,242,No,Yes,No,No
INF04139,COL0828,26,11,11,8340,213,265,No,Yes,No,Yes
INF04140,COL0828,29,13,20,8127,205,264,No,Yes,No,No
INF04141,COL0829,12,2,1,3619,91,270,No,Yes,No,No
INF04142,COL0829,12,2,2,3821,92,292,No,Yes,No,No
INF04143,COL0829,13,2,4,3832,92,303,No,Yes,No,No
INF04144,COL0829,12,2,5,4057,95,329,No,Yes,No,No
INF04145,COL0829,14,2,5,4047,97,341,No,Yes,No,No
INF04146,COL0830,34,14,3,15283,626,330,Yes,Yes,No,No
INF04147,COL0830,35,14,6,16091,627,352,Yes,Yes,No,No
INF04148,COL0830,35,14,9,16274,640,379,Yes,Yes,No,Yes
INF04149,COL0830,36,15,16,16589,651,388,Yes,Yes,No,No
INF04150,COL0830,38,16,19,18112,658,451,Yes,Yes,No,Yes
INF04151,COL0831,17,2,3,5764,0,450,No,Yes,No,No
INF04152,COL0831,17,2,5,6027,0,465,No,Yes,No,No
INF04153,COL0831,17,2,7,6097,0,491,No,Yes,No,Yes
INF04154,COL0831,18,2,10,6567,0,491,No,Yes,No,No
INF04155,COL0831,19,2,10,6225,0,613,No,Yes,No,Yes
INF04156,COL0832,66,12,12,13212,0,150,Yes,Yes,No,No
INF04157,COL0832,67,12,18,13505,0,162,Yes,Yes,No,No
INF04158,COL0832,68,12,24,14341,0,171,Yes,Yes,No,Yes
INF04159,COL0832,70,13,38,14597,0,191,Yes,Yes,No,Yes
INF04160,COL0832,73,13,46,15833,0,193,Yes,Yes,No,No
INF04161,COL0833,17,8,3,3388,0,330,No,Yes,Yes,No
INF04162,COL0833,17,8,5,3586,0,353,No,Yes,Yes,No
INF04163,COL0833,18,9,8,3623,0,372,No,Yes,Yes,No
INF04164,COL0833,18,8,8,3654,0,401,No,Yes,Yes,Yes
INF04165,COL0833,18,8,12,3811,0,402,No,Yes,Yes,No
INF04166,COL0834,74,14,13,18930,579,150,Yes,No,Yes,No
INF04167,COL0834,75,14,21,19718,581,159,Yes,No,Yes,No
INF04168,COL0834,79,15,36,21058,605,176,Yes,No,Yes,No
INF04169,COL0834,81,15,47,22325,622,182,Yes,No,Yes,No
INF04170,COL0834,81,15,47,20727,618,173,Yes,No,Yes,Yes
INF04171,COL0835,108,16,19,36631,1096,210,Yes,Yes,No,No
INF04172,COL0835,112,17,31,38089,1100,227,Yes,Yes,No,No
INF04173,COL0835,111,16,35,38930,1135,242,Yes,Yes,No,No
INF04174,COL0835,118,17,62,43209,1179,265,Yes,Yes,No,No
INF04175,COL0835,121,18,75,42906,1168,259,Yes,Yes,No,No
INF04176,COL0836,10,4,1,2947,123,390,Yes,Yes,Yes,Yes
INF04177,COL0836,10,4,2,3054,125,403,Yes,Yes,Yes,Yes
INF04178,COL0836,11,4,4,3125,127,457,Yes,Yes,Yes,Yes
INF04179,COL0836,11,4,4,3223,123,497,Yes,Yes,Yes,No
INF04180,COL0836,11,4,6,3532,136,527,Yes,Yes,Yes,Yes
INF04181,COL0837,41,21,7,11502,658,390,Yes,Yes,No,No
INF04182,COL0837,42,21,11,12017,670,402,Yes,Yes,No,No
INF04183,COL0837,44,23,18,12797,691,423,Yes,Yes,No,No
INF04184,COL0837,45,23,19,12753,663,457,Yes,Yes,No,No
INF04185,COL0837,44,23,19,13141,681,530,Yes,Yes,No,Yes
INF04186,COL0838,65,8,12,18448,1331,210,No,Yes,No,No
INF04187,COL0838,66,8,20,19102,1353,228,No,Yes,No,No
INF04188,COL0838,69,9,24,19956,1406,231,No,Yes,No,No
INF04189,COL0838,70,9,36,21295,1409,247,No,Yes,No,Yes
INF04190,COL0838,70,9,33,21393,1440,264,No,Yes,No,Yes
INF04191,COL0839,132,16,24,36959,0,450,Yes,Yes,No,No
INF04192,COL0839,135,16,33,38468,0,487,Yes,Yes,No,No
INF04193,COL0839,140,17,55,41035,0,506,Yes,Yes,No,Yes
INF04194,COL0839,147,18,55,42604,0,491,Yes,Yes,No,Yes
INF04195,COL0839,149,18,73,41094,0,515,Yes,Yes,No,No
INF04196,COL0840,116,14,21,28427,1017,270,No,Yes,No,No
INF04197,COL0840,120,15,31,29289,1039,292,No,Yes,No,No
INF04198,COL0840,120,15,49,31381,1019,297,No,Yes,No,No
INF04199,COL0840,129,16,61,30891,1090,334,No,Yes,No,Yes
INF04200,COL0840,132,16,75,34497,1083,347,No,Yes,No,No
INF04201,COL0841,14,8,3,3102,166,210,No,Yes,Yes,No
INF04202,COL0841,15,8,5,3234,168,219,No,Yes,Yes,No
INF04203,COL0841,15,8,6,3418,170,245,No,Yes,Yes,Yes
INF04204,COL0841,15,8,7,3456,180,241,No,Yes,Yes,Yes
INF04205,COL0841,15,8,7,3699,185,265,No,Yes,Yes,Yes
INF04206,COL0842,10,6,2,3265,0,90,Yes,Yes,No,No
INF04207,COL0842,10,6,3,3334,0,93,Yes,Yes,No,No
INF04208,COL0842,10,6,3,3588,0,98,Yes,Yes,No,No
INF04209,COL0842,10,6,6,3634,0,107,Yes,Yes,No,Yes
INF04210,COL0842,11,7,5,3593,0,115,Yes,Yes,No,No
INF04211,COL0843,30,5,2,7749,263,210,No,Yes,Yes,No
INF04212,COL0843,31,5,6,7946,268,218,No,Yes,Yes,Yes
INF04213,COL0843,32,5,10,8642,278,230,No,Yes,Yes,Yes
INF04214,COL0843,33,5,10,8963,285,232,No,Yes,Yes,Yes
INF04215,COL0843,33,6,20,8842,285,253,No,Yes,Yes,Yes
INF04216,COL0844,40,4,7,12550,513,270,No,Yes,No,No
INF04217,COL0844,41,4,11,12847,524,292,No,Yes,No,No
INF04218,COL0844,42,4,15,13654,536,305,No,Yes,No,No
INF04219,COL0844,42,4,21,13926,538,298,No,Yes,No,No
INF04220,COL0844,46,5,26,14364,574,374,No,Yes,No,No
INF04221,COL0845,78,10,14,18609,644,330,Yes,No,No,No
INF04222,COL0845,79,10,20,19629,655,347,Yes,No,No,No
INF04223,COL0845,82,10,28,19661,656,355,Yes,No,No,No
INF04224,COL0845,86,11,50,20213,671,387,Yes,No,No,No
INF04225,COL0845,88,11,51,20117,675,371,Yes,No,No,Yes
INF04226,COL0846,26,14,5,7162,267,150,No,Yes,No,No
INF04227,COL0846,26,14,7,7571,271,164,No,Yes,No,No
INF04228,COL0846,27,15,10,7901,269,175,No,Yes,No,Yes
INF04229,COL0846,29,15,15,7762,274,164,No,Yes,No,No
INF04230,COL0846,29,16,21,8229,291,175,No,Yes,No,No
INF04231,COL0847,46,9,8,7899,435,90,No,Yes,Yes,No
INF04232,COL0847,47,9,12,8222,446,95,No,Yes,Yes,No
INF04233,COL0847,47,9,21,8330,445,96,No,Yes,Yes,Yes
INF04234,COL0847,50,10,19,9091,457,98,No,Yes,Yes,No
INF04235,COL0847,49,10,26,9322,439,114,No,Yes,Yes,Yes
INF04236,COL0848,30,4,5,7446,509,270,Yes,Yes,No,No
INF04237,COL0848,31,4,8,7800,517,284,Yes,Yes,No,No
INF04238,COL0848,31,4,12,8028,515,300,Yes,Yes,No,No
INF04239,COL0848,32,4,13,8586,521,299,Yes,Yes,No,No
INF04240,COL0848,33,4,16,9011,568,344,Yes,Yes,No,No
INF04241,COL0849,55,22,10,18109,999,330,Yes,Yes,No,Yes
INF04242,COL0849,56,22,15,19172,1004,347,Yes,Yes,No,Yes
INF04243,COL0849,59,24,22,19060,1059,353,Yes,Yes,No,No
INF04244,COL0849,57,23,32,20335,1071,387,Yes,Yes,No,Yes
INF04245,COL0849,63,25,43,21950,1001,435,Yes,Yes,No,No
INF04246,COL0850,62,32,11,19213,1295,150,No,Yes,No,No
INF04247,COL0850,64,33,18,19900,1302,155,No,Yes,No,Yes
INF04248,COL0850,64,33,22,21018,1335,160,No,Yes,No,Yes
INF04249,COL0850,67,35,40,22431,1367,192,No,Yes,No,Yes
INF04250,COL0850,69,36,46,21869,1364,206,No,Yes,No,Yes
INF04251,COL0851,63,9,11,11561,0,390,No,Yes,No,No
INF04252,COL0851,65,9,16,12239,0,413,No,Yes,No,No
INF04253,COL0851,66,9,27,12826,0,451,No,Yes,No,No
INF04254,COL0851,65,9,38,12981,0,480,No,Yes,No,No
INF04255,COL0851,73,10,42,14310,0,489,No,Yes,No,No
INF04256,COL0852,25,12,4,9178,298,330,No,Yes,No,No
INF04257,COL0852,26,12,8,9490,306,349,No,Yes,No,Yes
INF04258,COL0852,26,12,10,10089,303,368,No,Yes,No,No
INF04259,COL0852,26,13,12,9815,315,384,No,Yes,No,No
INF04260,COL0852,27,13,15,10283,299,399,No,Yes,No,No
INF04261,COL0853,19,3,3,3764,261,90,No,Yes,Yes,No
INF04262,COL0853,19,3,5,3962,268,94,No,Yes,Yes,Yes
INF04263,COL0853,20,3,8,4027,264,102,No,Yes,Yes,No
INF04264,COL0853,21,3,10,4074,267,110,No,Yes,Yes,No
INF04265,COL0853,20,3,13,4091,286,124,No,Yes,Yes,Yes
INF04266,COL0854,25,3,2,9103,212,390,Yes,Yes,Yes,No
INF04267,COL0854,25,3,4,9369,216,416,Yes,Yes,Yes,No
INF04268,COL0854,26,3,6,9754,217,429,Yes,Yes,Yes,No
INF04269,COL0854,28,3,14,10080,213,460,Yes,Yes,Yes,Yes
INF04270,COL0854,29,3,11,10539,227,527,Yes,Yes,Yes,No
INF04271,COL0855,114,57,9,30012,745,330,Yes,Yes,Yes,Yes
INF04272,COL0855,118,59,20,31083,751,362,Yes,Yes,Yes,No
INF04273,COL0855,120,60,36,31698,756,359,Yes,Yes,Yes,No
INF04274,COL0855,122,61,39,32587,803,382,Yes,Yes,Yes,Yes
INF04275,COL0855,128,64,60,35246,747,449,Yes,Yes,Yes,No
INF04276,COL0856,71,12,6,18498,776,210,Yes,Yes,No,No
INF04277,COL0856,73,12,14,18957,780,219,Yes,Yes,No,No
INF04278,COL0856,74,13,16,19561,785,226,Yes,Yes,No,No
INF04279,COL0856,75,13,31,20764,823,242,Yes,Yes,No,No
INF04280,COL0856,82,14,50,20713,823,259,Yes,Yes,No,Yes
INF04281,COL0857,48,7,4,18751,650,450,Yes,Yes,Yes,Yes
INF04282,COL0857,49,7,8,19529,659,484,Yes,Yes,Yes,No
INF04283,COL0857,50,7,12,19517,683,493,Yes,Yes,Yes,No
INF04284,COL0857,50,7,24,20615,690,517,Yes,Yes,Yes,No
INF04285,COL0857,55,8,29,21689,698,569,Yes,Yes,Yes,Yes
INF04286,COL0858,18,3,1,7311,0,270,No,No,No,No
INF04287,COL0858,19,3,4,7735,0,297,No,No,No,No
INF04288,COL0858,19,3,6,8130,0,324,No,No,No,No
INF04289,COL0858,19,3,9,8602,0,296,No,No,No,No
INF04290,COL0858,20,3,6,8730,0,328,No,No,No,Yes
INF04291,COL0859,6,1,1,1657,0,330,No,Yes,No,No
INF04292,COL0859,6,1,2,1701,0,346,No,Yes,No,No
INF04293,COL0859,6,1,2,1724,0,361,No,Yes,No,No
INF04294,COL0859,7,1,3,1827,0,415,No,Yes,No,No
INF04295,COL0859,7,1,4,1845,0,385,No,Yes,No,Yes
INF04296,COL0860,8,4,1,2797,77,330,No,Yes,Yes,No
INF04297,COL0860,8,4,2,2955,79,347,No,Yes,Yes,No
INF04298,COL0860,8,4,3,3125,79,392,No,Yes,Yes,No
INF04299,COL0860,9,4,4,3138,83,390,No,Yes,Yes,No
INF04300,COL0860,9,5,5,3256,80,439,No,Yes,Yes,No
INF04301,COL0861,8,3,1,2497,0,270,No,Yes,No,No
INF04302,COL0861,8,3,2,2634,0,280,No,Yes,No,No
INF04303,COL0861,9,3,3,2690,0,302,No,Yes,No,No
INF04304,COL0861,9,3,5,2748,0,313,No,Yes,No,Yes
INF04305,COL0861,8,3,5,2927,0,357,No,Yes,No,No
INF04306,COL0862,12,2,1,5003,208,150,No,Yes,No,No
INF04307,COL0862,12,2,2,5130,211,157,No,Yes,No,No
INF04308,COL0862,12,2,3,5381,215,177,No,Yes,No,No
INF04309,COL0862,13,2,5,5783,215,193,No,Yes,No,Yes
INF04310,COL0862,13,2,8,5810,225,198,No,Yes,No,Yes
INF04311,COL0863,52,6,4,17993,976,450,Yes,Yes,No,No
INF04312,COL0863,54,6,11,18532,994,482,Yes,Yes,No,Yes
INF04313,COL0863,53,6,13,19189,1034,500,Yes,Yes,No,No
INF04314,COL0863,55,6,23,19971,1057,575,Yes,Yes,No,No
INF04315,COL0863,55,6,25,20001,1068,575,Yes,Yes,No,No
INF04316,COL0864,67,26,12,16027,794,450,Yes,Yes,No,No
INF04317,COL0864,70,27,20,16783,799,476,Yes,Yes,No,Yes
INF04318,COL0864,69,27,25,16813,807,517,Yes,Yes,No,Yes
INF04319,COL0864,75,29,42,17096,820,517,Yes,Yes,No,Yes
INF04320,COL0864,76,30,41,18905,873,546,Yes,Yes,No,No
INF04321,COL0865,102,20,8,28013,0,270,No,Yes,Yes,No
INF04322,COL0865,105,21,19,29450,0,285,No,Yes,Yes,Yes
INF04323,COL0865,110,22,35,29339,0,305,No,Yes,Yes,No
INF04324,COL0865,106,21,33,31286,0,315,No,Yes,Yes,Yes
INF04325,COL0865,112,22,47,30965,0,350,No,Yes,Yes,No
INF04326,COL0866,36,15,3,11781,0,330,No,No,No,No
INF04327,COL0866,37,16,8,12274,0,355,No,No,No,Yes
INF04328,COL0866,37,15,10,12997,0,375,No,No,No,No
INF04329,COL0866,37,16,13,12777,0,363,No,No,No,No
INF04330,COL0866,38,16,20,13081,0,432,No,No,No,Yes
INF04331,COL0867,48,7,9,9813,0,210,Yes,Yes,Yes,No
INF04332,COL0867,50,7,14,10251,0,224,Yes,Yes,Yes,No
INF04333,COL0867,52,8,20,10796,0,235,Yes,Yes,Yes,No
INF04334,COL0867,51,7,28,10723,0,266,Yes,Yes,Yes,Yes
INF04335,COL0867,50,7,25,11403,0,241,Yes,Yes,Yes,Yes
INF04336,COL0868,21,9,4,5698,167,390,Yes,Yes,No,No
INF04337,COL0868,21,9,5,5947,170,419,Yes,Yes,No,No
INF04338,COL0868,22,9,8,6316,173,428,Yes,Yes,No,Yes
INF04339,COL0868,23,10,12,6249,173,503,Yes,Yes,No,Yes
INF04340,COL0868,24,10,14,6795,183,464,Yes,Yes,No,Yes
INF04341,COL0869,40,5,7,7829,631,210,Yes,Yes,Yes,No
INF04342,COL0869,41,5,11,8297,649,224,Yes,Yes,Yes,Yes
INF04343,COL0869,43,5,14,8229,637,246,Yes,Yes,Yes,No
INF04344,COL0869,44,5,26,8905,663,241,Yes,Yes,Yes,Yes
INF04345,COL0869,46,6,23,8716,673,264,Yes,Yes,Yes,Yes
INF04346,COL0870,71,11,13,15285,0,210,Yes,Yes,Yes,No
INF04347,COL0870,72,11,21,16010,0,230,Yes,Yes,Yes,No
INF04348,COL0870,76,12,31,16693,0,242,Yes,Yes,Yes,No
INF04349,COL0870,76,12,42,17124,0,254,Yes,Yes,Yes,Yes
INF04350,COL0870,81,13,43,18586,0,243,Yes,Yes,Yes,Yes
INF04351,COL0871,76,12,14,17842,790,270,No,Yes,Yes,No
INF04352,COL0871,79,12,20,18243,813,281,No,Yes,Yes,No
INF04353,COL0871,80,13,30,18698,792,300,No,Yes,Yes,No
INF04354,COL0871,83,13,32,20991,857,314,No,Yes,Yes,Yes
INF04355,COL0871,82,13,44,19558,873,319,No,Yes,Yes,No
INF04356,COL0872,9,1,2,1863,135,90,Yes,Yes,Yes,No
INF04357,COL0872,9,1,2,1921,137,94,Yes,Yes,Yes,Yes
INF04358,COL0872,9,1,4,2057,136,103,Yes,Yes,Yes,No
INF04359,COL0872,9,1,4,2003,138,100,Yes,Yes,Yes,No
INF04360,COL0872,10,1,7,2286,147,115,Yes,Yes,Yes,Yes
INF04361,COL0873,6,3,1,1500,0,390,Yes,Yes,No,No
INF04362,COL0873,6,3,2,1582,0,419,Yes,Yes,No,No
INF04363,COL0873,6,3,2,1575,0,416,Yes,Yes,No,Yes
INF04364,COL0873,7,3,3,1750,0,437,Yes,Yes,No,No
INF04365,COL0873,7,3,4,1813,0,459,Yes,Yes,No,No
INF04366,COL0874,11,5,2,4095,0,270,Yes,Yes,Yes,No
INF04367,COL0874,11,5,3,4210,0,280,Yes,Yes,Yes,No
INF04368,COL0874,11,5,4,4396,0,292,Yes,Yes,Yes,No
INF04369,COL0874,12,5,5,4565,0,302,Yes,Yes,Yes,Yes
INF04370,COL0874,12,5,7,4733,0,307,Yes,Yes,Yes,Yes
INF04371,COL0875,52,18,4,18861,0,270,No,Yes,No,No
INF04372,COL0875,53,18,8,19372,0,291,No,Yes,No,Yes
INF04373,COL0875,54,19,18,20519,0,317,No,Yes,No,No
INF04374,COL0875,55,19,25,21293,0,307,No,Yes,No,No
INF04375,COL0875,56,19,29,21488,0,342,No,Yes,No,No
INF04376,COL0876,44,26,8,15700,496,330,Yes,Yes,Yes,No
INF04377,COL0876,45,26,13,16506,506,354,Yes,Yes,Yes,No
INF04378,COL0876,46,27,15,16371,519,353,Yes,Yes,Yes,No
INF04379,COL0876,47,28,20,17592,500,414,Yes,Yes,Yes,No
INF04380,COL0876,47,28,26,17873,554,392,Yes,Yes,Yes,Yes
INF04381,COL0877,30,13,5,8914,191,270,Yes,Yes,No,No
INF04382,COL0877,31,13,9,9145,191,293,Yes,Yes,No,No
INF04383,COL0877,31,13,10,9855,199,299,Yes,Yes,No,No
INF04384,COL0877,32,14,17,10310,207,343,Yes,Yes,No,No
INF04385,COL0877,33,14,19,10268,203,366,Yes,Yes,No,Yes
INF04386,COL0878,11,5,1,4877,173,150,Yes,Yes,No,Yes
INF04387,COL0878,11,5,2,4991,177,158,Yes,Yes,No,Yes
INF04388,COL0878,12,5,3,5302,177,180,Yes,Yes,No,Yes
INF04389,COL0878,11,5,4,5648,174,186,Yes,Yes,No,Yes
INF04390,COL0878,12,6,6,5991,190,205,Yes,Yes,No,No
INF04391,COL0879,136,14,24,38767,0,390,Yes,No,No,Yes
INF04392,COL0879,140,14,41,40202,0,420,Yes,No,No,No
INF04393,COL0879,142,15,56,42857,0,436,Yes,No,No,No
INF04394,COL0879,152,16,85,44152,0,490,Yes,No,No,No
INF04395,COL0879,142,15,85,45047,0,531,Yes,No,No,No
INF04396,COL0880,11,2,2,3049,0,270,No,Yes,No,No
INF04397,COL0880,11,2,3,3127,0,291,No,Yes,No,No
INF04398,COL0880,12,2,4,3377,0,311,No,Yes,No,No
INF04399,COL0880,12,2,7,3543,0,339,No,Yes,No,Yes
INF04400,COL0880,12,2,7,3633,0,341,No,Yes,No,No
INF04401,COL0881,16,8,3,4449,102,390,No,Yes,No,No
INF04402,COL0881,16,8,5,4683,103,406,No,Yes,No,No
INF04403,COL0881,17,9,8,4758,108,427,No,Yes,No,No
INF04404,COL0881,18,9,9,5141,109,485,No,Yes,No,No
INF04405,COL0881,17,9,7,5059,111,483,No,Yes,No,No
INF04406,COL0882,36,16,6,11093,601,450,Yes,Yes,Yes,No
INF04407,COL0882,37,17,12,11611,613,493,Yes,Yes,Yes,No
INF04408,COL0882,38,17,14,12073,628,514,Yes,Yes,Yes,Yes
INF04409,COL0882,38,17,14,11865,639,509,Yes,Yes,Yes,No
INF04410,COL0882,39,17,24,12244,609,606,Yes,Yes,Yes,Yes
INF04411,COL0883,18,9,1,6576,281,90,No,Yes,Yes,No
INF04412,COL0883,19,9,3,6769,284,95,No,Yes,Yes,No
INF04413,COL0883,19,9,4,7194,297,105,No,Yes,Yes,Yes
INF04414,COL0883,19,10,5,7411,303,106,No,Yes,Yes,No
INF04415,COL0883,19,10,8,7578,287,115,No,Yes,Yes,Yes
INF04416,COL0884,53,20,4,18956,0,270,Yes,Yes,No,No
INF04417,COL0884,55,21,11,19575,0,296,Yes,Yes,No,No
INF04418,COL0884,56,21,16,20996,0,289,Yes,Yes,No,Yes
INF04419,COL0884,55,21,16,20779,0,311,Yes,Yes,No,Yes
INF04420,COL0884,57,22,27,22582,0,308,Yes,Yes,No,Yes
INF04421,COL0885,37,7,7,6828,537,330,Yes,Yes,No,No
INF04422,COL0885,38,7,10,7019,546,342,Yes,Yes,No,No
INF04423,COL0885,39,7,18,7542,547,375,Yes,Yes,No,No
INF04424,COL0885,41,8,17,7994,550,404,Yes,Yes,No,No
INF04425,COL0885,39,7,25,7391,568,383,Yes,Yes,No,No
INF04426,COL0886,45,23,8,10858,759,390,Yes,Yes,No,No
INF04427,COL0886,46,24,12,11143,773,425,Yes,Yes,No,Yes
INF04428,COL0886,47,24,21,11475,782,430,Yes,Yes,No,No
INF04429,COL0886,47,24,21,12160,779,495,Yes,Yes,No,Yes
INF04430,COL0886,47,24,21,13425,836,482,Yes,Yes,No,No
INF04431,COL0887,103,41,8,29572,0,330,Yes,Yes,No,Yes
INF04432,COL0887,105,42,21,30364,0,355,Yes,Yes,No,No
INF04433,COL0887,105,42,35,30952,0,370,Yes,Yes,No,No
INF04434,COL0887,108,43,38,34586,0,423,Yes,Yes,No,No
INF04435,COL0887,119,47,70,33164,0,433,Yes,Yes,No,No
INF04436,COL0888,98,8,18,25096,1123,150,Yes,Yes,No,No
INF04437,COL0888,99,8,25,26514,1144,156,Yes,Yes,No,No
INF04438,COL0888,102,8,37,26183,1152,172,Yes,Yes,No,No
INF04439,COL0888,102,8,55,29334,1142,172,Yes,Yes,No,No
INF04440,COL0888,107,9,57,30330,1169,174,Yes,Yes,No,No
INF04441,COL0889,67,25,12,24405,0,90,No,Yes,No,No
INF04442,COL0889,69,26,18,25677,0,96,No,Yes,No,Yes
INF04443,COL0889,72,27,32,26637,0,97,No,Yes,No,Yes
INF04444,COL0889,72,27,42,26661,0,100,No,Yes,No,Yes
INF04445,COL0889,70,26,31,29542,0,125,No,Yes,No,No
INF04446,COL0890,89,13,7,17265,1493,270,No,Yes,No,Yes
INF04447,COL0890,92,13,17,17819,1521,284,No,Yes,No,No
INF04448,COL0890,96,14,25,18458,1500,297,No,Yes,No,No
INF04449,COL0890,95,14,46,19544,1545,308,No,Yes,No,No
INF04450,COL0890,96,14,49,18927,1664,334,No,Yes,No,No
INF04451,COL0891,46,28,4,18037,829,210,Yes,Yes,Yes,No
INF04452,COL0891,48,29,10,19038,834,220,Yes,Yes,Yes,No
INF04453,COL0891,49,30,10,18939,873,249,Yes,Yes,Yes,No
INF04454,COL0891,49,30,24,20151,847,233,Yes,Yes,Yes,No
INF04455,COL0891,48,29,18,20192,904,284,Yes,Yes,Yes,Yes
INF04456,COL0892,14,6,3,5093,0,90,No,Yes,Yes,No
INF04457,COL0892,14,6,4,5325,0,98,No,Yes,Yes,No
INF04458,COL0892,15,6,6,5318,0,102,No,Yes,Yes,No
INF04459,COL0892,16,7,8,5481,0,99,No,Yes,Yes,No
INF04460,COL0892,15,6,8,6061,0,101,No,Yes,Yes,No
INF04461,COL0893,6,1,1,1507,53,330,No,Yes,No,No
INF04462,COL0893,6,1,2,1591,54,350,No,Yes,No,No
INF04463,COL0893,6,1,2,1589,54,396,No,Yes,No,No
INF04464,COL0893,7,1,4,1702,54,382,No,Yes,No,No
INF04465,COL0893,6,1,4,1819,54,417,No,Yes,No,Yes
INF04466,COL0894,74,12,6,18419,0,270,No,Yes,No,No
INF04467,COL0894,76,12,16,19357,0,282,No,Yes,No,No
INF04468,COL0894,78,13,23,19260,0,289,No,Yes,No,No
INF04469,COL0894,80,13,24,19703,0,305,No,Yes,No,Yes
INF04470,COL0894,83,13,46,20913,0,364,No,Yes,No,No
INF04471,COL0895,75,26,14,22000,1200,150,Yes,Yes,No,No
INF04472,COL0895,77,27,23,22805,1209,163,Yes,Yes,No,No
INF04473,COL0895,80,28,36,23511,1259,172,Yes,Yes,No,No
INF04474,COL0895,82,29,35,23772,1263,192,Yes,Yes,No,Yes
INF04475,COL0895,80,28,55,24425,1247,169,Yes,Yes,No,Yes
INF04476,COL0896,61,9,11,12267,462,90,Yes,Yes,No,No
INF04477,COL0896,62,9,17,12687,475,97,Yes,Yes,No,No
INF04478,COL0896,62,9,19,12991,487,107,Yes,Yes,No,Yes
INF04479,COL0896,64,9,29,14036,495,114,Yes,Yes,No,Yes
INF04480,COL0896,70,10,30,14641,508,123,Yes,Yes,No,Yes
INF04481,COL0897,14,2,3,2910,215,150,Yes,Yes,No,No
INF04482,COL0897,14,2,4,2984,215,163,Yes,Yes,No,Yes
INF04483,COL0897,15,2,7,3125,221,175,Yes,Yes,No,No
INF04484,COL0897,15,2,7,3378,234,170,Yes,Yes,No,Yes
INF04485,COL0897,15,2,9,3330,216,209,Yes,Yes,No,Yes
INF04486,COL0898,13,2,2,4676,191,210,No,Yes,Yes,No
INF04487,COL0898,13,2,4,4794,193,224,No,Yes,Yes,No
INF04488,COL0898,13,2,4,4880,202,238,No,Yes,Yes,Yes
INF04489,COL0898,14,2,7,5207,194,264,No,Yes,Yes,No
INF04490,COL0898,14,2,9,5408,191,289,No,Yes,Yes,No
INF04491,COL0899,11,1,2,4495,0,270,Yes,Yes,No,No
INF04492,COL0899,11,1,3,4597,0,290,Yes,Yes,No,Yes
INF04493,COL0899,11,1,4,4795,0,314,Yes,Yes,No,No
INF04494,COL0899,11,1,6,5175,0,351,Yes,Yes,No,No
INF04495,COL0899,12,1,6,5545,0,334,Yes,Yes,No,No
INF04496,COL0900,8,3,1,2788,0,150,No,Yes,No,No
INF04497,COL0900,8,3,2,2899,0,159,No,Yes,No,No
INF04498,COL0900,8,3,2,3011,0,169,No,Yes,No,Yes
INF04499,COL0900,9,3,5,2983,0,194,No,Yes,No,Yes
INF04500,COL0900,9,3,6,3083,0,180,No,Yes,No,No
INF04501,COL0901,9,1,2,2504,130,150,No,Yes,No,No
INF04502,COL0901,9,1,3,2652,133,161,No,Yes,No,No
INF04503,COL0901,9,1,4,2763,134,166,No,Yes,No,No
INF04504,COL0901,10,1,4,2825,136,188,No,Yes,No,Yes
INF04505,COL0901,10,1,7,2718,143,206,No,Yes,No,No
INF04506,COL0902,6,1,1,1537,58,270,No,Yes,Yes,No
INF04507,COL0902,6,1,2,1596,58,291,No,Yes,Yes,No
INF04508,COL0902,6,1,2,1641,59,299,No,Yes,Yes,No
INF04509,COL0902,6,1,3,1636,63,337,No,Yes,Yes,No
INF04510,COL0902,7,1,4,1832,62,340,No,Yes,Yes,No
INF04511,COL0903,6,3,1,3074,90,210,Yes,Yes,No,Yes
INF04512,COL0903,6,3,2,3229,90,217,Yes,Yes,No,Yes
INF04513,COL0903,6,3,2,3287,94,237,Yes,Yes,No,No
INF04514,COL0903,6,3,4,3267,93,260,Yes,Yes,No,No
INF04515,COL0903,7,3,4,3446,100,251,Yes,Yes,No,Yes
INF04516,COL0904,153,27,12,46308,1175,270,Yes,Yes,No,Yes
INF04517,COL0904,157,28,23,47763,1203,284,Yes,Yes,No,Yes
INF04518,COL0904,158,28,39,49554,1212,302,Yes,Yes,No,No
INF04519,COL0904,170,30,71,50511,1247,340,Yes,Yes,No,No
INF04520,COL0904,171,30,58,55926,1314,320,Yes,Yes,No,No
INF04521,COL0905,17,8,1,10945,0,150,No,Yes,Yes,Yes
INF04522,COL0905,18,8,3,11205,0,159,No,Yes,Yes,No
INF04523,COL0905,18,8,4,12096,0,178,No,Yes,Yes,No
INF04524,COL0905,19,9,5,12636,0,169,No,Yes,Yes,Yes
INF04525,COL0905,18,8,10,11920,0,178,No,Yes,Yes,Yes
INF04526,COL0906,58,24,10,19970,0,210,No,Yes,No,No
INF04527,COL0906,59,24,15,20888,0,219,No,Yes,No,Yes
INF04528,COL0906,62,26,21,21786,0,226,No,Yes,No,No
INF04529,COL0906,64,27,33,21235,0,229,No,Yes,No,Yes
INF04530,COL0906,65,27,41,22219,0,281,No,Yes,No,Yes
INF04531,COL0907,6,1,0,2549,0,150,No,Yes,No,No
INF04532,COL0907,6,1,1,2679,0,156,No,Yes,No,No
INF04533,COL0907,6,1,2,2787,0,172,No,Yes,No,No
INF04534,COL0907,6,1,3,2828,0,186,No,Yes,No,No
INF04535,COL0907,7,1,3,2838,0,200,No,Yes,No,No
INF04536,COL0908,90,18,16,19854,852,210,Yes,Yes,No,Yes
INF04537,COL0908,91,18,26,20722,865,228,Yes,Yes,No,No
INF04538,COL0908,97,19,41,21647,861,248,Yes,Yes,No,No
INF04539,COL0908,95,19,55,22227,890,231,Yes,Yes,No,No
INF04540,COL0908,95,19,61,24275,935,283,Yes,Yes,No,Yes
INF04541,COL0909,12,2,2,5048,163,390,Yes,Yes,No,Yes
INF04542,COL0909,12,2,4,5159,166,402,Yes,Yes,No,No
INF04543,COL0909,13,2,5,5471,170,420,Yes,Yes,No,No
INF04544,COL0909,13,2,7,5652,175,474,Yes,Yes,No,No
INF04545,COL0909,13,2,9,6151,170,508,Yes,Yes,No,No
INF04546,COL0910,16,1,3,4470,153,150,Yes,Yes,No,No
INF04547,COL0910,17,1,5,4585,154,161,Yes,Yes,No,Yes
INF04548,COL0910,17,1,6,4697,161,173,Yes,Yes,No,Yes
INF04549,COL0910,17,1,7,5106,156,188,Yes,Yes,No,No
INF04550,COL0910,18,1,9,5314,164,197,Yes,Yes,No,Yes
INF04551,COL0911,57,27,10,15553,0,150,No,Yes,No,No
INF04552,COL0911,59,28,17,16316,0,158,No,Yes,No,No
INF04553,COL0911,60,29,25,16616,0,172,No,Yes,No,No
INF04554,COL0911,62,30,35,16810,0,186,No,Yes,No,No
INF04555,COL0911,63,30,44,18492,0,204,No,Yes,No,No
INF04556,COL0912,22,8,4,6932,0,270,No,Yes,Yes,No
INF04557,COL0912,22,8,6,7325,0,283,No,Yes,Yes,Yes
INF04558,COL0912,23,8,11,7364,0,321,No,Yes,Yes,No
INF04559,COL0912,23,9,9,7807,0,307,No,Yes,Yes,Yes
INF04560,COL0912,23,8,10,7494,0,313,No,Yes,Yes,No
INF04561,COL0913,29,5,2,8243,0,270,Yes,Yes,No,No
INF04562,COL0913,30,5,6,8546,0,287,Yes,Yes,No,Yes
INF04563,COL0913,30,5,7,9034,0,294,Yes,Yes,No,No
INF04564,COL0913,32,6,16,9189,0,336,Yes,Yes,No,Yes
INF04565,COL0913,32,5,20,9704,0,361,Yes,Yes,No,Yes
INF04566,COL0914,66,39,12,10444,433,150,Yes,Yes,No,No
INF04567,COL0914,68,40,21,11059,437,164,Yes,Yes,No,No
INF04568,COL0914,68,40,30,11260,434,161,Yes,Yes,No,Yes
INF04569,COL0914,71,42,35,11153,434,178,Yes,Yes,No,No
INF04570,COL0914,76,45,33,12320,457,203,Yes,Yes,No,No
INF04571,COL0915,23,9,4,6003,0,210,Yes,No,No,No
INF04572,COL0915,24,9,7,6363,0,225,Yes,No,No,No
INF04573,COL0915,24,10,9,6441,0,244,Yes,No,No,Yes
INF04574,COL0915,24,9,10,6383,0,258,Yes,No,No,No
INF04575,COL0915,26,10,19,6600,0,270,Yes,No,No,No
INF04576,COL0916,27,3,5,7368,0,150,Yes,Yes,No,No
INF04577,COL0916,28,3,8,7794,0,156,Yes,Yes,No,No
INF04578,COL0916,29,3,9,7761,0,159,Yes,Yes,No,No
INF04579,COL0916,29,3,11,8194,0,164,Yes,Yes,No,No
INF04580,COL0916,31,3,18,7971,0,208,Yes,Yes,No,No
INF04581,COL0917,93,38,17,13761,0,210,Yes,Yes,No,No
INF04582,COL0917,97,40,28,14353,0,218,Yes,Yes,No,No
INF04583,COL0917,97,39,42,14793,0,249,Yes,Yes,No,Yes
INF04584,COL0917,101,41,53,14798,0,237,Yes,Yes,No,Yes
INF04585,COL0917,101,41,60,15137,0,280,Yes,Yes,No,Yes
INF04586,COL0918,34,7,6,7418,567,210,No,Yes,Yes,No
INF04587,COL0918,35,7,11,7821,569,230,No,Yes,Yes,No
INF04588,COL0918,37,8,15,8241,600,236,No,Yes,Yes,No
INF04589,COL0918,38,8,19,8644,593,247,No,Yes,Yes,No
INF04590,COL0918,39,8,28,9135,597,267,No,Yes,Yes,No
INF04591,COL0919,42,16,3,16168,508,330,Yes,No,No,No
INF04592,COL0919,43,16,8,16538,517,344,Yes,No,No,No
INF04593,COL0919,43,16,14,17276,524,381,Yes,No,No,Yes
INF04594,COL0919,47,18,23,19052,509,390,Yes,No,No,No
INF04595,COL0919,45,17,21,18986,512,406,Yes,No,No,Yes
INF04596,COL0920,100,13,18,27023,0,450,No,Yes,No,No
INF04597,COL0920,104,13,26,28593,0,494,No,Yes,No,No
INF04598,COL0920,103,13,37,30030,0,539,No,Yes,No,No
INF04599,COL0920,104,14,44,28731,0,564,No,Yes,No,No
INF04600,COL0920,110,14,66,32590,0,519,No,Yes,No,Yes
INF04601,COL0921,6,1,1,2971,0,390,Yes,Yes,No,No
INF04602,COL0921,6,1,1,3144,0,403,Yes,Yes,No,No
INF04603,COL0921,6,1,3,3322,0,458,Yes,Yes,No,No
INF04604,COL0921,7,1,3,3333,0,461,Yes,Yes,No,No
INF04605,COL0921,6,1,4,3495,0,531,Yes,Yes,No,No
INF04606,COL0922,16,9,3,3429,323,390,Yes,Yes,Yes,Yes
INF04607,COL0922,16,9,5,3598,333,420,Yes,Yes,Yes,No
INF04608,COL0922,17,9,6,3686,335,449,Yes,Yes,Yes,No
INF04609,COL0922,17,10,8,3924,348,461,Yes,Yes,Yes,No
INF04610,COL0922,18,10,12,4142,352,528,Yes,Yes,Yes,Yes
INF04611,COL0923,6,3,1,2201,0,390,No,Yes,No,No
INF04612,COL0923,6,3,2,2298,0,415,No,Yes,No,No
INF04613,COL0923,6,3,2,2390,0,418,No,Yes,No,Yes
INF04614,COL0923,6,3,2,2563,0,493,No,Yes,No,No
INF04615,COL0923,7,3,5,2420,0,498,No,Yes,No,Yes
INF04616,COL0924,26,5,2,9129,0,210,No,Yes,Yes,No
INF04617,COL0924,27,5,5,9614,0,220,No,Yes,Yes,No
INF04618,COL0924,27,5,8,9779,0,231,No,Yes,Yes,No
INF04619,COL0924,28,5,9,9769,0,233,No,Yes,Yes,No
INF04620,COL0924,29,6,13,10813,0,264,No,Yes,Yes,No
INF04621,COL0925,66,31,12,21783,1187,210,Yes,Yes,No,No
INF04622,COL0925,67,32,20,22729,1218,221,Yes,Yes,No,No
INF04623,COL0925,68,32,24,23155,1224,241,Yes,Yes,No,Yes
INF04624,COL0925,72,34,35,25694,1219,250,Yes,Yes,No,Yes
INF04625,COL0925,70,33,39,25920,1286,268,Yes,Yes,No,Yes
INF04626,COL0926,16,8,3,4897,0,150,Yes,Yes,No,No
INF04627,COL0926,17,8,4,5002,0,156,Yes,Yes,No,No
INF04628,COL0926,17,8,5,5128,0,174,Yes,Yes,No,No
INF04629,COL0926,18,9,8,5673,0,192,Yes,Yes,No,Yes
INF04630,COL0926,17,8,12,5495,0,169,Yes,Yes,No,Yes
INF04631,COL0927,12,5,2,3264,0,390,Yes,Yes,Yes,No
INF04632,COL0927,12,5,3,3454,0,407,Yes,Yes,Yes,Yes
INF04633,COL0927,13,5,5,3537,0,449,Yes,Yes,Yes,No
INF04634,COL0927,13,6,7,3588,0,504,Yes,Yes,Yes,No
INF04635,COL0927,14,6,8,3983,0,509,Yes,Yes,Yes,Yes
INF04636,COL0928,23,12,4,7592,317,330,Yes,Yes,No,Yes
INF04637,COL0928,24,12,7,7778,324,359,Yes,Yes,No,Yes
INF04638,COL0928,25,13,11,8082,330,372,Yes,Yes,No,Yes
INF04639,COL0928,24,13,13,8671,321,397,Yes,Yes,No,Yes
INF04640,COL0928,25,13,11,9373,334,412,Yes,Yes,No,Yes
INF04641,COL0929,21,12,4,4677,403,330,Yes,No,No,Yes
INF04642,COL0929,22,12,7,4927,415,344,Yes,No,No,Yes
INF04643,COL0929,22,12,7,5154,418,387,Yes,No,No,Yes
INF04644,COL0929,23,13,13,5368,433,386,Yes,No,No,Yes
INF04645,COL0929,24,14,13,5188,422,373,Yes,No,No,Yes
INF04646,COL0930,8,1,1,3462,0,210,No,Yes,No,No
INF04647,COL0930,8,1,2,3620,0,221,No,Yes,No,No
INF04648,COL0930,8,1,3,3679,0,242,No,Yes,No,No
INF04649,COL0930,8,1,5,3890,0,237,No,Yes,No,No
INF04650,COL0930,8,1,4,3747,0,291,No,Yes,No,No
INF04651,COL0931,55,6,10,12195,0,270,Yes,Yes,No,No
INF04652,COL0931,56,6,14,12741,0,287,Yes,Yes,No,Yes
INF04653,COL0931,58,6,20,13003,0,312,Yes,Yes,No,No
INF04654,COL0931,57,6,32,13621,0,331,Yes,Yes,No,Yes
INF04655,COL0931,60,6,30,13947,0,335,Yes,Yes,No,Yes
INF04656,COL0932,87,35,16,19067,1514,90,Yes,Yes,No,No
INF04657,COL0932,90,36,23,19651,1516,96,Yes,Yes,No,Yes
INF04658,COL0932,89,36,28,20808,1537,98,Yes,Yes,No,No
INF04659,COL0932,95,38,47,21210,1630,107,Yes,Yes,No,Yes
INF04660,COL0932,97,39,68,22131,1662,123,Yes,Yes,No,Yes
INF04661,COL0933,33,6,6,8654,0,390,No,Yes,No,No
INF04662,COL0933,34,6,10,9100,0,410,No,Yes,No,No
INF04663,COL0933,34,6,12,9125,0,457,No,Yes,No,Yes
INF04664,COL0933,37,7,15,9357,0,493,No,Yes,No,No
INF04665,COL0933,38,7,25,9797,0,447,No,Yes,No,Yes
INF04666,COL0934,6,1,1,1767,0,150,No,Yes,Yes,No
INF04667,COL0934,6,1,2,1872,0,162,No,Yes,Yes,No
INF04668,COL0934,6,1,2,1968,0,179,No,Yes,Yes,No
INF04669,COL0934,6,1,3,1971,0,165,No,Yes,Yes,No
INF04670,COL0934,7,1,5,2169,0,181,No,Yes,Yes,No
INF04671,COL0935,69,13,6,14745,0,390,Yes,Yes,Yes,No
INF04672,COL0935,71,13,12,15605,0,427,Yes,Yes,Yes,No
INF04673,COL0935,72,13,19,15822,0,440,Yes,Yes,Yes,No
INF04674,COL0935,73,14,27,15679,0,449,Yes,Yes,Yes,No
INF04675,COL0935,77,15,30,17604,0,526,Yes,Yes,Yes,Yes
INF04676,COL0936,20,3,2,7316,0,390,Yes,Yes,No,No
INF04677,COL0936,20,3,4,7684,0,424,Yes,Yes,No,No
INF04678,COL0936,21,3,7,8189,0,435,Yes,Yes,No,No
INF04679,COL0936,21,3,10,8072,0,473,Yes,Yes,No,Yes
INF04680,COL0936,22,3,7,8988,0,537,Yes,Yes,No,No
INF04681,COL0937,22,9,4,6765,196,390,No,Yes,No,Yes
INF04682,COL0937,22,9,6,7149,201,419,No,Yes,No,Yes
INF04683,COL0937,23,10,8,7250,197,416,No,Yes,No,Yes
INF04684,COL0937,24,10,10,7321,197,494,No,Yes,No,Yes
INF04685,COL0937,25,10,12,7945,196,452,No,Yes,No,No
INF04686,COL0938,41,7,3,12597,0,270,Yes,Yes,Yes,No
INF04687,COL0938,42,7,9,13130,0,279,Yes,Yes,Yes,No
INF04688,COL0938,43,7,13,13917,0,294,Yes,Yes,Yes,Yes
INF04689,COL0938,44,8,17,13674,0,351,Yes,Yes,Yes,Yes
INF04690,COL0938,45,8,21,14862,0,306,Yes,Yes,Yes,No
INF04691,COL0939,45,19,8,10512,0,90,No,Yes,Yes,No
INF04692,COL0939,46,19,13,10789,0,97,No,Yes,Yes,No
INF04693,COL0939,48,20,18,11215,0,98,No,Yes,Yes,No
INF04694,COL0939,48,20,24,12143,0,105,No,Yes,Yes,No
INF04695,COL0939,51,22,25,12889,0,104,No,Yes,Yes,Yes
INF04696,COL0940,76,36,14,23354,1306,210,Yes,Yes,No,Yes
INF04697,COL0940,78,37,20,24417,1344,229,Yes,Yes,No,No
INF04698,COL0940,78,37,28,26039,1363,231,Yes,Yes,No,Yes
INF04699,COL0940,82,39,49,27194,1365,246,Yes,Yes,No,No
INF04700,COL0940,86,41,57,27821,1454,291,Yes,Yes,No,No
INF04701,COL0941,42,8,3,11444,606,450,No,Yes,No,No
INF04702,COL0941,43,8,6,11978,621,472,No,Yes,No,No
INF04703,COL0941,43,8,13,12697,626,511,No,Yes,No,Yes
INF04704,COL0941,45,9,14,12775,650,546,No,Yes,No,No
INF04705,COL0941,48,9,18,14127,663,580,No,Yes,No,No
INF04706,COL0942,32,18,3,7861,0,330,Yes,Yes,No,Yes
INF04707,COL0942,32,18,6,8133,0,345,Yes,Yes,No,No
INF04708,COL0942,33,19,11,8576,0,381,Yes,Yes,No,No
INF04709,COL0942,34,19,9,8855,0,365,Yes,Yes,No,No
INF04710,COL0942,34,19,12,9238,0,409,Yes,Yes,No,Yes
INF04711,COL0943,12,5,2,3182,0,150,No,Yes,Yes,No
INF04712,COL0943,12,5,3,3259,0,161,No,Yes,Yes,No
INF04713,COL0943,13,5,6,3405,0,166,No,Yes,Yes,No
INF04714,COL0943,13,5,7,3731,0,190,No,Yes,Yes,No
INF04715,COL0943,13,5,6,3876,0,206,No,Yes,Yes,No
INF04716,COL0944,13,5,2,4045,183,270,No,Yes,Yes,No
INF04717,COL0944,13,5,4,4135,187,290,No,Yes,Yes,No
INF04718,COL0944,14,5,6,4383,186,314,No,Yes,Yes,No
INF04719,COL0944,14,5,6,4387,194,301,No,Yes,Yes,Yes
INF04720,COL0944,14,5,9,4828,198,316,No,Yes,Yes,No
INF04721,COL0945,29,15,5,5811,0,150,Yes,Yes,No,Yes
INF04722,COL0945,30,15,8,6050,0,164,Yes,Yes,No,Yes
INF04723,COL0945,31,16,12,6056,0,175,Yes,Yes,No,Yes
INF04724,COL0945,31,16,12,6720,0,195,Yes,Yes,No,Yes
INF04725,COL0945,33,17,20,6961,0,208,Yes,Yes,No,Yes
INF04726,COL0946,17,2,3,5425,0,150,No,Yes,No,No
INF04727,COL0946,18,2,6,5579,0,163,No,Yes,No,No
INF04728,COL0946,18,2,6,5728,0,172,No,Yes,No,Yes
INF04729,COL0946,18,2,9,5768,0,174,No,Yes,No,Yes
INF04730,COL0946,19,2,11,6001,0,180,No,Yes,No,No
INF04731,COL0947,19,2,3,5334,0,150,No,Yes,No,No
INF04732,COL0947,20,2,6,5513,0,160,No,Yes,No,No
INF04733,COL0947,20,2,6,5760,0,162,No,Yes,No,Yes
INF04734,COL0947,21,2,13,5809,0,186,No,Yes,No,No
INF04735,COL0947,21,2,10,6349,0,206,No,Yes,No,Yes
INF04736,COL0948,69,26,12,13794,746,390,Yes,Yes,No,Yes
INF04737,COL0948,70,27,17,14329,752,421,Yes,Yes,No,No
INF04738,COL0948,74,28,31,14854,758,450,Yes,Yes,No,Yes
INF04739,COL0948,76,29,35,15343,773,467,Yes,Yes,No,Yes
INF04740,COL0948,77,29,36,17006,820,523,Yes,Yes,No,Yes
INF04741,COL0949,33,3,6,11315,462,270,Yes,No,Yes,No
INF04742,COL0949,34,3,9,11901,468,286,Yes,No,Yes,No
INF04743,COL0949,35,3,12,12010,463,301,Yes,No,Yes,No
INF04744,COL0949,36,3,20,12605,465,312,Yes,No,Yes,No
INF04745,COL0949,38,3,22,13666,470,312,Yes,No,Yes,Yes
INF04746,COL0950,11,6,2,2576,0,210,No,Yes,No,No
INF04747,COL0950,11,6,3,2699,0,224,No,Yes,No,No
INF04748,COL0950,12,6,5,2753,0,237,No,Yes,No,Yes
INF04749,COL0950,12,6,5,2918,0,271,No,Yes,No,Yes
INF04750,COL0950,12,7,8,3150,0,272,No,Yes,No,Yes
INF04751,COL0951,58,21,5,20376,927,330,Yes,Yes,No,No
INF04752,COL0951,60,22,10,21373,946,349,Yes,Yes,No,Yes
INF04753,COL0951,60,22,13,22386,952,369,Yes,Yes,No,Yes
INF04754,COL0951,65,23,24,22414,946,428,Yes,Yes,No,Yes
INF04755,COL0951,62,23,20,23279,1022,384,Yes,Yes,No,Yes
INF04756,COL0952,50,6,9,8564,0,210,No,Yes,Yes,No
INF04757,COL0952,51,6,13,9033,0,224,No,Yes,Yes,Yes
INF04758,COL0952,52,6,19,8929,0,231,No,Yes,Yes,Yes
INF04759,COL0952,55,7,21,10011,0,258,No,Yes,Yes,Yes
INF04760,COL0952,54,6,28,9451,0,240,No,Yes,Yes,Yes
INF04761,COL0953,27,4,5,6693,198,330,No,Yes,Yes,No
INF04762,COL0953,27,4,7,6870,204,342,No,Yes,Yes,No
INF04763,COL0953,29,4,12,7054,203,361,No,Yes,Yes,Yes
INF04764,COL0953,29,4,14,7450,211,377,No,Yes,Yes,Yes
INF04765,COL0953,30,4,19,7794,216,415,No,Yes,Yes,No
INF04766,COL0954,80,33,14,12148,1000,150,Yes,No,Yes,No
INF04767,COL0954,81,34,22,12617,1005,164,Yes,No,Yes,Yes
INF04768,COL0954,83,34,26,13338,1015,161,Yes,No,Yes,No
INF04769,COL0954,89,37,37,13574,1074,184,Yes,No,Yes,Yes
INF04770,COL0954,85,35,41,13212,1009,202,Yes,No,Yes,Yes
INF04771,COL0955,17,8,3,4938,224,210,Yes,Yes,Yes,Yes
INF04772,COL0955,18,8,4,5217,229,225,Yes,Yes,Yes,Yes
INF04773,COL0955,18,8,7,5471,225,230,Yes,Yes,Yes,No
INF04774,COL0955,18,8,10,5423,244,235,Yes,Yes,Yes,Yes
INF04775,COL0955,18,8,13,5935,250,246,Yes,Yes,Yes,Yes
INF04776,COL0956,12,6,2,4582,110,210,No,Yes,No,No
INF04777,COL0956,12,6,3,4758,111,222,No,Yes,No,No
INF04778,COL0956,13,6,6,4950,110,230,No,Yes,No,Yes
INF04779,COL0956,12,6,5,5318,114,235,No,Yes,No,No
INF04780,COL0956,13,6,7,5129,122,285,No,Yes,No,Yes
INF04781,COL0957,18,3,3,5235,0,150,No,Yes,No,No
INF04782,COL0957,19,3,6,5487,0,161,No,Yes,No,No
INF04783,COL0957,19,3,7,5653,0,171,No,Yes,No,No
INF04784,COL0957,20,3,10,6072,0,176,No,Yes,No,No
INF04785,COL0957,20,3,13,5737,0,183,No,Yes,No,Yes
INF04786,COL0958,36,19,3,7773,597,90,Yes,Yes,No,No
INF04787,COL0958,37,20,7,8228,597,95,Yes,Yes,No,No
INF04788,COL0958,37,20,9,8375,598,107,Yes,Yes,No,No
INF04789,COL0958,40,21,18,8321,613,100,Yes,Yes,No,Yes
INF04790,COL0958,40,21,18,9438,604,108,Yes,Yes,No,Yes
INF04791,COL0959,90,16,7,23259,0,270,No,Yes,No,No
INF04792,COL0959,92,16,19,24435,0,296,No,Yes,No,No
INF04793,COL0959,96,17,30,24966,0,312,No,Yes,No,No
INF04794,COL0959,99,18,37,25278,0,344,No,Yes,No,Yes
INF04795,COL0959,102,18,59,26432,0,372,No,Yes,No,Yes
INF04796,COL0960,66,26,12,13806,772,390,Yes,Yes,Yes,Yes
INF04797,COL0960,68,27,20,14583,785,419,Yes,Yes,Yes,No
INF04798,COL0960,71,28,25,14537,790,456,Yes,Yes,Yes,Yes
INF04799,COL0960,73,29,43,15568,776,429,Yes,Yes,Yes,Yes
INF04800,COL0960,73,29,37,15877,796,443,Yes,Yes,Yes,Yes
INF04801,COL0961,45,17,8,9903,444,390,No,Yes,Yes,No
INF04802,COL0961,46,17,12,10165,445,409,No,Yes,Yes,Yes
INF04803,COL0961,47,18,15,10514,448,441,No,Yes,Yes,No
INF04804,COL0961,47,18,20,10982,468,431,No,Yes,Yes,No
INF04805,COL0961,48,18,22,10980,463,479,No,Yes,Yes,No
INF04806,COL0962,68,35,12,22187,608,390,Yes,Yes,No,No
INF04807,COL0962,69,36,19,22962,618,409,Yes,Yes,No,Yes
INF04808,COL0962,71,37,30,23838,633,450,Yes,Yes,No,No
INF04809,COL0962,76,39,29,24773,611,470,Yes,Yes,No,Yes
INF04810,COL0962,78,40,34,24815,661,482,Yes,Yes,No,No
INF04811,COL0963,21,12,4,6501,0,150,No,No,Yes,Yes
INF04812,COL0963,21,12,7,6660,0,158,No,No,Yes,No
INF04813,COL0963,22,12,8,7145,0,161,No,No,Yes,No
INF04814,COL0963,22,13,11,7339,0,175,No,No,Yes,Yes
INF04815,COL0963,22,13,14,7802,0,176,No,No,Yes,Yes
INF04816,COL0964,11,2,2,2618,0,330,No,Yes,Yes,No
INF04817,COL0964,11,2,3,2754,0,340,No,Yes,Yes,No
INF04818,COL0964,12,2,4,2932,0,384,No,Yes,Yes,No
INF04819,COL0964,12,2,6,2824,0,424,No,Yes,Yes,No
INF04820,COL0964,12,2,6,3240,0,437,No,Yes,Yes,Yes
INF04821,COL0965,33,17,6,9642,340,270,No,Yes,Yes,No
INF04822,COL0965,34,18,11,10030,345,282,No,Yes,Yes,Yes
INF04823,COL0965,34,18,11,10232,351,323,No,Yes,Yes,No
INF04824,COL0965,36,18,21,11052,349,348,No,Yes,Yes,No
INF04825,COL0965,38,20,21,11532,343,350,No,Yes,Yes,No
INF04826,COL0966,19,2,2,6578,212,210,No,Yes,Yes,No
INF04827,COL0966,19,2,4,6934,215,224,No,Yes,Yes,No
INF04828,COL0966,20,2,7,7256,218,237,No,Yes,Yes,No
INF04829,COL0966,21,2,9,7071,219,259,No,Yes,Yes,No
INF04830,COL0966,21,2,11,7897,216,260,No,Yes,Yes,No
INF04831,COL0967,26,9,2,5873,0,270,Yes,Yes,No,No
INF04832,COL0967,26,9,5,6001,0,283,Yes,Yes,No,No
INF04833,COL0967,27,9,7,6459,0,308,Yes,Yes,No,Yes
INF04834,COL0967,28,10,8,6849,0,314,Yes,Yes,No,Yes
INF04835,COL0967,28,10,12,6951,0,357,Yes,Yes,No,No
INF04836,COL0968,101,11,18,20292,1902,210,Yes,Yes,No,No
INF04837,COL0968,103,11,31,20787,1950,221,Yes,Yes,No,No
INF04838,COL0968,104,11,38,22012,1936,240,Yes,Yes,No,Yes
INF04839,COL0968,106,12,62,22091,2011,240,Yes,Yes,No,Yes
INF04840,COL0968,116,13,60,24174,2109,242,Yes,Yes,No,Yes
INF04841,COL0969,70,32,6,15071,815,390,Yes,Yes,No,No
INF04842,COL0969,72,33,15,15910,834,417,Yes,Yes,No,No
INF04843,COL0969,74,34,21,16308,855,445,Yes,Yes,No,No
INF04844,COL0969,78,36,34,16129,831,460,Yes,Yes,No,Yes
INF04845,COL0969,77,35,26,17985,901,479,Yes,Yes,No,No
INF04846,COL0970,51,6,9,12365,387,330,No,No,Yes,No
INF04847,COL0970,52,6,15,12895,392,352,No,No,Yes,No
INF04848,COL0970,54,6,16,13378,392,381,No,No,Yes,No
INF04849,COL0970,54,6,21,13393,399,388,No,No,Yes,No
INF04850,COL0970,57,7,30,14254,421,406,No,No,Yes,Yes
INF04851,COL0971,93,40,17,17079,0,210,Yes,Yes,No,No
INF04852,COL0971,95,41,27,17905,0,221,Yes,Yes,No,No
INF04853,COL0971,97,42,41,18206,0,243,Yes,Yes,No,Yes
INF04854,COL0971,99,42,45,18341,0,252,Yes,Yes,No,No
INF04855,COL0971,97,42,48,21111,0,235,Yes,Yes,No,No
INF04856,COL0972,7,1,1,6093,59,330,No,Yes,No,No
INF04857,COL0972,7,1,1,6234,60,351,No,Yes,No,No
INF04858,COL0972,7,1,2,6524,61,360,No,Yes,No,No
INF04859,COL0972,7,1,2,6512,61,377,No,Yes,No,No
INF04860,COL0972,8,1,3,6590,64,388,No,Yes,No,No
INF04861,COL0973,6,1,1,2905,74,450,Yes,Yes,Yes,No
INF04862,COL0973,6,1,2,3074,75,474,Yes,Yes,Yes,Yes
INF04863,COL0973,6,1,2,3209,75,526,Yes,Yes,Yes,No
INF04864,COL0973,6,1,3,3238,79,497,Yes,Yes,Yes,No
INF04865,COL0973,6,1,3,3534,79,541,Yes,Yes,Yes,Yes
INF04866,COL0974,13,7,2,4361,0,210,No,Yes,No,No
INF04867,COL0974,13,7,4,4491,0,227,No,Yes,No,No
INF04868,COL0974,14,7,5,4656,0,238,No,Yes,No,No
INF04869,COL0974,15,8,8,5044,0,246,No,Yes,No,No
INF04870,COL0974,15,8,9,5204,0,268,No,Yes,No,No
INF04871,COL0975,8,5,1,4324,146,270,Yes,Yes,No,No
INF04872,COL0975,8,5,2,4452,150,288,Yes,Yes,No,No
INF04873,COL0975,8,5,3,4828,152,321,Yes,Yes,No,No
INF04874,COL0975,8,5,4,4763,152,317,Yes,Yes,No,Yes
INF04875,COL0975,9,6,5,5120,159,358,Yes,Yes,No,No
INF04876,COL0976,25,13,4,6655,390,390,Yes,Yes,No,Yes
INF04877,COL0976,26,13,7,7053,390,414,Yes,Yes,No,Yes
INF04878,COL0976,27,14,12,7414,403,452,Yes,Yes,No,No
INF04879,COL0976,28,14,11,7660,405,472,Yes,Yes,No,No
INF04880,COL0976,27,14,13,7362,420,439,Yes,Yes,No,Yes
INF04881,COL0977,6,3,1,2154,51,150,No,Yes,Yes,No
INF04882,COL0977,6,3,2,2239,51,155,No,Yes,Yes,No
INF04883,COL0977,6,3,2,2308,51,174,No,Yes,Yes,No
INF04884,COL0977,7,3,3,2393,53,181,No,Yes,Yes,No
INF04885,COL0977,6,3,4,2587,54,190,No,Yes,Yes,No
INF04886,COL0978,32,3,6,5707,465,210,No,Yes,No,Yes
INF04887,COL0978,33,3,8,5824,469,218,No,Yes,No,Yes
INF04888,COL0978,33,3,14,6286,466,223,No,Yes,No,No
INF04889,COL0978,35,3,21,6683,487,249,No,Yes,No,No
INF04890,COL0978,34,3,19,6856,482,249,No,Yes,No,Yes
INF04891,COL0979,83,11,7,20526,0,270,Yes,Yes,Yes,No
INF04892,COL0979,84,11,13,21026,0,296,Yes,Yes,Yes,No
INF04893,COL0979,85,11,26,22394,0,311,Yes,Yes,Yes,No
INF04894,COL0979,88,12,24,21971,0,345,Yes,Yes,Yes,No
INF04895,COL0979,88,12,38,23154,0,359,Yes,Yes,Yes,Yes
INF04896,COL0980,93,14,17,15093,1128,210,No,Yes,No,No
INF04897,COL0980,95,14,26,15910,1149,217,No,Yes,No,No
INF04898,COL0980,100,15,38,16829,1185,249,No,Yes,No,No
INF04899,COL0980,102,15,57,16029,1190,238,No,Yes,No,No
INF04900,COL0980,103,15,61,16993,1216,275,No,Yes,No,Yes
INF04901,COL0981,46,5,4,9502,0,390,No,Yes,Yes,No
INF04902,COL0981,47,5,10,9871,0,411,No,Yes,Yes,No
INF04903,COL0981,47,5,12,10051,0,458,No,Yes,Yes,Yes
INF04904,COL0981,51,6,19,10137,0,461,No,Yes,Yes,No
INF04905,COL0981,52,6,25,11164,0,545,No,Yes,Yes,No
INF04906,COL0982,6,3,0,5560,84,270,No,Yes,Yes,No
INF04907,COL0982,6,3,1,5674,85,286,No,Yes,Yes,No
INF04908,COL0982,6,3,2,6069,87,296,No,Yes,Yes,No
INF04909,COL0982,6,3,2,6394,85,321,No,Yes,Yes,No
INF04910,COL0982,7,3,3,6848,85,355,No,Yes,Yes,No
INF04911,COL0983,71,10,13,19279,0,150,No,Yes,No,No
INF04912,COL0983,73,10,21,20396,0,161,No,Yes,No,Yes
INF04913,COL0983,73,10,28,21513,0,175,No,Yes,No,Yes
INF04914,COL0983,74,10,40,21538,0,171,No,Yes,No,Yes
INF04915,COL0983,81,11,36,22240,0,180,No,Yes,No,Yes
INF04916,COL0984,15,2,3,3703,0,330,No,Yes,No,No
INF04917,COL0984,15,2,4,3881,0,344,No,Yes,No,No
INF04918,COL0984,16,2,6,3925,0,379,No,Yes,No,No
INF04919,COL0984,17,2,8,4231,0,419,No,Yes,No,No
INF04920,COL0984,17,2,8,4369,0,451,No,Yes,No,Yes
INF04921,COL0985,64,9,12,16257,931,330,No,Yes,Yes,No
INF04922,COL0985,65,9,17,17023,935,360,No,Yes,Yes,Yes
INF04923,COL0985,66,9,25,17781,971,386,No,Yes,Yes,No
INF04924,COL0985,71,10,32,19057,952,426,No,Yes,Yes,No
INF04925,COL0985,73,10,53,20153,934,428,No,Yes,Yes,No
INF04926,COL0986,66,13,12,15144,502,210,No,Yes,No,No
INF04927,COL0986,67,13,20,15879,516,219,No,Yes,No,No
INF04928,COL0986,69,14,28,16800,528,245,No,Yes,No,Yes
INF04929,COL0986,69,14,34,17629,525,233,No,Yes,No,Yes
INF04930,COL0986,72,14,32,17662,534,245,No,Yes,No,No
INF04931,COL0987,10,1,2,2871,0,210,No,Yes,Yes,No
INF04932,COL0987,10,1,3,2929,0,231,No,Yes,Yes,No
INF04933,COL0987,11,1,5,3069,0,226,No,Yes,Yes,No
INF04934,COL0987,11,1,6,3269,0,233,No,Yes,Yes,Yes
INF04935,COL0987,11,1,6,3342,0,245,No,Yes,Yes,No
INF04936,COL0988,11,5,1,4257,0,330,Yes,Yes,No,No
INF04937,COL0988,11,5,2,4372,0,354,Yes,Yes,No,No
INF04938,COL0988,11,5,3,4725,0,360,Yes,Yes,No,Yes
INF04939,COL0988,12,5,4,4948,0,380,Yes,Yes,No,Yes
INF04940,COL0988,12,5,7,5257,0,384,Yes,Yes,No,No
INF04941,COL0989,99,10,8,29179,0,270,Yes,Yes,No,No
INF04942,COL0989,103,10,17,30524,0,282,Yes,Yes,No,No
INF04943,COL0989,101,10,35,30489,0,322,Yes,Yes,No,Yes
INF04944,COL0989,106,11,47,32441,0,350,Yes,Yes,No,No
INF04945,COL0989,109,11,48,32999,0,308,Yes,Yes,No,No
INF04946,COL0990,40,17,7,11139,445,270,No,Yes,Yes,Yes
INF04947,COL0990,41,18,12,11695,456,292,No,Yes,Yes,Yes
INF04948,COL0990,42,18,13,11958,448,287,No,Yes,Yes,Yes
INF04949,COL0990,44,19,18,12916,481,330,No,Yes,Yes,No
INF04950,COL0990,46,19,21,12587,446,308,No,Yes,Yes,Yes
INF04951,COL0991,29,4,5,7252,229,390,No,Yes,No,No
INF04952,COL0991,30,4,8,7612,229,425,No,Yes,No,Yes
INF04953,COL0991,30,4,13,7941,237,455,No,Yes,No,No
INF04954,COL0991,30,4,16,7709,248,453,No,Yes,No,Yes
INF04955,COL0991,32,4,18,8125,255,474,No,Yes,No,No
INF04956,COL0992,83,39,15,17007,0,90,Yes,Yes,No,Yes
INF04957,COL0992,86,40,25,17454,0,98,Yes,Yes,No,Yes
INF04958,COL0992,89,42,40,17786,0,105,Yes,Yes,No,Yes
INF04959,COL0992,89,42,50,19415,0,101,Yes,Yes,No,No
INF04960,COL0992,95,45,57,18695,0,121,Yes,Yes,No,Yes
INF04961,COL0993,14,2,3,3771,118,450,Yes,No,No,No
INF04962,COL0993,15,2,5,3902,119,487,Yes,No,No,No
INF04963,COL0993,15,2,5,4215,122,512,Yes,No,No,Yes
INF04964,COL0993,14,2,8,4427,127,582,Yes,No,No,No
INF04965,COL0993,15,2,8,4432,120,579,Yes,No,No,No
INF04966,COL0994,94,16,17,18365,835,270,Yes,Yes,No,No
INF04967,COL0994,95,16,30,19286,852,283,Yes,Yes,No,No
INF04968,COL0994,100,17,35,19140,863,298,Yes,Yes,No,No
INF04969,COL0994,101,17,40,19598,854,297,Yes,Yes,No,Yes
INF04970,COL0994,104,18,51,20149,848,308,Yes,Yes,No,No
INF04971,COL0995,92,7,17,21122,0,450,Yes,Yes,No,No
INF04972,COL0995,93,7,25,21779,0,475,Yes,Yes,No,No
INF04973,COL0995,94,7,30,22632,0,523,Yes,Yes,No,No
INF04974,COL0995,102,8,56,23057,0,504,Yes,Yes,No,No
INF04975,COL0995,102,8,49,24558,0,531,Yes,Yes,No,No
INF04976,COL0996,13,2,2,5018,164,330,No,Yes,Yes,No
INF04977,COL0996,14,2,4,5257,167,350,No,Yes,Yes,No
INF04978,COL0996,14,2,5,5516,168,370,No,Yes,Yes,No
INF04979,COL0996,14,2,6,5821,168,398,No,Yes,Yes,Yes
INF04980,COL0996,14,2,7,5909,174,451,No,Yes,Yes,No
INF04981,COL0997,55,22,10,14448,849,390,Yes,Yes,No,No
INF04982,COL0997,57,23,18,14905,851,425,Yes,Yes,No,Yes
INF04983,COL0997,59,24,22,15858,866,438,Yes,Yes,No,No
INF04984,COL0997,58,23,33,16094,870,463,Yes,Yes,No,No
INF04985,COL0997,61,25,37,16568,910,495,Yes,Yes,No,Yes
INF04986,COL0998,11,7,2,2842,0,210,No,Yes,No,No
INF04987,COL0998,11,7,3,2960,0,229,No,Yes,No,No
INF04988,COL0998,12,8,5,3125,0,231,No,Yes,No,Yes
INF04989,COL0998,12,8,7,3120,0,256,No,Yes,No,Yes
INF04990,COL0998,12,7,7,3394,0,245,No,Yes,No,Yes
INF04991,COL0999,65,10,5,20429,1227,210,No,Yes,No,No
INF04992,COL0999,66,10,9,21277,1264,221,No,Yes,No,No
INF04993,COL0999,68,10,24,21427,1251,227,No,Yes,No,No
INF04994,COL0999,68,10,31,23011,1312,235,No,Yes,No,No
INF04995,COL0999,69,11,33,23901,1306,273,No,Yes,No,Yes
INF04996,COL1000,88,36,16,29852,963,270,Yes,Yes,No,Yes
INF04997,COL1000,91,37,22,31398,989,282,Yes,Yes,No,Yes
INF04998,COL1000,93,38,33,32010,991,305,Yes,Yes,No,Yes
INF04999,COL1000,97,40,54,32558,1036,335,Yes,Yes,No,Yes
INF05000,COL1000,95,39,40,35805,1054,323,Yes,Yes,No,Yes
INF05001,COL1001,137,15,25,35735,0,390,No,Yes,Yes,No
INF05002,COL1001,139,15,42,37169,0,426,No,Yes,Yes,No
INF05003,COL1001,142,16,53,37754,0,428,No,Yes,Yes,No
INF05004,COL1001,150,16,75,41056,0,437,No,Yes,Yes,No
INF05005,COL1001,144,16,100,43852,0,489,No,Yes,Yes,Yes
INF05006,COL1002,9,1,2,5093,150,390,No,Yes,No,No
INF05007,COL1002,9,1,3,5366,154,411,No,Yes,No,No
INF05008,COL1002,9,1,4,5537,156,457,No,Yes,No,No
INF05009,COL1002,9,1,4,5835,159,425,No,Yes,No,No
INF05010,COL1002,10,1,6,5710,153,542,No,Yes,No,Yes
INF05011,COL1003,112,10,20,24153,1370,330,No,Yes,No,No
INF05012,COL1003,115,10,34,24735,1400,350,No,Yes,No,No
INF05013,COL1003,117,10,50,25690,1408,396,No,Yes,No,No
INF05014,COL1003,121,11,44,26455,1448,395,No,Yes,No,No
INF05015,COL1003,126,11,72,26609,1509,449,No,Yes,No,No
INF05016,COL1004,17,7,3,3403,156,150,No,Yes,No,No
INF05017,COL1004,17,7,5,3592,159,156,No,Yes,No,No
INF05018,COL1004,18,7,5,3728,163,161,No,Yes,No,No
INF05019,COL1004,18,7,10,3768,160,166,No,Yes,No,No
INF05020,COL1004,19,8,11,3726,171,174,No,Yes,No,No
INF05021,COL1005,96,16,8,26970,1038,210,No,Yes,Yes,No
INF05022,COL1005,99,16,16,27751,1068,219,No,Yes,Yes,No
INF05023,COL1005,103,17,28,29485,1093,233,No,Yes,Yes,Yes
INF05024,COL1005,107,18,29,29666,1049,239,No,Yes,Yes,No
INF05025,COL1005,109,18,65,32395,1108,289,No,Yes,Yes,Yes
INF05026,COL1006,11,5,2,3709,0,210,Yes,Yes,Yes,No
INF05027,COL1006,11,5,3,3842,0,224,Yes,Yes,Yes,No
INF05028,COL1006,11,5,4,3914,0,250,Yes,Yes,Yes,No
INF05029,COL1006,12,6,7,4175,0,248,Yes,Yes,Yes,Yes
INF05030,COL1006,13,6,8,4360,0,287,Yes,Yes,Yes,Yes
INF05031,COL1007,51,18,4,14207,784,30,Yes,Yes,No,No
INF05032,COL1007,53,19,8,14681,807,31,Yes,Yes,No,No
INF05033,COL1007,53,19,17,15061,809,35,Yes,Yes,No,Yes
INF05034,COL1007,53,19,26,15781,798,34,Yes,Yes,No,Yes
INF05035,COL1007,58,20,26,16897,798,34,Yes,Yes,No,No
INF05036,COL1008,13,2,1,4844,267,210,Yes,Yes,No,No
INF05037,COL1008,13,2,2,5080,271,217,Yes,Yes,No,No
INF05038,COL1008,14,2,4,5379,271,242,Yes,Yes,No,No
INF05039,COL1008,14,2,6,5579,284,267,Yes,Yes,No,No
INF05040,COL1008,14,2,5,5543,291,242,Yes,Yes,No,No
INF05041,COL1009,138,11,11,37644,0,330,Yes,Yes,No,Yes
INF05042,COL1009,139,11,22,39470,0,340,Yes,Yes,No,No
INF05043,COL1009,145,12,46,41242,0,391,Yes,Yes,No,Yes
INF05044,COL1009,154,12,66,41444,0,404,Yes,Yes,No,No
INF05045,COL1009,154,12,89,44217,0,373,Yes,Yes,No,Yes
INF05046,COL1010,9,1,1,3945,66,330,No,Yes,Yes,No
INF05047,COL1010,9,1,1,4104,67,343,No,Yes,Yes,No
INF05048,COL1010,9,1,3,4228,68,357,No,Yes,Yes,No
INF05049,COL1010,10,1,5,4553,71,378,No,Yes,Yes,No
INF05050,COL1010,10,1,6,4506,67,449,No,Yes,Yes,Yes
INF05051,COL1011,11,6,2,3904,158,450,No,Yes,No,Yes
INF05052,COL1011,11,6,4,4079,159,490,No,Yes,No,No
INF05053,COL1011,12,6,5,4151,161,483,No,Yes,No,Yes
INF05054,COL1011,12,6,7,4469,163,544,No,Yes,No,No
INF05055,COL1011,12,6,6,4358,161,563,No,Yes,No,Yes
INF05056,COL1012,6,1,1,1500,50,150,Yes,Yes,Yes,No
INF05057,COL1012,6,1,2,1531,51,158,Yes,Yes,Yes,No
INF05058,COL1012,6,1,3,1622,52,167,Yes,Yes,Yes,No
INF05059,COL1012,7,1,4,1675,53,180,Yes,Yes,Yes,No
INF05060,COL1012,6,1,3,1724,52,184,Yes,Yes,Yes,Yes
INF05061,COL1013,42,8,3,11208,0,270,No,Yes,No,No
INF05062,COL1013,43,8,8,11707,0,290,No,Yes,No,No
INF05063,COL1013,44,8,11,12544,0,318,No,Yes,No,No
INF05064,COL1013,46,9,12,13098,0,339,No,Yes,No,No
INF05065,COL1013,48,9,29,12136,0,367,No,Yes,No,No
INF05066,COL1014,43,15,8,8892,664,390,No,Yes,Yes,Yes
INF05067,COL1014,45,16,13,9318,665,419,No,Yes,Yes,Yes
INF05068,COL1014,46,16,19,9336,697,442,No,Yes,Yes,No
INF05069,COL1014,48,17,27,10105,689,498,No,Yes,Yes,Yes
INF05070,COL1014,49,17,28,10522,668,452,No,Yes,Yes,No
INF05071,COL1015,20,11,4,4501,225,210,No,Yes,Yes,No
INF05072,COL1015,21,11,6,4625,231,230,No,Yes,Yes,Yes
INF05073,COL1015,21,11,8,5020,229,226,No,Yes,Yes,No
INF05074,COL1015,22,12,10,5187,230,249,No,Yes,Yes,No
INF05075,COL1015,22,12,10,4938,239,283,No,Yes,Yes,Yes
INF05076,COL1016,63,12,5,12821,0,450,No,Yes,Yes,No
INF05077,COL1016,65,12,14,13168,0,488,No,Yes,Yes,No
INF05078,COL1016,67,13,16,13674,0,520,No,Yes,Yes,No
INF05079,COL1016,68,13,27,14157,0,538,No,Yes,Yes,No
INF05080,COL1016,69,13,33,15653,0,577,No,Yes,Yes,No
INF05081,COL1017,23,4,4,5099,473,150,Yes,Yes,No,No
INF05082,COL1017,24,4,7,5402,480,161,Yes,Yes,No,No
INF05083,COL1017,24,4,10,5514,493,168,Yes,Yes,No,No
INF05084,COL1017,24,4,10,5756,485,183,Yes,Yes,No,No
INF05085,COL1017,27,5,16,6081,513,171,Yes,Yes,No,Yes
INF05086,COL1018,110,45,9,29337,1365,330,Yes,Yes,No,No
INF05087,COL1018,114,47,19,31050,1401,362,Yes,Yes,No,No
INF05088,COL1018,116,47,36,31811,1431,379,Yes,Yes,No,No
INF05089,COL1018,114,46,45,33367,1369,361,Yes,Yes,No,No
INF05090,COL1018,117,48,68,34819,1430,425,Yes,Yes,No,Yes
INF05091,COL1019,78,9,14,16254,0,330,No,Yes,No,No
INF05092,COL1019,79,9,22,16580,0,346,No,Yes,No,No
INF05093,COL1019,82,9,31,17143,0,357,No,Yes,No,Yes
INF05094,COL1019,86,10,50,17801,0,427,No,Yes,No,No
INF05095,COL1019,90,10,50,19385,0,381,No,Yes,No,Yes
INF05096,COL1020,9,5,2,4399,99,270,No,Yes,No,No
INF05097,COL1020,9,5,2,4606,100,291,No,Yes,No,Yes
INF05098,COL1020,10,5,4,4621,104,316,No,Yes,No,No
INF05099,COL1020,10,5,4,5014,105,295,No,Yes,No,No
INF05100,COL1020,10,6,5,5082,106,338,No,Yes,No,No
INF05101,COL1021,112,16,20,32223,1243,150,No,Yes,No,No
INF05102,COL1021,115,16,32,33890,1271,164,No,Yes,No,No
INF05103,COL1021,119,17,39,35492,1275,167,No,Yes,No,No
INF05104,COL1021,118,17,71,34351,1328,168,No,Yes,No,Yes
INF05105,COL1021,130,19,93,36717,1297,174,No,Yes,No,Yes
INF05106,COL1022,6,1,0,4500,0,330,Yes,Yes,No,No
INF05107,COL1022,6,1,1,4659,0,362,Yes,Yes,No,No
INF05108,COL1022,6,1,2,4746,0,367,Yes,Yes,No,No
INF05109,COL1022,7,1,3,4880,0,388,Yes,Yes,No,No
INF05110,COL1022,6,1,3,4987,0,458,Yes,Yes,No,No
INF05111,COL1023,63,7,11,13130,1013,210,Yes,Yes,Yes,Yes
INF05112,COL1023,64,7,20,13809,1034,217,Yes,Yes,Yes,No
INF05113,COL1023,64,7,24,14569,1062,251,Yes,Yes,Yes,No
INF05114,COL1023,65,7,28,15351,1032,234,Yes,Yes,Yes,No
INF05115,COL1023,71,8,50,14591,1102,290,Yes,Yes,Yes,No
INF05116,COL1024,14,7,3,4829,0,330,Yes,Yes,No,No
INF05117,COL1024,14,7,3,4995,0,352,Yes,Yes,No,No
INF05118,COL1024,15,7,6,5403,0,382,Yes,Yes,No,No
INF05119,COL1024,15,7,8,5658,0,382,Yes,Yes,No,No
INF05120,COL1024,15,7,10,5585,0,374,Yes,Yes,No,Yes
INF05121,COL1025,32,6,6,9212,0,330,Yes,Yes,No,No
INF05122,COL1025,33,6,9,9529,0,351,Yes,Yes,No,No
INF05123,COL1025,34,6,16,9968,0,358,Yes,Yes,No,No
INF05124,COL1025,34,6,18,10155,0,388,Yes,Yes,No,Yes
INF05125,COL1025,35,7,26,10486,0,421,Yes,Yes,No,Yes
INF05126,COL1026,7,1,1,3136,0,330,No,Yes,No,No
INF05127,COL1026,7,1,2,3221,0,361,No,Yes,No,No
INF05128,COL1026,7,1,2,3476,0,374,No,Yes,No,No
INF05129,COL1026,7,1,4,3456,0,422,No,Yes,No,No
INF05130,COL1026,8,1,6,3593,0,431,No,Yes,No,No
INF05131,COL1027,41,5,7,11800,333,330,No,Yes,Yes,Yes
INF05132,COL1027,42,5,13,12263,336,349,No,Yes,Yes,No
INF05133,COL1027,43,5,13,12912,346,375,No,Yes,Yes,No
INF05134,COL1027,42,5,15,13789,353,398,No,Yes,Yes,No
INF05135,COL1027,46,6,31,13235,336,416,No,Yes,Yes,Yes
INF05136,COL1028,109,19,20,28603,0,90,Yes,Yes,No,No
INF05137,COL1028,112,19,34,29642,0,94,Yes,Yes,No,No
INF05138,COL1028,115,20,50,30105,0,106,Yes,Yes,No,No
INF05139,COL1028,121,21,49,30712,0,116,Yes,Yes,No,Yes
INF05140,COL1028,116,20,67,31837,0,123,Yes,Yes,No,Yes
INF05141,COL1029,22,3,4,6604,141,330,No,Yes,Yes,No
INF05142,COL1029,22,3,5,6830,143,353,No,Yes,Yes,No
INF05143,COL1029,23,3,7,7150,144,384,No,Yes,Yes,Yes
INF05144,COL1029,24,3,11,7236,144,427,No,Yes,Yes,No
INF05145,COL1029,23,3,13,7691,149,402,No,Yes,Yes,Yes
INF05146,COL1030,17,3,3,4375,259,210,No,Yes,Yes,No
INF05147,COL1030,18,3,5,4561,263,219,No,Yes,Yes,No
INF05148,COL1030,18,3,6,4774,262,225,No,Yes,Yes,No
INF05149,COL1030,18,3,8,5111,279,232,No,Yes,Yes,No
INF05150,COL1030,20,3,13,5308,271,263,No,Yes,Yes,No
INF05151,COL1031,42,24,3,13662,0,270,No,Yes,Yes,No
INF05152,COL1031,43,25,7,14236,0,283,No,Yes,Yes,No
INF05153,COL1031,44,25,13,14512,0,321,No,Yes,Yes,Yes
INF05154,COL1031,44,25,18,15908,0,300,No,Yes,Yes,Yes
INF05155,COL1031,47,27,19,16686,0,307,No,Yes,Yes,No
INF05156,COL1032,8,3,1,3146,0,270,No,No,No,No
INF05157,COL1032,8,3,2,3232,0,291,No,No,No,No
INF05158,COL1032,9,3,3,3413,0,315,No,No,No,No
INF05159,COL1032,9,3,5,3543,0,338,No,No,No,No
INF05160,COL1032,9,3,5,3871,0,321,No,No,No,No
INF05161,COL1033,56,6,10,15029,402,450,Yes,Yes,No,No
INF05162,COL1033,58,6,17,15742,414,473,Yes,Yes,No,No
INF05163,COL1033,59,6,19,16111,424,537,Yes,Yes,No,No
INF05164,COL1033,63,7,34,17168,418,492,Yes,Yes,No,Yes
INF05165,COL1033,59,6,43,17205,427,523,Yes,Yes,No,Yes
INF05166,COL1034,7,1,1,2825,87,330,No,Yes,No,No
INF05167,COL1034,7,1,2,2944,89,356,No,Yes,No,No
INF05168,COL1034,7,1,3,3160,89,381,No,Yes,No,No
INF05169,COL1034,8,1,4,3229,90,416,No,Yes,No,No
INF05170,COL1034,8,1,5,3115,96,418,No,Yes,No,No
INF05171,COL1035,106,14,8,25259,0,150,Yes,Yes,Yes,No
INF05172,COL1035,108,14,17,26219,0,155,Yes,Yes,Yes,No
INF05173,COL1035,111,15,39,28163,0,164,Yes,Yes,Yes,No
INF05174,COL1035,117,15,52,27113,0,194,Yes,Yes,Yes,No
INF05175,COL1035,112,15,39,29192,0,188,Yes,Yes,Yes,Yes
INF05176,COL1036,28,5,2,13548,433,330,No,Yes,No,No
INF05177,COL1036,28,5,5,13927,437,349,No,Yes,No,No
INF05178,COL1036,30,5,8,14492,448,393,No,Yes,No,No
INF05179,COL1036,29,5,14,15646,465,380,No,Yes,No,Yes
INF05180,COL1036,32,6,17,16557,467,414,No,Yes,No,Yes
INF05181,COL1037,51,4,9,10837,0,270,No,Yes,No,No
INF05182,COL1037,52,4,13,11264,0,284,No,Yes,No,No
INF05183,COL1037,53,4,17,11727,0,292,No,Yes,No,No
INF05184,COL1037,53,4,23,11968,0,339,No,Yes,No,No
INF05185,COL1037,59,5,31,12128,0,333,No,Yes,No,Yes
INF05186,COL1038,36,16,6,11203,456,150,Yes,Yes,No,Yes
INF05187,COL1038,36,16,11,11578,469,158,Yes,Yes,No,No
INF05188,COL1038,37,16,15,11672,472,177,Yes,Yes,No,No
INF05189,COL1038,40,18,18,12691,466,173,Yes,Yes,No,Yes
INF05190,COL1038,39,17,25,13705,508,203,Yes,Yes,No,No
INF05191,COL1039,23,12,4,4775,235,150,Yes,Yes,Yes,No
INF05192,COL1039,23,12,7,4927,236,161,Yes,Yes,Yes,No
INF05193,COL1039,24,13,10,5207,241,174,Yes,Yes,Yes,Yes
INF05194,COL1039,25,13,14,5480,239,172,Yes,Yes,Yes,No
INF05195,COL1039,26,14,11,5693,255,205,Yes,Yes,Yes,No
INF05196,COL1040,18,3,3,4970,212,450,No,Yes,Yes,No
INF05197,COL1040,18,3,5,5262,218,491,No,Yes,Yes,No
INF05198,COL1040,19,3,6,5524,220,491,No,Yes,Yes,No
INF05199,COL1040,20,3,10,5596,214,525,No,Yes,Yes,Yes
INF05200,COL1040,19,3,10,6159,218,551,No,Yes,Yes,Yes
INF05201,COL1041,6,3,1,1500,0,210,No,Yes,No,No
INF05202,COL1041,6,3,2,1549,0,220,No,Yes,No,Yes
INF05203,COL1041,6,3,2,1621,0,246,No,Yes,No,Yes
INF05204,COL1041,7,3,4,1606,0,244,No,Yes,No,No
INF05205,COL1041,7,3,3,1687,0,258,No,Yes,No,No
INF05206,COL1042,94,17,17,23146,0,150,No,Yes,Yes,No
INF05207,COL1042,97,18,27,24195,0,161,No,Yes,Yes,No
INF05208,COL1042,100,18,35,25898,0,164,No,Yes,Yes,No
INF05209,COL1042,104,19,57,24853,0,170,No,Yes,Yes,No
INF05210,COL1042,103,19,45,27201,0,188,No,Yes,Yes,Yes
INF05211,COL1043,53,5,4,11778,386,270,Yes,Yes,No,No
INF05212,COL1043,55,5,9,12137,389,293,Yes,Yes,No,No
INF05213,COL1043,55,5,12,12581,394,297,Yes,Yes,No,No
INF05214,COL1043,55,5,17,13640,391,319,Yes,Yes,No,Yes
INF05215,COL1043,59,6,37,14347,389,330,Yes,Yes,No,Yes
INF05216,COL1044,19,8,3,4587,140,210,No,Yes,Yes,No
INF05217,COL1044,20,8,6,4759,141,223,No,Yes,Yes,Yes
INF05218,COL1044,20,8,8,4838,144,241,No,Yes,Yes,No
INF05219,COL1044,21,9,9,5086,143,236,No,Yes,Yes,Yes
INF05220,COL1044,21,9,12,5626,145,260,No,Yes,Yes,No
INF05221,COL1045,53,7,10,12588,901,270,No,Yes,Yes,No
INF05222,COL1045,54,7,14,12876,910,286,No,Yes,Yes,No
INF05223,COL1045,55,7,24,13824,923,320,No,Yes,Yes,No
INF05224,COL1045,58,8,34,13350,920,333,No,Yes,Yes,No
INF05225,COL1045,61,8,38,14016,922,317,No,Yes,Yes,Yes
INF05226,COL1046,6,1,1,1500,0,330,No,Yes,Yes,No
INF05227,COL1046,6,1,2,1570,0,360,No,Yes,Yes,Yes
INF05228,COL1046,6,1,2,1594,0,388,No,Yes,Yes,Yes
INF05229,COL1046,6,1,3,1746,0,420,No,Yes,Yes,Yes
INF05230,COL1046,7,1,4,1839,0,429,No,Yes,Yes,Yes
INF05231,COL1047,22,8,4,4852,158,390,Yes,Yes,No,Yes
INF05232,COL1047,22,8,6,5046,159,425,Yes,Yes,No,Yes
INF05233,COL1047,23,8,8,5415,167,436,Yes,Yes,No,Yes
INF05234,COL1047,23,8,13,5431,160,477,Yes,Yes,No,No
INF05235,COL1047,25,9,11,5847,161,545,Yes,Yes,No,No
INF05236,COL1048,15,8,3,5911,0,210,Yes,Yes,No,No
INF05237,COL1048,16,8,4,6183,0,222,Yes,Yes,No,No
INF05238,COL1048,16,9,5,6414,0,241,Yes,Yes,No,No
INF05239,COL1048,16,8,9,6642,0,247,Yes,Yes,No,Yes
INF05240,COL1048,17,9,8,6906,0,280,Yes,Yes,No,No
INF05241,COL1049,24,5,2,5498,342,390,No,Yes,No,No
INF05242,COL1049,25,5,5,5614,351,403,No,Yes,No,No
INF05243,COL1049,25,5,7,5735,346,414,No,Yes,No,No
INF05244,COL1049,25,5,8,6372,356,498,No,Yes,No,No
INF05245,COL1049,26,6,13,6089,361,462,No,Yes,No,No
INF05246,COL1050,41,24,7,10058,0,150,Yes,Yes,Yes,No
INF05247,COL1050,42,25,12,10481,0,164,Yes,Yes,Yes,No
INF05248,COL1050,43,25,19,10695,0,172,Yes,Yes,Yes,No
INF05249,COL1050,44,26,19,11386,0,178,Yes,Yes,Yes,Yes
INF05250,COL1050,45,26,28,12199,0,175,Yes,Yes,Yes,No
INF05251,COL1051,8,3,1,2369,0,150,No,Yes,No,No
INF05252,COL1051,8,3,2,2451,0,155,No,Yes,No,No
INF05253,COL1051,9,3,4,2581,0,160,No,Yes,No,Yes
INF05254,COL1051,9,3,4,2690,0,166,No,Yes,No,Yes
INF05255,COL1051,9,3,5,2748,0,180,No,Yes,No,Yes
INF05256,COL1052,9,5,2,2463,88,330,Yes,Yes,Yes,No
INF05257,COL1052,9,5,2,2609,89,359,Yes,Yes,Yes,No
INF05258,COL1052,9,5,4,2708,90,356,Yes,Yes,Yes,No
INF05259,COL1052,9,5,3,2639,92,363,Yes,Yes,Yes,Yes
INF05260,COL1052,9,5,4,2694,94,411,Yes,Yes,Yes,No
INF05261,COL1053,6,1,1,1500,0,390,Yes,Yes,No,No
INF05262,COL1053,6,1,2,1576,0,423,Yes,Yes,No,No
INF05263,COL1053,6,1,3,1680,0,433,Yes,Yes,No,No
INF05264,COL1053,6,1,3,1655,0,447,Yes,Yes,No,Yes
INF05265,COL1053,7,1,3,1665,0,538,Yes,Yes,No,No
INF05266,COL1054,81,38,6,17559,1223,330,Yes,Yes,No,Yes
INF05267,COL1054,82,38,15,18260,1228,344,Yes,Yes,No,No
INF05268,COL1054,86,40,30,19451,1281,373,Yes,Yes,No,No
INF05269,COL1054,85,40,42,19278,1323,392,Yes,Yes,No,Yes
INF05270,COL1054,93,44,57,20635,1282,436,Yes,Yes,No,Yes
INF05271,COL1055,9,1,2,4562,0,330,No,Yes,Yes,No
INF05272,COL1055,9,1,2,4729,0,345,No,Yes,Yes,No
INF05273,COL1055,10,1,4,5081,0,372,No,Yes,Yes,No
INF05274,COL1055,10,1,4,5324,0,360,No,Yes,Yes,No
INF05275,COL1055,10,1,5,5616,0,430,No,Yes,Yes,No
INF05276,COL1056,33,6,6,6407,411,270,Yes,Yes,No,Yes
INF05277,COL1056,33,6,8,6590,412,282,Yes,Yes,No,No
INF05278,COL1056,35,6,14,6897,417,287,Yes,Yes,No,No
INF05279,COL1056,36,6,16,7436,412,309,Yes,Yes,No,No
INF05280,COL1056,37,7,26,7873,425,371,Yes,Yes,No,Yes
INF05281,COL1057,34,12,6,10725,0,270,No,Yes,Yes,No
INF05282,COL1057,35,12,10,11301,0,294,No,Yes,Yes,Yes
INF05283,COL1057,37,13,13,11404,0,301,No,Yes,Yes,No
INF05284,COL1057,36,13,19,11556,0,307,No,Yes,Yes,No
INF05285,COL1057,38,13,27,13097,0,312,No,Yes,Yes,Yes
INF05286,COL1058,51,10,4,9680,475,330,No,Yes,No,No
INF05287,COL1058,52,10,11,10065,480,350,No,Yes,No,No
INF05288,COL1058,53,10,19,10650,498,362,No,Yes,No,Yes
INF05289,COL1058,53,10,18,11215,505,367,No,Yes,No,Yes
INF05290,COL1058,59,12,36,10616,513,390,No,Yes,No,No
INF05291,COL1059,49,27,4,14851,802,330,Yes,Yes,No,No
INF05292,COL1059,50,27,9,15603,802,345,Yes,Yes,No,Yes
INF05293,COL1059,52,29,16,16594,826,379,Yes,Yes,No,No
INF05294,COL1059,52,28,17,16139,862,428,Yes,Yes,No,No
INF05295,COL1059,54,30,25,17472,866,373,Yes,Yes,No,Yes
INF05296,COL1060,48,9,9,10733,766,450,No,Yes,No,No
INF05297,COL1060,49,9,13,11118,776,482,No,Yes,No,No
INF05298,COL1060,51,10,18,11647,802,498,No,Yes,No,No
INF05299,COL1060,50,9,22,12564,771,505,No,Yes,No,Yes
INF05300,COL1060,54,10,29,12459,785,554,No,Yes,No,No
INF05301,COL1061,48,28,9,13528,509,210,No,Yes,Yes,No
INF05302,COL1061,50,29,14,14281,517,225,No,Yes,Yes,No
INF05303,COL1061,51,30,21,14495,512,246,No,Yes,Yes,Yes
INF05304,COL1061,54,31,30,15087,537,255,No,Yes,Yes,No
INF05305,COL1061,51,30,35,14957,514,249,No,Yes,Yes,Yes
INF05306,COL1062,16,2,3,3942,253,390,No,Yes,No,No
INF05307,COL1062,16,2,5,4099,254,421,No,Yes,No,No
INF05308,COL1062,17,2,6,4254,267,427,No,Yes,No,Yes
INF05309,COL1062,18,2,10,4184,254,446,No,Yes,No,No
INF05310,COL1062,18,2,9,4490,255,492,No,Yes,No,No
INF05311,COL1063,60,26,11,19399,900,210,No,No,Yes,No
INF05312,COL1063,61,27,19,20318,916,224,No,No,Yes,No
INF05313,COL1063,63,27,23,21217,911,228,No,No,Yes,No
INF05314,COL1063,64,28,26,22243,978,233,No,No,Yes,No
INF05315,COL1063,63,27,38,21215,911,254,No,No,Yes,No
INF05316,COL1064,19,10,3,3070,120,150,No,Yes,No,No
INF05317,COL1064,20,10,6,3152,123,156,No,Yes,No,No
INF05318,COL1064,20,11,9,3330,124,175,No,Yes,No,No
INF05319,COL1064,21,11,12,3276,128,188,No,Yes,No,No
INF05320,COL1064,20,11,14,3367,134,188,No,Yes,No,No
INF05321,COL1065,75,10,14,19432,0,330,Yes,No,Yes,No
INF05322,COL1065,77,10,22,20450,0,345,Yes,No,Yes,Yes
INF05323,COL1065,77,10,26,21648,0,389,Yes,No,Yes,Yes
INF05324,COL1065,82,11,40,22432,0,415,Yes,No,Yes,No
INF05325,COL1065,80,11,50,24048,0,410,Yes,No,Yes,No
INF05326,COL1066,11,4,2,2815,0,210,Yes,Yes,Yes,No
INF05327,COL1066,11,4,3,2907,0,220,Yes,Yes,Yes,No
INF05328,COL1066,12,4,5,2957,0,229,Yes,Yes,Yes,Yes
INF05329,COL1066,12,4,6,3247,0,230,Yes,Yes,Yes,No
INF05330,COL1066,12,4,8,3145,0,294,Yes,Yes,Yes,Yes
INF05331,COL1067,13,7,2,5689,0,390,No,Yes,No,No
INF05332,COL1067,13,7,3,5876,0,425,No,Yes,No,No
INF05333,COL1067,13,7,4,6268,0,434,No,Yes,No,No
INF05334,COL1067,14,8,5,6638,0,482,No,Yes,No,Yes
INF05335,COL1067,15,8,7,6666,0,545,No,Yes,No,No
INF05336,COL1068,48,10,4,17358,0,450,No,Yes,Yes,Yes
INF05337,COL1068,49,10,9,18380,0,464,No,Yes,Yes,No
INF05338,COL1068,50,10,15,18346,0,503,No,Yes,Yes,No
INF05339,COL1068,52,11,24,20266,0,518,No,Yes,Yes,No
INF05340,COL1068,53,11,18,19146,0,516,No,Yes,Yes,Yes
INF05341,COL1069,96,19,8,20439,981,330,No,Yes,No,No
INF05342,COL1069,99,20,17,21576,1008,349,No,Yes,No,No
INF05343,COL1069,102,20,23,22588,1034,395,No,Yes,No,No
INF05344,COL1069,99,20,34,23011,1034,406,No,Yes,No,No
INF05345,COL1069,103,20,65,23123,1044,455,No,Yes,No,No
INF05346,COL1070,13,7,2,4929,0,270,No,Yes,No,No
INF05347,COL1070,13,7,4,5190,0,287,No,Yes,No,No
INF05348,COL1070,13,7,6,5229,0,321,No,Yes,No,No
INF05349,COL1070,14,8,8,5770,0,347,No,Yes,No,No
INF05350,COL1070,14,8,9,5545,0,345,No,Yes,No,Yes
INF05351,COL1071,7,1,1,2455,118,270,No,Yes,No,No
INF05352,COL1071,7,1,2,2566,118,278,No,Yes,No,No
INF05353,COL1071,7,1,3,2624,118,306,No,Yes,No,Yes
INF05354,COL1071,7,1,3,2609,121,335,No,Yes,No,Yes
INF05355,COL1071,8,1,4,2962,132,325,No,Yes,No,No
INF05356,COL1072,19,8,3,4100,208,90,No,Yes,No,No
INF05357,COL1072,20,8,6,4197,209,96,No,Yes,No,No
INF05358,COL1072,20,9,7,4322,209,104,No,Yes,No,No
INF05359,COL1072,20,9,9,4357,214,103,No,Yes,No,Yes
INF05360,COL1072,22,9,16,4474,210,113,No,Yes,No,No
INF05361,COL1073,39,8,7,9866,0,210,No,Yes,No,No
INF05362,COL1073,40,8,10,10161,0,225,No,Yes,No,No
INF05363,COL1073,40,8,14,11021,0,226,No,Yes,No,No
INF05364,COL1073,43,9,18,11161,0,241,No,Yes,No,No
INF05365,COL1073,44,9,27,11854,0,250,No,Yes,No,Yes
INF05366,COL1074,78,11,14,18859,0,150,Yes,Yes,Yes,No
INF05367,COL1074,79,11,22,19774,0,163,Yes,Yes,Yes,Yes
INF05368,COL1074,82,12,34,20103,0,171,Yes,Yes,Yes,No
INF05369,COL1074,82,12,46,22189,0,192,Yes,Yes,Yes,No
INF05370,COL1074,84,12,59,22101,0,181,Yes,Yes,Yes,Yes
INF05371,COL1075,31,15,2,12222,356,270,No,Yes,No,No
INF05372,COL1075,32,15,6,12796,365,287,No,Yes,No,No
INF05373,COL1075,32,16,7,13230,362,298,No,Yes,No,Yes
INF05374,COL1075,32,16,9,13744,360,301,No,Yes,No,Yes
INF05375,COL1075,34,16,16,14777,386,335,No,Yes,No,Yes
INF05376,COL1076,68,34,12,16893,479,450,No,Yes,Yes,No
INF05377,COL1076,71,35,17,17767,491,477,No,Yes,Yes,Yes
INF05378,COL1076,70,35,28,18712,502,504,No,Yes,Yes,No
INF05379,COL1076,75,37,39,19577,481,530,No,Yes,Yes,Yes
INF05380,COL1076,73,36,41,20855,536,620,No,Yes,Yes,Yes
INF05381,COL1077,10,1,1,5966,0,270,Yes,No,No,No
INF05382,COL1077,10,1,2,6272,0,291,Yes,No,No,No
INF05383,COL1077,10,1,3,6268,0,301,Yes,No,No,No
INF05384,COL1077,11,1,5,6515,0,337,Yes,No,No,Yes
INF05385,COL1077,11,1,5,7082,0,338,Yes,No,No,No
INF05386,COL1078,7,1,1,2028,145,150,No,Yes,No,No
INF05387,COL1078,7,1,2,2107,148,160,No,Yes,No,No
INF05388,COL1078,7,1,3,2218,149,177,No,Yes,No,No
INF05389,COL1078,8,1,5,2354,155,191,No,Yes,No,No
INF05390,COL1078,8,1,4,2266,159,207,No,Yes,No,No
INF05391,COL1079,46,5,8,12450,0,270,Yes,Yes,No,No
INF05392,COL1079,47,5,15,12999,0,286,Yes,Yes,No,Yes
INF05393,COL1079,48,5,18,13815,0,304,Yes,Yes,No,No
INF05394,COL1079,48,5,23,13825,0,311,Yes,Yes,No,No
INF05395,COL1079,51,6,28,15328,0,335,Yes,Yes,No,Yes
INF05396,COL1080,69,11,12,23258,614,330,Yes,Yes,Yes,Yes
INF05397,COL1080,71,11,17,23782,630,345,Yes,Yes,Yes,No
INF05398,COL1080,73,12,22,24576,625,385,Yes,Yes,Yes,Yes
INF05399,COL1080,77,12,38,26652,629,412,Yes,Yes,Yes,Yes
INF05400,COL1080,76,12,34,26530,640,423,Yes,Yes,Yes,No
INF05401,COL1081,83,13,7,14753,0,270,Yes,Yes,Yes,No
INF05402,COL1081,84,13,18,15396,0,280,Yes,Yes,Yes,Yes
INF05403,COL1081,85,13,28,16318,0,307,Yes,Yes,Yes,No
INF05404,COL1081,93,15,46,16705,0,316,Yes,Yes,Yes,Yes
INF05405,COL1081,91,14,46,16297,0,346,Yes,Yes,Yes,No
INF05406,COL1082,99,15,8,25183,1148,210,No,Yes,No,No
INF05407,COL1082,102,15,21,25741,1176,220,No,Yes,No,No
INF05408,COL1082,106,16,29,26466,1217,246,No,Yes,No,No
INF05409,COL1082,109,17,39,27775,1182,271,No,Yes,No,Yes
INF05410,COL1082,108,16,56,27785,1238,286,No,Yes,No,Yes
INF05411,COL1083,63,30,11,20101,878,390,No,Yes,No,No
INF05412,COL1083,64,30,16,20926,882,414,No,Yes,No,No
INF05413,COL1083,65,31,28,21522,881,447,No,Yes,No,Yes
INF05414,COL1083,67,32,38,23199,946,474,No,Yes,No,No
INF05415,COL1083,68,33,33,24119,911,448,No,Yes,No,Yes
INF05416,COL1084,62,5,11,11924,535,390,Yes,Yes,No,No
INF05417,COL1084,64,5,16,12336,537,416,Yes,Yes,No,No
INF05418,COL1084,64,5,23,12430,547,445,Yes,Yes,No,No
INF05419,COL1084,68,5,25,12802,550,452,Yes,Yes,No,Yes
INF05420,COL1084,71,6,52,13053,539,461,Yes,Yes,No,Yes
INF05421,COL1085,83,30,7,27731,996,270,Yes,No,Yes,No
INF05422,COL1085,86,31,19,29368,1002,282,Yes,No,Yes,No
INF05423,COL1085,87,31,26,28938,1048,318,Yes,No,Yes,Yes
INF05424,COL1085,92,33,30,29967,1070,303,Yes,No,Yes,No
INF05425,COL1085,92,33,34,33788,1077,374,Yes,No,Yes,Yes
INF05426,COL1086,6,3,1,1925,50,270,Yes,Yes,No,No
INF05427,COL1086,6,3,2,2027,51,280,Yes,Yes,No,No
INF05428,COL1086,6,3,3,2149,50,299,Yes,Yes,No,No
INF05429,COL1086,6,3,2,2066,53,348,Yes,Yes,No,No
INF05430,COL1086,7,3,5,2204,51,365,Yes,Yes,No,Yes
INF05431,COL1087,8,4,1,3198,131,390,No,No,No,No
INF05432,COL1087,8,4,2,3369,132,406,No,No,No,No
INF05433,COL1087,9,4,3,3550,136,450,No,No,No,No
INF05434,COL1087,8,4,4,3579,141,495,No,No,No,No
INF05435,COL1087,8,4,5,3510,140,449,No,No,No,No
INF05436,COL1088,25,9,4,6823,0,270,Yes,Yes,No,No
INF05437,COL1088,26,9,8,7048,0,279,Yes,Yes,No,Yes
INF05438,COL1088,26,9,12,7591,0,297,Yes,Yes,No,Yes
INF05439,COL1088,28,10,12,7351,0,317,Yes,Yes,No,No
INF05440,COL1088,26,9,15,8133,0,367,Yes,Yes,No,Yes
INF05441,COL1089,50,5,4,16358,551,330,No,Yes,No,No
INF05442,COL1089,51,5,8,16783,551,361,No,Yes,No,No
INF05443,COL1089,53,5,11,17867,569,352,No,Yes,No,No
INF05444,COL1089,52,5,18,18267,562,406,No,Yes,No,No
INF05445,COL1089,57,6,25,19596,572,433,No,Yes,No,Yes
INF05446,COL1090,9,1,1,3289,0,330,No,Yes,Yes,No
INF05447,COL1090,9,1,2,3417,0,346,No,Yes,Yes,No
INF05448,COL1090,10,1,3,3535,0,374,No,Yes,Yes,No
INF05449,COL1090,10,1,5,3657,0,394,No,Yes,Yes,No
INF05450,COL1090,10,1,4,3988,0,421,No,Yes,Yes,Yes
INF05451,COL1091,104,10,19,22936,1315,150,No,Yes,Yes,No
INF05452,COL1091,108,10,28,24026,1342,164,No,Yes,Yes,Yes
INF05453,COL1091,110,11,34,24942,1379,176,No,Yes,Yes,No
INF05454,COL1091,113,11,62,25938,1432,190,No,Yes,Yes,No
INF05455,COL1091,109,11,69,25377,1441,200,No,Yes,Yes,Yes
INF05456,COL1092,7,1,1,2972,0,390,Yes,Yes,No,No
INF05457,COL1092,7,1,2,3060,0,403,Yes,Yes,No,No
INF05458,COL1092,8,1,3,3301,0,447,Yes,Yes,No,No
INF05459,COL1092,7,1,4,3419,0,461,Yes,Yes,No,No
INF05460,COL1092,8,1,4,3593,0,475,Yes,Yes,No,No
INF05461,COL1093,59,32,5,16063,774,390,Yes,No,No,No
INF05462,COL1093,60,33,12,17023,783,427,Yes,No,No,No
INF05463,COL1093,62,34,18,17902,812,458,Yes,No,No,No
INF05464,COL1093,65,35,25,17214,838,494,Yes,No,No,No
INF05465,COL1093,63,34,23,17492,774,442,Yes,No,No,Yes
INF05466,COL1094,46,7,8,15695,629,270,Yes,Yes,No,No
INF05467,COL1094,47,7,13,16454,645,290,Yes,Yes,No,No
INF05468,COL1094,49,8,18,17033,638,318,Yes,Yes,No,No
INF05469,COL1094,51,8,22,17517,632,329,Yes,Yes,No,No
INF05470,COL1094,50,8,30,17560,630,322,Yes,Yes,No,No
INF05471,COL1095,158,13,13,49596,0,330,Yes,Yes,No,No
INF05472,COL1095,160,13,30,52428,0,347,Yes,Yes,No,No
INF05473,COL1095,164,13,38,53731,0,386,Yes,Yes,No,No
INF05474,COL1095,165,14,55,54850,0,395,Yes,Yes,No,No
INF05475,COL1095,179,15,83,56297,0,390,Yes,Yes,No,Yes
INF05476,COL1096,11,6,1,3306,0,330,Yes,Yes,Yes,No
INF05477,COL1096,11,6,2,3418,0,357,Yes,Yes,Yes,Yes
INF05478,COL1096,12,6,4,3621,0,390,Yes,Yes,Yes,No
INF05479,COL1096,11,6,3,3801,0,417,Yes,Yes,Yes,Yes
INF05480,COL1096,11,6,6,4007,0,415,Yes,Yes,Yes,No
INF05481,COL1097,153,17,28,43202,1205,150,No,Yes,No,No
INF05482,COL1097,159,18,46,44840,1235,160,No,Yes,No,No
INF05483,COL1097,161,18,52,46208,1249,177,No,Yes,No,No
INF05484,COL1097,158,18,73,47927,1214,165,No,Yes,No,Yes
INF05485,COL1097,174,19,80,49957,1248,194,No,Yes,No,Yes
INF05486,COL1098,29,14,5,10370,278,390,No,Yes,No,No
INF05487,COL1098,30,14,8,10979,280,428,No,Yes,No,No
INF05488,COL1098,31,15,10,10811,283,443,No,Yes,No,Yes
INF05489,COL1098,31,15,16,11975,281,501,No,Yes,No,No
INF05490,COL1098,32,15,18,11881,311,462,No,Yes,No,No
INF05491,COL1099,107,38,19,19172,1321,450,Yes,Yes,Yes,No
INF05492,COL1099,110,39,28,19568,1352,464,Yes,Yes,Yes,Yes
INF05493,COL1099,115,41,51,21364,1345,504,Yes,Yes,Yes,Yes
INF05494,COL1099,115,41,46,20421,1358,506,Yes,Yes,Yes,No
INF05495,COL1099,119,42,86,21327,1378,567,Yes,Yes,Yes,No
INF05496,COL1100,59,28,5,21221,985,390,No,Yes,Yes,Yes
INF05497,COL1100,60,29,11,22042,1005,404,No,Yes,Yes,Yes
INF05498,COL1100,61,29,18,23191,1024,461,No,Yes,Yes,No
INF05499,COL1100,65,31,23,23837,1000,506,No,Yes,Yes,No
INF05500,COL1100,62,29,28,26136,987,479,No,Yes,Yes,No
INF05501,COL1101,12,7,2,4462,104,270,Yes,Yes,No,No
INF05502,COL1101,12,7,3,4565,104,287,Yes,Yes,No,No
INF05503,COL1101,12,7,5,4921,107,324,Yes,Yes,No,Yes
INF05504,COL1101,12,7,4,4843,104,326,Yes,Yes,No,No
INF05505,COL1101,14,8,10,5003,116,371,Yes,Yes,No,No
INF05506,COL1102,60,33,11,16961,0,210,No,Yes,Yes,No
INF05507,COL1102,61,33,15,17368,0,217,No,Yes,Yes,No
INF05508,COL1102,64,35,24,18213,0,244,No,Yes,Yes,No
INF05509,COL1102,64,35,33,19778,0,250,No,Yes,Yes,No
INF05510,COL1102,64,35,27,19671,0,268,No,Yes,Yes,No
INF05511,COL1103,163,23,13,47395,1201,390,Yes,Yes,No,No
INF05512,COL1103,166,23,36,49265,1205,428,Yes,Yes,No,No
INF05513,COL1103,171,24,54,50366,1271,423,Yes,Yes,No,No
INF05514,COL1103,178,25,63,51021,1266,464,Yes,Yes,No,No
INF05515,COL1103,174,25,67,52030,1224,543,Yes,Yes,No,Yes
INF05516,COL1104,6,1,1,2578,50,90,No,Yes,Yes,No
INF05517,COL1104,6,1,2,2671,50,95,No,Yes,Yes,No
INF05518,COL1104,6,1,2,2855,50,100,No,Yes,Yes,No
INF05519,COL1104,7,1,3,2814,52,109,No,Yes,Yes,No
INF05520,COL1104,7,1,4,2807,51,112,No,Yes,Yes,No
INF05521,COL1105,21,2,4,5077,266,210,Yes,Yes,No,No
INF05522,COL1105,21,2,5,5220,272,224,Yes,Yes,No,No
INF05523,COL1105,22,2,8,5638,274,235,Yes,Yes,No,No
INF05524,COL1105,23,2,13,5980,275,232,Yes,Yes,No,Yes
INF05525,COL1105,23,2,14,5938,282,254,Yes,Yes,No,No
INF05526,COL1106,10,6,2,4039,131,150,No,Yes,No,No
INF05527,COL1106,10,6,3,4190,134,157,No,Yes,No,No
INF05528,COL1106,11,6,3,4394,134,168,No,Yes,No,No
INF05529,COL1106,11,7,5,4738,134,193,No,Yes,No,Yes
INF05530,COL1106,11,7,6,4536,141,185,No,Yes,No,No
INF05531,COL1107,119,22,10,37654,2127,90,No,Yes,No,No
INF05532,COL1107,123,23,18,39572,2134,94,No,Yes,No,No
INF05533,COL1107,124,23,40,40365,2133,107,No,Yes,No,No
INF05534,COL1107,129,24,55,41739,2292,115,No,Yes,No,No
INF05535,COL1107,125,23,67,42190,2218,117,No,Yes,No,No
INF05536,COL1108,33,3,6,11154,429,270,No,Yes,Yes,No
INF05537,COL1108,33,3,9,11463,435,288,No,Yes,Yes,No
INF05538,COL1108,34,3,16,11613,447,305,No,Yes,Yes,No
INF05539,COL1108,35,3,20,13032,457,325,No,Yes,Yes,Yes
INF05540,COL1108,37,3,26,12927,477,326,No,Yes,Yes,Yes
INF05541,COL1109,20,7,4,4460,306,210,No,Yes,No,No
INF05542,COL1109,20,7,6,4593,307,231,No,Yes,No,No
INF05543,COL1109,21,7,7,4868,310,231,No,Yes,No,No
INF05544,COL1109,21,7,11,4912,318,249,No,Yes,No,No
INF05545,COL1109,22,8,14,5018,317,277,No,Yes,No,No
INF05546,COL1110,48,6,9,10215,416,270,Yes,Yes,Yes,No
INF05547,COL1110,48,6,13,10786,417,291,Yes,Yes,Yes,Yes
INF05548,COL1110,51,6,20,10862,429,293,Yes,Yes,Yes,No
INF05549,COL1110,51,6,23,11146,435,301,Yes,Yes,Yes,No
INF05550,COL1110,53,7,39,11800,464,361,Yes,Yes,Yes,No
INF05551,COL1111,22,3,2,6358,217,150,No,Yes,No,No
INF05552,COL1111,22,3,3,6523,219,163,No,Yes,No,No
INF05553,COL1111,23,3,7,6850,227,160,No,Yes,No,No
INF05554,COL1111,24,3,7,7299,229,182,No,Yes,No,Yes
INF05555,COL1111,24,3,11,7629,224,196,No,Yes,No,Yes
INF05556,COL1112,39,18,7,10925,261,90,Yes,Yes,No,Yes
INF05557,COL1112,40,18,12,11569,263,96,Yes,Yes,No,No
INF05558,COL1112,42,19,13,11413,268,106,Yes,Yes,No,No
INF05559,COL1112,43,20,23,12418,270,116,Yes,Yes,No,Yes
INF05560,COL1112,43,20,21,12245,285,117,Yes,Yes,No,No
INF05561,COL1113,37,16,7,8744,409,390,Yes,Yes,Yes,No
INF05562,COL1113,38,16,11,9034,417,421,Yes,Yes,Yes,No
INF05563,COL1113,39,17,17,9230,412,444,Yes,Yes,Yes,Yes
INF05564,COL1113,39,17,17,10178,429,491,Yes,Yes,Yes,Yes
INF05565,COL1113,41,18,22,10805,417,534,Yes,Yes,Yes,Yes
INF05566,COL1114,6,3,0,4137,74,150,No,Yes,Yes,No
INF05567,COL1114,6,3,1,4275,76,157,No,Yes,Yes,Yes
INF05568,COL1114,6,3,2,4559,77,160,No,Yes,Yes,No
INF05569,COL1114,7,3,2,4575,80,166,No,Yes,Yes,No
INF05570,COL1114,7,3,3,4885,81,174,No,Yes,Yes,No
INF05571,COL1115,77,8,14,21592,0,150,No,Yes,No,Yes
INF05572,COL1115,78,8,19,22132,0,158,No,Yes,No,No
INF05573,COL1115,82,8,36,23813,0,163,No,Yes,No,No
INF05574,COL1115,79,8,46,25186,0,190,No,Yes,No,Yes
INF05575,COL1115,86,9,41,25241,0,195,No,Yes,No,No
INF05576,COL1116,6,3,1,3137,52,150,No,Yes,No,No
INF05577,COL1116,6,3,2,3299,52,160,No,Yes,No,No
INF05578,COL1116,6,3,2,3311,55,161,No,Yes,No,No
INF05579,COL1116,7,3,3,3620,55,167,No,Yes,No,No
INF05580,COL1116,6,3,4,3676,57,209,No,Yes,No,Yes
INF05581,COL1117,16,3,3,4424,270,210,No,Yes,No,No
INF05582,COL1117,16,3,4,4627,275,217,No,Yes,No,No
INF05583,COL1117,16,3,5,4922,285,246,No,Yes,No,Yes
INF05584,COL1117,17,3,8,5219,284,250,No,Yes,No,Yes
INF05585,COL1117,18,3,10,5082,290,289,No,Yes,No,No
INF05586,COL1118,20,10,4,8319,223,330,Yes,Yes,Yes,No
INF05587,COL1118,21,10,6,8625,228,355,Yes,Yes,Yes,No
INF05588,COL1118,21,10,8,8780,232,356,Yes,Yes,Yes,Yes
INF05589,COL1118,21,11,11,9155,230,390,Yes,Yes,Yes,Yes
INF05590,COL1118,23,11,15,9306,244,375,Yes,Yes,Yes,No
INF05591,COL1119,29,15,5,6980,477,210,No,Yes,No,No
INF05592,COL1119,29,15,7,7364,485,221,No,Yes,No,Yes
INF05593,COL1119,30,16,12,7614,481,247,No,Yes,No,Yes
INF05594,COL1119,32,17,18,7715,479,244,No,Yes,No,Yes
INF05595,COL1119,33,17,18,7674,490,271,No,Yes,No,No
INF05596,COL1120,18,8,3,3841,0,270,No,Yes,No,No
INF05597,COL1120,19,8,5,3923,0,296,No,Yes,No,No
INF05598,COL1120,18,8,7,4184,0,317,No,Yes,No,No
INF05599,COL1120,19,8,11,4307,0,295,No,Yes,No,No
INF05600,COL1120,20,9,12,4586,0,337,No,Yes,No,No
INF05601,COL1121,10,5,2,2570,0,210,Yes,Yes,No,No
INF05602,COL1121,10,5,3,2645,0,229,Yes,Yes,No,No
INF05603,COL1121,11,5,4,2858,0,230,Yes,Yes,No,No
INF05604,COL1121,11,5,5,2760,0,273,Yes,Yes,No,No
INF05605,COL1121,11,6,5,2962,0,244,Yes,Yes,No,No
INF05606,COL1122,54,23,10,12287,795,150,No,Yes,Yes,No
INF05607,COL1122,56,24,17,12848,805,159,No,Yes,Yes,Yes
INF05608,COL1122,57,24,23,12943,805,176,No,Yes,Yes,Yes
INF05609,COL1122,60,26,27,13372,801,194,No,Yes,Yes,Yes
INF05610,COL1122,62,26,43,13393,864,172,No,Yes,Yes,No
INF05611,COL1123,9,4,2,1781,95,150,No,Yes,Yes,No
INF05612,COL1123,9,4,3,1881,97,160,No,Yes,Yes,Yes
INF05613,COL1123,10,4,4,1863,96,180,No,Yes,Yes,No
INF05614,COL1123,10,4,4,2021,99,190,No,Yes,Yes,No
INF05615,COL1123,10,4,7,2072,104,205,No,Yes,Yes,Yes
INF05616,COL1124,89,17,16,18621,0,330,Yes,Yes,No,No
INF05617,COL1124,91,17,26,19016,0,357,Yes,Yes,No,No
INF05618,COL1124,93,18,30,20854,0,350,Yes,Yes,No,No
INF05619,COL1124,96,18,51,21055,0,408,Yes,Yes,No,No
INF05620,COL1124,94,18,70,20210,0,375,Yes,Yes,No,Yes
INF05621,COL1125,152,27,12,39560,2042,150,Yes,Yes,No,No
INF05622,COL1125,156,28,29,41685,2099,164,Yes,Yes,No,Yes
INF05623,COL1125,158,28,47,41262,2147,159,Yes,Yes,No,No
INF05624,COL1125,160,28,52,44890,2069,168,Yes,Yes,No,No
INF05625,COL1125,167,30,94,43072,2117,182,Yes,Yes,No,No
INF05626,COL1126,118,12,21,30955,1143,210,No,Yes,Yes,No
INF05627,COL1126,120,12,33,31916,1176,218,No,Yes,Yes,No
INF05628,COL1126,121,12,48,34082,1168,233,No,Yes,Yes,No
INF05629,COL1126,123,13,72,34560,1221,230,No,Yes,Yes,No
INF05630,COL1126,126,13,72,37875,1164,283,No,Yes,Yes,No
INF05631,COL1127,34,4,6,6468,0,210,No,Yes,No,No
INF05632,COL1127,34,4,9,6655,0,217,No,Yes,No,No
INF05633,COL1127,35,4,14,7126,0,244,No,Yes,No,Yes
INF05634,COL1127,38,4,21,6989,0,268,No,Yes,No,Yes
INF05635,COL1127,39,5,23,7523,0,246,No,Yes,No,No
INF05636,COL1128,42,23,8,12165,0,390,Yes,Yes,Yes,No
INF05637,COL1128,43,23,10,12438,0,411,Yes,Yes,Yes,Yes
INF05638,COL1128,45,24,17,13387,0,465,Yes,Yes,Yes,No
INF05639,COL1128,47,26,28,13440,0,427,Yes,Yes,Yes,Yes
INF05640,COL1128,45,24,21,14970,0,518,Yes,Yes,Yes,No
INF05641,COL1129,45,5,8,8245,0,330,Yes,Yes,No,No
INF05642,COL1129,46,5,13,8488,0,350,Yes,Yes,No,No
INF05643,COL1129,47,5,14,8595,0,387,Yes,Yes,No,No
INF05644,COL1129,48,5,23,9274,0,400,Yes,Yes,No,No
INF05645,COL1129,47,5,22,9103,0,442,Yes,Yes,No,Yes
INF05646,COL1130,83,13,7,28077,0,330,Yes,Yes,No,No
INF05647,COL1130,84,13,14,29069,0,362,Yes,Yes,No,Yes
INF05648,COL1130,87,14,30,29662,0,363,Yes,Yes,No,Yes
INF05649,COL1130,87,14,28,33072,0,400,Yes,Yes,No,No
INF05650,COL1130,90,14,35,30579,0,377,Yes,Yes,No,No
INF05651,COL1131,18,2,3,7252,0,330,No,Yes,Yes,No
INF05652,COL1131,19,2,5,7418,0,343,No,Yes,Yes,No
INF05653,COL1131,19,2,7,7720,0,358,No,Yes,Yes,No
INF05654,COL1131,20,2,11,7779,0,364,No,Yes,Yes,No
INF05655,COL1131,19,2,8,8269,0,400,No,Yes,Yes,No
INF05656,COL1132,6,3,1,1689,50,330,No,Yes,No,No
INF05657,COL1132,6,3,2,1774,51,352,No,Yes,No,Yes
INF05658,COL1132,6,3,3,1757,52,354,No,Yes,No,Yes
INF05659,COL1132,7,3,4,1796,52,414,No,Yes,No,Yes
INF05660,COL1132,7,3,5,2003,55,396,No,Yes,No,Yes
INF05661,COL1133,60,8,11,20206,0,270,Yes,Yes,No,No
INF05662,COL1133,61,8,19,21188,0,280,Yes,Yes,No,No
INF05663,COL1133,61,8,21,21843,0,297,Yes,Yes,No,Yes
INF05664,COL1133,66,9,39,22800,0,322,Yes,Yes,No,No
INF05665,COL1133,65,9,42,22668,0,311,Yes,Yes,No,Yes
INF05666,COL1134,6,3,1,4745,107,390,No,Yes,No,No
INF05667,COL1134,6,3,1,4851,107,420,No,Yes,No,Yes
INF05668,COL1134,6,3,2,5220,112,430,No,Yes,No,No
INF05669,COL1134,6,3,3,5340,108,433,No,Yes,No,Yes
INF05670,COL1134,7,3,3,5291,108,530,No,Yes,No,Yes
INF05671,COL1135,12,1,1,5900,0,270,No,Yes,Yes,No
INF05672,COL1135,12,1,2,6094,0,282,No,Yes,Yes,No
INF05673,COL1135,12,1,3,6444,0,289,No,Yes,Yes,No
INF05674,COL1135,13,1,4,6856,0,331,No,Yes,Yes,No
INF05675,COL1135,14,1,8,6666,0,308,No,Yes,Yes,No
INF05676,COL1136,108,17,19,18167,857,210,No,Yes,Yes,No
INF05677,COL1136,111,17,30,19143,875,219,No,Yes,Yes,No
INF05678,COL1136,112,18,51,19420,878,226,No,Yes,Yes,Yes
INF05679,COL1136,113,18,67,19335,901,266,No,Yes,Yes,Yes
INF05680,COL1136,114,18,57,22174,865,257,No,Yes,Yes,No
INF05681,COL1137,50,5,9,13003,0,210,Yes,Yes,Yes,No
INF05682,COL1137,51,5,13,13701,0,221,Yes,Yes,Yes,No
INF05683,COL1137,52,5,18,13769,0,224,Yes,Yes,Yes,No
INF05684,COL1137,53,5,32,15275,0,245,Yes,Yes,Yes,Yes
INF05685,COL1137,53,5,24,14709,0,265,Yes,Yes,Yes,No
INF05686,COL1138,12,6,2,2165,0,270,No,Yes,No,No
INF05687,COL1138,12,6,4,2228,0,283,No,Yes,No,No
INF05688,COL1138,13,6,6,2314,0,313,No,Yes,No,No
INF05689,COL1138,13,7,6,2488,0,331,No,Yes,No,Yes
INF05690,COL1138,13,7,9,2655,0,304,No,Yes,No,Yes
INF05691,COL1139,19,8,3,4837,111,210,Yes,Yes,No,Yes
INF05692,COL1139,20,8,6,4965,113,228,Yes,Yes,No,No
INF05693,COL1139,20,9,7,5067,112,234,Yes,Yes,No,Yes
INF05694,COL1139,21,9,10,5676,118,273,Yes,Yes,No,Yes
INF05695,COL1139,21,9,12,5799,122,273,Yes,Yes,No,Yes
INF05696,COL1140,49,5,4,10752,431,330,No,No,No,No
INF05697,COL1140,50,5,8,11305,440,357,No,No,No,No
INF05698,COL1140,50,5,17,11987,440,393,No,No,No,Yes
INF05699,COL1140,52,5,21,11855,468,426,No,No,No,Yes
INF05700,COL1140,55,6,33,13298,449,436,No,No,No,No
INF05701,COL1141,54,25,10,20158,749,210,Yes,Yes,Yes,No
INF05702,COL1141,55,25,15,20774,756,223,Yes,Yes,Yes,Yes
INF05703,COL1141,58,27,21,21673,752,226,Yes,Yes,Yes,No
INF05704,COL1141,56,26,25,22179,763,269,Yes,Yes,Yes,No
INF05705,COL1141,57,27,37,23222,766,246,Yes,Yes,Yes,Yes
INF05706,COL1142,34,14,6,7228,0,150,Yes,Yes,Yes,No
INF05707,COL1142,35,14,10,7550,0,157,Yes,Yes,Yes,No
INF05708,COL1142,36,15,14,8040,0,160,Yes,Yes,Yes,No
INF05709,COL1142,37,15,22,7804,0,182,Yes,Yes,Yes,Yes
INF05710,COL1142,39,16,22,7932,0,202,Yes,Yes,Yes,Yes
INF05711,COL1143,6,1,1,2052,50,390,No,Yes,No,Yes
INF05712,COL1143,6,1,2,2175,50,427,No,Yes,No,No
INF05713,COL1143,6,1,2,2160,50,439,No,Yes,No,No
INF05714,COL1143,7,1,3,2205,52,437,No,Yes,No,No
INF05715,COL1143,7,1,4,2390,52,531,No,Yes,No,Yes
INF05716,COL1144,26,10,5,7245,175,90,No,Yes,No,No
INF05717,COL1144,26,10,8,7624,180,98,No,Yes,No,No
INF05718,COL1144,27,10,8,7786,175,98,No,Yes,No,No
INF05719,COL1144,27,11,10,8168,175,108,No,Yes,No,No
INF05720,COL1144,29,11,16,8290,189,104,No,Yes,No,Yes
INF05721,COL1145,69,7,12,13112,0,330,Yes,Yes,Yes,No
INF05722,COL1145,72,7,19,13820,0,354,Yes,Yes,Yes,No
INF05723,COL1145,71,7,25,14171,0,387,Yes,Yes,Yes,No
INF05724,COL1145,74,8,32,14082,0,408,Yes,Yes,Yes,No
INF05725,COL1145,78,8,42,15200,0,426,Yes,Yes,Yes,No
INF05726,COL1146,13,5,2,3554,226,150,No,Yes,No,No
INF05727,COL1146,13,5,3,3683,231,163,No,Yes,No,No
INF05728,COL1146,14,5,5,3891,226,165,No,Yes,No,No
INF05729,COL1146,14,5,8,3831,236,182,No,Yes,No,No
INF05730,COL1146,15,6,7,4198,251,186,No,Yes,No,No
INF05731,COL1147,51,8,9,13481,842,90,No,Yes,Yes,No
INF05732,COL1147,52,8,17,13855,851,93,No,Yes,Yes,No
INF05733,COL1147,54,9,23,14829,848,97,No,Yes,Yes,Yes
INF05734,COL1147,57,9,27,15787,876,101,No,Yes,Yes,Yes
INF05735,COL1147,56,9,39,16177,874,119,No,Yes,Yes,Yes
INF05736,COL1148,21,4,4,7880,190,270,No,No,No,No
INF05737,COL1148,22,4,5,8210,195,290,No,No,No,No
INF05738,COL1148,22,4,7,8383,195,311,No,No,No,No
INF05739,COL1148,23,4,11,9206,199,295,No,No,No,Yes
INF05740,COL1148,24,4,17,9641,204,341,No,No,No,No
INF05741,COL1149,37,16,7,12964,303,330,Yes,Yes,No,Yes
INF05742,COL1149,38,17,12,13264,309,353,Yes,Yes,No,Yes
INF05743,COL1149,38,17,17,14274,307,377,Yes,Yes,No,No
INF05744,COL1149,38,16,17,14753,327,360,Yes,Yes,No,Yes
INF05745,COL1149,42,18,21,14233,313,377,Yes,Yes,No,Yes
INF05746,COL1150,34,6,6,8286,343,390,No,Yes,No,No
INF05747,COL1150,35,6,10,8572,350,426,No,Yes,No,No
INF05748,COL1150,36,6,14,8640,347,423,No,Yes,No,No
INF05749,COL1150,36,6,19,9026,371,451,No,Yes,No,No
INF05750,COL1150,37,7,20,9154,368,491,No,Yes,No,Yes
INF05751,COL1151,10,6,2,3094,124,270,Yes,Yes,Yes,No
INF05752,COL1151,10,6,3,3197,125,290,Yes,Yes,Yes,No
INF05753,COL1151,10,6,4,3256,125,322,Yes,Yes,Yes,No
INF05754,COL1151,11,7,4,3438,131,314,Yes,Yes,Yes,Yes
INF05755,COL1151,11,7,7,3702,138,321,Yes,Yes,Yes,Yes
INF05756,COL1152,66,10,12,19607,1120,330,No,Yes,Yes,No
INF05757,COL1152,68,10,17,20451,1121,349,No,Yes,Yes,Yes
INF05758,COL1152,70,11,22,20627,1120,391,No,Yes,Yes,Yes
INF05759,COL1152,69,10,41,22816,1177,362,No,Yes,Yes,No
INF05760,COL1152,70,11,42,22140,1145,400,No,Yes,Yes,No
INF05761,COL1153,50,10,9,11817,0,150,No,Yes,No,No
INF05762,COL1153,51,10,15,12210,0,155,No,Yes,No,Yes
INF05763,COL1153,53,11,23,12336,0,167,No,Yes,No,No
INF05764,COL1153,52,10,24,13304,0,184,No,Yes,No,No
INF05765,COL1153,54,11,39,13223,0,178,No,Yes,No,No
INF05766,COL1154,80,10,14,17294,1122,330,Yes,Yes,Yes,No
INF05767,COL1154,81,10,20,18313,1139,361,Yes,Yes,Yes,No
INF05768,COL1154,84,10,29,19198,1135,392,Yes,Yes,Yes,No
INF05769,COL1154,90,11,33,18603,1122,378,Yes,Yes,Yes,Yes
INF05770,COL1154,91,11,53,18850,1187,381,Yes,Yes,Yes,No
INF05771,COL1155,12,7,2,3395,87,90,Yes,Yes,No,Yes
INF05772,COL1155,12,7,4,3562,88,93,Yes,Yes,No,Yes
INF05773,COL1155,13,7,5,3773,87,102,Yes,Yes,No,Yes
INF05774,COL1155,13,7,7,3605,94,106,Yes,Yes,No,Yes
INF05775,COL1155,13,8,9,3668,95,113,Yes,Yes,No,Yes
INF05776,COL1156,9,4,2,2895,0,330,No,Yes,Yes,No
INF05777,COL1156,9,4,2,2995,0,351,No,Yes,Yes,No
INF05778,COL1156,9,4,3,3027,0,350,No,Yes,Yes,No
INF05779,COL1156,10,4,5,3070,0,383,No,Yes,Yes,Yes
INF05780,COL1156,10,5,7,3348,0,418,No,Yes,Yes,No
INF05781,COL1157,49,6,9,10950,0,150,No,Yes,No,No
INF05782,COL1157,50,6,16,11362,0,159,No,Yes,No,No
INF05783,COL1157,50,6,17,11716,0,172,No,Yes,No,No
INF05784,COL1157,51,6,19,11887,0,187,No,Yes,No,No
INF05785,COL1157,56,7,39,13534,0,182,No,Yes,No,Yes
INF05786,COL1158,7,1,1,4033,55,450,Yes,Yes,No,No
INF05787,COL1158,7,1,2,4175,56,465,Yes,Yes,No,No
INF05788,COL1158,7,1,3,4360,57,525,Yes,Yes,No,Yes
INF05789,COL1158,7,1,4,4368,60,583,Yes,Yes,No,No
INF05790,COL1158,7,1,3,4873,61,553,Yes,Yes,No,No
INF05791,COL1159,33,17,3,13491,0,270,No,Yes,No,Yes
INF05792,COL1159,33,17,7,13909,0,294,No,Yes,No,No
INF05793,COL1159,35,18,10,14675,0,321,No,Yes,No,No
INF05794,COL1159,35,18,12,15680,0,337,No,Yes,No,No
INF05795,COL1159,38,20,13,15953,0,374,No,Yes,No,Yes
INF05796,COL1160,87,17,16,25777,0,450,No,Yes,Yes,No
INF05797,COL1160,89,17,24,26891,0,485,No,Yes,Yes,Yes
INF05798,COL1160,89,17,40,27368,0,515,No,Yes,Yes,No
INF05799,COL1160,93,18,47,28783,0,522,No,Yes,Yes,No
INF05800,COL1160,101,20,69,27963,0,580,No,Yes,Yes,Yes
INF05801,COL1161,65,12,5,20429,0,330,No,Yes,No,No
INF05802,COL1161,66,12,10,21389,0,349,No,Yes,No,No
INF05803,COL1161,68,13,18,22073,0,396,No,Yes,No,No
INF05804,COL1161,72,13,28,22829,0,389,No,Yes,No,No
INF05805,COL1161,68,13,43,22463,0,434,No,Yes,No,Yes
INF05806,COL1162,115,19,21,26283,979,210,No,Yes,No,No
INF05807,COL1162,118,19,29,27160,998,223,No,Yes,No,No
INF05808,COL1162,119,20,37,28002,1015,225,No,Yes,No,No
INF05809,COL1162,128,21,58,27883,994,249,No,Yes,No,No
INF05810,COL1162,132,22,65,30126,1051,291,No,Yes,No,Yes
INF05811,COL1163,71,10,13,23099,913,150,Yes,Yes,Yes,No
INF05812,COL1163,74,10,20,24437,938,163,Yes,Yes,Yes,No
INF05813,COL1163,74,10,31,25452,958,176,Yes,Yes,Yes,Yes
INF05814,COL1163,79,11,43,24671,946,176,Yes,Yes,Yes,No
INF05815,COL1163,80,11,55,26467,938,185,Yes,Yes,Yes,Yes
INF05816,COL1164,52,5,9,14207,447,210,No,Yes,Yes,No
INF05817,COL1164,54,5,14,14768,451,217,No,Yes,Yes,No
INF05818,COL1164,54,5,24,15058,462,230,No,Yes,Yes,No
INF05819,COL1164,54,5,21,15852,483,236,No,Yes,Yes,No
INF05820,COL1164,59,6,38,17308,495,271,No,Yes,Yes,No
INF05821,COL1165,74,26,13,11253,741,150,Yes,Yes,Yes,Yes
INF05822,COL1165,77,27,22,11873,758,156,Yes,Yes,Yes,Yes
INF05823,COL1165,79,28,24,11948,782,179,Yes,Yes,Yes,No
INF05824,COL1165,78,28,41,12867,769,168,Yes,Yes,Yes,Yes
INF05825,COL1165,84,30,53,12468,823,187,Yes,Yes,Yes,No
INF05826,COL1166,82,46,15,25456,890,330,No,Yes,No,No
INF05827,COL1166,83,47,26,26695,914,362,No,Yes,No,No
INF05828,COL1166,88,49,37,26582,893,369,No,Yes,No,Yes
INF05829,COL1166,88,50,33,28971,929,421,No,Yes,No,Yes
INF05830,COL1166,87,49,48,30858,958,389,No,Yes,No,Yes
INF05831,COL1167,20,11,4,5345,0,330,Yes,Yes,No,No
INF05832,COL1167,20,11,5,5463,0,360,Yes,Yes,No,No
INF05833,COL1167,21,12,8,5860,0,373,Yes,Yes,No,Yes
INF05834,COL1167,22,12,12,6196,0,428,Yes,Yes,No,Yes
INF05835,COL1167,23,13,12,5927,0,428,Yes,Yes,No,No
INF05836,COL1168,42,23,8,11033,763,150,No,Yes,No,No
INF05837,COL1168,43,24,13,11362,781,163,No,Yes,No,No
INF05838,COL1168,44,24,14,12242,780,166,No,Yes,No,No
INF05839,COL1168,47,26,18,12040,809,187,No,Yes,No,Yes
INF05840,COL1168,45,25,29,12053,819,170,No,Yes,No,No
INF05841,COL1169,16,6,3,5333,198,450,Yes,Yes,No,No
INF05842,COL1169,17,6,5,5493,203,492,Yes,Yes,No,No
INF05843,COL1169,17,6,6,5554,200,514,Yes,Yes,No,No
INF05844,COL1169,18,7,7,5880,215,578,Yes,Yes,No,No
INF05845,COL1169,17,6,12,6052,199,528,Yes,Yes,No,Yes
INF05846,COL1170,51,8,9,16778,486,210,Yes,Yes,No,No
INF05847,COL1170,53,8,16,17710,493,221,Yes,Yes,No,No
INF05848,COL1170,53,8,24,18182,515,229,Yes,Yes,No,Yes
INF05849,COL1170,54,8,27,18367,511,232,Yes,Yes,No,Yes
INF05850,COL1170,59,9,34,19069,512,261,Yes,Yes,No,No
INF05851,COL1171,16,8,3,5940,0,390,No,Yes,No,No
INF05852,COL1171,16,8,5,6161,0,412,No,Yes,No,No
INF05853,COL1171,17,9,7,6317,0,455,No,Yes,No,No
INF05854,COL1171,18,9,10,6834,0,453,No,Yes,No,No
INF05855,COL1171,18,9,11,6774,0,488,No,Yes,No,No
INF05856,COL1172,7,1,1,4545,0,450,No,Yes,No,No
INF05857,COL1172,7,1,2,4756,0,467,No,Yes,No,No
INF05858,COL1172,7,1,3,4744,0,506,No,Yes,No,No
INF05859,COL1172,8,1,4,5268,0,577,No,Yes,No,Yes
INF05860,COL1172,8,1,4,5031,0,523,No,Yes,No,No
INF05861,COL1173,87,50,16,17127,1387,450,Yes,Yes,Yes,Yes
INF05862,COL1173,89,51,28,17888,1390,494,Yes,Yes,Yes,Yes
INF05863,COL1173,93,53,32,17984,1468,504,Yes,Yes,Yes,No
INF05864,COL1173,93,53,48,18719,1391,497,Yes,Yes,Yes,Yes
INF05865,COL1173,93,53,45,19433,1552,550,Yes,Yes,Yes,Yes
INF05866,COL1174,23,9,4,7139,0,210,No,Yes,Yes,Yes
INF05867,COL1174,23,9,7,7295,0,229,No,Yes,Yes,No
INF05868,COL1174,24,9,10,7925,0,244,No,Yes,Yes,Yes
INF05869,COL1174,26,10,13,7588,0,242,No,Yes,Yes,No
INF05870,COL1174,26,10,12,8271,0,248,No,Yes,Yes,No
INF05871,COL1175,69,12,12,13803,494,450,Yes,Yes,No,No
INF05872,COL1175,70,12,17,14144,496,465,Yes,Yes,No,No
INF05873,COL1175,72,13,25,15040,510,536,Yes,Yes,No,Yes
INF05874,COL1175,72,12,28,14732,511,523,Yes,Yes,No,No
INF05875,COL1175,79,14,44,15638,521,583,Yes,Yes,No,Yes
INF05876,COL1176,9,5,2,3031,129,390,No,Yes,No,No
INF05877,COL1176,9,5,3,3178,131,418,No,Yes,No,No
INF05878,COL1176,10,5,4,3283,131,460,No,Yes,No,Yes
INF05879,COL1176,9,5,3,3328,132,443,No,Yes,No,Yes
INF05880,COL1176,10,5,7,3358,142,523,No,Yes,No,Yes
INF05881,COL1177,46,27,4,10488,0,450,No,Yes,Yes,No
INF05882,COL1177,47,28,8,10741,0,490,No,Yes,Yes,Yes
INF05883,COL1177,50,29,12,11069,0,528,No,Yes,Yes,No
INF05884,COL1177,48,28,22,11338,0,527,No,Yes,Yes,Yes
INF05885,COL1177,49,29,16,12614,0,511,No,Yes,Yes,No
INF05886,COL1178,59,29,11,22242,881,390,No,Yes,Yes,No
INF05887,COL1178,61,30,16,23041,903,410,No,Yes,Yes,No
INF05888,COL1178,62,30,20,23369,902,419,No,Yes,Yes,Yes
INF05889,COL1178,64,31,37,26151,950,495,No,Yes,Yes,No
INF05890,COL1178,68,33,50,27270,916,451,No,Yes,Yes,No
INF05891,COL1179,23,13,4,6057,265,150,Yes,Yes,Yes,No
INF05892,COL1179,23,13,7,6382,270,159,Yes,Yes,Yes,Yes
INF05893,COL1179,24,14,11,6465,272,166,Yes,Yes,Yes,Yes
INF05894,COL1179,25,14,12,6925,284,186,Yes,Yes,Yes,Yes
INF05895,COL1179,26,15,14,6918,266,206,Yes,Yes,Yes,Yes
INF05896,COL1180,24,4,4,8557,489,210,Yes,Yes,Yes,Yes
INF05897,COL1180,25,4,8,8941,500,230,Yes,Yes,Yes,No
INF05898,COL1180,25,4,8,9345,503,237,Yes,Yes,Yes,No
INF05899,COL1180,26,4,10,9164,517,257,Yes,Yes,Yes,No
INF05900,COL1180,26,4,17,10417,535,249,Yes,Yes,Yes,No
INF05901,COL1181,13,5,2,3877,0,330,No,Yes,No,No
INF05902,COL1181,13,5,4,3963,0,359,No,Yes,No,No
INF05903,COL1181,13,5,6,4198,0,366,No,Yes,No,Yes
INF05904,COL1181,14,5,6,4203,0,416,No,Yes,No,Yes
INF05905,COL1181,14,5,8,4225,0,462,No,Yes,No,No
INF05906,COL1182,8,4,1,2646,75,270,Yes,Yes,Yes,Yes
INF05907,COL1182,8,4,2,2752,76,281,Yes,Yes,Yes,Yes
INF05908,COL1182,8,4,3,2862,78,287,Yes,Yes,Yes,Yes
INF05909,COL1182,9,4,4,2938,80,304,Yes,Yes,Yes,Yes
INF05910,COL1182,9,4,5,3192,79,331,Yes,Yes,Yes,No
INF05911,COL1183,42,24,8,8473,661,330,Yes,Yes,No,No
INF05912,COL1183,44,25,11,8954,668,351,Yes,Yes,No,No
INF05913,COL1183,45,26,16,9385,693,368,Yes,Yes,No,No
INF05914,COL1183,44,25,22,9049,688,385,Yes,Yes,No,Yes
INF05915,COL1183,47,27,22,9901,712,400,Yes,Yes,No,Yes
INF05916,COL1184,62,7,11,17434,843,210,No,Yes,Yes,No
INF05917,COL1184,64,7,16,18101,857,217,No,Yes,Yes,No
INF05918,COL1184,65,7,22,18377,883,250,No,Yes,Yes,No
INF05919,COL1184,66,7,28,20475,884,262,No,Yes,Yes,No
INF05920,COL1184,65,7,31,19846,854,250,No,Yes,Yes,Yes
INF05921,COL1185,35,15,6,7412,0,150,Yes,Yes,No,No
INF05922,COL1185,36,15,11,7584,0,156,Yes,Yes,No,No
INF05923,COL1185,37,16,12,8186,0,170,Yes,Yes,No,No
INF05924,COL1185,39,17,21,8456,0,168,Yes,Yes,No,No
INF05925,COL1185,37,16,21,8586,0,172,Yes,Yes,No,Yes
INF05926,COL1186,6,4,1,1500,0,210,Yes,Yes,No,No
INF05927,COL1186,6,4,2,1578,0,231,Yes,Yes,No,No
INF05928,COL1186,6,4,2,1628,0,224,Yes,Yes,No,No
INF05929,COL1186,7,4,4,1727,0,243,Yes,Yes,No,No
INF05930,COL1186,6,4,4,1679,0,260,Yes,Yes,No,Yes
INF05931,COL1187,65,10,12,20243,1247,390,No,Yes,No,No
INF05932,COL1187,67,10,20,20745,1268,416,No,Yes,No,Yes
INF05933,COL1187,69,11,21,21591,1287,424,No,Yes,No,No
INF05934,COL1187,69,11,34,22621,1328,438,No,Yes,No,No
INF05935,COL1187,69,11,49,25097,1258,438,No,Yes,No,No
INF05936,COL1188,119,22,21,28282,1503,210,No,Yes,Yes,No
INF05937,COL1188,120,22,34,29483,1541,223,No,Yes,Yes,No
INF05938,COL1188,122,23,51,30815,1577,227,No,Yes,Yes,No
INF05939,COL1188,132,24,77,32226,1548,247,No,Yes,Yes,No
INF05940,COL1188,127,24,77,33728,1604,258,No,Yes,Yes,No
INF05941,COL1189,62,9,5,18518,557,450,No,Yes,No,No
INF05942,COL1189,64,9,10,19270,564,470,No,Yes,No,No
INF05943,COL1189,65,9,19,20573,577,482,No,Yes,No,No
INF05944,COL1189,69,10,27,20442,589,492,No,Yes,No,No
INF05945,COL1189,65,9,36,21781,623,600,No,Yes,No,No
INF05946,COL1190,31,18,6,7986,260,210,Yes,Yes,No,No
INF05947,COL1190,32,19,10,8172,267,217,Yes,Yes,No,No
INF05948,COL1190,33,19,11,8484,265,246,Yes,Yes,No,No
INF05949,COL1190,33,19,14,9272,264,254,Yes,Yes,No,Yes
INF05950,COL1190,36,21,21,9133,286,278,Yes,Yes,No,No
INF05951,COL1191,9,4,2,2350,0,270,No,Yes,Yes,No
INF05952,COL1191,9,4,3,2439,0,291,No,Yes,Yes,No
INF05953,COL1191,10,4,4,2631,0,320,No,Yes,Yes,No
INF05954,COL1191,10,4,5,2498,0,333,No,Yes,Yes,Yes
INF05955,COL1191,10,5,7,2539,0,328,No,Yes,Yes,No
INF05956,COL1192,7,4,1,1651,0,210,No,Yes,Yes,No
INF05957,COL1192,7,4,2,1687,0,229,No,Yes,Yes,No
INF05958,COL1192,7,4,3,1820,0,224,No,Yes,Yes,No
INF05959,COL1192,8,4,4,1846,0,236,No,Yes,Yes,Yes
INF05960,COL1192,8,4,4,1885,0,291,No,Yes,Yes,No
INF05961,COL1193,7,3,1,2289,0,270,No,Yes,Yes,No
INF05962,COL1193,7,3,2,2392,0,291,No,Yes,Yes,No
INF05963,COL1193,7,3,3,2405,0,312,No,Yes,Yes,Yes
INF05964,COL1193,7,3,4,2581,0,344,No,Yes,Yes,No
INF05965,COL1193,7,3,5,2631,0,344,No,Yes,Yes,No
INF05966,COL1194,37,5,7,8410,351,330,Yes,Yes,No,No
INF05967,COL1194,38,5,10,8904,353,351,Yes,Yes,No,No
INF05968,COL1194,40,5,15,8821,352,352,Yes,Yes,No,Yes
INF05969,COL1194,39,5,20,9258,360,377,Yes,Yes,No,No
INF05970,COL1194,40,5,24,9938,363,460,Yes,Yes,No,Yes
INF05971,COL1195,6,3,0,2458,50,270,Yes,Yes,No,Yes
INF05972,COL1195,6,3,1,2560,51,286,Yes,Yes,No,No
INF05973,COL1195,6,3,2,2588,53,308,Yes,Yes,No,No
INF05974,COL1195,6,3,3,2650,53,299,Yes,Yes,No,No
INF05975,COL1195,7,3,3,2689,55,342,Yes,Yes,No,No
INF05976,COL1196,11,6,1,4243,150,150,Yes,Yes,Yes,No
INF05977,COL1196,11,6,2,4374,153,157,Yes,Yes,Yes,No
INF05978,COL1196,11,6,3,4649,155,170,Yes,Yes,Yes,No
INF05979,COL1196,12,6,4,4873,157,186,Yes,Yes,Yes,No
INF05980,COL1196,12,7,5,5076,151,190,Yes,Yes,Yes,Yes
INF05981,COL1197,69,35,6,16054,913,330,Yes,Yes,No,No
INF05982,COL1197,70,36,14,16690,938,341,Yes,Yes,No,No
INF05983,COL1197,73,37,25,17886,942,378,Yes,Yes,No,No
INF05984,COL1197,74,37,29,17738,921,420,Yes,Yes,No,Yes
INF05985,COL1197,76,39,30,18612,1008,392,Yes,Yes,No,Yes
INF05986,COL1198,134,22,11,31482,2493,390,Yes,Yes,No,Yes
INF05987,COL1198,138,23,23,32514,2562,415,Yes,Yes,No,No
INF05988,COL1198,145,24,48,33913,2543,456,Yes,Yes,No,No
INF05989,COL1198,141,23,41,36475,2604,442,Yes,Yes,No,Yes
INF05990,COL1198,143,23,67,37194,2532,541,Yes,Yes,No,No
INF05991,COL1199,20,3,2,9181,0,270,Yes,Yes,No,No
INF05992,COL1199,21,3,5,9441,0,292,Yes,Yes,No,No
INF05993,COL1199,20,3,5,9680,0,317,Yes,Yes,No,No
INF05994,COL1199,21,3,10,10096,0,300,Yes,Yes,No,No
INF05995,COL1199,23,3,9,10855,0,357,Yes,Yes,No,No
INF05996,COL1200,81,30,15,17381,0,450,Yes,Yes,No,No
INF05997,COL1200,83,31,25,18300,0,495,Yes,Yes,No,No
INF05998,COL1200,86,32,28,18310,0,479,Yes,Yes,No,Yes
INF05999,COL1200,89,33,40,20120,0,513,Yes,Yes,No,No
INF06000,COL1200,93,34,68,21534,0,581,Yes,Yes,No,Yes
INF06001,COL1201,17,8,3,4588,0,150,No,Yes,Yes,No
INF06002,COL1201,18,8,5,4741,0,164,No,Yes,Yes,No
INF06003,COL1201,18,8,7,4795,0,175,No,Yes,Yes,No
INF06004,COL1201,19,9,10,5292,0,173,No,Yes,Yes,No
INF06005,COL1201,19,9,8,5597,0,198,No,Yes,Yes,Yes
INF06006,COL1202,24,4,2,13809,236,90,Yes,Yes,No,No
INF06007,COL1202,25,4,4,14531,239,93,Yes,Yes,No,No
INF06008,COL1202,25,4,6,15019,250,103,Yes,Yes,No,Yes
INF06009,COL1202,26,4,10,15295,254,109,Yes,Yes,No,No
INF06010,COL1202,27,5,10,15288,243,105,Yes,Yes,No,Yes
INF06011,COL1203,33,17,6,9293,537,210,Yes,Yes,No,No
INF06012,COL1203,34,18,10,9844,538,218,Yes,Yes,No,No
INF06013,COL1203,35,18,11,10271,555,229,Yes,Yes,No,No
INF06014,COL1203,37,19,20,10151,543,260,Yes,Yes,No,Yes
INF06015,COL1203,36,18,17,10425,548,270,Yes,Yes,No,Yes
INF06016,COL1204,177,29,14,44960,2754,270,Yes,Yes,Yes,No
INF06017,COL1204,183,30,34,47144,2773,283,Yes,Yes,Yes,Yes
INF06018,COL1204,184,30,48,49047,2822,305,Yes,Yes,Yes,No
INF06019,COL1204,197,32,84,49140,2952,336,Yes,Yes,Yes,Yes
INF06020,COL1204,203,33,100,55510,3041,367,Yes,Yes,Yes,Yes
INF06021,COL1205,6,3,1,1534,50,330,No,Yes,Yes,No
INF06022,COL1205,6,3,2,1591,50,359,No,Yes,Yes,Yes
INF06023,COL1205,6,3,3,1620,50,358,No,Yes,Yes,No
INF06024,COL1205,7,3,3,1713,52,391,No,Yes,Yes,No
INF06025,COL1205,7,3,4,1704,50,416,No,Yes,Yes,Yes
INF06026,COL1206,24,9,2,11067,0,270,No,Yes,Yes,No
INF06027,COL1206,24,9,5,11459,0,287,No,Yes,Yes,Yes
INF06028,COL1206,25,9,8,12324,0,317,No,Yes,Yes,Yes
INF06029,COL1206,26,10,7,12100,0,299,No,Yes,Yes,Yes
INF06030,COL1206,28,10,11,13701,0,321,No,Yes,Yes,Yes
INF06031,COL1207,12,4,2,4192,0,210,Yes,Yes,No,No
INF06032,COL1207,12,4,3,4384,0,223,Yes,Yes,No,Yes
INF06033,COL1207,13,4,6,4545,0,246,Yes,Yes,No,No
INF06034,COL1207,13,4,5,4706,0,251,Yes,Yes,No,No
INF06035,COL1207,13,4,8,5018,0,283,Yes,Yes,No,No
INF06036,COL1208,18,10,3,5236,128,150,Yes,Yes,No,No
INF06037,COL1208,19,10,5,5442,131,160,Yes,Yes,No,Yes
INF06038,COL1208,19,10,8,5656,133,165,Yes,Yes,No,Yes
INF06039,COL1208,20,11,11,5656,131,183,Yes,Yes,No,Yes
INF06040,COL1208,20,11,13,6383,138,170,Yes,Yes,No,Yes
INF06041,COL1209,36,20,3,12353,0,30,Yes,Yes,Yes,No
INF06042,COL1209,37,20,7,12993,0,32,Yes,Yes,Yes,Yes
INF06043,COL1209,38,21,10,13577,0,33,Yes,Yes,Yes,Yes
INF06044,COL1209,37,21,13,13699,0,35,Yes,Yes,Yes,Yes
INF06045,COL1209,38,21,20,14467,0,36,Yes,Yes,Yes,Yes
INF06046,COL1210,8,1,1,2259,0,450,No,Yes,Yes,Yes
INF06047,COL1210,8,1,2,2370,0,468,No,Yes,Yes,No
INF06048,COL1210,8,1,3,2403,0,481,No,Yes,Yes,No
INF06049,COL1210,9,1,4,2620,0,536,No,Yes,Yes,No
INF06050,COL1210,9,1,5,2508,0,519,No,Yes,Yes,No
INF06051,COL1211,30,5,2,6893,313,330,No,Yes,No,Yes
INF06052,COL1211,31,5,5,7193,318,346,No,Yes,No,Yes
INF06053,COL1211,31,5,9,7379,323,363,No,Yes,No,No
INF06054,COL1211,33,6,9,8119,326,411,No,Yes,No,Yes
INF06055,COL1211,31,5,11,7485,351,382,No,Yes,No,No
INF06056,COL1212,7,3,1,1861,93,330,No,Yes,Yes,Yes
INF06057,COL1212,7,3,2,1931,95,356,No,Yes,Yes,No
INF06058,COL1212,7,3,3,1961,96,351,No,Yes,Yes,Yes
INF06059,COL1212,8,3,4,1985,94,378,No,Yes,Yes,Yes
INF06060,COL1212,7,3,5,2214,93,389,No,Yes,Yes,Yes
INF06061,COL1213,33,13,6,9054,0,330,No,Yes,Yes,No
INF06062,COL1213,33,13,9,9360,0,342,No,Yes,Yes,No
INF06063,COL1213,35,14,11,9937,0,393,No,Yes,Yes,No
INF06064,COL1213,36,14,14,10443,0,397,No,Yes,Yes,Yes
INF06065,COL1213,38,15,17,9893,0,435,No,Yes,Yes,Yes
INF06066,COL1214,11,6,2,3873,0,210,No,Yes,Yes,No
INF06067,COL1214,11,6,3,4097,0,221,No,Yes,Yes,Yes
INF06068,COL1214,12,6,5,4183,0,225,No,Yes,Yes,Yes
INF06069,COL1214,12,6,5,4120,0,257,No,Yes,Yes,Yes
INF06070,COL1214,13,7,9,4369,0,236,No,Yes,Yes,Yes
INF06071,COL1215,35,13,3,11889,370,450,Yes,Yes,No,No
INF06072,COL1215,36,13,7,12408,379,467,Yes,Yes,No,No
INF06073,COL1215,37,14,8,12931,373,520,Yes,Yes,No,No
INF06074,COL1215,39,14,14,13611,390,584,Yes,Yes,No,No
INF06075,COL1215,40,15,21,13822,410,560,Yes,Yes,No,No
INF06076,COL1216,87,13,16,27439,0,330,No,Yes,Yes,No
INF06077,COL1216,89,13,25,28767,0,354,No,Yes,Yes,No
INF06078,COL1216,93,14,41,29741,0,390,No,Yes,Yes,Yes
INF06079,COL1216,90,13,49,30947,0,410,No,Yes,Yes,No
INF06080,COL1216,95,14,65,30464,0,438,No,Yes,Yes,Yes
INF06081,COL1217,8,1,1,2616,0,210,No,Yes,Yes,No
INF06082,COL1217,8,1,2,2741,0,229,No,Yes,Yes,No
INF06083,COL1217,9,1,4,2816,0,228,No,Yes,Yes,No
INF06084,COL1217,9,1,5,2894,0,265,No,Yes,Yes,No
INF06085,COL1217,8,1,4,3171,0,289,No,Yes,Yes,No
INF06086,COL1218,28,15,2,10153,449,390,Yes,Yes,No,No
INF06087,COL1218,29,15,4,10453,457,402,Yes,Yes,No,Yes
INF06088,COL1218,30,16,11,10877,469,440,Yes,Yes,No,Yes
INF06089,COL1218,30,16,9,11742,473,443,Yes,Yes,No,Yes
INF06090,COL1218,30,16,13,12106,476,507,Yes,Yes,No,Yes
INF06091,COL1219,13,6,1,5435,0,390,Yes,Yes,No,No
INF06092,COL1219,13,6,3,5709,0,424,Yes,Yes,No,No
INF06093,COL1219,14,6,4,5840,0,430,Yes,Yes,No,No
INF06094,COL1219,14,6,6,6266,0,494,Yes,Yes,No,Yes
INF06095,COL1219,14,7,6,6193,0,513,Yes,Yes,No,No
INF06096,COL1220,14,2,1,5503,123,330,Yes,Yes,Yes,No
INF06097,COL1220,14,2,2,5821,124,350,Yes,Yes,Yes,No
INF06098,COL1220,15,2,5,6061,125,370,Yes,Yes,Yes,Yes
INF06099,COL1220,15,2,6,5860,128,373,Yes,Yes,Yes,No
INF06100,COL1220,15,2,9,6236,133,411,Yes,Yes,Yes,No
INF06101,COL1221,127,13,23,24401,0,330,Yes,Yes,No,No
INF06102,COL1221,130,13,35,25275,0,362,Yes,Yes,No,No
INF06103,COL1221,135,14,48,25523,0,364,Yes,Yes,No,Yes
INF06104,COL1221,139,14,83,26698,0,401,Yes,Yes,No,Yes
INF06105,COL1221,132,14,60,26575,0,420,Yes,Yes,No,No
INF06106,COL1222,15,2,3,7443,276,330,Yes,Yes,Yes,Yes
INF06107,COL1222,15,2,4,7730,280,351,Yes,Yes,Yes,No
INF06108,COL1222,16,2,7,7978,284,376,Yes,Yes,Yes,No
INF06109,COL1222,16,2,9,7932,291,375,Yes,Yes,Yes,No
INF06110,COL1222,17,2,12,8893,297,410,Yes,Yes,Yes,Yes
INF06111,COL1223,133,18,11,36410,1700,330,Yes,Yes,Yes,No
INF06112,COL1223,136,18,28,37656,1707,348,Yes,Yes,Yes,Yes
INF06113,COL1223,140,19,35,39442,1792,387,Yes,Yes,Yes,No
INF06114,COL1223,144,20,68,42308,1769,406,Yes,Yes,Yes,Yes
INF06115,COL1223,141,19,72,39692,1748,374,Yes,Yes,Yes,Yes
INF06116,COL1224,87,32,7,25246,1261,390,Yes,Yes,No,No
INF06117,COL1224,89,33,16,25976,1284,422,Yes,Yes,No,No
INF06118,COL1224,93,34,20,27701,1275,449,Yes,Yes,No,No
INF06119,COL1224,90,33,30,28559,1322,478,Yes,Yes,No,No
INF06120,COL1224,92,34,35,28879,1273,541,Yes,Yes,No,Yes
INF06121,COL1225,12,2,2,3584,252,210,No,Yes,No,No
INF06122,COL1225,12,2,3,3679,258,221,No,Yes,No,No
INF06123,COL1225,12,2,4,3893,257,239,No,Yes,No,No
INF06124,COL1225,13,2,7,3928,260,242,No,Yes,No,No
INF06125,COL1225,14,2,8,3982,258,287,No,Yes,No,Yes
INF06126,COL1226,47,28,4,15338,0,450,Yes,Yes,Yes,No
INF06127,COL1226,48,28,9,16080,0,471,Yes,Yes,Yes,Yes
INF06128,COL1226,50,30,12,16540,0,506,Yes,Yes,Yes,No
INF06129,COL1226,53,31,22,17723,0,557,Yes,Yes,Yes,No
INF06130,COL1226,52,31,32,16751,0,512,Yes,Yes,Yes,No
INF06131,COL1227,18,2,3,7539,248,270,No,Yes,Yes,No
INF06132,COL1227,19,2,5,7722,254,290,No,Yes,Yes,No
INF06133,COL1227,19,2,7,8117,251,321,No,Yes,Yes,No
INF06134,COL1227,19,2,8,8313,263,332,No,Yes,Yes,No
INF06135,COL1227,20,2,11,8681,248,328,No,Yes,Yes,No
INF06136,COL1228,6,1,1,2068,50,390,No,Yes,No,No
INF06137,COL1228,6,1,2,2192,50,423,No,Yes,No,No
INF06138,COL1228,6,1,2,2223,52,452,No,Yes,No,No
INF06139,COL1228,7,1,4,2231,53,482,No,Yes,No,No
INF06140,COL1228,7,1,3,2408,54,513,No,Yes,No,No
INF06141,COL1229,61,22,11,13998,0,150,No,Yes,Yes,No
INF06142,COL1229,62,22,18,14365,0,159,No,Yes,Yes,No
INF06143,COL1229,63,23,27,14928,0,172,No,Yes,Yes,No
INF06144,COL1229,67,24,31,15257,0,189,No,Yes,Yes,No
INF06145,COL1229,67,24,36,15702,0,174,No,Yes,Yes,Yes
INF06146,COL1230,38,7,7,10292,720,390,Yes,Yes,Yes,No
INF06147,COL1230,39,7,10,10590,730,420,Yes,Yes,Yes,No
INF06148,COL1230,40,7,17,10984,721,458,Yes,Yes,Yes,No
INF06149,COL1230,41,8,24,11843,736,505,Yes,Yes,Yes,Yes
INF06150,COL1230,42,8,22,11773,801,469,Yes,Yes,Yes,Yes
INF06151,COL1231,51,25,9,10713,552,390,Yes,Yes,No,Yes
INF06152,COL1231,53,26,16,11128,566,423,Yes,Yes,No,Yes
INF06153,COL1231,53,26,18,11347,582,443,Yes,Yes,No,Yes
INF06154,COL1231,57,28,27,12450,586,454,Yes,Yes,No,Yes
INF06155,COL1231,57,28,36,12027,607,439,Yes,Yes,No,Yes
INF06156,COL1232,24,14,4,5522,194,270,Yes,Yes,No,Yes
INF06157,COL1232,25,14,7,5788,198,295,Yes,Yes,No,No
INF06158,COL1232,25,15,8,6057,204,301,Yes,Yes,No,Yes
INF06159,COL1232,27,16,11,5963,202,319,Yes,Yes,No,Yes
INF06160,COL1232,26,15,15,6388,196,374,Yes,Yes,No,Yes
INF06161,COL1233,111,63,20,19444,931,210,Yes,Yes,No,Yes
INF06162,COL1233,112,64,33,19924,955,223,Yes,Yes,No,No
INF06163,COL1233,116,66,41,21271,971,234,Yes,Yes,No,No
INF06164,COL1233,120,68,64,21729,945,270,Yes,Yes,No,No
INF06165,COL1233,122,69,58,22444,1001,292,Yes,Yes,No,Yes
INF06166,COL1234,7,1,1,3861,84,390,No,Yes,No,No
INF06167,COL1234,7,1,1,3965,87,428,No,Yes,No,No
INF06168,COL1234,7,1,3,4258,88,424,No,Yes,No,Yes
INF06169,COL1234,7,1,2,4217,88,507,No,Yes,No,No
INF06170,COL1234,8,1,5,4384,94,471,No,Yes,No,No
INF06171,COL1235,6,1,0,2505,50,390,No,No,No,No
INF06172,COL1235,6,1,1,2640,50,426,No,No,No,No
INF06173,COL1235,6,1,2,2665,53,432,No,No,No,No
INF06174,COL1235,7,1,2,2864,53,486,No,No,No,Yes
INF06175,COL1235,7,1,2,2770,54,540,No,No,No,No
INF06176,COL1236,32,5,6,8817,0,330,No,Yes,No,No
INF06177,COL1236,33,5,9,9249,0,348,No,Yes,No,No
INF06178,COL1236,33,5,15,9735,0,360,No,Yes,No,No
INF06179,COL1236,34,5,20,9550,0,387,No,Yes,No,No
INF06180,COL1236,35,6,22,10909,0,391,No,Yes,No,No
INF06181,COL1237,27,4,5,9199,0,210,No,Yes,Yes,No
INF06182,COL1237,28,4,9,9663,0,225,No,Yes,Yes,No
INF06183,COL1237,28,4,12,9584,0,227,No,Yes,Yes,No
INF06184,COL1237,29,4,15,10704,0,262,No,Yes,Yes,Yes
INF06185,COL1237,31,5,16,10321,0,248,No,Yes,Yes,No
INF06186,COL1238,10,4,2,3181,94,330,No,Yes,Yes,No
INF06187,COL1238,10,4,3,3319,96,359,No,Yes,Yes,No
INF06188,COL1238,10,4,4,3309,98,381,No,Yes,Yes,No
INF06189,COL1238,11,4,6,3559,98,389,No,Yes,Yes,No
INF06190,COL1238,10,4,6,3633,97,373,No,Yes,Yes,Yes
INF06191,COL1239,136,11,11,49110,1145,330,No,Yes,Yes,No
INF06192,COL1239,139,11,30,51062,1149,344,No,Yes,Yes,No
INF06193,COL1239,140,11,50,52120,1188,365,No,Yes,Yes,No
INF06194,COL1239,148,12,59,56527,1221,393,No,Yes,Yes,Yes
INF06195,COL1239,148,12,94,59994,1151,443,No,Yes,Yes,No
INF06196,COL1240,48,6,9,10789,0,330,No,Yes,No,No
INF06197,COL1240,49,6,15,11432,0,360,No,Yes,No,No
INF06198,COL1240,50,6,19,11313,0,354,No,Yes,No,No
INF06199,COL1240,53,7,22,12397,0,361,No,Yes,No,Yes
INF06200,COL1240,51,6,26,12743,0,460,No,Yes,No,No
INF06201,COL1241,37,18,3,8321,391,330,No,Yes,Yes,No
INF06202,COL1241,38,18,7,8545,403,347,No,Yes,Yes,No
INF06203,COL1241,39,19,11,9297,404,388,No,Yes,Yes,No
INF06204,COL1241,39,19,16,8863,410,388,No,Yes,Yes,No
INF06205,COL1241,40,19,25,9116,425,407,No,Yes,Yes,Yes
INF06206,COL1242,36,7,6,10497,343,210,No,No,No,Yes
INF06207,COL1242,37,7,11,10738,351,222,No,No,No,No
INF06208,COL1242,38,7,15,11486,344,233,No,No,No,No
INF06209,COL1242,40,8,21,12198,370,246,No,No,No,Yes
INF06210,COL1242,40,8,19,11774,344,270,No,No,No,No
INF06211,COL1243,6,1,0,2869,67,390,No,Yes,No,Yes
INF06212,COL1243,6,1,1,2936,69,403,No,Yes,No,No
INF06213,COL1243,6,1,2,3054,70,433,No,Yes,No,No
INF06214,COL1243,6,1,3,3068,73,441,No,Yes,No,No
INF06215,COL1243,6,1,3,3523,67,438,No,Yes,No,Yes
INF06216,COL1244,7,4,1,2359,72,270,No,No,Yes,No
INF06217,COL1244,7,4,2,2493,74,278,No,No,Yes,No
INF06218,COL1244,7,4,2,2620,74,313,No,No,Yes,No
INF06219,COL1244,7,4,3,2577,76,347,No,No,Yes,No
INF06220,COL1244,8,4,5,2761,73,336,No,No,Yes,No
INF06221,COL1245,6,3,0,2198,50,210,Yes,Yes,No,Yes
INF06222,COL1245,6,3,1,2309,51,230,Yes,Yes,No,Yes
INF06223,COL1245,6,3,2,2359,51,244,Yes,Yes,No,Yes
INF06224,COL1245,7,3,3,2330,53,232,Yes,Yes,No,Yes
INF06225,COL1245,7,3,3,2534,52,284,Yes,Yes,No,Yes
INF06226,COL1246,15,8,3,5507,0,150,No,No,No,No
INF06227,COL1246,16,8,4,5728,0,162,No,No,No,No
INF06228,COL1246,16,8,5,6160,0,170,No,No,No,No
INF06229,COL1246,16,9,9,5846,0,186,No,No,No,No
INF06230,COL1246,17,9,12,6590,0,179,No,No,No,No
INF06231,COL1247,18,9,3,4941,193,450,No,Yes,Yes,No
INF06232,COL1247,18,9,6,5109,198,478,No,Yes,Yes,No
INF06233,COL1247,19,10,8,5286,199,498,No,Yes,Yes,No
INF06234,COL1247,20,10,11,5337,197,531,No,Yes,Yes,Yes
INF06235,COL1247,19,10,11,5438,199,542,No,Yes,Yes,No
INF06236,COL1248,44,7,8,13483,0,210,Yes,Yes,No,No
INF06237,COL1248,45,7,13,13831,0,221,Yes,Yes,No,No
INF06238,COL1248,46,7,19,15088,0,230,Yes,Yes,No,No
INF06239,COL1248,49,8,28,14514,0,245,Yes,Yes,No,Yes
INF06240,COL1248,46,7,21,16395,0,248,Yes,Yes,No,Yes
INF06241,COL1249,32,12,6,8389,339,390,Yes,Yes,Yes,No
INF06242,COL1249,33,12,10,8881,346,402,Yes,Yes,Yes,No
INF06243,COL1249,34,13,13,8993,349,464,Yes,Yes,Yes,No
INF06244,COL1249,36,13,21,9593,359,454,Yes,Yes,Yes,No
INF06245,COL1249,36,14,16,9344,357,438,Yes,Yes,Yes,Yes
INF06246,COL1250,18,3,3,5275,0,330,No,Yes,Yes,No
INF06247,COL1250,18,3,5,5519,0,358,No,Yes,Yes,No
INF06248,COL1250,18,3,6,5547,0,389,No,Yes,Yes,No
INF06249,COL1250,20,3,12,6055,0,370,No,Yes,Yes,No
INF06250,COL1250,20,3,12,5886,0,430,No,Yes,Yes,No
INF06251,COL1251,49,7,9,13387,527,390,Yes,No,No,No
INF06252,COL1251,50,7,14,13916,543,405,Yes,No,No,No
INF06253,COL1251,52,7,23,14770,543,420,Yes,No,No,No
INF06254,COL1251,51,7,25,15658,542,466,Yes,No,No,No
INF06255,COL1251,56,8,31,14847,540,470,Yes,No,No,No
INF06256,COL1252,9,1,1,3576,0,390,No,Yes,No,No
INF06257,COL1252,9,1,1,3743,0,411,No,Yes,No,No
INF06258,COL1252,10,1,2,3998,0,460,No,Yes,No,No
INF06259,COL1252,10,1,3,3816,0,485,No,Yes,No,No
INF06260,COL1252,10,1,5,3959,0,470,No,Yes,No,Yes
INF06261,COL1253,7,1,1,2957,0,330,No,Yes,No,No
INF06262,COL1253,7,1,2,3101,0,355,No,Yes,No,No
INF06263,COL1253,7,1,2,3174,0,395,No,Yes,No,No
INF06264,COL1253,7,1,3,3452,0,408,No,Yes,No,Yes
INF06265,COL1253,8,1,4,3438,0,444,No,Yes,No,No
INF06266,COL1254,75,10,6,22159,1200,150,Yes,Yes,Yes,No
INF06267,COL1254,78,10,11,23394,1230,161,Yes,Yes,Yes,No
INF06268,COL1254,78,10,28,23093,1235,159,Yes,Yes,Yes,Yes
INF06269,COL1254,84,11,24,24740,1263,194,Yes,Yes,Yes,Yes
INF06270,COL1254,80,11,42,25199,1218,187,Yes,Yes,Yes,Yes
INF06271,COL1255,66,12,12,19966,0,150,No,Yes,Yes,No
INF06272,COL1255,68,12,20,20963,0,157,No,Yes,Yes,No
INF06273,COL1255,69,13,22,21011,0,163,No,Yes,Yes,Yes
INF06274,COL1255,68,12,31,23331,0,176,No,Yes,Yes,No
INF06275,COL1255,72,13,34,21760,0,203,No,Yes,Yes,No
INF06276,COL1256,21,3,4,7028,169,390,No,Yes,Yes,No
INF06277,COL1256,22,3,6,7219,169,412,No,Yes,Yes,No
INF06278,COL1256,21,3,9,7527,176,448,No,Yes,Yes,No
INF06279,COL1256,22,3,11,7663,171,480,No,Yes,Yes,No
INF06280,COL1256,23,3,12,7707,185,518,No,Yes,Yes,No
INF06281,COL1257,105,9,19,29830,1318,270,Yes,No,Yes,No
INF06282,COL1257,106,9,29,31131,1341,281,Yes,No,Yes,Yes
INF06283,COL1257,110,9,39,31216,1381,296,Yes,No,Yes,Yes
INF06284,COL1257,110,9,40,34579,1344,345,Yes,No,Yes,No
INF06285,COL1257,110,9,62,33020,1392,313,Yes,No,Yes,No
INF06286,COL1258,6,1,1,4000,98,330,No,Yes,No,No
INF06287,COL1258,6,1,2,4114,101,352,No,Yes,No,Yes
INF06288,COL1258,6,1,3,4171,102,366,No,Yes,No,No
INF06289,COL1258,7,1,3,4415,99,427,No,Yes,No,No
INF06290,COL1258,6,1,3,4829,103,444,No,Yes,No,Yes
INF06291,COL1259,28,3,2,9197,444,330,Yes,Yes,Yes,No
INF06292,COL1259,29,3,5,9623,445,353,Yes,Yes,Yes,Yes
INF06293,COL1259,30,3,9,9622,466,368,Yes,Yes,Yes,No
INF06294,COL1259,30,3,13,9829,468,370,Yes,Yes,Yes,No
INF06295,COL1259,32,3,17,10472,475,397,Yes,Yes,Yes,Yes
INF06296,COL1260,29,3,5,8371,0,150,Yes,Yes,No,No
INF06297,COL1260,29,3,8,8601,0,162,Yes,Yes,No,No
INF06298,COL1260,30,3,11,9369,0,167,Yes,Yes,No,Yes
INF06299,COL1260,32,3,18,9750,0,166,Yes,Yes,No,No
INF06300,COL1260,33,3,17,9567,0,178,Yes,Yes,No,No
INF06301,COL1261,11,2,2,2838,0,330,No,Yes,No,No
INF06302,COL1261,11,2,3,3002,0,358,No,Yes,No,Yes
INF06303,COL1261,12,2,4,3031,0,375,No,Yes,No,Yes
INF06304,COL1261,12,2,7,3171,0,424,No,Yes,No,Yes
INF06305,COL1261,12,2,8,3139,0,431,No,Yes,No,No
INF06306,COL1262,48,9,9,18191,703,210,No,Yes,Yes,No
INF06307,COL1262,49,9,14,18840,710,226,No,Yes,Yes,No
INF06308,COL1262,49,9,18,19679,725,234,No,Yes,Yes,No
INF06309,COL1262,50,9,25,20193,705,239,No,Yes,Yes,Yes
INF06310,COL1262,51,10,38,19686,738,247,No,Yes,Yes,No
INF06311,COL1263,41,8,7,10649,382,270,Yes,Yes,Yes,No
INF06312,COL1263,42,8,11,10923,390,286,Yes,Yes,Yes,No
INF06313,COL1263,43,8,17,11296,392,305,Yes,Yes,Yes,No
INF06314,COL1263,44,9,24,12260,407,348,Yes,Yes,Yes,No
INF06315,COL1263,45,9,21,12028,390,354,Yes,Yes,Yes,No
INF06316,COL1264,24,5,2,8742,0,330,Yes,Yes,No,No
INF06317,COL1264,25,5,5,8939,0,340,Yes,Yes,No,No
INF06318,COL1264,25,5,6,9194,0,362,Yes,Yes,No,No
INF06319,COL1264,27,6,8,9644,0,378,Yes,Yes,No,No
INF06320,COL1264,26,5,9,10426,0,435,Yes,Yes,No,Yes
INF06321,COL1265,37,3,7,10328,594,330,Yes,Yes,Yes,No
INF06322,COL1265,37,3,11,10674,608,356,Yes,Yes,Yes,Yes
INF06323,COL1265,38,3,14,11381,615,363,Yes,Yes,Yes,Yes
INF06324,COL1265,38,3,15,11475,594,416,Yes,Yes,Yes,No
INF06325,COL1265,40,3,23,12549,623,429,Yes,Yes,Yes,No
INF06326,COL1266,66,31,5,26381,0,210,Yes,Yes,No,No
INF06327,COL1266,68,32,15,27256,0,222,Yes,Yes,No,Yes
INF06328,COL1266,69,32,16,28661,0,242,Yes,Yes,No,No
INF06329,COL1266,74,35,33,31034,0,249,Yes,Yes,No,No
INF06330,COL1266,72,34,43,29991,0,272,Yes,Yes,No,No
INF06331,COL1267,86,17,15,17196,626,210,No,Yes,No,No
INF06332,COL1267,89,18,23,17998,630,227,No,Yes,No,No
INF06333,COL1267,93,18,32,18026,642,235,No,Yes,No,Yes
INF06334,COL1267,92,18,50,19689,636,241,No,Yes,No,Yes
INF06335,COL1267,91,18,47,21232,680,242,No,Yes,No,No
INF06336,COL1268,62,37,11,12456,0,210,No,Yes,No,No
INF06337,COL1268,64,38,17,12823,0,225,No,Yes,No,Yes
INF06338,COL1268,66,39,22,13427,0,223,No,Yes,No,No
INF06339,COL1268,68,41,30,14646,0,243,No,Yes,No,No
INF06340,COL1268,66,39,42,14040,0,248,No,Yes,No,No
INF06341,COL1269,48,24,4,20076,514,330,No,Yes,No,No
INF06342,COL1269,49,24,9,20884,519,361,No,Yes,No,Yes
INF06343,COL1269,51,26,15,22427,519,382,No,Yes,No,Yes
INF06344,COL1269,52,26,21,22834,526,422,No,Yes,No,No
INF06345,COL1269,54,27,20,23327,542,398,No,Yes,No,No
INF06346,COL1270,26,15,2,9958,389,90,Yes,Yes,Yes,Yes
INF06347,COL1270,27,15,4,10244,394,96,Yes,Yes,Yes,No
INF06348,COL1270,27,16,8,11032,391,96,Yes,Yes,Yes,No
INF06349,COL1270,28,16,9,11096,415,98,Yes,Yes,Yes,Yes
INF06350,COL1270,30,17,13,10879,401,113,Yes,Yes,Yes,Yes
INF06351,COL1271,15,9,3,4223,257,270,Yes,Yes,Yes,Yes
INF06352,COL1271,15,9,4,4331,258,279,Yes,Yes,Yes,No
INF06353,COL1271,16,10,5,4647,263,290,Yes,Yes,Yes,No
INF06354,COL1271,17,10,9,4635,270,333,Yes,Yes,Yes,No
INF06355,COL1271,16,10,8,5161,276,369,Yes,Yes,Yes,Yes
INF06356,COL1272,11,5,1,3929,88,150,Yes,Yes,Yes,Yes
INF06357,COL1272,11,5,2,4140,89,160,Yes,Yes,Yes,No
INF06358,COL1272,12,5,4,4269,89,161,Yes,Yes,Yes,No
INF06359,COL1272,12,5,5,4350,94,176,Yes,Yes,Yes,Yes
INF06360,COL1272,12,5,5,4562,90,190,Yes,Yes,Yes,No
INF06361,COL1273,85,13,15,17730,823,210,No,Yes,No,No
INF06362,COL1273,87,13,23,18341,840,230,No,Yes,No,No
INF06363,COL1273,87,13,31,19357,834,252,No,Yes,No,No
INF06364,COL1273,89,14,41,19863,857,233,No,Yes,No,Yes
INF06365,COL1273,97,15,52,19750,882,273,No,Yes,No,Yes
INF06366,COL1274,15,8,3,7074,225,270,No,Yes,No,No
INF06367,COL1274,15,8,4,7363,229,284,No,Yes,No,Yes
INF06368,COL1274,16,8,7,7792,228,298,No,Yes,No,No
INF06369,COL1274,16,9,6,7633,230,298,No,Yes,No,No
INF06370,COL1274,17,9,7,8094,229,366,No,Yes,No,No
INF06371,COL1275,98,19,18,24574,0,150,Yes,Yes,No,No
INF06372,COL1275,100,19,26,25519,0,158,Yes,Yes,No,No
INF06373,COL1275,105,20,32,26447,0,179,Yes,Yes,No,No
INF06374,COL1275,106,21,54,26993,0,185,Yes,Yes,No,Yes
INF06375,COL1275,102,20,66,27930,0,202,Yes,Yes,No,No
INF06376,COL1276,6,3,1,2342,50,450,No,Yes,Yes,No
INF06377,COL1276,6,3,1,2402,51,474,No,Yes,Yes,No
INF06378,COL1276,6,3,2,2565,52,480,No,Yes,Yes,Yes
INF06379,COL1276,6,3,3,2715,53,533,No,Yes,Yes,Yes
INF06380,COL1276,6,3,3,2577,51,565,No,Yes,Yes,No
INF06381,COL1277,39,8,7,9285,362,330,No,Yes,Yes,No
INF06382,COL1277,40,8,11,9585,367,357,No,Yes,Yes,Yes
INF06383,COL1277,42,9,14,9873,363,359,No,Yes,Yes,Yes
INF06384,COL1277,40,8,15,10313,384,363,No,Yes,Yes,No
INF06385,COL1277,44,9,29,11223,378,373,No,Yes,Yes,No
INF06386,COL1278,30,6,2,11466,505,330,No,Yes,No,Yes
INF06387,COL1278,31,6,6,12115,516,342,No,Yes,No,Yes
INF06388,COL1278,32,6,10,12412,517,354,No,Yes,No,Yes
INF06389,COL1278,32,6,10,12381,529,375,No,Yes,No,No
INF06390,COL1278,35,7,19,12591,554,377,No,Yes,No,Yes
INF06391,COL1279,15,9,3,4752,306,270,No,Yes,No,No
INF06392,COL1279,15,9,5,4893,309,285,No,Yes,No,No
INF06393,COL1279,16,10,6,5201,323,299,No,Yes,No,No
INF06394,COL1279,16,9,7,5375,317,326,No,Yes,No,Yes
INF06395,COL1279,16,9,8,5514,329,322,No,Yes,No,Yes
INF06396,COL1280,58,9,10,13360,0,150,Yes,Yes,Yes,No
INF06397,COL1280,59,9,15,13809,0,161,Yes,Yes,Yes,No
INF06398,COL1280,62,10,27,13921,0,177,Yes,Yes,Yes,No
INF06399,COL1280,61,9,35,14457,0,176,Yes,Yes,Yes,No
INF06400,COL1280,66,10,48,15060,0,196,Yes,Yes,Yes,No
INF06401,COL1281,6,1,1,2419,55,330,No,Yes,Yes,No
INF06402,COL1281,6,1,2,2557,56,356,No,Yes,Yes,No
INF06403,COL1281,6,1,3,2611,56,356,No,Yes,Yes,Yes
INF06404,COL1281,6,1,3,2765,57,419,No,Yes,Yes,No
INF06405,COL1281,7,1,3,2892,57,411,No,Yes,Yes,No
INF06406,COL1282,132,23,11,33183,0,390,No,Yes,No,Yes
INF06407,COL1282,134,23,26,34021,0,423,No,Yes,No,Yes
INF06408,COL1282,136,24,44,36096,0,423,No,Yes,No,Yes
INF06409,COL1282,146,25,49,36596,0,504,No,Yes,No,Yes
INF06410,COL1282,141,25,48,36134,0,520,No,Yes,No,Yes
INF06411,COL1283,21,11,4,6144,282,330,No,Yes,Yes,No
INF06412,COL1283,21,11,6,6319,290,348,No,Yes,Yes,No
INF06413,COL1283,22,11,9,6570,288,368,No,Yes,Yes,Yes
INF06414,COL1283,23,12,9,7202,297,382,No,Yes,Yes,No
INF06415,COL1283,24,12,12,6927,299,439,No,Yes,Yes,No
INF06416,COL1284,57,7,5,15964,0,150,No,Yes,No,No
INF06417,COL1284,59,7,13,16562,0,161,No,Yes,No,No
INF06418,COL1284,59,7,16,17526,0,166,No,Yes,No,No
INF06419,COL1284,63,8,31,17022,0,178,No,Yes,No,No
INF06420,COL1284,63,8,39,19449,0,171,No,Yes,No,Yes
INF06421,COL1285,8,1,1,4053,138,150,No,Yes,No,No
INF06422,COL1285,8,1,2,4246,138,159,No,Yes,No,No
INF06423,COL1285,8,1,2,4469,142,176,No,Yes,No,Yes
INF06424,COL1285,8,1,3,4667,149,174,No,Yes,No,No
INF06425,COL1285,8,1,4,4480,140,182,No,Yes,No,No
INF06426,COL1286,98,14,18,22427,0,150,No,Yes,Yes,No
INF06427,COL1286,102,15,25,23657,0,160,No,Yes,Yes,No
INF06428,COL1286,105,15,42,23889,0,161,No,Yes,Yes,No
INF06429,COL1286,109,16,46,25801,0,181,No,Yes,Yes,Yes
INF06430,COL1286,114,16,59,27442,0,210,No,Yes,Yes,Yes
INF06431,COL1287,48,25,9,13748,0,270,Yes,Yes,No,No
INF06432,COL1287,49,26,13,14096,0,292,Yes,Yes,No,No
INF06433,COL1287,50,26,16,14306,0,312,Yes,Yes,No,Yes
INF06434,COL1287,50,26,26,15817,0,320,Yes,Yes,No,No
INF06435,COL1287,51,26,26,16184,0,320,Yes,Yes,No,Yes
INF06436,COL1288,56,8,10,14636,857,210,Yes,Yes,No,No
INF06437,COL1288,58,8,14,15425,870,222,Yes,Yes,No,No
INF06438,COL1288,58,8,26,16383,895,233,Yes,Yes,No,Yes
INF06439,COL1288,58,8,25,15543,880,251,Yes,Yes,No,Yes
INF06440,COL1288,62,9,37,17976,885,259,Yes,Yes,No,Yes
INF06441,COL1289,48,22,4,11738,0,330,No,No,Yes,No
INF06442,COL1289,49,23,7,12365,0,350,No,No,Yes,No
INF06443,COL1289,52,24,16,12235,0,389,No,No,Yes,No
INF06444,COL1289,53,24,19,12830,0,374,No,No,Yes,No
INF06445,COL1289,50,23,29,13170,0,449,No,No,Yes,Yes
INF06446,COL1290,63,27,11,21950,877,390,No,Yes,No,No
INF06447,COL1290,65,28,20,22730,900,420,No,Yes,No,No
INF06448,COL1290,66,28,20,23748,899,423,No,Yes,No,Yes
INF06449,COL1290,66,28,27,25412,879,479,No,Yes,No,No
INF06450,COL1290,72,31,39,25765,938,522,No,Yes,No,Yes
INF06451,COL1291,59,24,5,16432,771,330,Yes,Yes,Yes,No
INF06452,COL1291,60,24,11,17072,783,356,Yes,Yes,Yes,Yes
INF06453,COL1291,62,25,13,18119,804,382,Yes,Yes,Yes,Yes
INF06454,COL1291,65,26,21,18351,817,382,Yes,Yes,Yes,Yes
INF06455,COL1291,63,26,26,18184,855,377,Yes,Yes,Yes,Yes
INF06456,COL1292,127,22,10,23729,1965,270,Yes,Yes,No,No
INF06457,COL1292,132,23,20,24252,1973,288,Yes,Yes,No,No
INF06458,COL1292,132,23,37,25929,2067,313,Yes,Yes,No,Yes
INF06459,COL1292,136,24,61,27369,2121,300,Yes,Yes,No,No
INF06460,COL1292,139,24,80,25758,1998,324,Yes,Yes,No,No
INF06461,COL1293,40,6,7,9371,0,390,No,Yes,No,No
INF06462,COL1293,41,6,13,9642,0,419,No,Yes,No,Yes
INF06463,COL1293,42,6,17,9903,0,415,No,Yes,No,No
INF06464,COL1293,44,7,25,10764,0,464,No,Yes,No,Yes
INF06465,COL1293,45,7,28,10867,0,461,No,Yes,No,No
INF06466,COL1294,12,5,2,3414,105,210,Yes,Yes,No,No
INF06467,COL1294,12,5,3,3544,106,226,Yes,Yes,No,Yes
INF06468,COL1294,12,5,4,3587,110,223,Yes,Yes,No,No
INF06469,COL1294,13,5,7,3879,107,258,Yes,Yes,No,Yes
INF06470,COL1294,13,6,6,4067,109,287,Yes,Yes,No,No
INF06471,COL1295,11,1,2,3389,0,330,No,No,No,No
INF06472,COL1295,11,1,3,3584,0,361,No,No,No,No
INF06473,COL1295,11,1,5,3683,0,384,No,No,No,No
INF06474,COL1295,12,1,6,3652,0,422,No,No,No,Yes
INF06475,COL1295,12,1,8,3826,0,381,No,No,No,Yes
INF06476,COL1296,20,9,4,6463,0,210,No,Yes,No,No
INF06477,COL1296,20,9,5,6668,0,221,No,Yes,No,No
INF06478,COL1296,21,10,8,6986,0,242,No,Yes,No,No
INF06479,COL1296,21,10,12,7537,0,256,No,Yes,No,No
INF06480,COL1296,21,10,15,7472,0,268,No,Yes,No,Yes
INF06481,COL1297,80,40,14,15822,0,390,Yes,Yes,No,No
INF06482,COL1297,83,41,27,16605,0,429,Yes,Yes,No,Yes
INF06483,COL1297,82,41,28,16663,0,431,Yes,Yes,No,No
INF06484,COL1297,88,44,47,18389,0,481,Yes,Yes,No,Yes
INF06485,COL1297,84,42,43,17436,0,462,Yes,Yes,No,No
INF06486,COL1298,40,4,7,10044,0,270,No,Yes,Yes,No
INF06487,COL1298,42,4,12,10512,0,289,No,Yes,Yes,No
INF06488,COL1298,42,4,14,10745,0,290,No,Yes,Yes,Yes
INF06489,COL1298,42,4,20,11813,0,320,No,Yes,Yes,Yes
INF06490,COL1298,46,5,32,12110,0,376,No,Yes,Yes,No
INF06491,COL1299,77,7,14,19323,0,270,No,Yes,No,No
INF06492,COL1299,79,7,23,19782,0,280,No,Yes,No,Yes
INF06493,COL1299,83,8,33,20376,0,291,No,Yes,No,No
INF06494,COL1299,84,8,35,20795,0,331,No,Yes,No,No
INF06495,COL1299,82,7,52,22687,0,352,No,Yes,No,No
INF06496,COL1300,40,7,7,8229,460,270,No,Yes,No,No
INF06497,COL1300,41,7,11,8458,471,290,No,Yes,No,No
INF06498,COL1300,43,8,17,8612,481,314,No,Yes,No,Yes
INF06499,COL1300,43,7,18,9012,487,307,No,Yes,No,No
INF06500,COL1300,45,8,30,9112,488,322,No,Yes,No,No
INF06501,COL1301,75,14,6,16401,0,90,No,Yes,Yes,Yes
INF06502,COL1301,76,14,16,17102,0,96,No,Yes,Yes,No
INF06503,COL1301,77,14,25,18364,0,99,No,Yes,Yes,No
INF06504,COL1301,78,15,21,18141,0,109,No,Yes,Yes,No
INF06505,COL1301,81,15,47,19131,0,103,No,Yes,Yes,No
INF06506,COL1302,84,12,7,23241,706,330,No,Yes,No,No
INF06507,COL1302,86,12,13,24510,714,345,No,Yes,No,No
INF06508,COL1302,88,13,19,25998,722,351,No,Yes,No,No
INF06509,COL1302,91,13,34,25506,765,400,No,Yes,No,No
INF06510,COL1302,94,13,47,28289,760,411,No,Yes,No,No
INF06511,COL1303,88,13,16,28915,0,150,Yes,Yes,No,Yes
INF06512,COL1303,90,13,29,30042,0,156,Yes,Yes,No,No
INF06513,COL1303,90,13,36,31277,0,160,Yes,Yes,No,No
INF06514,COL1303,98,15,52,30833,0,175,Yes,Yes,No,Yes
INF06515,COL1303,92,14,40,34848,0,196,Yes,Yes,No,Yes
INF06516,COL1304,57,9,10,13306,1073,330,No,Yes,Yes,No
INF06517,COL1304,58,9,14,13769,1104,361,No,Yes,Yes,Yes
INF06518,COL1304,59,9,20,14902,1130,393,No,Yes,Yes,Yes
INF06519,COL1304,63,10,29,15682,1114,377,No,Yes,Yes,No
INF06520,COL1304,64,10,29,15242,1123,434,No,Yes,Yes,No
INF06521,COL1305,112,56,9,25565,1227,390,Yes,Yes,No,No
INF06522,COL1305,114,57,21,26621,1235,412,Yes,Yes,No,Yes
INF06523,COL1305,120,60,42,28483,1275,416,Yes,Yes,No,Yes
INF06524,COL1305,123,61,47,28589,1235,503,Yes,Yes,No,Yes
INF06525,COL1305,118,59,52,29014,1310,534,Yes,Yes,No,Yes
INF06526,COL1306,106,10,8,38464,0,210,No,Yes,Yes,No
INF06527,COL1306,109,10,24,39327,0,224,No,Yes,Yes,No
INF06528,COL1306,108,10,36,40744,0,238,No,Yes,Yes,No
INF06529,COL1306,118,11,59,43748,0,271,No,Yes,Yes,No
INF06530,COL1306,114,11,60,44300,0,280,No,Yes,Yes,No
INF06531,COL1307,19,10,3,5410,277,390,Yes,Yes,No,Yes
INF06532,COL1307,19,10,5,5730,281,426,Yes,Yes,No,Yes
INF06533,COL1307,20,11,9,5853,284,448,Yes,Yes,No,Yes
INF06534,COL1307,21,11,11,5886,280,487,Yes,Yes,No,Yes
INF06535,COL1307,21,11,12,6223,308,510,Yes,Yes,No,Yes
INF06536,COL1308,59,5,11,18540,0,330,Yes,Yes,No,No
INF06537,COL1308,60,5,16,19071,0,361,Yes,Yes,No,Yes
INF06538,COL1308,60,5,19,20463,0,394,Yes,Yes,No,No
INF06539,COL1308,64,5,29,20360,0,415,Yes,Yes,No,No
INF06540,COL1308,65,5,37,21110,0,445,Yes,Yes,No,Yes
INF06541,COL1309,16,2,3,4608,0,330,Yes,Yes,Yes,No
INF06542,COL1309,17,2,4,4821,0,345,Yes,Yes,Yes,No
INF06543,COL1309,17,2,5,5002,0,383,Yes,Yes,Yes,Yes
INF06544,COL1309,18,2,10,5174,0,401,Yes,Yes,Yes,Yes
INF06545,COL1309,18,2,10,5590,0,451,Yes,Yes,Yes,No
INF06546,COL1310,66,9,12,20621,1030,390,Yes,Yes,No,No
INF06547,COL1310,68,9,17,21318,1040,406,Yes,Yes,No,No
INF06548,COL1310,68,9,21,22105,1070,447,Yes,Yes,No,No
INF06549,COL1310,70,10,25,23563,1078,430,Yes,Yes,No,Yes
INF06550,COL1310,74,10,47,23585,1039,518,Yes,Yes,No,Yes
INF06551,COL1311,151,22,12,28900,0,210,No,Yes,Yes,No
INF06552,COL1311,153,22,26,30436,0,229,No,Yes,Yes,No
INF06553,COL1311,154,22,33,31779,0,226,No,Yes,Yes,No
INF06554,COL1311,157,23,75,32528,0,232,No,Yes,Yes,Yes
INF06555,COL1311,161,23,65,33931,0,236,No,Yes,Yes,Yes
INF06556,COL1312,73,11,13,22504,0,150,Yes,Yes,No,No
INF06557,COL1312,76,11,22,23624,0,158,Yes,Yes,No,No
INF06558,COL1312,76,11,24,25150,0,171,Yes,Yes,No,No
INF06559,COL1312,79,12,31,25059,0,167,Yes,Yes,No,No
INF06560,COL1312,80,12,56,24866,0,182,Yes,Yes,No,No
INF06561,COL1313,30,15,5,7767,0,150,Yes,Yes,Yes,Yes
INF06562,COL1313,31,15,9,8120,0,155,Yes,Yes,Yes,No
INF06563,COL1313,32,16,13,8681,0,159,Yes,Yes,Yes,No
INF06564,COL1313,32,16,19,8840,0,168,Yes,Yes,Yes,Yes
INF06565,COL1313,35,17,17,8532,0,187,Yes,Yes,Yes,Yes
INF06566,COL1314,46,22,8,9487,369,270,Yes,Yes,Yes,No
INF06567,COL1314,47,23,14,9987,375,283,Yes,Yes,Yes,Yes
INF06568,COL1314,48,23,18,9875,383,321,Yes,Yes,Yes,Yes
INF06569,COL1314,51,24,22,10548,388,296,Yes,Yes,Yes,Yes
INF06570,COL1314,50,24,28,11516,386,316,Yes,Yes,Yes,No
INF06571,COL1315,21,3,4,8967,446,390,Yes,Yes,No,No
INF06572,COL1315,21,3,5,9444,453,410,Yes,Yes,No,No
INF06573,COL1315,22,3,8,9661,449,453,Yes,Yes,No,No
INF06574,COL1315,23,3,11,9876,465,446,Yes,Yes,No,No
INF06575,COL1315,22,3,15,10432,487,530,Yes,Yes,No,Yes
INF06576,COL1316,39,15,7,11893,611,390,No,Yes,Yes,No
INF06577,COL1316,40,15,12,12439,624,407,No,Yes,Yes,No
INF06578,COL1316,40,15,13,12654,623,434,No,Yes,Yes,No
INF06579,COL1316,44,17,19,13890,665,442,No,Yes,Yes,Yes
INF06580,COL1316,45,17,21,13318,635,523,No,Yes,Yes,Yes
INF06581,COL1317,29,13,5,9819,433,330,Yes,No,No,Yes
INF06582,COL1317,29,13,9,10102,440,356,Yes,No,No,Yes
INF06583,COL1317,30,13,12,10714,449,353,Yes,No,No,No
INF06584,COL1317,32,14,15,10418,467,423,Yes,No,No,Yes
INF06585,COL1317,30,14,20,11435,477,428,Yes,No,No,Yes
INF06586,COL1318,7,1,1,2007,0,210,No,Yes,No,No
INF06587,COL1318,7,1,1,2049,0,229,No,Yes,No,No
INF06588,COL1318,7,1,2,2109,0,248,No,Yes,No,No
INF06589,COL1318,7,1,3,2261,0,233,No,Yes,No,Yes
INF06590,COL1318,8,1,3,2239,0,237,No,Yes,No,Yes
INF06591,COL1319,9,2,2,2476,0,210,No,Yes,Yes,No
INF06592,COL1319,9,2,2,2564,0,223,No,Yes,Yes,No
INF06593,COL1319,10,2,3,2636,0,225,No,Yes,Yes,Yes
INF06594,COL1319,10,2,6,2774,0,267,No,Yes,Yes,No
INF06595,COL1319,10,2,5,2780,0,293,No,Yes,Yes,Yes
INF06596,COL1320,29,12,5,8895,357,330,Yes,Yes,No,No
INF06597,COL1320,30,12,8,9180,364,357,Yes,Yes,No,No
INF06598,COL1320,31,13,14,9871,363,366,Yes,Yes,No,No
INF06599,COL1320,31,13,17,9741,361,420,Yes,Yes,No,No
INF06600,COL1320,32,13,22,9837,392,398,Yes,Yes,No,Yes
INF06601,COL1321,120,23,22,31077,0,330,No,Yes,Yes,Yes
INF06602,COL1321,122,23,35,32195,0,342,No,Yes,Yes,No
INF06603,COL1321,126,24,48,34310,0,367,No,Yes,Yes,No
INF06604,COL1321,133,25,49,34233,0,408,No,Yes,Yes,No
INF06605,COL1321,130,25,60,37263,0,425,No,Yes,Yes,No
INF06606,COL1322,23,3,4,6872,0,150,No,Yes,Yes,No
INF06607,COL1322,23,3,7,7248,0,158,No,Yes,Yes,No
INF06608,COL1322,24,3,10,7514,0,164,No,Yes,Yes,Yes
INF06609,COL1322,24,3,10,7722,0,190,No,Yes,Yes,No
INF06610,COL1322,24,3,18,8233,0,173,No,Yes,Yes,No
INF06611,COL1323,27,3,2,6895,336,90,No,Yes,No,No
INF06612,COL1323,28,3,4,7290,346,94,No,Yes,No,No
INF06613,COL1323,28,3,10,7540,338,104,No,Yes,No,Yes
INF06614,COL1323,29,3,13,7754,366,113,No,Yes,No,Yes
INF06615,COL1323,29,3,18,7681,347,111,No,Yes,No,No
INF06616,COL1324,65,6,12,10952,686,390,Yes,No,No,No
INF06617,COL1324,66,6,18,11345,689,414,Yes,No,No,No
INF06618,COL1324,68,6,31,12218,702,415,Yes,No,No,No
INF06619,COL1324,68,6,40,11778,705,485,Yes,No,No,No
INF06620,COL1324,71,7,37,13337,721,469,Yes,No,No,No
INF06621,COL1325,76,7,14,21543,0,150,No,Yes,No,No
INF06622,COL1325,77,7,23,22539,0,155,No,Yes,No,No
INF06623,COL1325,82,8,28,22803,0,167,No,Yes,No,Yes
INF06624,COL1325,81,7,32,24373,0,166,No,Yes,No,No
INF06625,COL1325,83,8,40,26351,0,203,No,Yes,No,No
INF06626,COL1326,127,20,23,37813,0,390,No,Yes,No,No
INF06627,COL1326,129,20,34,39591,0,426,No,Yes,No,No
INF06628,COL1326,133,21,59,39692,0,462,No,Yes,No,No
INF06629,COL1326,140,22,76,43673,0,496,No,Yes,No,No
INF06630,COL1326,134,21,67,45423,0,534,No,Yes,No,Yes
INF06631,COL1327,29,5,5,9569,414,270,Yes,Yes,No,No
INF06632,COL1327,29,5,9,9907,426,286,Yes,Yes,No,No
INF06633,COL1327,31,5,9,10669,425,313,Yes,Yes,No,No
INF06634,COL1327,31,5,16,10571,441,343,Yes,Yes,No,Yes
INF06635,COL1327,33,6,17,10750,449,311,Yes,Yes,No,Yes
INF06636,COL1328,24,8,4,7348,238,210,Yes,Yes,Yes,No
INF06637,COL1328,24,8,7,7638,240,222,Yes,Yes,Yes,No
INF06638,COL1328,25,8,8,8040,240,241,Yes,Yes,Yes,Yes
INF06639,COL1328,25,8,13,8500,256,254,Yes,Yes,Yes,No
INF06640,COL1328,26,9,18,8087,238,260,Yes,Yes,Yes,No
INF06641,COL1329,62,29,11,16847,0,150,Yes,No,No,Yes
INF06642,COL1329,63,29,18,17242,0,156,Yes,No,No,No
INF06643,COL1329,64,30,24,18743,0,180,Yes,No,No,No
INF06644,COL1329,66,31,36,18020,0,193,Yes,No,No,Yes
INF06645,COL1329,66,31,46,20264,0,187,Yes,No,No,Yes
INF06646,COL1330,8,3,1,2900,63,390,No,Yes,No,Yes
INF06647,COL1330,8,3,2,2995,64,422,No,Yes,No,No
INF06648,COL1330,8,3,3,3041,63,423,No,Yes,No,No
INF06649,COL1330,9,3,4,3134,67,433,No,Yes,No,No
INF06650,COL1330,9,3,4,3287,65,457,No,Yes,No,Yes
INF06651,COL1331,6,4,1,1920,0,270,No,Yes,Yes,No
INF06652,COL1331,6,4,2,2024,0,287,No,Yes,Yes,No
INF06653,COL1331,6,4,2,2113,0,320,No,Yes,Yes,No
INF06654,COL1331,6,4,4,2256,0,310,No,Yes,Yes,Yes
INF06655,COL1331,7,5,3,2310,0,328,No,Yes,Yes,Yes
INF06656,COL1332,61,8,5,14447,0,330,No,Yes,No,No
INF06657,COL1332,62,8,11,14868,0,342,No,Yes,No,No
INF06658,COL1332,63,8,21,15991,0,392,No,Yes,No,No
INF06659,COL1332,64,8,30,15465,0,389,No,Yes,No,No
INF06660,COL1332,69,9,25,17291,0,460,No,Yes,No,No
INF06661,COL1333,23,13,4,6604,378,450,No,Yes,No,No
INF06662,COL1333,24,13,7,6818,388,466,No,Yes,No,No
INF06663,COL1333,24,14,8,7177,395,534,No,Yes,No,No
INF06664,COL1333,25,14,15,7044,401,492,No,Yes,No,No
INF06665,COL1333,24,14,16,7487,386,599,No,Yes,No,No
INF06666,COL1334,8,1,1,3046,56,210,Yes,Yes,No,No
INF06667,COL1334,8,1,2,3169,57,224,Yes,Yes,No,No
INF06668,COL1334,8,1,3,3409,58,233,Yes,Yes,No,No
INF06669,COL1334,9,1,5,3359,58,260,Yes,Yes,No,Yes
INF06670,COL1334,9,1,4,3737,58,271,Yes,Yes,No,Yes
INF06671,COL1335,33,12,6,8612,0,330,No,Yes,No,No
INF06672,COL1335,34,12,10,8855,0,343,No,Yes,No,No
INF06673,COL1335,35,13,13,9315,0,369,No,Yes,No,No
INF06674,COL1335,37,13,18,9440,0,361,No,Yes,No,Yes
INF06675,COL1335,38,14,27,9757,0,429,No,Yes,No,No
INF06676,COL1336,17,10,1,6254,223,150,No,Yes,Yes,No
INF06677,COL1336,17,10,3,6441,228,165,No,Yes,Yes,No
INF06678,COL1336,18,11,6,6774,236,176,No,Yes,Yes,No
INF06679,COL1336,18,10,8,6988,229,173,No,Yes,Yes,No
INF06680,COL1336,19,11,9,6824,238,197,No,Yes,Yes,Yes
INF06681,COL1337,88,33,7,24415,649,330,Yes,Yes,No,No
INF06682,COL1337,90,34,14,25762,665,353,Yes,Yes,No,No
INF06683,COL1337,93,35,31,25870,656,393,Yes,Yes,No,No
INF06684,COL1337,91,34,35,26852,667,424,Yes,Yes,No,No
INF06685,COL1337,92,34,35,26774,651,432,Yes,Yes,No,Yes
INF06686,COL1338,28,16,5,8084,0,210,Yes,Yes,Yes,No
INF06687,COL1338,29,16,8,8513,0,219,Yes,Yes,Yes,Yes
INF06688,COL1338,29,17,13,8799,0,250,Yes,Yes,Yes,No
INF06689,COL1338,31,18,13,8706,0,271,Yes,Yes,Yes,Yes
INF06690,COL1338,29,17,20,9371,0,264,Yes,Yes,Yes,Yes
INF06691,COL1339,27,2,2,8265,525,90,No,Yes,Yes,No
INF06692,COL1339,28,2,5,8559,539,93,No,Yes,Yes,No
INF06693,COL1339,29,2,7,8999,540,100,No,Yes,Yes,No
INF06694,COL1339,29,2,14,9075,568,111,No,Yes,Yes,No
INF06695,COL1339,30,2,11,9945,553,122,No,Yes,Yes,Yes
INF06696,COL1340,38,18,3,17056,759,270,Yes,Yes,Yes,No
INF06697,COL1340,38,18,8,18066,759,290,Yes,Yes,Yes,Yes
INF06698,COL1340,40,19,14,18796,773,314,Yes,Yes,Yes,Yes
INF06699,COL1340,41,19,19,20022,825,294,Yes,Yes,Yes,Yes
INF06700,COL1340,42,20,20,20480,830,334,Yes,Yes,Yes,Yes
INF06701,COL1341,32,4,6,11093,492,270,Yes,Yes,No,No
INF06702,COL1341,33,4,8,11408,494,289,Yes,Yes,No,No
INF06703,COL1341,34,4,13,11559,506,312,Yes,Yes,No,Yes
INF06704,COL1341,36,4,20,12466,505,339,Yes,Yes,No,No
INF06705,COL1341,36,4,20,12556,500,303,Yes,Yes,No,No
INF06706,COL1342,6,3,1,1888,50,390,Yes,No,Yes,No
INF06707,COL1342,6,3,1,1947,51,426,Yes,No,Yes,No
INF06708,COL1342,6,3,2,2007,52,445,Yes,No,Yes,No
INF06709,COL1342,6,3,3,2059,50,461,Yes,No,Yes,No
INF06710,COL1342,6,3,4,2191,50,489,Yes,No,Yes,Yes
INF06711,COL1343,16,8,3,4618,209,270,No,Yes,Yes,No
INF06712,COL1343,17,8,5,4850,210,290,No,Yes,Yes,No
INF06713,COL1343,17,9,7,5105,212,307,No,Yes,Yes,No
INF06714,COL1343,17,9,8,5188,211,314,No,Yes,Yes,No
INF06715,COL1343,18,9,12,5702,234,310,No,Yes,Yes,Yes
INF06716,COL1344,12,5,1,3821,0,150,No,Yes,No,No
INF06717,COL1344,12,5,2,3901,0,164,No,Yes,No,No
INF06718,COL1344,13,5,3,4178,0,179,No,Yes,No,No
INF06719,COL1344,13,5,6,4408,0,186,No,Yes,No,Yes
INF06720,COL1344,13,5,5,4567,0,185,No,Yes,No,No
INF06721,COL1345,76,7,6,15413,0,330,No,Yes,No,No
INF06722,COL1345,78,7,14,15763,0,354,No,Yes,No,No
INF06723,COL1345,80,7,19,16560,0,394,No,Yes,No,No
INF06724,COL1345,82,8,26,17006,0,408,No,Yes,No,Yes
INF06725,COL1345,85,8,31,17278,0,405,No,Yes,No,Yes
INF06726,COL1346,104,40,19,31805,0,90,Yes,Yes,No,No
INF06727,COL1346,106,41,27,33179,0,93,Yes,Yes,No,Yes
INF06728,COL1346,108,42,41,33750,0,100,Yes,Yes,No,Yes
INF06729,COL1346,112,43,53,34276,0,106,Yes,Yes,No,No
INF06730,COL1346,112,43,47,35061,0,124,Yes,Yes,No,No
INF06731,COL1347,53,7,10,17715,0,210,No,Yes,No,No
INF06732,COL1347,55,7,14,18563,0,220,No,Yes,No,No
INF06733,COL1347,57,8,23,19741,0,225,No,Yes,No,Yes
INF06734,COL1347,55,7,26,19771,0,239,No,Yes,No,No
INF06735,COL1347,58,8,29,21503,0,291,No,Yes,No,Yes
INF06736,COL1348,78,14,14,25151,0,270,No,Yes,No,No
INF06737,COL1348,80,14,25,26035,0,291,No,Yes,No,No
INF06738,COL1348,81,15,27,28068,0,287,No,Yes,No,No
INF06739,COL1348,81,15,44,28900,0,343,No,Yes,No,No
INF06740,COL1348,85,15,59,31146,0,338,No,Yes,No,No
INF06741,COL1349,51,8,9,15869,0,270,No,Yes,Yes,No
INF06742,COL1349,52,8,16,16285,0,296,No,Yes,Yes,Yes
INF06743,COL1349,53,8,16,16536,0,309,No,Yes,Yes,No
INF06744,COL1349,55,9,21,17484,0,324,No,Yes,Yes,No
INF06745,COL1349,59,9,29,18625,0,352,No,Yes,Yes,No
INF06746,COL1350,39,16,7,10981,0,270,Yes,Yes,Yes,Yes
INF06747,COL1350,40,16,12,11453,0,290,Yes,Yes,Yes,No
INF06748,COL1350,41,17,16,11603,0,288,Yes,Yes,Yes,No
INF06749,COL1350,41,17,21,12414,0,297,Yes,Yes,Yes,Yes
INF06750,COL1350,44,18,28,12624,0,330,Yes,Yes,Yes,Yes
INF06751,COL1351,55,10,10,13849,1043,330,Yes,Yes,Yes,Yes
INF06752,COL1351,56,10,15,14566,1060,345,Yes,Yes,Yes,Yes
INF06753,COL1351,57,10,22,15388,1079,387,Yes,Yes,Yes,No
INF06754,COL1351,61,11,28,15520,1065,426,Yes,Yes,Yes,No
INF06755,COL1351,58,11,30,15756,1088,377,Yes,Yes,Yes,Yes
INF06756,COL1352,17,3,3,4090,295,270,Yes,Yes,No,No
INF06757,COL1352,17,3,5,4216,303,278,Yes,Yes,No,No
INF06758,COL1352,18,3,7,4578,306,304,Yes,Yes,No,Yes
INF06759,COL1352,18,3,10,4361,302,348,Yes,Yes,No,No
INF06760,COL1352,19,3,8,4678,296,314,Yes,Yes,No,No
INF06761,COL1353,64,12,12,16576,1179,390,No,Yes,Yes,No
INF06762,COL1353,65,12,17,17184,1209,419,No,Yes,Yes,No
INF06763,COL1353,65,12,30,17717,1223,467,No,Yes,Yes,No
INF06764,COL1353,71,13,37,18955,1230,460,No,Yes,Yes,No
INF06765,COL1353,68,13,46,19422,1262,542,No,Yes,Yes,No
INF06766,COL1354,37,4,7,9311,581,270,No,Yes,Yes,No
INF06767,COL1354,37,4,9,9549,595,286,No,Yes,Yes,No
INF06768,COL1354,40,4,17,9913,604,296,No,Yes,Yes,Yes
INF06769,COL1354,38,4,21,10519,615,302,No,Yes,Yes,No
INF06770,COL1354,39,4,22,10342,620,350,No,Yes,Yes,No
INF06771,COL1355,12,7,1,8252,0,390,No,Yes,Yes,Yes
INF06772,COL1355,12,7,2,8482,0,426,No,Yes,Yes,No
INF06773,COL1355,12,7,3,8823,0,431,No,Yes,Yes,No
INF06774,COL1355,13,8,5,9500,0,428,No,Yes,Yes,No
INF06775,COL1355,13,8,6,8954,0,515,No,Yes,Yes,No
INF06776,COL1356,122,15,22,39714,0,150,Yes,Yes,Yes,No
INF06777,COL1356,125,15,37,41787,0,158,Yes,Yes,Yes,No
INF06778,COL1356,129,16,40,42830,0,172,Yes,Yes,Yes,No
INF06779,COL1356,134,17,68,45547,0,167,Yes,Yes,Yes,Yes
INF06780,COL1356,135,17,79,48019,0,183,Yes,Yes,Yes,No
INF06781,COL1357,59,10,5,12588,0,390,No,Yes,Yes,No
INF06782,COL1357,60,10,10,13264,0,427,No,Yes,Yes,No
INF06783,COL1357,62,11,16,13954,0,431,No,Yes,Yes,No
INF06784,COL1357,65,11,27,13946,0,466,No,Yes,Yes,No
INF06785,COL1357,64,11,28,14845,0,475,No,Yes,Yes,No
INF06786,COL1358,41,4,7,7893,598,270,Yes,Yes,No,No
INF06787,COL1358,42,4,11,8149,608,295,Yes,Yes,No,No
INF06788,COL1358,42,4,15,8803,625,311,Yes,Yes,No,Yes
INF06789,COL1358,45,4,17,8556,609,333,Yes,Yes,No,No
INF06790,COL1358,47,5,34,9657,634,315,Yes,Yes,No,Yes
INF06791,COL1359,12,2,2,4781,0,390,No,Yes,No,No
INF06792,COL1359,12,2,4,4983,0,426,No,Yes,No,No
INF06793,COL1359,13,2,5,5172,0,465,No,Yes,No,No
INF06794,COL1359,13,2,5,5432,0,487,No,Yes,No,No
INF06795,COL1359,13,2,7,5567,0,470,No,Yes,No,Yes
INF06796,COL1360,29,3,2,8589,362,450,No,Yes,No,No
INF06797,COL1360,30,3,5,8803,368,479,No,Yes,No,No
INF06798,COL1360,30,3,9,9585,364,485,No,Yes,No,No
INF06799,COL1360,31,3,11,9425,364,514,No,Yes,No,No
INF06800,COL1360,33,3,18,9342,391,609,No,Yes,No,Yes
INF06801,COL1361,74,9,13,18836,617,270,No,Yes,No,No
INF06802,COL1361,77,9,25,19477,620,287,No,Yes,No,No
INF06803,COL1361,80,10,27,20680,627,290,No,Yes,No,No
INF06804,COL1361,80,10,29,19979,638,301,No,Yes,No,No
INF06805,COL1361,83,10,43,21382,644,326,No,Yes,No,Yes
INF06806,COL1362,92,15,17,24458,766,330,No,Yes,No,No
INF06807,COL1362,94,15,24,25456,775,360,No,Yes,No,No
INF06808,COL1362,97,16,42,26832,796,395,No,Yes,No,Yes
INF06809,COL1362,100,16,37,28649,816,414,No,Yes,No,Yes
INF06810,COL1362,98,16,41,26500,828,370,No,Yes,No,Yes
INF06811,COL1363,59,22,5,17904,485,90,Yes,Yes,No,No
INF06812,COL1363,60,22,9,18617,494,98,Yes,Yes,No,Yes
INF06813,COL1363,61,23,14,19933,486,100,Yes,Yes,No,No
INF06814,COL1363,62,23,20,19431,492,114,Yes,Yes,No,No
INF06815,COL1363,66,25,29,21026,531,102,Yes,Yes,No,No
INF06816,COL1364,76,15,14,22808,0,270,No,Yes,No,Yes
INF06817,COL1364,77,15,21,23321,0,279,No,Yes,No,No
INF06818,COL1364,81,16,26,24186,0,287,No,Yes,No,Yes
INF06819,COL1364,80,16,42,24490,0,343,No,Yes,No,Yes
INF06820,COL1364,86,17,53,27751,0,355,No,Yes,No,Yes
INF06821,COL1365,23,4,4,7725,0,150,Yes,Yes,No,No
INF06822,COL1365,24,4,6,7938,0,157,Yes,Yes,No,No
INF06823,COL1365,24,4,11,8150,0,173,Yes,Yes,No,No
INF06824,COL1365,25,4,11,9027,0,181,Yes,Yes,No,Yes
INF06825,COL1365,24,4,14,9415,0,182,Yes,Yes,No,No
INF06826,COL1366,113,15,9,29173,0,270,Yes,Yes,No,No
INF06827,COL1366,116,15,20,30161,0,287,Yes,Yes,No,No
INF06828,COL1366,120,16,26,30638,0,289,Yes,Yes,No,Yes
INF06829,COL1366,124,16,53,32729,0,315,Yes,Yes,No,Yes
INF06830,COL1366,128,17,73,32340,0,325,Yes,Yes,No,No
INF06831,COL1367,125,22,22,24520,0,330,Yes,Yes,No,No
INF06832,COL1367,127,22,38,25365,0,348,Yes,Yes,No,Yes
INF06833,COL1367,128,22,56,27341,0,382,Yes,Yes,No,No
INF06834,COL1367,133,23,79,27027,0,394,Yes,Yes,No,No
INF06835,COL1367,134,24,73,30191,0,372,Yes,Yes,No,No
INF06836,COL1368,59,10,5,19607,0,270,Yes,Yes,Yes,No
INF06837,COL1368,60,10,9,20713,0,279,Yes,Yes,Yes,Yes
INF06838,COL1368,60,10,14,20552,0,291,Yes,Yes,Yes,No
INF06839,COL1368,66,11,19,21011,0,340,Yes,Yes,Yes,No
INF06840,COL1368,63,11,24,22918,0,371,Yes,Yes,Yes,Yes
INF06841,COL1369,26,5,2,8452,0,90,Yes,Yes,No,No
INF06842,COL1369,26,5,4,8903,0,95,Yes,Yes,No,No
INF06843,COL1369,27,5,8,9338,0,105,Yes,Yes,No,No
INF06844,COL1369,28,5,12,9732,0,100,Yes,Yes,No,Yes
INF06845,COL1369,29,6,11,10354,0,119,Yes,Yes,No,Yes
INF06846,COL1370,8,1,1,5130,98,330,Yes,Yes,No,No
INF06847,COL1370,8,1,2,5253,99,347,Yes,Yes,No,No
INF06848,COL1370,9,1,3,5528,99,379,Yes,Yes,No,No
INF06849,COL1370,9,1,4,5641,107,379,Yes,Yes,No,No
INF06850,COL1370,8,1,4,6046,105,410,Yes,Yes,No,Yes
INF06851,COL1371,23,8,4,7312,0,330,Yes,Yes,No,No
INF06852,COL1371,24,8,7,7642,0,347,Yes,Yes,No,No
INF06853,COL1371,25,9,9,7832,0,358,Yes,Yes,No,No
INF06854,COL1371,24,8,13,7758,0,370,Yes,Yes,No,Yes
INF06855,COL1371,25,9,14,8965,0,418,Yes,Yes,No,Yes
INF06856,COL1372,68,13,5,16813,784,330,No,Yes,No,No
INF06857,COL1372,70,13,14,17710,786,346,No,Yes,No,No
INF06858,COL1372,73,14,15,18388,825,369,No,Yes,No,No
INF06859,COL1372,72,14,29,19521,827,374,No,Yes,No,No
INF06860,COL1372,74,14,42,20173,816,377,No,Yes,No,No
INF06861,COL1373,10,4,2,2182,0,150,No,Yes,Yes,No
INF06862,COL1373,10,4,3,2279,0,165,No,Yes,Yes,No
INF06863,COL1373,10,4,3,2297,0,161,No,Yes,Yes,No
INF06864,COL1373,11,4,4,2339,0,174,No,Yes,Yes,No
INF06865,COL1373,12,5,7,2505,0,195,No,Yes,Yes,No
INF06866,COL1374,23,4,4,5666,388,390,Yes,Yes,No,No
INF06867,COL1374,23,4,6,5793,396,411,Yes,Yes,No,No
INF06868,COL1374,24,4,9,6016,402,422,Yes,Yes,No,No
INF06869,COL1374,24,4,11,6055,416,440,Yes,Yes,No,Yes
INF06870,COL1374,24,4,15,6744,422,513,Yes,Yes,No,Yes
INF06871,COL1375,26,13,2,9620,0,30,Yes,Yes,Yes,No
INF06872,COL1375,27,13,5,10129,0,33,Yes,Yes,Yes,Yes
INF06873,COL1375,28,14,9,10148,0,35,Yes,Yes,Yes,No
INF06874,COL1375,28,14,13,10219,0,33,Yes,Yes,Yes,Yes
INF06875,COL1375,27,14,10,11595,0,40,Yes,Yes,Yes,Yes
INF06876,COL1376,25,14,4,9779,403,450,No,Yes,No,No
INF06877,COL1376,25,14,8,10099,409,466,No,Yes,No,No
INF06878,COL1376,26,14,10,10276,425,530,No,Yes,No,Yes
INF06879,COL1376,27,15,10,10823,426,520,No,Yes,No,No
INF06880,COL1376,27,15,14,11282,413,601,No,Yes,No,Yes
INF06881,COL1377,29,15,2,9001,274,150,Yes,Yes,Yes,No
INF06882,COL1377,29,15,6,9206,275,156,Yes,Yes,Yes,Yes
INF06883,COL1377,30,16,7,9749,279,176,Yes,Yes,Yes,Yes
INF06884,COL1377,32,16,10,9938,274,191,Yes,Yes,Yes,Yes
INF06885,COL1377,32,17,20,10646,284,195,Yes,Yes,Yes,Yes
INF06886,COL1378,101,12,18,21510,734,390,No,Yes,No,No
INF06887,COL1378,103,12,26,22590,737,405,No,Yes,No,Yes
INF06888,COL1378,104,12,36,23506,770,453,No,Yes,No,No
INF06889,COL1378,111,13,55,24639,761,474,No,Yes,No,No
INF06890,COL1378,111,13,66,26667,750,461,No,Yes,No,No
INF06891,COL1379,66,39,5,15525,992,390,No,Yes,Yes,No
INF06892,COL1379,68,40,10,16423,992,426,No,Yes,Yes,No
INF06893,COL1379,68,40,21,17337,1026,449,No,Yes,Yes,Yes
INF06894,COL1379,73,43,31,16690,1048,503,No,Yes,Yes,Yes
INF06895,COL1379,76,45,47,17182,1079,539,No,Yes,Yes,Yes
INF06896,COL1380,83,16,7,21003,0,330,No,Yes,No,No
INF06897,COL1380,85,16,16,22202,0,349,No,Yes,No,No
INF06898,COL1380,88,17,18,23167,0,382,No,Yes,No,Yes
INF06899,COL1380,86,17,35,23677,0,415,No,Yes,No,No
INF06900,COL1380,96,18,56,25472,0,370,No,Yes,No,No
INF06901,COL1381,7,4,1,2227,55,90,Yes,Yes,No,No
INF06902,COL1381,7,4,2,2320,56,96,Yes,Yes,No,No
INF06903,COL1381,7,4,3,2408,56,98,Yes,Yes,No,No
INF06904,COL1381,8,4,4,2380,59,113,Yes,Yes,No,No
INF06905,COL1381,8,4,4,2739,59,116,Yes,Yes,No,Yes
INF06906,COL1382,45,9,8,12941,362,270,No,Yes,No,No
INF06907,COL1382,47,9,14,13623,370,296,No,Yes,No,Yes
INF06908,COL1382,46,9,17,13484,365,318,No,Yes,No,Yes
INF06909,COL1382,48,10,27,14281,373,327,No,Yes,No,No
INF06910,COL1382,47,9,30,15203,403,314,No,Yes,No,Yes
INF06911,COL1383,87,7,16,15068,1072,270,No,Yes,Yes,No
INF06912,COL1383,89,7,27,15923,1098,283,No,Yes,Yes,No
INF06913,COL1383,90,7,35,16235,1133,323,No,Yes,Yes,No
INF06914,COL1383,92,7,33,16969,1085,311,No,Yes,Yes,No
INF06915,COL1383,99,8,66,18289,1111,327,No,Yes,Yes,No
INF06916,COL1384,106,13,8,29862,0,210,No,Yes,Yes,No
INF06917,COL1384,110,13,21,30607,0,224,No,Yes,Yes,No
INF06918,COL1384,108,13,36,32284,0,224,No,Yes,Yes,Yes
INF06919,COL1384,109,13,35,34958,0,239,No,Yes,Yes,Yes
INF06920,COL1384,114,14,40,35622,0,242,No,Yes,Yes,No
INF06921,COL1385,29,15,5,8863,0,390,Yes,No,No,Yes
INF06922,COL1385,30,15,8,9350,0,414,Yes,No,No,No
INF06923,COL1385,31,16,12,9846,0,466,Yes,No,No,Yes
INF06924,COL1385,31,16,18,10086,0,488,Yes,No,No,Yes
INF06925,COL1385,33,17,15,10108,0,460,Yes,No,No,No
INF06926,COL1386,7,3,1,3450,119,210,No,Yes,Yes,Yes
INF06927,COL1386,7,3,1,3617,119,221,No,Yes,Yes,No
INF06928,COL1386,8,3,2,3823,121,232,No,Yes,Yes,No
INF06929,COL1386,7,3,3,3987,123,238,No,Yes,Yes,No
INF06930,COL1386,7,3,3,3766,125,282,No,Yes,Yes,No
INF06931,COL1387,93,12,7,28006,0,270,No,Yes,No,No
INF06932,COL1387,96,12,18,29619,0,288,No,Yes,No,No
INF06933,COL1387,100,13,34,30661,0,318,No,Yes,No,No
INF06934,COL1387,100,13,48,32464,0,297,No,Yes,No,Yes
INF06935,COL1387,97,13,37,33587,0,321,No,Yes,No,Yes
INF06936,COL1388,52,10,9,15245,0,330,Yes,No,No,No
INF06937,COL1388,53,10,15,15783,0,341,Yes,No,No,No
INF06938,COL1388,54,10,21,16420,0,391,Yes,No,No,No
INF06939,COL1388,55,11,26,17571,0,414,Yes,No,No,No
INF06940,COL1388,57,11,40,16949,0,458,Yes,No,No,Yes
INF06941,COL1389,27,16,5,8455,410,210,Yes,Yes,No,No
INF06942,COL1389,28,17,7,8862,420,227,Yes,Yes,No,Yes
INF06943,COL1389,29,17,13,9355,416,231,Yes,Yes,No,Yes
INF06944,COL1389,29,17,13,9434,421,257,Yes,Yes,No,No
INF06945,COL1389,30,18,15,9916,411,284,Yes,Yes,No,Yes
INF06946,COL1390,33,15,6,8664,0,390,Yes,Yes,Yes,No
INF06947,COL1390,34,15,9,8972,0,412,Yes,Yes,Yes,No
INF06948,COL1390,34,16,15,9279,0,453,Yes,Yes,Yes,No
INF06949,COL1390,35,16,16,10012,0,469,Yes,Yes,Yes,No
INF06950,COL1390,37,17,27,10648,0,494,Yes,Yes,Yes,Yes
INF06951,COL1391,85,12,7,25331,0,150,Yes,Yes,No,No
INF06952,COL1391,87,12,18,26151,0,162,Yes,Yes,No,Yes
INF06953,COL1391,91,13,30,27175,0,163,Yes,Yes,No,No
INF06954,COL1391,89,13,38,28623,0,176,Yes,Yes,No,No
INF06955,COL1391,98,14,50,31092,0,208,Yes,Yes,No,Yes
INF06956,COL1392,41,23,7,9059,530,210,Yes,Yes,Yes,No
INF06957,COL1392,42,23,12,9318,545,221,Yes,Yes,Yes,No
INF06958,COL1392,44,25,18,10006,531,232,Yes,Yes,Yes,No
INF06959,COL1392,44,24,21,10502,570,264,Yes,Yes,Yes,Yes
INF06960,COL1392,47,27,26,11098,573,252,Yes,Yes,Yes,Yes
INF06961,COL1393,69,32,6,15933,570,330,Yes,Yes,No,No
INF06962,COL1393,71,33,11,16486,581,350,Yes,Yes,No,No
INF06963,COL1393,74,34,25,16803,582,383,Yes,Yes,No,Yes
INF06964,COL1393,74,34,25,18249,621,423,Yes,Yes,No,Yes
INF06965,COL1393,75,35,44,19242,588,417,Yes,Yes,No,Yes
INF06966,COL1394,91,33,16,22321,0,270,Yes,No,No,Yes
INF06967,COL1394,94,34,28,23210,0,285,Yes,No,No,Yes
INF06968,COL1394,98,35,40,23220,0,313,Yes,No,No,Yes
INF06969,COL1394,99,36,49,24242,0,326,Yes,No,No,Yes
INF06970,COL1394,95,35,55,27011,0,334,Yes,No,No,Yes
INF06971,COL1395,14,3,3,4627,170,270,Yes,Yes,No,No
INF06972,COL1395,14,3,4,4833,171,290,Yes,Yes,No,No
INF06973,COL1395,15,3,6,4912,176,293,Yes,Yes,No,Yes
INF06974,COL1395,15,3,7,4966,182,338,Yes,Yes,No,No
INF06975,COL1395,15,3,10,5136,182,312,Yes,Yes,No,No
INF06976,COL1396,17,9,3,4602,0,150,No,Yes,No,No
INF06977,COL1396,18,9,6,4839,0,162,No,Yes,No,No
INF06978,COL1396,18,9,6,4985,0,172,No,Yes,No,No
INF06979,COL1396,18,10,7,5230,0,167,No,Yes,No,Yes
INF06980,COL1396,18,10,9,5298,0,203,No,Yes,No,Yes
INF06981,COL1397,61,29,5,19242,0,210,Yes,Yes,Yes,No
INF06982,COL1397,63,30,12,20040,0,226,Yes,Yes,Yes,No
INF06983,COL1397,64,30,23,21113,0,248,Yes,Yes,Yes,Yes
INF06984,COL1397,68,32,20,21729,0,252,Yes,Yes,Yes,Yes
INF06985,COL1397,70,33,41,21030,0,287,Yes,Yes,Yes,Yes
INF06986,COL1398,109,20,20,30243,1542,210,No,No,Yes,No
INF06987,COL1398,111,20,31,31679,1559,219,No,No,Yes,No
INF06988,COL1398,116,21,39,33057,1563,237,No,No,Yes,Yes
INF06989,COL1398,119,22,43,33167,1585,263,No,No,Yes,No
INF06990,COL1398,117,21,83,37328,1554,246,No,No,Yes,No
INF06991,COL1399,7,4,1,2753,95,270,No,Yes,No,No
INF06992,COL1399,7,4,2,2871,98,290,No,Yes,No,No
INF06993,COL1399,7,4,3,3039,97,321,No,Yes,No,No
INF06994,COL1399,7,4,3,3108,101,301,No,Yes,No,Yes
INF06995,COL1399,8,5,4,3400,103,326,No,Yes,No,Yes
INF06996,COL1400,52,31,9,11750,0,90,No,Yes,Yes,No
INF06997,COL1400,54,32,14,12020,0,95,No,Yes,Yes,No
INF06998,COL1400,55,33,22,12259,0,107,No,Yes,Yes,No
INF06999,COL1400,58,34,28,13067,0,113,No,Yes,Yes,No
INF07000,COL1400,55,33,26,13538,0,114,No,Yes,Yes,Yes
INF07001,COL1401,28,11,5,9944,0,270,Yes,Yes,Yes,No
INF07002,COL1401,28,11,8,10229,0,295,Yes,Yes,Yes,Yes
INF07003,COL1401,30,12,10,10959,0,295,Yes,Yes,Yes,Yes
INF07004,COL1401,31,12,18,11042,0,321,Yes,Yes,Yes,No
INF07005,COL1401,32,13,17,11607,0,318,Yes,Yes,Yes,Yes
INF07006,COL1402,96,16,17,20723,1104,330,Yes,Yes,No,No
INF07007,COL1402,98,16,26,21759,1117,353,Yes,Yes,No,Yes
INF07008,COL1402,98,16,40,21849,1142,356,Yes,Yes,No,Yes
INF07009,COL1402,104,17,41,23589,1199,406,Yes,Yes,No,Yes
INF07010,COL1402,104,17,50,24110,1132,460,Yes,Yes,No,Yes
INF07011,COL1403,27,13,5,6751,342,270,No,Yes,Yes,No
INF07012,COL1403,27,13,9,6891,348,279,No,Yes,Yes,No
INF07013,COL1403,29,14,13,7118,354,305,No,Yes,Yes,No
INF07014,COL1403,28,13,13,7593,363,339,No,Yes,Yes,No
INF07015,COL1403,30,15,15,8284,356,374,No,Yes,Yes,No
INF07016,COL1404,140,25,11,38114,0,330,No,Yes,Yes,No
INF07017,COL1404,143,25,21,39231,0,343,No,Yes,Yes,No
INF07018,COL1404,143,26,48,41810,0,356,No,Yes,Yes,No
INF07019,COL1404,152,27,57,40615,0,412,No,Yes,Yes,No
INF07020,COL1404,157,28,72,45968,0,455,No,Yes,Yes,Yes
INF07021,COL1405,39,22,7,13367,428,390,Yes,Yes,No,No
INF07022,COL1405,40,22,11,13676,441,405,Yes,Yes,No,No
INF07023,COL1405,41,23,13,14605,437,454,Yes,Yes,No,No
INF07024,COL1405,42,24,23,15666,432,500,Yes,Yes,No,Yes
INF07025,COL1405,41,23,30,14821,452,524,Yes,Yes,No,Yes
INF07026,COL1406,42,16,8,6770,578,270,Yes,Yes,No,No
INF07027,COL1406,43,16,11,7091,588,282,Yes,Yes,No,Yes
INF07028,COL1406,44,17,15,7579,580,313,Yes,Yes,No,No
INF07029,COL1406,46,17,21,7648,592,335,Yes,Yes,No,Yes
INF07030,COL1406,45,17,26,7322,620,323,Yes,Yes,No,No
INF07031,COL1407,125,12,22,40553,1076,150,No,Yes,Yes,No
INF07032,COL1407,129,12,36,41928,1096,160,No,Yes,Yes,Yes
INF07033,COL1407,128,12,47,44814,1106,171,No,Yes,Yes,Yes
INF07034,COL1407,129,12,59,47473,1115,177,No,Yes,Yes,No
INF07035,COL1407,138,13,81,47471,1099,191,No,Yes,Yes,Yes
INF07036,COL1408,77,10,6,27856,726,390,Yes,Yes,No,No
INF07037,COL1408,78,10,14,29177,727,406,Yes,Yes,No,No
INF07038,COL1408,79,10,24,31171,748,449,Yes,Yes,No,Yes
INF07039,COL1408,82,11,27,30613,773,494,Yes,Yes,No,No
INF07040,COL1408,82,11,32,30119,801,520,Yes,Yes,No,Yes
INF07041,COL1409,12,1,2,2823,152,390,Yes,Yes,No,No
INF07042,COL1409,12,1,3,2927,153,429,Yes,Yes,No,No
INF07043,COL1409,13,1,6,2968,157,467,Yes,Yes,No,No
INF07044,COL1409,13,1,5,3144,164,461,Yes,Yes,No,Yes
INF07045,COL1409,14,1,8,3292,160,445,Yes,Yes,No,No
INF07046,COL1410,6,1,1,2780,99,210,Yes,Yes,Yes,No
INF07047,COL1410,6,1,2,2912,101,217,Yes,Yes,Yes,No
INF07048,COL1410,6,1,3,2965,101,223,Yes,Yes,Yes,No
INF07049,COL1410,6,1,3,3181,105,261,Yes,Yes,Yes,No
INF07050,COL1410,6,1,4,3115,103,277,Yes,Yes,Yes,No
INF07051,COL1411,66,28,12,21557,0,210,Yes,Yes,No,Yes
INF07052,COL1411,68,29,17,22124,0,228,Yes,Yes,No,Yes
INF07053,COL1411,70,30,26,22817,0,250,Yes,Yes,No,No
INF07054,COL1411,71,30,32,23403,0,233,Yes,Yes,No,Yes
INF07055,COL1411,73,31,35,24476,0,275,Yes,Yes,No,Yes
INF07056,COL1412,6,1,1,2630,73,210,No,Yes,Yes,No
INF07057,COL1412,6,1,2,2772,74,230,No,Yes,Yes,No
INF07058,COL1412,6,1,2,2890,76,245,No,Yes,Yes,No
INF07059,COL1412,6,1,3,2985,78,243,No,Yes,Yes,Yes
INF07060,COL1412,7,1,4,3077,79,259,No,Yes,Yes,Yes
INF07061,COL1413,74,44,13,16468,630,150,Yes,Yes,Yes,Yes
INF07062,COL1413,75,44,21,16890,631,156,Yes,Yes,Yes,Yes
INF07063,COL1413,79,47,24,17899,644,171,Yes,Yes,Yes,No
INF07064,COL1413,77,46,38,17516,634,177,Yes,Yes,Yes,Yes
INF07065,COL1413,84,50,36,18028,671,188,Yes,Yes,Yes,Yes
INF07066,COL1414,6,1,1,2856,0,150,No,Yes,No,No
INF07067,COL1414,6,1,2,2966,0,159,No,Yes,No,Yes
INF07068,COL1414,6,1,3,2998,0,159,No,Yes,No,No
INF07069,COL1414,6,1,2,3132,0,191,No,Yes,No,Yes
INF07070,COL1414,7,1,5,3142,0,187,No,Yes,No,No
INF07071,COL1415,100,52,18,23133,0,330,No,Yes,No,No
INF07072,COL1415,102,53,27,24092,0,349,No,Yes,No,No
INF07073,COL1415,106,55,43,25375,0,369,No,Yes,No,No
INF07074,COL1415,104,54,42,25923,0,360,No,Yes,No,Yes
INF07075,COL1415,115,60,49,27566,0,389,No,Yes,No,No
INF07076,COL1416,90,36,16,22206,1444,90,Yes,Yes,No,No
INF07077,COL1416,92,37,26,23343,1472,98,Yes,Yes,No,Yes
INF07078,COL1416,97,39,40,23571,1474,96,Yes,Yes,No,Yes
INF07079,COL1416,97,39,44,24975,1550,106,Yes,Yes,No,Yes
INF07080,COL1416,101,40,44,24050,1459,110,Yes,Yes,No,No
INF07081,COL1417,12,5,2,3751,0,270,Yes,Yes,Yes,No
INF07082,COL1417,12,5,4,3922,0,285,Yes,Yes,Yes,No
INF07083,COL1417,12,5,5,4192,0,299,Yes,Yes,Yes,Yes
INF07084,COL1417,13,5,7,4203,0,315,Yes,Yes,Yes,No
INF07085,COL1417,13,5,6,4465,0,311,Yes,Yes,Yes,No
INF07086,COL1418,23,12,4,4359,203,210,Yes,Yes,No,Yes
INF07087,COL1418,24,12,7,4604,204,221,Yes,Yes,No,No
INF07088,COL1418,24,12,8,4865,215,244,Yes,Yes,No,No
INF07089,COL1418,24,12,14,5122,208,271,Yes,Yes,No,No
INF07090,COL1418,25,13,11,4741,213,256,Yes,Yes,No,Yes
INF07091,COL1419,26,14,5,8328,253,390,Yes,Yes,Yes,No
INF07092,COL1419,27,14,8,8744,253,414,Yes,Yes,Yes,Yes
INF07093,COL1419,27,15,12,8668,259,466,Yes,Yes,Yes,No
INF07094,COL1419,27,15,15,9687,266,440,Yes,Yes,Yes,No
INF07095,COL1419,29,16,21,9412,260,484,Yes,Yes,Yes,Yes
INF07096,COL1420,6,1,1,2177,58,330,No,No,Yes,No
INF07097,COL1420,6,1,2,2248,59,349,No,No,Yes,No
INF07098,COL1420,6,1,2,2367,59,367,No,No,Yes,No
INF07099,COL1420,6,1,3,2524,62,399,No,No,Yes,No
INF07100,COL1420,6,1,3,2621,59,375,No,No,Yes,No
INF07101,COL1421,41,7,3,14490,0,210,No,No,No,Yes
INF07102,COL1421,42,7,9,14948,0,224,No,No,No,No
INF07103,COL1421,44,8,15,16036,0,249,No,No,No,No
INF07104,COL1421,46,8,22,16830,0,265,No,No,No,No
INF07105,COL1421,46,8,19,16801,0,284,No,No,No,No
INF07106,COL1422,7,1,1,2176,108,390,Yes,Yes,No,No
INF07107,COL1422,7,1,1,2225,109,410,Yes,Yes,No,No
INF07108,COL1422,7,1,2,2275,111,428,Yes,Yes,No,Yes
INF07109,COL1422,7,1,3,2535,110,432,Yes,Yes,No,No
INF07110,COL1422,8,1,3,2391,116,527,Yes,Yes,No,Yes
INF07111,COL1423,90,8,16,22680,0,270,No,Yes,No,No
INF07112,COL1423,92,8,26,23267,0,284,No,Yes,No,No
INF07113,COL1423,96,9,43,24172,0,289,No,Yes,No,No
INF07114,COL1423,99,9,57,25201,0,327,No,Yes,No,Yes
INF07115,COL1423,103,9,64,27196,0,317,No,Yes,No,No
INF07116,COL1424,6,3,1,2458,50,330,Yes,No,No,No
INF07117,COL1424,6,3,2,2529,51,362,Yes,No,No,No
INF07118,COL1424,6,3,2,2668,52,375,Yes,No,No,No
INF07119,COL1424,6,3,2,2717,53,388,Yes,No,No,Yes
INF07120,COL1424,7,3,4,2877,54,384,Yes,No,No,No
INF07121,COL1425,73,6,13,22748,1271,90,No,Yes,No,No
INF07122,COL1425,76,6,22,24031,1289,96,No,Yes,No,No
INF07123,COL1425,78,6,31,23686,1295,107,No,Yes,No,No
INF07124,COL1425,78,6,31,25903,1325,103,No,Yes,No,No
INF07125,COL1425,78,6,39,26270,1285,108,No,Yes,No,No
INF07126,COL1426,31,15,6,7488,366,270,Yes,Yes,No,Yes
INF07127,COL1426,32,16,10,7919,369,281,Yes,Yes,No,Yes
INF07128,COL1426,32,16,14,8195,384,308,Yes,Yes,No,No
INF07129,COL1426,34,17,20,8821,397,338,Yes,Yes,No,No
INF07130,COL1426,35,17,18,8988,383,364,Yes,Yes,No,No
INF07131,COL1427,33,5,6,7095,0,390,Yes,Yes,No,No
INF07132,COL1427,34,5,10,7260,0,422,Yes,Yes,No,No
INF07133,COL1427,34,5,14,7698,0,440,Yes,Yes,No,No
INF07134,COL1427,35,5,18,8348,0,448,Yes,Yes,No,No
INF07135,COL1427,36,5,16,8162,0,521,Yes,Yes,No,Yes
INF07136,COL1428,6,3,1,1500,68,210,Yes,Yes,No,No
INF07137,COL1428,6,3,2,1541,69,216,Yes,Yes,No,Yes
INF07138,COL1428,6,3,2,1667,71,230,Yes,Yes,No,No
INF07139,COL1428,7,3,3,1601,72,259,Yes,Yes,No,No
INF07140,COL1428,6,3,3,1684,73,255,Yes,Yes,No,No
INF07141,COL1429,7,1,1,2151,0,330,No,No,No,No
INF07142,COL1429,7,1,2,2197,0,361,No,No,No,No
INF07143,COL1429,8,1,3,2319,0,363,No,No,No,No
INF07144,COL1429,8,1,4,2515,0,379,No,No,No,No
INF07145,COL1429,8,1,4,2353,0,461,No,No,No,No
INF07146,COL1430,12,2,2,4090,200,210,No,Yes,No,No
INF07147,COL1430,12,2,3,4237,203,217,No,Yes,No,No
INF07148,COL1430,12,2,4,4517,200,248,No,Yes,No,No
INF07149,COL1430,12,2,5,4531,215,249,No,Yes,No,No
INF07150,COL1430,13,2,9,4826,212,275,No,Yes,No,No
INF07151,COL1431,10,1,1,3349,191,210,Yes,Yes,No,Yes
INF07152,COL1431,10,1,2,3545,191,227,Yes,Yes,No,No
INF07153,COL1431,10,1,3,3734,198,240,Yes,Yes,No,Yes
INF07154,COL1431,11,1,4,3863,207,238,Yes,Yes,No,Yes
INF07155,COL1431,10,1,5,3929,201,286,Yes,Yes,No,No
INF07156,COL1432,8,1,1,4887,137,390,Yes,Yes,No,No
INF07157,COL1432,8,1,2,5095,138,422,Yes,Yes,No,No
INF07158,COL1432,9,1,3,5207,138,468,Yes,Yes,No,No
INF07159,COL1432,9,1,5,5250,148,506,Yes,Yes,No,No
INF07160,COL1432,9,1,7,5859,150,452,Yes,Yes,No,No
INF07161,COL1433,21,12,4,5246,330,450,Yes,Yes,Yes,Yes
INF07162,COL1433,21,12,6,5471,336,464,Yes,Yes,Yes,Yes
INF07163,COL1433,22,13,9,5840,335,486,Yes,Yes,Yes,No
INF07164,COL1433,22,13,9,6021,332,525,Yes,Yes,Yes,Yes
INF07165,COL1433,23,13,11,6299,358,612,Yes,Yes,Yes,Yes
INF07166,COL1434,36,19,6,12452,0,90,Yes,Yes,No,Yes
INF07167,COL1434,37,20,11,12966,0,97,Yes,Yes,No,Yes
INF07168,COL1434,38,20,12,13234,0,102,Yes,Yes,No,No
INF07169,COL1434,37,20,15,13394,0,107,Yes,Yes,No,Yes
INF07170,COL1434,39,21,24,14731,0,118,Yes,Yes,No,No
INF07171,COL1435,73,37,6,25191,665,270,Yes,Yes,Yes,No
INF07172,COL1435,75,38,11,25948,685,284,Yes,Yes,Yes,No
INF07173,COL1435,78,39,27,27290,689,304,Yes,Yes,Yes,Yes
INF07174,COL1435,78,40,33,28041,681,312,Yes,Yes,Yes,Yes
INF07175,COL1435,79,40,40,29898,720,305,Yes,Yes,Yes,Yes
INF07176,COL1436,23,9,4,4690,214,210,Yes,Yes,Yes,No
INF07177,COL1436,24,9,7,4874,216,230,Yes,Yes,Yes,Yes
INF07178,COL1436,24,9,8,4999,226,236,Yes,Yes,Yes,No
INF07179,COL1436,24,10,13,5030,217,248,Yes,Yes,Yes,Yes
INF07180,COL1436,24,10,16,5398,230,243,Yes,Yes,Yes,Yes
INF07181,COL1437,80,31,6,26322,1208,150,Yes,Yes,Yes,Yes
INF07182,COL1437,81,31,18,27749,1209,160,Yes,Yes,Yes,Yes
INF07183,COL1437,84,33,17,28431,1220,178,Yes,Yes,Yes,Yes
INF07184,COL1437,88,34,30,29879,1284,164,Yes,Yes,Yes,Yes
INF07185,COL1437,91,35,35,29883,1290,179,Yes,Yes,Yes,Yes
INF07186,COL1438,87,12,7,29880,0,270,No,Yes,No,No
INF07187,COL1438,89,12,18,31486,0,294,No,Yes,No,No
INF07188,COL1438,93,13,31,33227,0,296,No,Yes,No,No
INF07189,COL1438,95,13,42,32572,0,306,No,Yes,No,Yes
INF07190,COL1438,91,13,34,33087,0,306,No,Yes,No,Yes
INF07191,COL1439,60,8,11,11612,701,330,No,Yes,Yes,No
INF07192,COL1439,62,8,18,12226,715,344,No,Yes,Yes,No
INF07193,COL1439,62,8,22,12802,737,356,No,Yes,Yes,No
INF07194,COL1439,64,9,24,13652,746,400,No,Yes,Yes,No
INF07195,COL1439,64,9,33,12745,710,442,No,Yes,Yes,No
INF07196,COL1440,26,3,2,10461,325,90,No,Yes,Yes,No
INF07197,COL1440,27,3,5,10755,332,97,No,Yes,Yes,No
INF07198,COL1440,28,3,9,11332,337,104,No,Yes,Yes,Yes
INF07199,COL1440,28,3,14,11914,349,102,No,Yes,Yes,No
INF07200,COL1440,29,3,18,12425,348,124,No,Yes,Yes,No
INF07201,COL1441,111,10,9,33446,0,150,No,Yes,No,No
INF07202,COL1441,112,10,19,34408,0,163,No,Yes,No,No
INF07203,COL1441,117,11,26,37281,0,163,No,Yes,No,Yes
INF07204,COL1441,124,11,55,35801,0,174,No,Yes,No,No
INF07205,COL1441,128,12,67,38444,0,178,No,Yes,No,No
INF07206,COL1442,24,12,2,8312,247,390,Yes,Yes,Yes,No
INF07207,COL1442,24,12,4,8714,248,405,Yes,Yes,Yes,No
INF07208,COL1442,25,12,7,8723,253,425,Yes,Yes,Yes,No
INF07209,COL1442,25,13,7,9033,257,443,Yes,Yes,Yes,Yes
INF07210,COL1442,28,14,16,9908,249,499,Yes,Yes,Yes,Yes
INF07211,COL1443,55,32,10,10525,522,210,Yes,Yes,Yes,No
INF07212,COL1443,57,33,14,10979,532,224,Yes,Yes,Yes,No
INF07213,COL1443,56,33,21,11041,529,231,Yes,Yes,Yes,No
INF07214,COL1443,61,36,23,11967,539,238,Yes,Yes,Yes,No
INF07215,COL1443,61,35,37,11415,561,294,Yes,Yes,Yes,Yes
INF07216,COL1444,17,10,1,4800,0,270,Yes,Yes,Yes,No
INF07217,COL1444,17,10,3,5080,0,281,Yes,Yes,Yes,No
INF07218,COL1444,18,10,6,5313,0,295,Yes,Yes,Yes,Yes
INF07219,COL1444,18,11,6,5560,0,326,Yes,Yes,Yes,No
INF07220,COL1444,19,11,6,5273,0,331,Yes,Yes,Yes,Yes
INF07221,COL1445,39,5,7,9226,674,210,No,Yes,No,No
INF07222,COL1445,40,5,11,9630,681,218,No,Yes,No,No
INF07223,COL1445,41,5,17,9840,713,249,No,Yes,No,No
INF07224,COL1445,42,5,20,10658,699,263,No,Yes,No,No
INF07225,COL1445,44,6,19,10891,734,282,No,Yes,No,No
INF07226,COL1446,19,3,2,7476,217,450,Yes,Yes,No,No
INF07227,COL1446,19,3,3,7784,221,467,Yes,Yes,No,No
INF07228,COL1446,20,3,4,8216,218,506,Yes,Yes,No,No
INF07229,COL1446,20,3,5,8819,223,572,Yes,Yes,No,Yes
INF07230,COL1446,21,3,12,9027,224,506,Yes,Yes,No,No
INF07231,COL1447,47,9,8,11951,428,210,Yes,Yes,Yes,No
INF07232,COL1447,48,9,12,12464,428,230,Yes,Yes,Yes,No
INF07233,COL1447,51,10,21,12682,443,243,Yes,Yes,Yes,Yes
INF07234,COL1447,50,10,26,13114,435,254,Yes,Yes,Yes,No
INF07235,COL1447,51,10,35,13712,474,250,Yes,Yes,Yes,No
INF07236,COL1448,30,6,5,10972,0,450,No,Yes,No,No
INF07237,COL1448,31,6,9,11271,0,494,No,Yes,No,No
INF07238,COL1448,32,6,14,11833,0,514,No,Yes,No,Yes
INF07239,COL1448,33,7,15,12364,0,500,No,Yes,No,Yes
INF07240,COL1448,33,7,14,12680,0,573,No,Yes,No,Yes
INF07241,COL1449,10,2,2,3455,79,270,Yes,Yes,Yes,No
INF07242,COL1449,10,2,3,3524,80,287,Yes,Yes,Yes,No
INF07243,COL1449,11,2,4,3733,80,318,Yes,Yes,Yes,No
INF07244,COL1449,11,2,4,3934,80,309,Yes,Yes,Yes,No
INF07245,COL1449,11,2,5,4103,87,377,Yes,Yes,Yes,Yes
INF07246,COL1450,24,4,4,4635,321,210,Yes,Yes,Yes,Yes
INF07247,COL1450,25,4,7,4871,325,227,Yes,Yes,Yes,Yes
INF07248,COL1450,26,4,9,4930,327,238,Yes,Yes,Yes,No
INF07249,COL1450,27,4,16,5222,327,249,Yes,Yes,Yes,Yes
INF07250,COL1450,26,4,15,5698,336,249,Yes,Yes,Yes,No
INF07251,COL1451,8,1,1,3083,114,270,No,Yes,No,No
INF07252,COL1451,8,1,2,3213,114,293,No,Yes,No,Yes
INF07253,COL1451,8,1,4,3227,120,313,No,Yes,No,No
INF07254,COL1451,8,1,3,3569,123,332,No,Yes,No,No
INF07255,COL1451,9,1,4,3381,127,344,No,Yes,No,No
INF07256,COL1452,89,16,7,19391,1240,90,Yes,Yes,No,No
INF07257,COL1452,92,17,14,19935,1244,96,Yes,Yes,No,No
INF07258,COL1452,95,17,20,20640,1312,100,Yes,Yes,No,No
INF07259,COL1452,93,17,46,21588,1349,105,Yes,Yes,No,No
INF07260,COL1452,100,18,38,24028,1259,102,Yes,Yes,No,Yes
INF07261,COL1453,100,41,18,28902,1290,270,No,No,Yes,No
INF07262,COL1453,103,42,30,29665,1293,279,No,No,Yes,Yes
INF07263,COL1453,108,44,35,31797,1351,287,No,No,Yes,No
INF07264,COL1453,109,45,45,30829,1340,340,No,No,Yes,Yes
INF07265,COL1453,105,43,76,34444,1410,311,No,No,Yes,Yes
INF07266,COL1454,36,19,6,13650,0,450,Yes,Yes,No,No
INF07267,COL1454,37,20,9,14243,0,490,Yes,Yes,No,No
INF07268,COL1454,38,20,14,14574,0,478,Yes,Yes,No,No
INF07269,COL1454,39,21,16,15592,0,508,Yes,Yes,No,No
INF07270,COL1454,40,21,24,16546,0,618,Yes,Yes,No,No
INF07271,COL1455,70,8,6,13748,725,390,No,Yes,No,No
INF07272,COL1455,71,8,11,14217,729,418,No,Yes,No,No
INF07273,COL1455,72,8,17,14378,759,461,No,Yes,No,No
INF07274,COL1455,74,8,27,15533,782,481,No,Yes,No,Yes
INF07275,COL1455,73,8,24,15968,765,511,No,Yes,No,No
INF07276,COL1456,93,36,17,16419,831,270,Yes,Yes,Yes,No
INF07277,COL1456,95,37,28,17320,855,284,Yes,Yes,Yes,Yes
INF07278,COL1456,96,37,31,17559,868,292,Yes,Yes,Yes,Yes
INF07279,COL1456,97,38,52,18349,890,307,Yes,Yes,Yes,Yes
INF07280,COL1456,99,38,59,18890,897,362,Yes,Yes,Yes,Yes
INF07281,COL1457,36,4,6,11298,342,450,Yes,Yes,No,No
INF07282,COL1457,37,4,11,11723,344,491,Yes,Yes,No,No
INF07283,COL1457,39,4,15,11774,355,531,Yes,Yes,No,Yes
INF07284,COL1457,38,4,17,12045,372,536,Yes,Yes,No,No
INF07285,COL1457,40,4,27,12359,368,587,Yes,Yes,No,No
INF07286,COL1458,25,10,2,10264,456,150,Yes,Yes,No,No
INF07287,COL1458,25,10,4,10678,465,158,Yes,Yes,No,No
INF07288,COL1458,26,10,9,10949,473,175,Yes,Yes,No,Yes
INF07289,COL1458,27,11,13,11808,484,193,Yes,Yes,No,No
INF07290,COL1458,27,11,11,11915,505,173,Yes,Yes,No,Yes
INF07291,COL1459,11,2,2,4565,116,210,No,Yes,Yes,No
INF07292,COL1459,11,2,3,4657,116,218,No,Yes,Yes,Yes
INF07293,COL1459,12,2,5,4938,118,251,No,Yes,Yes,Yes
INF07294,COL1459,11,2,7,5365,119,268,No,Yes,Yes,No
INF07295,COL1459,12,2,8,4948,118,268,No,Yes,Yes,No
INF07296,COL1460,20,2,2,7273,307,450,No,Yes,No,No
INF07297,COL1460,21,2,3,7466,311,486,No,Yes,No,Yes
INF07298,COL1460,22,2,7,7912,316,539,No,Yes,No,Yes
INF07299,COL1460,22,2,7,8284,325,508,No,Yes,No,No
INF07300,COL1460,22,2,12,8019,319,531,No,Yes,No,Yes
INF07301,COL1461,101,12,18,19541,827,330,Yes,Yes,Yes,No
INF07302,COL1461,102,12,29,20075,845,342,Yes,Yes,Yes,No
INF07303,COL1461,105,12,48,21414,871,358,Yes,Yes,Yes,Yes
INF07304,COL1461,107,13,44,20950,897,416,Yes,Yes,Yes,No
INF07305,COL1461,116,14,78,22829,909,400,Yes,Yes,Yes,Yes
INF07306,COL1462,10,6,2,3977,0,90,Yes,Yes,No,No
INF07307,COL1462,10,6,3,4209,0,96,Yes,Yes,No,No
INF07308,COL1462,11,6,4,4314,0,104,Yes,Yes,No,No
INF07309,COL1462,11,6,5,4223,0,99,Yes,Yes,No,No
INF07310,COL1462,11,6,7,4860,0,105,Yes,Yes,No,Yes
INF07311,COL1463,18,10,1,4756,0,390,Yes,Yes,No,No
INF07312,COL1463,18,10,3,4939,0,406,Yes,Yes,No,No
INF07313,COL1463,19,11,7,4963,0,467,Yes,Yes,No,No
INF07314,COL1463,20,11,7,5146,0,476,Yes,Yes,No,No
INF07315,COL1463,19,10,12,5570,0,546,Yes,Yes,No,No
INF07316,COL1464,85,45,15,20939,1481,330,Yes,Yes,No,Yes
INF07317,COL1464,88,46,25,21888,1515,347,Yes,Yes,No,No
INF07318,COL1464,87,46,26,22635,1551,385,Yes,Yes,No,Yes
INF07319,COL1464,94,50,51,24324,1574,365,Yes,Yes,No,Yes
INF07320,COL1464,94,50,44,24596,1516,456,Yes,Yes,No,Yes
INF07321,COL1465,40,6,7,10666,0,330,No,Yes,Yes,No
INF07322,COL1465,41,6,11,11153,0,342,No,Yes,Yes,Yes
INF07323,COL1465,42,6,19,11585,0,385,No,Yes,Yes,No
INF07324,COL1465,42,6,20,12515,0,386,No,Yes,Yes,No
INF07325,COL1465,44,7,20,12093,0,442,No,Yes,Yes,Yes
INF07326,COL1466,56,7,10,17849,614,330,No,Yes,Yes,No
INF07327,COL1466,57,7,17,18913,615,343,No,Yes,Yes,No
INF07328,COL1466,59,7,22,19264,629,357,No,Yes,Yes,Yes
INF07329,COL1466,61,8,25,19615,661,360,No,Yes,Yes,Yes
INF07330,COL1466,63,8,43,20867,623,388,No,Yes,Yes,Yes
INF07331,COL1467,35,13,3,7537,460,270,No,Yes,Yes,No
INF07332,COL1467,35,13,7,7932,463,295,No,Yes,Yes,No
INF07333,COL1467,36,13,8,7994,475,317,No,Yes,Yes,Yes
INF07334,COL1467,39,14,17,8450,481,296,No,Yes,Yes,No
INF07335,COL1467,38,14,20,8578,471,323,No,Yes,Yes,No
INF07336,COL1468,9,1,2,3582,69,150,Yes,Yes,Yes,No
INF07337,COL1468,9,1,3,3754,69,161,Yes,Yes,Yes,No
INF07338,COL1468,10,1,4,3932,71,170,Yes,Yes,Yes,Yes
INF07339,COL1468,10,1,6,3900,71,190,Yes,Yes,Yes,No
INF07340,COL1468,10,1,6,4411,69,205,Yes,Yes,Yes,Yes
INF07341,COL1469,31,11,6,7464,458,390,No,Yes,Yes,No
INF07342,COL1469,32,11,8,7726,468,428,No,Yes,Yes,No
INF07343,COL1469,33,12,10,8285,480,462,No,Yes,Yes,No
INF07344,COL1469,32,11,14,8204,495,453,No,Yes,Yes,No
INF07345,COL1469,33,12,23,8082,459,520,No,Yes,Yes,No
INF07346,COL1470,6,1,1,1500,50,150,No,Yes,Yes,No
INF07347,COL1470,6,1,2,1542,50,161,No,Yes,Yes,No
INF07348,COL1470,6,1,2,1572,51,172,No,Yes,Yes,No
INF07349,COL1470,7,1,4,1729,53,192,No,Yes,Yes,Yes
INF07350,COL1470,6,1,3,1693,50,174,No,Yes,Yes,No
INF07351,COL1471,16,1,3,4537,206,330,No,Yes,Yes,No
INF07352,COL1471,16,1,4,4798,211,347,No,Yes,Yes,No
INF07353,COL1471,16,1,6,4880,215,352,No,Yes,Yes,No
INF07354,COL1471,17,1,7,5308,218,367,No,Yes,Yes,No
INF07355,COL1471,18,1,9,5586,208,449,No,Yes,Yes,Yes
INF07356,COL1472,11,6,2,3124,0,90,No,Yes,No,No
INF07357,COL1472,11,6,3,3207,0,94,No,Yes,No,No
INF07358,COL1472,12,6,4,3257,0,102,No,Yes,No,No
INF07359,COL1472,12,7,6,3508,0,113,No,Yes,No,No
INF07360,COL1472,12,6,6,3741,0,120,No,Yes,No,No
INF07361,COL1473,27,3,5,6062,0,210,No,No,Yes,No
INF07362,COL1473,28,3,8,6309,0,230,No,No,Yes,No
INF07363,COL1473,29,3,13,6458,0,247,No,No,Yes,Yes
INF07364,COL1473,29,3,12,6580,0,263,No,No,Yes,No
INF07365,COL1473,28,3,14,7249,0,294,No,No,Yes,No
INF07366,COL1474,10,5,2,2366,0,150,No,Yes,No,No
INF07367,COL1474,10,5,3,2499,0,159,No,Yes,No,No
INF07368,COL1474,10,5,4,2627,0,176,No,Yes,No,No
INF07369,COL1474,10,5,5,2722,0,174,No,Yes,No,Yes
INF07370,COL1474,11,5,5,2924,0,174,No,Yes,No,Yes
INF07371,COL1475,10,5,1,4703,124,270,No,Yes,No,No
INF07372,COL1475,10,5,2,4927,127,293,No,Yes,No,No
INF07373,COL1475,10,5,3,5248,128,313,No,Yes,No,No
INF07374,COL1475,11,6,5,5276,133,308,No,Yes,No,No
INF07375,COL1475,12,6,6,5181,135,353,No,Yes,No,No
INF07376,COL1476,67,7,12,12738,838,390,No,Yes,No,No
INF07377,COL1476,68,7,21,13470,847,407,No,Yes,No,No
INF07378,COL1476,72,7,24,13997,885,419,No,Yes,No,No
INF07379,COL1476,74,8,27,14687,877,470,No,Yes,No,No
INF07380,COL1476,77,8,46,15329,909,496,No,Yes,No,No
INF07381,COL1477,58,8,10,13369,0,330,No,Yes,No,No
INF07382,COL1477,60,8,18,13848,0,360,No,Yes,No,Yes
INF07383,COL1477,59,8,19,14199,0,370,No,Yes,No,No
INF07384,COL1477,62,9,25,14236,0,375,No,Yes,No,Yes
INF07385,COL1477,63,9,28,15661,0,393,No,Yes,No,Yes
INF07386,COL1478,17,9,3,5701,145,210,No,Yes,No,No
INF07387,COL1478,17,9,5,5855,147,221,No,Yes,No,Yes
INF07388,COL1478,17,9,6,5950,148,237,No,Yes,No,Yes
INF07389,COL1478,19,10,7,6153,157,261,No,Yes,No,No
INF07390,COL1478,18,10,12,6915,157,245,No,Yes,No,No
INF07391,COL1479,9,5,1,7662,0,270,No,Yes,Yes,No
INF07392,COL1479,9,5,1,7957,0,292,No,Yes,Yes,No
INF07393,COL1479,9,5,2,8254,0,311,No,Yes,Yes,No
INF07394,COL1479,9,5,2,8295,0,347,No,Yes,Yes,No
INF07395,COL1479,10,6,4,9386,0,324,No,Yes,Yes,No
INF07396,COL1480,53,7,10,12799,620,270,Yes,Yes,No,No
INF07397,COL1480,54,7,16,13301,634,282,Yes,Yes,No,No
INF07398,COL1480,56,7,22,14247,654,324,Yes,Yes,No,Yes
INF07399,COL1480,55,7,20,14872,633,321,Yes,Yes,No,No
INF07400,COL1480,61,8,36,15831,635,358,Yes,Yes,No,No
INF07401,COL1481,85,12,15,20566,932,390,No,Yes,Yes,No
INF07402,COL1481,87,12,23,21520,959,411,No,Yes,Yes,No
INF07403,COL1481,91,13,41,22119,972,463,No,Yes,Yes,No
INF07404,COL1481,90,13,50,23815,971,485,No,Yes,Yes,No
INF07405,COL1481,93,13,40,25256,982,498,No,Yes,Yes,No
INF07406,COL1482,65,25,12,12649,937,390,Yes,Yes,No,No
INF07407,COL1482,67,26,21,13005,951,403,Yes,Yes,No,No
INF07408,COL1482,68,26,21,13226,941,441,Yes,Yes,No,No
INF07409,COL1482,72,28,41,13738,1018,490,Yes,Yes,No,No
INF07410,COL1482,68,26,38,13813,1039,456,Yes,Yes,No,Yes
INF07411,COL1483,68,12,5,22217,1166,450,Yes,Yes,No,No
INF07412,COL1483,70,12,10,23456,1178,491,Yes,Yes,No,No
INF07413,COL1483,70,12,17,23437,1171,512,Yes,Yes,No,Yes
INF07414,COL1483,75,13,22,24328,1208,577,Yes,Yes,No,No
INF07415,COL1483,78,14,41,25818,1302,507,Yes,Yes,No,No
INF07416,COL1484,62,7,11,17242,0,330,No,Yes,No,No
INF07417,COL1484,63,7,18,18079,0,357,No,Yes,No,No
INF07418,COL1484,66,7,30,18069,0,363,No,Yes,No,No
INF07419,COL1484,67,8,24,19770,0,379,No,Yes,No,No
INF07420,COL1484,68,8,34,20036,0,378,No,Yes,No,No
INF07421,COL1485,23,13,4,6012,182,150,Yes,Yes,No,No
INF07422,COL1485,24,13,7,6279,183,159,Yes,Yes,No,No
INF07423,COL1485,24,14,10,6569,183,166,Yes,Yes,No,Yes
INF07424,COL1485,25,14,14,6958,197,184,Yes,Yes,No,Yes
INF07425,COL1485,25,14,13,7340,194,196,Yes,Yes,No,Yes
INF07426,COL1486,19,7,3,5573,0,210,Yes,Yes,Yes,No
INF07427,COL1486,19,7,5,5687,0,223,Yes,Yes,Yes,No
INF07428,COL1486,20,7,8,5975,0,228,Yes,Yes,Yes,No
INF07429,COL1486,21,8,9,6315,0,254,Yes,Yes,Yes,No
INF07430,COL1486,20,7,10,6661,0,245,Yes,Yes,Yes,No
INF07431,COL1487,33,15,3,7724,298,390,Yes,Yes,No,Yes
INF07432,COL1487,33,15,7,8109,301,409,Yes,Yes,No,No
INF07433,COL1487,34,16,8,8111,304,426,Yes,Yes,No,Yes
INF07434,COL1487,36,16,11,8737,322,505,Yes,Yes,No,Yes
INF07435,COL1487,36,16,15,9502,313,493,Yes,Yes,No,Yes
INF07436,COL1488,10,5,2,2804,0,270,Yes,Yes,Yes,Yes
INF07437,COL1488,10,5,3,2909,0,286,Yes,Yes,Yes,No
INF07438,COL1488,11,5,3,3067,0,296,Yes,Yes,Yes,Yes
INF07439,COL1488,11,6,4,3270,0,320,Yes,Yes,Yes,Yes
INF07440,COL1488,11,5,7,3218,0,306,Yes,Yes,Yes,Yes
INF07441,COL1489,58,8,10,20177,880,210,No,Yes,No,No
INF07442,COL1489,60,8,16,20665,900,224,No,Yes,No,No
INF07443,COL1489,61,8,25,22122,890,228,No,Yes,No,No
INF07444,COL1489,62,9,30,22170,903,243,No,Yes,No,No
INF07445,COL1489,65,9,28,21919,964,280,No,Yes,No,No
INF07446,COL1490,116,16,21,25168,1820,390,Yes,Yes,No,Yes
INF07447,COL1490,120,17,33,25823,1870,414,Yes,Yes,No,No
INF07448,COL1490,121,17,55,26945,1917,435,Yes,Yes,No,No
INF07449,COL1490,125,17,61,29161,1982,435,Yes,Yes,No,No
INF07450,COL1490,121,17,72,28208,1842,463,Yes,Yes,No,No
INF07451,COL1491,39,23,7,14176,692,330,No,Yes,No,No
INF07452,COL1491,40,23,12,14588,704,342,No,Yes,No,No
INF07453,COL1491,41,24,14,15111,699,377,No,Yes,No,No
INF07454,COL1491,44,26,18,15040,717,425,No,Yes,No,No
INF07455,COL1491,42,24,24,16327,699,434,No,Yes,No,No
INF07456,COL1492,33,6,6,8809,0,150,Yes,Yes,No,No
INF07457,COL1492,34,6,10,9094,0,161,Yes,Yes,No,No
INF07458,COL1492,35,6,13,9848,0,179,Yes,Yes,No,No
INF07459,COL1492,36,7,16,9494,0,187,Yes,Yes,No,No
INF07460,COL1492,38,7,18,9602,0,172,Yes,Yes,No,Yes
INF07461,COL1493,70,27,6,29418,0,270,Yes,No,No,No
INF07462,COL1493,72,28,11,30203,0,281,Yes,No,No,No
INF07463,COL1493,72,28,21,30852,0,311,Yes,No,No,No
INF07464,COL1493,75,29,32,31591,0,320,Yes,No,No,No
INF07465,COL1493,75,29,34,34310,0,325,Yes,No,No,No
INF07466,COL1494,56,28,10,13475,0,210,No,Yes,No,No
INF07467,COL1494,58,29,15,14013,0,219,No,Yes,No,No
INF07468,COL1494,58,29,23,14919,0,251,No,Yes,No,Yes
INF07469,COL1494,59,30,25,14898,0,254,No,Yes,No,No
INF07470,COL1494,63,31,37,15799,0,246,No,Yes,No,No
INF07471,COL1495,13,2,2,4611,116,90,No,Yes,No,No
INF07472,COL1495,13,2,3,4826,116,93,No,Yes,No,No
INF07473,COL1495,14,2,5,4825,120,107,No,Yes,No,No
INF07474,COL1495,14,2,6,5386,118,109,No,Yes,No,Yes
INF07475,COL1495,15,2,8,5180,117,119,No,Yes,No,No
INF07476,COL1496,149,17,12,32778,2477,450,Yes,Yes,Yes,No
INF07477,COL1496,153,17,22,34531,2479,484,Yes,Yes,Yes,Yes
INF07478,COL1496,153,17,34,36496,2478,528,Yes,Yes,Yes,Yes
INF07479,COL1496,161,18,65,36136,2677,498,Yes,Yes,Yes,Yes
INF07480,COL1496,165,19,69,36320,2575,589,Yes,Yes,Yes,Yes
INF07481,COL1497,16,2,3,3969,0,150,Yes,Yes,No,No
INF07482,COL1497,16,2,4,4165,0,161,Yes,Yes,No,No
INF07483,COL1497,17,2,6,4310,0,160,Yes,Yes,No,No
INF07484,COL1497,18,2,8,4453,0,179,Yes,Yes,No,No
INF07485,COL1497,17,2,10,4780,0,201,Yes,Yes,No,No
INF07486,COL1498,43,22,3,16300,719,210,Yes,Yes,Yes,Yes
INF07487,COL1498,45,23,8,16927,723,220,Yes,Yes,Yes,Yes
INF07488,COL1498,45,23,12,17904,729,229,Yes,Yes,Yes,No
INF07489,COL1498,46,23,21,18972,747,244,Yes,Yes,Yes,No
INF07490,COL1498,46,24,18,18219,783,279,Yes,Yes,Yes,No
INF07491,COL1499,11,1,2,2869,184,150,Yes,Yes,No,No
INF07492,COL1499,11,1,3,2933,185,161,Yes,Yes,No,Yes
INF07493,COL1499,12,1,5,2988,186,175,Yes,Yes,No,Yes
INF07494,COL1499,12,1,6,3060,199,182,Yes,Yes,No,Yes
INF07495,COL1499,12,1,8,3484,185,197,Yes,Yes,No,No
INF07496,COL1500,63,37,11,15733,549,270,Yes,Yes,Yes,No
INF07497,COL1500,64,38,19,16232,559,296,Yes,Yes,Yes,No
INF07498,COL1500,66,38,21,16627,553,317,Yes,Yes,Yes,Yes
INF07499,COL1500,67,40,34,16937,591,305,Yes,Yes,Yes,Yes
INF07500,COL1500,68,40,42,19235,583,316,Yes,Yes,Yes,Yes
INF07501,COL1501,9,4,1,4101,123,270,No,Yes,No,No
INF07502,COL1501,9,4,2,4341,126,285,No,Yes,No,No
INF07503,COL1501,10,4,3,4380,126,294,No,Yes,No,No
INF07504,COL1501,10,4,5,4667,133,307,No,Yes,No,No
INF07505,COL1501,10,4,6,4663,136,313,No,Yes,No,Yes
INF07506,COL1502,116,22,21,30102,1210,150,No,No,No,No
INF07507,COL1502,120,23,38,31907,1243,164,No,No,No,No
INF07508,COL1502,123,23,54,32057,1279,177,No,No,No,No
INF07509,COL1502,127,24,58,33597,1212,167,No,No,No,Yes
INF07510,COL1502,125,24,56,36988,1322,183,No,No,No,Yes
INF07511,COL1503,17,2,1,6665,232,210,No,Yes,No,Yes
INF07512,COL1503,17,2,3,7021,238,225,No,Yes,No,No
INF07513,COL1503,18,2,6,7202,237,241,No,Yes,No,No
INF07514,COL1503,19,2,6,7113,245,231,No,Yes,No,No
INF07515,COL1503,19,2,9,8017,249,264,No,Yes,No,Yes
INF07516,COL1504,93,50,17,26116,1184,210,No,Yes,No,No
INF07517,COL1504,94,51,28,26672,1201,228,No,Yes,No,No
INF07518,COL1504,97,52,36,28463,1251,227,No,Yes,No,Yes
INF07519,COL1504,96,52,57,30380,1244,251,No,Yes,No,No
INF07520,COL1504,97,52,53,29255,1325,282,No,Yes,No,No
INF07521,COL1505,10,5,2,2088,151,210,No,Yes,No,No
INF07522,COL1505,10,5,3,2171,152,230,No,Yes,No,Yes
INF07523,COL1505,10,5,4,2232,156,228,No,Yes,No,Yes
INF07524,COL1505,10,5,4,2439,164,229,No,Yes,No,No
INF07525,COL1505,11,5,8,2334,166,273,No,Yes,No,No
INF07526,COL1506,32,11,6,9892,498,330,No,Yes,No,Yes
INF07527,COL1506,32,11,10,10448,509,362,No,Yes,No,No
INF07528,COL1506,34,12,14,10945,522,386,No,Yes,No,No
INF07529,COL1506,34,12,14,11535,521,406,No,Yes,No,Yes
INF07530,COL1506,34,12,16,10939,557,436,No,Yes,No,No
INF07531,COL1507,21,3,4,3378,0,270,No,Yes,Yes,No
INF07532,COL1507,21,3,7,3542,0,289,No,Yes,Yes,No
INF07533,COL1507,22,3,9,3531,0,318,No,Yes,Yes,No
INF07534,COL1507,23,3,9,3749,0,335,No,Yes,Yes,Yes
INF07535,COL1507,24,3,14,3659,0,353,No,Yes,Yes,Yes
INF07536,COL1508,13,2,2,5641,0,330,Yes,No,Yes,No
INF07537,COL1508,14,2,4,5893,0,352,Yes,No,Yes,No
INF07538,COL1508,14,2,6,5954,0,357,Yes,No,Yes,No
INF07539,COL1508,14,2,8,6207,0,372,Yes,No,Yes,No
INF07540,COL1508,14,2,8,6680,0,429,Yes,No,Yes,Yes
INF07541,COL1509,35,14,6,10226,407,390,Yes,Yes,Yes,No
INF07542,COL1509,36,15,11,10831,407,426,Yes,Yes,Yes,No
INF07543,COL1509,37,15,12,11429,430,421,Yes,Yes,Yes,Yes
INF07544,COL1509,37,15,21,11427,418,442,Yes,Yes,Yes,No
INF07545,COL1509,40,16,21,11098,412,443,Yes,Yes,Yes,No
INF07546,COL1510,55,27,10,12236,0,90,Yes,Yes,No,Yes
INF07547,COL1510,57,28,16,12909,0,98,Yes,Yes,No,Yes
INF07548,COL1510,57,28,23,13028,0,105,Yes,Yes,No,No
INF07549,COL1510,58,28,23,13543,0,107,Yes,Yes,No,No
INF07550,COL1510,59,29,31,14954,0,114,Yes,Yes,No,Yes
INF07551,COL1511,25,12,4,7139,239,390,Yes,Yes,Yes,No
INF07552,COL1511,25,12,7,7414,242,402,Yes,Yes,Yes,No
INF07553,COL1511,27,13,9,7952,243,464,Yes,Yes,Yes,Yes
INF07554,COL1511,28,13,13,7799,247,466,Yes,Yes,Yes,No
INF07555,COL1511,29,14,16,8492,260,524,Yes,Yes,Yes,No
INF07556,COL1512,49,7,9,16796,655,330,Yes,No,Yes,No
INF07557,COL1512,50,7,14,17236,659,362,Yes,No,Yes,Yes
INF07558,COL1512,52,7,18,18007,672,366,Yes,No,Yes,No
INF07559,COL1512,54,8,24,19341,671,366,Yes,No,Yes,No
INF07560,COL1512,55,8,27,20615,680,393,Yes,No,Yes,No
INF07561,COL1513,82,10,7,25559,0,390,No,Yes,Yes,No
INF07562,COL1513,85,10,17,26724,0,420,No,Yes,Yes,No
INF07563,COL1513,86,11,20,28136,0,418,No,Yes,Yes,No
INF07564,COL1513,89,11,32,29208,0,498,No,Yes,Yes,Yes
INF07565,COL1513,93,11,45,29390,0,494,No,Yes,Yes,Yes
INF07566,COL1514,109,15,20,24300,1383,210,Yes,Yes,Yes,No
INF07567,COL1514,113,15,33,25480,1413,221,Yes,Yes,Yes,No
INF07568,COL1514,114,16,52,25313,1389,245,Yes,Yes,Yes,Yes
INF07569,COL1514,120,17,65,27458,1470,261,Yes,Yes,Yes,No
INF07570,COL1514,118,16,79,29535,1431,289,Yes,Yes,Yes,Yes
INF07571,COL1515,8,3,1,2539,97,270,Yes,Yes,No,No
INF07572,COL1515,8,3,2,2595,98,283,Yes,Yes,No,No
INF07573,COL1515,9,3,4,2840,99,288,Yes,Yes,No,No
INF07574,COL1515,9,3,4,2702,105,337,Yes,Yes,No,No
INF07575,COL1515,9,3,5,3013,105,345,Yes,Yes,No,No
INF07576,COL1516,16,6,1,4950,210,390,No,Yes,Yes,No
INF07577,COL1516,17,6,3,5053,212,408,No,Yes,Yes,Yes
INF07578,COL1516,17,6,4,5443,213,442,No,Yes,Yes,No
INF07579,COL1516,18,7,6,5563,218,500,No,Yes,Yes,No
INF07580,COL1516,17,6,9,5678,234,542,No,Yes,Yes,No
INF07581,COL1517,28,17,5,5546,0,330,Yes,Yes,Yes,Yes
INF07582,COL1517,28,17,7,5717,0,362,Yes,Yes,Yes,Yes
INF07583,COL1517,29,17,10,6191,0,374,Yes,Yes,Yes,No
INF07584,COL1517,30,18,16,6191,0,422,Yes,Yes,Yes,Yes
INF07585,COL1517,32,19,19,6431,0,404,Yes,Yes,Yes,Yes
INF07586,COL1518,40,3,7,13315,563,210,Yes,Yes,Yes,No
INF07587,COL1518,40,3,11,13806,579,221,Yes,Yes,Yes,No
INF07588,COL1518,43,3,16,14490,568,229,Yes,Yes,Yes,No
INF07589,COL1518,44,3,24,15094,596,231,Yes,Yes,Yes,No
INF07590,COL1518,46,3,28,14824,564,257,Yes,Yes,Yes,No
INF07591,COL1519,6,3,1,1500,55,210,No,Yes,No,No
INF07592,COL1519,6,3,2,1570,56,223,No,Yes,No,No
INF07593,COL1519,6,3,3,1563,56,231,No,Yes,No,Yes
INF07594,COL1519,6,3,3,1664,57,242,No,Yes,No,No
INF07595,COL1519,6,3,3,1801,61,258,No,Yes,No,No
INF07596,COL1520,18,7,3,6432,148,450,No,Yes,No,No
INF07597,COL1520,18,7,5,6793,150,473,No,Yes,No,No
INF07598,COL1520,19,7,6,7061,149,535,No,Yes,No,Yes
INF07599,COL1520,19,7,9,7359,158,567,No,Yes,No,No
INF07600,COL1520,20,8,13,7304,151,505,No,Yes,No,Yes
INF07601,COL1521,13,2,2,5727,0,270,Yes,Yes,Yes,No
INF07602,COL1521,13,2,3,6007,0,287,Yes,Yes,Yes,No
INF07603,COL1521,14,2,6,5993,0,295,Yes,Yes,Yes,Yes
INF07604,COL1521,14,2,8,6353,0,318,Yes,Yes,Yes,Yes
INF07605,COL1521,14,2,10,6894,0,345,Yes,Yes,Yes,Yes
INF07606,COL1522,26,14,2,8405,0,210,Yes,Yes,Yes,No
INF07607,COL1522,27,14,4,8890,0,220,Yes,Yes,Yes,No
INF07608,COL1522,27,14,7,8986,0,249,Yes,Yes,Yes,Yes
INF07609,COL1522,28,15,9,9018,0,234,Yes,Yes,Yes,Yes
INF07610,COL1522,28,15,18,9887,0,274,Yes,Yes,Yes,Yes
INF07611,COL1523,56,10,10,13596,896,450,Yes,Yes,No,No
INF07612,COL1523,57,10,18,13889,912,485,Yes,Yes,No,No
INF07613,COL1523,57,10,17,14312,939,486,Yes,Yes,No,No
INF07614,COL1523,62,11,32,15745,956,519,Yes,Yes,No,No
INF07615,COL1523,64,11,29,16620,909,543,Yes,Yes,No,Yes
INF07616,COL1524,6,3,0,4401,56,330,No,Yes,No,No
INF07617,COL1524,6,3,1,4578,56,355,No,Yes,No,No
INF07618,COL1524,6,3,2,4787,57,354,No,Yes,No,Yes
INF07619,COL1524,7,3,3,5037,61,372,No,Yes,No,No
INF07620,COL1524,7,3,2,5279,62,384,No,Yes,No,Yes
INF07621,COL1525,8,1,1,2105,91,150,No,Yes,No,No
INF07622,COL1525,8,1,2,2182,94,162,No,Yes,No,No
INF07623,COL1525,8,1,3,2350,96,162,No,Yes,No,No
INF07624,COL1525,9,1,4,2432,92,181,No,Yes,No,No
INF07625,COL1525,9,1,6,2295,97,198,No,Yes,No,No
INF07626,COL1526,48,24,4,9451,0,330,Yes,Yes,Yes,Yes
INF07627,COL1526,50,25,9,9650,0,341,Yes,Yes,Yes,No
INF07628,COL1526,50,25,10,10105,0,369,Yes,Yes,Yes,Yes
INF07629,COL1526,53,27,20,10748,0,400,Yes,Yes,Yes,Yes
INF07630,COL1526,56,28,26,11593,0,454,Yes,Yes,Yes,Yes
INF07631,COL1527,46,5,8,8670,470,270,Yes,Yes,No,Yes
INF07632,COL1527,47,5,12,8910,471,289,Yes,Yes,No,Yes
INF07633,COL1527,49,5,15,9350,471,304,Yes,Yes,No,Yes
INF07634,COL1527,48,5,24,9397,506,340,Yes,Yes,No,Yes
INF07635,COL1527,50,5,32,10392,491,365,Yes,Yes,No,No
INF07636,COL1528,6,1,1,2296,0,390,Yes,Yes,No,No
INF07637,COL1528,6,1,2,2425,0,421,Yes,Yes,No,No
INF07638,COL1528,6,1,2,2444,0,432,Yes,Yes,No,No
INF07639,COL1528,7,1,4,2606,0,484,Yes,Yes,No,Yes
INF07640,COL1528,6,1,3,2486,0,535,Yes,Yes,No,Yes
INF07641,COL1529,17,10,3,4189,202,150,Yes,Yes,Yes,No
INF07642,COL1529,18,10,5,4373,206,161,Yes,Yes,Yes,No
INF07643,COL1529,18,11,8,4616,204,168,Yes,Yes,Yes,Yes
INF07644,COL1529,18,10,11,4749,212,170,Yes,Yes,Yes,No
INF07645,COL1529,19,11,10,5044,218,182,Yes,Yes,Yes,No
INF07646,COL1530,31,11,6,9561,579,270,Yes,Yes,Yes,No
INF07647,COL1530,32,11,10,9904,582,280,Yes,Yes,Yes,Yes
INF07648,COL1530,33,12,10,10276,581,310,Yes,Yes,Yes,No
INF07649,COL1530,32,11,15,11173,593,347,Yes,Yes,Yes,Yes
INF07650,COL1530,35,13,24,11552,623,352,Yes,Yes,Yes,Yes
INF07651,COL1531,35,19,3,10310,481,390,Yes,Yes,No,No
INF07652,COL1531,36,20,7,10872,482,410,Yes,Yes,No,No
INF07653,COL1531,36,20,13,11403,504,434,Yes,Yes,No,No
INF07654,COL1531,37,20,18,12039,483,478,Yes,Yes,No,Yes
INF07655,COL1531,39,21,19,12304,486,530,Yes,Yes,No,Yes
INF07656,COL1532,40,3,7,6567,0,90,No,Yes,Yes,No
INF07657,COL1532,41,3,10,6758,0,93,No,Yes,Yes,No
INF07658,COL1532,42,3,17,6914,0,101,No,Yes,Yes,Yes
INF07659,COL1532,43,3,22,7648,0,112,No,Yes,Yes,Yes
INF07660,COL1532,43,3,21,8029,0,108,No,Yes,Yes,Yes
INF07661,COL1533,109,16,9,23581,0,210,No,Yes,No,No
INF07662,COL1533,113,17,23,24808,0,227,No,Yes,No,No
INF07663,COL1533,116,17,38,26161,0,228,No,Yes,No,No
INF07664,COL1533,112,16,35,26760,0,253,No,Yes,No,Yes
INF07665,COL1533,121,18,74,28598,0,276,No,Yes,No,No
INF07666,COL1534,57,6,10,16303,0,390,Yes,Yes,No,No
INF07667,COL1534,59,6,18,16774,0,404,Yes,Yes,No,Yes
INF07668,COL1534,59,6,22,17443,0,445,Yes,Yes,No,No
INF07669,COL1534,61,6,23,18096,0,443,Yes,Yes,No,No
INF07670,COL1534,64,7,46,18218,0,443,Yes,Yes,No,Yes
INF07671,COL1535,17,3,1,6495,0,330,No,Yes,No,No
INF07672,COL1535,18,3,3,6871,0,355,No,Yes,No,No
INF07673,COL1535,18,3,5,7200,0,351,No,Yes,No,Yes
INF07674,COL1535,19,3,6,7262,0,381,No,Yes,No,Yes
INF07675,COL1535,18,3,7,7332,0,445,No,Yes,No,No
INF07676,COL1536,12,2,1,8211,184,210,No,Yes,Yes,No
INF07677,COL1536,12,2,3,8532,184,227,No,Yes,Yes,No
INF07678,COL1536,12,2,3,8658,194,233,No,Yes,Yes,Yes
INF07679,COL1536,13,2,4,8732,190,233,No,Yes,Yes,Yes
INF07680,COL1536,13,2,4,9296,186,275,No,Yes,Yes,Yes
INF07681,COL1537,12,6,2,4972,172,210,No,Yes,Yes,No
INF07682,COL1537,12,6,4,5215,173,228,No,Yes,Yes,No
INF07683,COL1537,13,6,6,5458,173,251,No,Yes,Yes,Yes
INF07684,COL1537,13,6,5,5702,175,250,No,Yes,Yes,No
INF07685,COL1537,13,6,9,5966,178,258,No,Yes,Yes,No
INF07686,COL1538,23,9,2,12010,204,210,No,No,No,No
INF07687,COL1538,23,9,5,12449,208,218,No,No,No,No
INF07688,COL1538,24,10,5,12491,215,245,No,No,No,No
INF07689,COL1538,25,10,8,13383,210,245,No,No,No,No
INF07690,COL1538,26,10,13,14884,215,236,No,No,No,Yes
INF07691,COL1539,41,23,3,11325,358,390,No,Yes,Yes,No
INF07692,COL1539,42,24,7,11645,360,402,No,Yes,Yes,No
INF07693,COL1539,43,24,15,11975,359,426,No,Yes,Yes,No
INF07694,COL1539,45,25,22,12680,380,464,No,Yes,Yes,No
INF07695,COL1539,45,25,21,12821,375,452,No,Yes,Yes,No
INF07696,COL1540,35,4,3,10333,521,330,No,Yes,No,No
INF07697,COL1540,36,4,7,10927,531,348,No,Yes,No,No
INF07698,COL1540,36,4,9,11408,530,384,No,Yes,No,No
INF07699,COL1540,37,4,17,11517,546,365,No,Yes,No,No
INF07700,COL1540,39,4,14,11837,527,414,No,Yes,No,Yes
INF07701,COL1541,54,7,10,13785,812,270,Yes,Yes,No,No
INF07702,COL1541,56,7,14,14215,817,282,Yes,Yes,No,No
INF07703,COL1541,57,7,21,15202,817,303,Yes,Yes,No,No
INF07704,COL1541,58,7,23,15958,842,308,Yes,Yes,No,No
INF07705,COL1541,61,8,30,14973,864,338,Yes,Yes,No,No
INF07706,COL1542,21,2,4,6096,300,270,No,Yes,Yes,No
INF07707,COL1542,21,2,7,6243,303,285,No,Yes,Yes,No
INF07708,COL1542,22,2,8,6447,302,314,No,Yes,Yes,Yes
INF07709,COL1542,23,2,13,6928,308,321,No,Yes,Yes,No
INF07710,COL1542,23,2,12,7552,311,305,No,Yes,Yes,No
INF07711,COL1543,16,9,1,6231,264,90,No,Yes,No,No
INF07712,COL1543,16,9,2,6467,265,98,No,Yes,No,No
INF07713,COL1543,17,10,4,6803,276,107,No,Yes,No,No
INF07714,COL1543,18,10,6,6885,273,102,No,Yes,No,No
INF07715,COL1543,17,10,6,7529,264,110,No,Yes,No,Yes
INF07716,COL1544,98,9,18,20093,1229,450,No,Yes,No,No
INF07717,COL1544,101,9,32,20883,1250,484,No,Yes,No,No
INF07718,COL1544,104,10,43,21095,1257,510,No,Yes,No,No
INF07719,COL1544,105,10,44,23439,1229,543,No,Yes,No,No
INF07720,COL1544,109,10,51,24612,1273,527,No,Yes,No,No
INF07721,COL1545,108,21,19,24627,0,390,No,Yes,No,No
INF07722,COL1545,110,21,28,25920,0,407,No,Yes,No,No
INF07723,COL1545,111,22,51,26939,0,442,No,Yes,No,Yes
INF07724,COL1545,117,23,45,28393,0,498,No,Yes,No,Yes
INF07725,COL1545,118,23,59,28795,0,486,No,Yes,No,No
INF07726,COL1546,130,17,23,36048,0,330,No,Yes,No,No
INF07727,COL1546,133,17,32,37663,0,350,No,Yes,No,No
INF07728,COL1546,136,18,48,37898,0,394,No,Yes,No,No
INF07729,COL1546,141,18,59,40250,0,394,No,Yes,No,No
INF07730,COL1546,136,18,76,42050,0,415,No,Yes,No,No
INF07731,COL1547,15,9,3,2777,0,330,Yes,Yes,No,No
INF07732,COL1547,15,9,4,2867,0,343,Yes,Yes,No,No
INF07733,COL1547,15,9,5,2928,0,351,Yes,Yes,No,Yes
INF07734,COL1547,16,9,7,3056,0,408,Yes,Yes,No,Yes
INF07735,COL1547,17,10,8,3391,0,372,Yes,Yes,No,Yes
INF07736,COL1548,16,3,1,6055,0,270,Yes,Yes,Yes,No
INF07737,COL1548,16,3,3,6325,0,282,Yes,Yes,Yes,No
INF07738,COL1548,17,3,4,6699,0,311,Yes,Yes,Yes,Yes
INF07739,COL1548,17,3,8,7006,0,315,Yes,Yes,Yes,No
INF07740,COL1548,17,3,11,7182,0,317,Yes,Yes,Yes,No
INF07741,COL1549,67,27,12,11081,691,270,Yes,Yes,Yes,No
INF07742,COL1549,69,28,20,11631,703,280,Yes,Yes,Yes,Yes
INF07743,COL1549,72,29,22,11753,712,308,Yes,Yes,Yes,No
INF07744,COL1549,70,28,32,12310,694,349,Yes,Yes,Yes,No
INF07745,COL1549,75,30,53,12796,768,326,Yes,Yes,Yes,Yes
INF07746,COL1550,12,6,2,3379,149,330,No,Yes,Yes,No
INF07747,COL1550,12,6,3,3471,151,359,No,Yes,Yes,No
INF07748,COL1550,12,6,5,3639,153,385,No,Yes,Yes,Yes
INF07749,COL1550,13,6,7,3684,158,366,No,Yes,Yes,No
INF07750,COL1550,13,6,9,4068,161,408,No,Yes,Yes,No
INF07751,COL1551,16,3,1,3678,155,390,Yes,Yes,Yes,No
INF07752,COL1551,16,3,3,3854,156,427,Yes,Yes,Yes,No
INF07753,COL1551,16,3,4,4078,156,462,Yes,Yes,Yes,No
INF07754,COL1551,17,3,6,4038,158,499,Yes,Yes,Yes,No
INF07755,COL1551,17,3,9,4036,156,533,Yes,Yes,Yes,No
INF07756,COL1552,32,13,6,7786,0,330,No,Yes,No,No
INF07757,COL1552,32,13,9,8163,0,356,No,Yes,No,Yes
INF07758,COL1552,33,14,12,8711,0,356,No,Yes,No,No
INF07759,COL1552,34,14,14,8618,0,418,No,Yes,No,No
INF07760,COL1552,35,14,16,9641,0,386,No,Yes,No,Yes
INF07761,COL1553,22,13,4,9084,0,90,Yes,Yes,No,Yes
INF07762,COL1553,23,13,6,9321,0,93,Yes,Yes,No,Yes
INF07763,COL1553,24,14,7,9933,0,105,Yes,Yes,No,Yes
INF07764,COL1553,24,14,12,10688,0,107,Yes,Yes,No,Yes
INF07765,COL1553,23,14,13,10543,0,106,Yes,Yes,No,Yes
INF07766,COL1554,60,9,11,17039,560,270,No,Yes,No,Yes
INF07767,COL1554,62,9,17,17670,572,296,No,Yes,No,No
INF07768,COL1554,63,9,23,18918,593,313,No,Yes,No,No
INF07769,COL1554,63,9,35,20090,591,347,No,Yes,No,No
INF07770,COL1554,69,10,46,18833,562,312,No,Yes,No,No
INF07771,COL1555,12,1,2,3335,0,210,No,Yes,No,Yes
INF07772,COL1555,12,1,4,3483,0,226,No,Yes,No,No
INF07773,COL1555,13,1,4,3513,0,229,No,Yes,No,No
INF07774,COL1555,13,1,5,3716,0,247,No,Yes,No,No
INF07775,COL1555,13,1,9,3625,0,265,No,Yes,No,Yes
INF07776,COL1556,21,12,2,10980,367,270,No,Yes,No,No
INF07777,COL1556,22,12,4,11326,373,290,No,Yes,No,No
INF07778,COL1556,22,13,7,11767,376,292,No,Yes,No,No
INF07779,COL1556,22,12,9,12424,389,297,No,Yes,No,Yes
INF07780,COL1556,24,14,12,12943,367,317,No,Yes,No,No
INF07781,COL1557,11,1,2,3681,0,90,No,Yes,Yes,No
INF07782,COL1557,11,1,3,3838,0,96,No,Yes,Yes,No
INF07783,COL1557,12,1,4,4057,0,107,No,Yes,Yes,No
INF07784,COL1557,12,1,5,4001,0,105,No,Yes,Yes,No
INF07785,COL1557,12,1,6,4421,0,114,No,Yes,Yes,Yes
INF07786,COL1558,7,1,1,3098,0,330,No,Yes,No,No
INF07787,COL1558,7,1,1,3194,0,355,No,Yes,No,No
INF07788,COL1558,7,1,2,3296,0,369,No,Yes,No,Yes
INF07789,COL1558,8,1,2,3593,0,366,No,Yes,No,Yes
INF07790,COL1558,7,1,4,3586,0,423,No,Yes,No,No
INF07791,COL1559,16,9,1,4648,170,330,Yes,No,Yes,Yes
INF07792,COL1559,16,9,3,4794,171,361,Yes,No,Yes,Yes
INF07793,COL1559,17,9,6,5192,179,396,Yes,No,Yes,Yes
INF07794,COL1559,17,10,6,5150,176,379,Yes,No,Yes,Yes
INF07795,COL1559,17,10,6,5197,181,454,Yes,No,Yes,Yes
INF07796,COL1560,6,1,1,2377,51,330,No,Yes,No,No
INF07797,COL1560,6,1,2,2504,52,344,No,Yes,No,No
INF07798,COL1560,6,1,2,2572,53,394,No,Yes,No,Yes
INF07799,COL1560,6,1,2,2667,51,421,No,Yes,No,No
INF07800,COL1560,6,1,4,2654,53,427,No,Yes,No,Yes
INF07801,COL1561,11,4,2,2725,0,450,Yes,Yes,Yes,No
INF07802,COL1561,11,4,3,2842,0,490,Yes,Yes,Yes,No
INF07803,COL1561,12,4,5,2982,0,508,Yes,Yes,Yes,No
INF07804,COL1561,12,4,5,3171,0,546,Yes,Yes,Yes,No
INF07805,COL1561,12,4,8,3051,0,521,Yes,Yes,Yes,No
INF07806,COL1562,6,3,1,2136,104,450,No,Yes,Yes,No
INF07807,COL1562,6,3,2,2193,107,466,No,Yes,Yes,No
INF07808,COL1562,6,3,2,2387,107,517,No,Yes,Yes,No
INF07809,COL1562,6,3,3,2503,112,508,No,Yes,Yes,Yes
INF07810,COL1562,7,3,4,2456,108,542,No,Yes,Yes,Yes
INF07811,COL1563,54,23,10,13918,375,330,Yes,Yes,No,No
INF07812,COL1563,55,24,15,14580,379,362,Yes,Yes,No,No
INF07813,COL1563,55,24,18,15258,380,385,Yes,Yes,No,Yes
INF07814,COL1563,57,24,31,15761,391,375,Yes,Yes,No,No
INF07815,COL1563,61,26,32,16691,383,452,Yes,Yes,No,No
INF07816,COL1564,84,31,7,33044,761,330,Yes,No,No,No
INF07817,COL1564,86,32,18,34315,775,354,Yes,No,No,Yes
INF07818,COL1564,91,33,30,34559,800,364,Yes,No,No,Yes
INF07819,COL1564,91,33,28,36843,767,388,Yes,No,No,Yes
INF07820,COL1564,97,36,48,38184,774,461,Yes,No,No,No
INF07821,COL1565,9,4,2,2430,0,210,Yes,Yes,Yes,No
INF07822,COL1565,9,4,3,2531,0,222,Yes,Yes,Yes,No
INF07823,COL1565,10,4,3,2578,0,233,Yes,Yes,Yes,Yes
INF07824,COL1565,9,4,4,2699,0,262,Yes,Yes,Yes,No
INF07825,COL1565,10,4,5,2992,0,257,Yes,Yes,Yes,Yes
INF07826,COL1566,62,11,11,14664,810,330,Yes,Yes,No,No
INF07827,COL1566,63,11,16,15130,826,345,Yes,Yes,No,Yes
INF07828,COL1566,65,12,20,15672,849,387,Yes,Yes,No,Yes
INF07829,COL1566,67,12,38,17177,870,369,Yes,Yes,No,Yes
INF07830,COL1566,71,13,31,17779,883,442,Yes,Yes,No,No
INF07831,COL1567,20,3,4,6458,187,390,No,Yes,Yes,No
INF07832,COL1567,21,3,5,6832,187,424,No,Yes,Yes,Yes
INF07833,COL1567,21,3,9,6924,187,450,No,Yes,Yes,No
INF07834,COL1567,22,3,13,6986,189,497,No,Yes,Yes,No
INF07835,COL1567,22,3,16,7893,200,531,No,Yes,Yes,No
INF07836,COL1568,11,5,2,2420,192,270,No,Yes,No,No
INF07837,COL1568,11,5,3,2506,196,290,No,Yes,No,No
INF07838,COL1568,11,5,4,2571,195,288,No,Yes,No,Yes
INF07839,COL1568,12,6,6,2782,198,310,No,Yes,No,No
INF07840,COL1568,12,6,8,2656,200,327,No,Yes,No,No
INF07841,COL1569,6,1,0,3007,0,390,No,Yes,Yes,No
INF07842,COL1569,6,1,1,3148,0,419,No,Yes,Yes,No
INF07843,COL1569,6,1,1,3278,0,426,No,Yes,Yes,No
INF07844,COL1569,7,1,3,3241,0,474,No,Yes,Yes,No
INF07845,COL1569,7,1,4,3682,0,459,No,Yes,Yes,Yes
INF07846,COL1570,34,5,6,9883,577,390,No,Yes,No,No
INF07847,COL1570,35,5,9,10398,582,413,No,Yes,No,No
INF07848,COL1570,35,5,14,10806,586,462,No,Yes,No,No
INF07849,COL1570,36,5,21,10895,615,454,No,Yes,No,No
INF07850,COL1570,39,6,22,11548,621,444,No,Yes,No,No
INF07851,COL1571,22,11,4,6325,0,390,Yes,Yes,No,No
INF07852,COL1571,23,11,7,6506,0,426,Yes,Yes,No,No
INF07853,COL1571,23,12,9,6972,0,441,Yes,Yes,No,No
INF07854,COL1571,24,12,11,7102,0,481,Yes,Yes,No,No
INF07855,COL1571,24,12,13,7828,0,491,Yes,Yes,No,No
INF07856,COL1572,17,9,3,7443,267,330,Yes,Yes,No,No
INF07857,COL1572,17,9,5,7837,269,346,Yes,Yes,No,No
INF07858,COL1572,17,9,5,7801,280,367,Yes,Yes,No,Yes
INF07859,COL1572,18,10,9,8264,286,393,Yes,Yes,No,Yes
INF07860,COL1572,20,10,13,9030,273,392,Yes,Yes,No,No
INF07861,COL1573,6,1,1,1500,50,150,No,Yes,No,No
INF07862,COL1573,6,1,2,1558,51,165,No,Yes,No,No
INF07863,COL1573,6,1,2,1616,50,179,No,Yes,No,No
INF07864,COL1573,7,1,3,1712,53,182,No,Yes,No,No
INF07865,COL1573,6,1,4,1712,53,184,No,Yes,No,Yes
INF07866,COL1574,50,7,4,13737,312,270,No,Yes,No,No
INF07867,COL1574,51,7,8,14095,319,280,No,Yes,No,Yes
INF07868,COL1574,53,7,18,14667,329,312,No,Yes,No,No
INF07869,COL1574,53,7,15,15010,314,331,No,Yes,No,No
INF07870,COL1574,52,7,32,16914,326,302,No,Yes,No,No
INF07871,COL1575,98,55,8,19855,1311,450,Yes,Yes,No,No
INF07872,COL1575,101,57,19,20365,1328,466,Yes,Yes,No,Yes
INF07873,COL1575,101,57,24,21755,1388,509,Yes,Yes,No,Yes
INF07874,COL1575,104,58,42,21052,1386,561,Yes,Yes,No,Yes
INF07875,COL1575,110,62,48,24037,1346,517,Yes,Yes,No,No
INF07876,COL1576,94,9,17,33832,0,390,No,Yes,Yes,No
INF07877,COL1576,96,9,30,35763,0,424,No,Yes,Yes,No
INF07878,COL1576,97,9,38,37602,0,442,No,Yes,Yes,Yes
INF07879,COL1576,99,9,36,38591,0,487,No,Yes,Yes,Yes
INF07880,COL1576,106,10,55,41902,0,488,No,Yes,Yes,No
INF07881,COL1577,34,14,6,8433,377,210,No,Yes,No,No
INF07882,COL1577,35,14,11,8811,387,216,No,Yes,No,No
INF07883,COL1577,36,15,15,8826,380,245,No,Yes,No,Yes
INF07884,COL1577,36,15,20,9654,393,272,No,Yes,No,Yes
INF07885,COL1577,37,15,16,10045,410,274,No,Yes,No,No
INF07886,COL1578,116,17,9,43103,1516,270,Yes,Yes,Yes,Yes
INF07887,COL1578,118,17,26,44116,1543,289,Yes,Yes,Yes,No
INF07888,COL1578,119,18,28,45097,1596,307,Yes,Yes,Yes,Yes
INF07889,COL1578,124,18,60,46650,1586,300,Yes,Yes,Yes,No
INF07890,COL1578,131,19,71,53177,1539,341,Yes,Yes,Yes,Yes
INF07891,COL1579,90,11,16,31483,0,270,Yes,Yes,Yes,No
INF07892,COL1579,93,11,25,33279,0,295,Yes,Yes,Yes,No
INF07893,COL1579,95,12,31,33065,0,288,Yes,Yes,Yes,No
INF07894,COL1579,99,12,52,34420,0,325,Yes,Yes,Yes,Yes
INF07895,COL1579,96,12,69,34848,0,363,Yes,Yes,Yes,Yes
INF07896,COL1580,10,4,1,3032,112,210,Yes,Yes,No,No
INF07897,COL1580,10,4,2,3207,114,216,Yes,Yes,No,Yes
INF07898,COL1580,10,4,4,3328,113,236,Yes,Yes,No,No
INF07899,COL1580,10,4,3,3538,117,273,Yes,Yes,No,No
INF07900,COL1580,11,4,6,3456,118,246,Yes,Yes,No,Yes
INF07901,COL1581,14,3,3,4160,151,270,Yes,Yes,Yes,No
INF07902,COL1581,15,3,4,4316,154,295,Yes,Yes,Yes,No
INF07903,COL1581,14,3,6,4567,152,301,Yes,Yes,Yes,No
INF07904,COL1581,15,3,8,4436,155,303,Yes,Yes,Yes,Yes
INF07905,COL1581,15,3,7,4504,161,318,Yes,Yes,Yes,No
INF07906,COL1582,14,2,3,4385,110,210,No,Yes,No,No
INF07907,COL1582,14,2,3,4627,111,225,No,Yes,No,No
INF07908,COL1582,14,2,5,4723,113,239,No,Yes,No,No
INF07909,COL1582,15,2,9,4686,120,269,No,Yes,No,Yes
INF07910,COL1582,15,2,7,5065,122,259,No,Yes,No,No
INF07911,COL1583,31,17,6,6748,317,150,Yes,Yes,No,No
INF07912,COL1583,32,18,10,7050,326,155,Yes,Yes,No,No
INF07913,COL1583,32,18,10,7084,329,174,Yes,Yes,No,Yes
INF07914,COL1583,33,18,17,7808,334,167,Yes,Yes,No,Yes
INF07915,COL1583,36,20,23,7509,324,179,Yes,Yes,No,No
INF07916,COL1584,57,34,10,18813,982,390,Yes,Yes,No,Yes
INF07917,COL1584,58,34,17,19664,1004,423,Yes,Yes,No,Yes
INF07918,COL1584,60,36,22,19582,1022,454,Yes,Yes,No,No
INF07919,COL1584,60,36,29,21061,1003,466,Yes,Yes,No,Yes
INF07920,COL1584,66,39,30,21672,1008,484,Yes,Yes,No,Yes
INF07921,COL1585,24,3,4,7335,0,210,Yes,No,No,No
INF07922,COL1585,25,3,8,7565,0,225,Yes,No,No,No
INF07923,COL1585,25,3,10,7681,0,251,Yes,No,No,No
INF07924,COL1585,26,3,14,7840,0,242,Yes,No,No,Yes
INF07925,COL1585,27,3,16,8664,0,288,Yes,No,No,Yes
INF07926,COL1586,6,1,1,1660,50,330,Yes,Yes,Yes,No
INF07927,COL1586,6,1,2,1704,50,347,Yes,Yes,Yes,No
INF07928,COL1586,6,1,2,1806,52,353,Yes,Yes,Yes,No
INF07929,COL1586,7,1,4,1857,53,373,Yes,Yes,Yes,No
INF07930,COL1586,7,1,3,1934,51,422,Yes,Yes,Yes,No
INF07931,COL1587,12,1,2,4797,250,330,No,No,No,No
INF07932,COL1587,12,1,3,4928,252,349,No,No,No,No
INF07933,COL1587,13,1,5,5187,264,359,No,No,No,No
INF07934,COL1587,13,1,7,5522,271,381,No,No,No,No
INF07935,COL1587,14,1,8,5602,264,395,No,No,No,Yes
INF07936,COL1588,19,3,3,4778,315,150,No,Yes,No,No
INF07937,COL1588,19,3,6,5006,318,164,No,Yes,No,No
INF07938,COL1588,20,3,8,5247,319,162,No,Yes,No,No
INF07939,COL1588,20,3,8,5563,316,193,No,Yes,No,Yes
INF07940,COL1588,21,3,12,5294,336,195,No,Yes,No,No
INF07941,COL1589,11,6,2,2769,143,90,Yes,Yes,No,Yes
INF07942,COL1589,11,6,3,2889,144,98,Yes,Yes,No,No
INF07943,COL1589,12,6,5,3091,149,106,Yes,Yes,No,No
INF07944,COL1589,12,7,6,3249,155,99,Yes,Yes,No,No
INF07945,COL1589,12,6,8,3011,159,117,Yes,Yes,No,Yes
INF07946,COL1590,84,15,7,18851,664,270,No,Yes,No,No
INF07947,COL1590,85,15,15,19868,683,291,No,Yes,No,No
INF07948,COL1590,87,16,19,20962,684,316,No,Yes,No,No
INF07949,COL1590,88,16,42,20249,721,326,No,Yes,No,No
INF07950,COL1590,90,16,52,21332,700,304,No,Yes,No,No
INF07951,COL1591,64,10,12,10964,919,270,No,Yes,No,No
INF07952,COL1591,66,10,21,11360,928,288,No,Yes,No,No
INF07953,COL1591,66,10,27,12103,937,318,No,Yes,No,Yes
INF07954,COL1591,68,11,31,11893,958,343,No,Yes,No,Yes
INF07955,COL1591,74,12,32,13119,930,323,No,Yes,No,No
INF07956,COL1592,6,1,1,3289,0,450,No,Yes,No,No
INF07957,COL1592,6,1,1,3355,0,466,No,Yes,No,No
INF07958,COL1592,6,1,2,3611,0,483,No,Yes,No,No
INF07959,COL1592,7,1,3,3639,0,530,No,Yes,No,No
INF07960,COL1592,6,1,3,3572,0,537,No,Yes,No,No
INF07961,COL1593,38,5,3,12021,390,390,No,Yes,Yes,No
INF07962,COL1593,39,5,7,12706,391,412,No,Yes,Yes,No
INF07963,COL1593,41,5,14,13057,411,445,No,Yes,Yes,Yes
INF07964,COL1593,40,5,11,13069,403,471,No,Yes,Yes,Yes
INF07965,COL1593,42,6,25,14179,393,537,No,Yes,Yes,Yes
INF07966,COL1594,24,12,4,6725,0,210,Yes,Yes,No,No
INF07967,COL1594,25,12,7,6984,0,222,Yes,Yes,No,No
INF07968,COL1594,26,13,8,7151,0,224,Yes,Yes,No,Yes
INF07969,COL1594,26,13,10,7623,0,268,Yes,Yes,No,Yes
INF07970,COL1594,25,13,11,7726,0,270,Yes,Yes,No,No
INF07971,COL1595,120,11,22,31296,1054,270,No,Yes,Yes,No
INF07972,COL1595,123,11,33,32492,1061,288,No,Yes,Yes,Yes
INF07973,COL1595,128,12,58,32921,1098,288,No,Yes,Yes,Yes
INF07974,COL1595,129,12,66,34639,1096,298,No,Yes,Yes,Yes
INF07975,COL1595,132,12,94,36766,1164,318,No,Yes,Yes,No
INF07976,COL1596,6,3,1,2609,94,90,No,Yes,Yes,No
INF07977,COL1596,6,3,2,2691,96,93,No,Yes,Yes,No
INF07978,COL1596,6,3,3,2802,95,99,No,Yes,Yes,No
INF07979,COL1596,6,3,2,2999,94,115,No,Yes,Yes,No
INF07980,COL1596,7,3,3,3144,99,109,No,Yes,Yes,No
INF07981,COL1597,23,14,4,7301,251,270,Yes,Yes,No,Yes
INF07982,COL1597,24,15,7,7517,258,279,Yes,Yes,No,Yes
INF07983,COL1597,24,15,9,7629,265,307,Yes,Yes,No,Yes
INF07984,COL1597,24,15,10,8050,256,341,Yes,Yes,No,Yes
INF07985,COL1597,24,15,14,8309,271,350,Yes,Yes,No,Yes
INF07986,COL1598,61,11,11,15397,745,390,No,Yes,No,No
INF07987,COL1598,63,11,18,16218,751,423,No,Yes,No,Yes
INF07988,COL1598,64,11,28,16795,773,425,No,Yes,No,No
INF07989,COL1598,65,12,38,16893,770,435,No,Yes,No,Yes
INF07990,COL1598,69,12,40,19002,796,530,No,Yes,No,Yes
INF07991,COL1599,66,8,12,15239,1147,330,No,No,Yes,No
INF07992,COL1599,69,8,17,15875,1179,351,No,No,Yes,No
INF07993,COL1599,71,9,22,15890,1181,370,No,No,Yes,No
INF07994,COL1599,72,9,40,16325,1189,399,No,No,Yes,No
INF07995,COL1599,72,9,30,18714,1277,449,No,No,Yes,No
INF07996,COL1600,34,20,6,10906,327,390,Yes,Yes,Yes,Yes
INF07997,COL1600,35,21,9,11281,333,407,Yes,Yes,Yes,Yes
INF07998,COL1600,37,22,14,11797,332,440,Yes,Yes,Yes,No
INF07999,COL1600,36,21,16,11841,356,465,Yes,Yes,Yes,Yes
INF08000,COL1600,35,21,24,12365,364,462,Yes,Yes,Yes,Yes
INF08001,COL1601,24,9,2,4400,0,330,No,Yes,Yes,No
INF08002,COL1601,25,9,5,4574,0,352,No,Yes,Yes,No
INF08003,COL1601,25,9,6,4698,0,379,No,Yes,Yes,Yes
INF08004,COL1601,26,10,12,5112,0,424,No,Yes,Yes,No
INF08005,COL1601,25,9,9,5309,0,382,No,Yes,Yes,Yes
INF08006,COL1602,11,5,2,3455,0,150,No,Yes,No,No
INF08007,COL1602,11,5,3,3652,0,161,No,Yes,No,No
INF08008,COL1602,12,5,6,3757,0,179,No,Yes,No,Yes
INF08009,COL1602,12,5,6,3971,0,166,No,Yes,No,No
INF08010,COL1602,12,6,5,3932,0,178,No,Yes,No,Yes
INF08011,COL1603,52,23,9,10204,0,330,Yes,Yes,Yes,No
INF08012,COL1603,54,24,17,10477,0,344,Yes,Yes,Yes,No
INF08013,COL1603,53,24,17,10989,0,386,Yes,Yes,Yes,No
INF08014,COL1603,55,25,31,11273,0,400,Yes,Yes,Yes,No
INF08015,COL1603,57,25,33,11507,0,379,Yes,Yes,Yes,No
INF08016,COL1604,17,2,3,4537,0,330,Yes,Yes,No,No
INF08017,COL1604,18,2,6,4806,0,351,Yes,Yes,No,No
INF08018,COL1604,18,2,7,4792,0,372,Yes,Yes,No,No
INF08019,COL1604,18,2,9,4970,0,400,Yes,Yes,No,No
INF08020,COL1604,19,2,13,5335,0,377,Yes,Yes,No,Yes
INF08021,COL1605,6,3,0,2931,0,210,No,Yes,Yes,No
INF08022,COL1605,6,3,1,3060,0,224,No,Yes,Yes,Yes
INF08023,COL1605,6,3,2,3213,0,247,No,Yes,Yes,No
INF08024,COL1605,6,3,3,3281,0,242,No,Yes,Yes,No
INF08025,COL1605,7,3,3,3592,0,291,No,Yes,Yes,Yes
INF08026,COL1606,42,7,8,10407,375,390,Yes,Yes,No,Yes
INF08027,COL1606,44,7,12,10761,379,422,Yes,Yes,No,No
INF08028,COL1606,43,7,14,11488,387,453,Yes,Yes,No,Yes
INF08029,COL1606,45,8,22,11248,407,437,Yes,Yes,No,Yes
INF08030,COL1606,45,7,27,12422,407,456,Yes,Yes,No,Yes
INF08031,COL1607,6,1,0,1576,0,330,No,Yes,No,No
INF08032,COL1607,6,1,1,1619,0,352,No,Yes,No,No
INF08033,COL1607,6,1,2,1694,0,370,No,Yes,No,No
INF08034,COL1607,6,1,2,1828,0,386,No,Yes,No,No
INF08035,COL1607,7,1,3,1941,0,440,No,Yes,No,Yes
INF08036,COL1608,38,17,7,12205,582,330,Yes,Yes,Yes,No
INF08037,COL1608,39,17,11,12494,596,350,Yes,Yes,Yes,Yes
INF08038,COL1608,39,17,16,13117,599,391,Yes,Yes,Yes,Yes
INF08039,COL1608,42,19,24,13172,625,427,Yes,Yes,Yes,Yes
INF08040,COL1608,44,20,30,14742,648,400,Yes,Yes,Yes,Yes
INF08041,COL1609,6,3,1,1636,94,390,No,Yes,Yes,No
INF08042,COL1609,6,3,2,1687,96,406,No,Yes,Yes,No
INF08043,COL1609,6,3,2,1715,94,447,No,Yes,Yes,No
INF08044,COL1609,6,3,3,1850,99,452,No,Yes,Yes,Yes
INF08045,COL1609,6,3,4,1898,101,543,No,Yes,Yes,No
INF08046,COL1610,10,4,2,2949,0,150,No,Yes,No,No
INF08047,COL1610,10,4,3,3066,0,163,No,Yes,No,No
INF08048,COL1610,10,4,4,3109,0,163,No,Yes,No,No
INF08049,COL1610,11,4,5,3358,0,175,No,Yes,No,No
INF08050,COL1610,11,5,5,3591,0,208,No,Yes,No,Yes
INF08051,COL1611,6,1,1,1874,50,150,No,Yes,No,No
INF08052,COL1611,6,1,2,1986,50,160,No,Yes,No,No
INF08053,COL1611,6,1,2,2011,52,167,No,Yes,No,No
INF08054,COL1611,6,1,3,1992,54,170,No,Yes,No,No
INF08055,COL1611,7,1,4,2079,51,184,No,Yes,No,No
INF08056,COL1612,48,7,9,11884,0,390,Yes,Yes,No,No
INF08057,COL1612,49,7,14,12202,0,409,Yes,Yes,No,No
INF08058,COL1612,49,7,16,13082,0,458,Yes,Yes,No,No
INF08059,COL1612,52,8,21,12887,0,435,Yes,Yes,No,Yes
INF08060,COL1612,53,8,38,12932,0,437,Yes,Yes,No,Yes
INF08061,COL1613,18,7,3,6724,340,90,No,Yes,Yes,Yes
INF08062,COL1613,18,7,6,6912,341,97,No,Yes,Yes,No
INF08063,COL1613,19,7,6,7206,346,100,No,Yes,Yes,No
INF08064,COL1613,19,7,11,7529,347,116,No,Yes,Yes,Yes
INF08065,COL1613,19,7,13,7665,368,121,No,Yes,Yes,Yes
INF08066,COL1614,13,7,2,3900,111,390,No,Yes,Yes,No
INF08067,COL1614,13,7,4,4075,113,404,No,Yes,Yes,Yes
INF08068,COL1614,14,8,6,4122,114,451,No,Yes,Yes,No
INF08069,COL1614,13,7,7,4343,118,425,No,Yes,Yes,No
INF08070,COL1614,14,8,9,4829,118,500,No,Yes,Yes,No
INF08071,COL1615,6,1,1,1877,0,90,Yes,Yes,Yes,No
INF08072,COL1615,6,1,2,1961,0,94,Yes,Yes,Yes,Yes
INF08073,COL1615,6,1,2,2013,0,104,Yes,Yes,Yes,Yes
INF08074,COL1615,6,1,3,2215,0,105,Yes,Yes,Yes,No
INF08075,COL1615,7,1,3,2034,0,116,Yes,Yes,Yes,Yes
INF08076,COL1616,69,33,12,13790,903,330,Yes,Yes,Yes,No
INF08077,COL1616,72,34,19,14501,907,358,Yes,Yes,Yes,No
INF08078,COL1616,72,34,32,14942,931,383,Yes,Yes,Yes,No
INF08079,COL1616,72,34,43,15081,960,398,Yes,Yes,Yes,Yes
INF08080,COL1616,77,37,39,16835,922,385,Yes,Yes,Yes,Yes
INF08081,COL1617,63,7,11,22387,1106,270,Yes,Yes,No,No
INF08082,COL1617,65,7,20,23654,1120,296,Yes,Yes,No,No
INF08083,COL1617,68,8,23,23328,1150,289,Yes,Yes,No,No
INF08084,COL1617,66,7,34,25621,1189,351,Yes,Yes,No,Yes
INF08085,COL1617,71,8,31,25601,1109,358,Yes,Yes,No,No
INF08086,COL1618,13,2,2,4103,0,330,Yes,Yes,No,No
INF08087,COL1618,13,2,3,4282,0,346,Yes,Yes,No,No
INF08088,COL1618,14,2,6,4593,0,350,Yes,Yes,No,No
INF08089,COL1618,14,2,7,4541,0,370,Yes,Yes,No,No
INF08090,COL1618,14,2,6,5038,0,386,Yes,Yes,No,Yes
INF08091,COL1619,9,4,1,6467,145,270,No,Yes,Yes,No
INF08092,COL1619,9,4,2,6719,145,289,No,Yes,Yes,No
INF08093,COL1619,9,4,2,6802,147,310,No,Yes,Yes,No
INF08094,COL1619,9,4,2,7364,156,338,No,Yes,Yes,No
INF08095,COL1619,10,4,6,7603,145,365,No,Yes,Yes,Yes
INF08096,COL1620,92,37,7,24939,0,330,Yes,Yes,No,No
INF08097,COL1620,94,38,14,25565,0,356,Yes,Yes,No,No
INF08098,COL1620,98,39,26,27699,0,352,Yes,Yes,No,Yes
INF08099,COL1620,102,41,49,28548,0,385,Yes,Yes,No,Yes
INF08100,COL1620,97,39,38,28055,0,447,Yes,Yes,No,No
INF08101,COL1621,89,12,16,23007,0,390,No,Yes,Yes,No
INF08102,COL1621,92,12,26,24053,0,418,No,Yes,Yes,No
INF08103,COL1621,92,12,34,25574,0,439,No,Yes,Yes,No
INF08104,COL1621,95,13,44,25429,0,502,No,Yes,Yes,No
INF08105,COL1621,103,14,67,25656,0,514,No,Yes,Yes,Yes
INF08106,COL1622,75,13,14,26415,747,330,No,Yes,Yes,No
INF08107,COL1622,76,13,24,27674,754,343,No,Yes,Yes,Yes
INF08108,COL1622,77,13,30,27877,749,393,No,Yes,Yes,Yes
INF08109,COL1622,83,14,32,29959,775,399,No,Yes,Yes,Yes
INF08110,COL1622,81,14,49,29892,795,431,No,Yes,Yes,Yes
INF08111,COL1623,11,4,1,7627,169,390,Yes,Yes,No,No
INF08112,COL1623,11,4,2,8084,174,409,Yes,Yes,No,Yes
INF08113,COL1623,12,4,4,7955,175,453,Yes,Yes,No,No
INF08114,COL1623,12,4,4,8833,178,480,Yes,Yes,No,No
INF08115,COL1623,11,4,4,9203,184,453,Yes,Yes,No,No
INF08116,COL1624,6,3,1,2298,0,270,No,Yes,No,No
INF08117,COL1624,6,3,2,2379,0,279,No,Yes,No,No
INF08118,COL1624,6,3,2,2390,0,291,No,Yes,No,Yes
INF08119,COL1624,6,3,3,2491,0,306,No,Yes,No,Yes
INF08120,COL1624,6,3,4,2738,0,349,No,Yes,No,No
INF08121,COL1625,97,9,17,19809,653,210,No,Yes,No,No
INF08122,COL1625,98,9,27,20584,660,219,No,Yes,No,No
INF08123,COL1625,103,10,35,20667,666,229,No,Yes,No,No
INF08124,COL1625,103,10,48,21207,662,258,No,Yes,No,Yes
INF08125,COL1625,111,10,74,24469,667,288,No,Yes,No,Yes
INF08126,COL1626,33,4,6,10458,574,150,Yes,Yes,No,Yes
INF08127,COL1626,34,4,8,11063,576,159,Yes,Yes,No,Yes
INF08128,COL1626,34,4,16,11107,583,171,Yes,Yes,No,No
INF08129,COL1626,35,4,14,12224,589,164,Yes,Yes,No,Yes
INF08130,COL1626,35,4,22,11913,622,177,Yes,Yes,No,No
INF08131,COL1627,57,24,10,20250,726,90,Yes,Yes,No,No
INF08132,COL1627,59,25,19,21390,728,98,Yes,Yes,No,Yes
INF08133,COL1627,62,26,22,21904,766,103,Yes,Yes,No,Yes
INF08134,COL1627,63,26,23,23257,783,99,Yes,Yes,No,Yes
INF08135,COL1627,66,28,42,22887,748,125,Yes,Yes,No,Yes
INF08136,COL1628,7,3,1,6371,80,390,No,Yes,No,Yes
INF08137,COL1628,7,3,1,6680,82,418,No,Yes,No,Yes
INF08138,COL1628,7,3,2,6708,81,438,No,Yes,No,No
INF08139,COL1628,8,3,4,7160,86,467,No,Yes,No,No
INF08140,COL1628,8,3,4,7704,81,438,No,Yes,No,No
INF08141,COL1629,7,1,1,2104,0,270,No,Yes,Yes,No
INF08142,COL1629,7,1,2,2224,0,282,No,Yes,Yes,No
INF08143,COL1629,7,1,3,2241,0,315,No,Yes,Yes,Yes
INF08144,COL1629,8,1,4,2436,0,340,No,Yes,Yes,No
INF08145,COL1629,8,1,4,2414,0,343,No,Yes,Yes,Yes
INF08146,COL1630,6,1,1,1991,0,330,No,Yes,No,No
INF08147,COL1630,6,1,2,2084,0,355,No,Yes,No,No
INF08148,COL1630,6,1,2,2202,0,366,No,Yes,No,Yes
INF08149,COL1630,7,1,4,2185,0,395,No,Yes,No,No
INF08150,COL1630,6,1,4,2244,0,459,No,Yes,No,Yes
INF08151,COL1631,24,4,2,7337,0,90,No,Yes,Yes,No
INF08152,COL1631,25,4,4,7614,0,94,No,Yes,Yes,Yes
INF08153,COL1631,25,4,9,8137,0,96,No,Yes,Yes,No
INF08154,COL1631,26,4,10,8391,0,109,No,Yes,Yes,No
INF08155,COL1631,25,4,13,8367,0,113,No,Yes,Yes,Yes
INF08156,COL1632,8,1,1,4768,0,270,No,Yes,No,No
INF08157,COL1632,8,1,2,5050,0,296,No,Yes,No,No
INF08158,COL1632,8,1,2,5020,0,310,No,Yes,No,No
INF08159,COL1632,9,1,3,5576,0,346,No,Yes,No,No
INF08160,COL1632,9,1,6,5722,0,359,No,Yes,No,Yes
INF08161,COL1633,52,7,9,14336,0,270,Yes,Yes,Yes,Yes
INF08162,COL1633,54,7,14,15043,0,281,Yes,Yes,Yes,No
INF08163,COL1633,54,7,24,15332,0,291,Yes,Yes,Yes,Yes
INF08164,COL1633,57,8,29,16329,0,350,Yes,Yes,Yes,No
INF08165,COL1633,56,8,35,17450,0,370,Yes,Yes,Yes,No
INF08166,COL1634,74,39,13,18063,0,210,Yes,Yes,No,No
INF08167,COL1634,76,40,21,18798,0,221,Yes,Yes,No,No
INF08168,COL1634,76,40,25,19011,0,236,Yes,Yes,No,No
INF08169,COL1634,77,41,39,20866,0,241,Yes,Yes,No,Yes
INF08170,COL1634,80,42,42,20331,0,244,Yes,Yes,No,Yes
INF08171,COL1635,59,35,11,16184,449,270,Yes,Yes,No,Yes
INF08172,COL1635,60,36,19,16660,458,279,Yes,Yes,No,No
INF08173,COL1635,61,36,19,17642,465,303,Yes,Yes,No,No
INF08174,COL1635,63,37,38,18855,466,321,Yes,Yes,No,Yes
INF08175,COL1635,68,40,43,17788,456,367,Yes,Yes,No,No
INF08176,COL1636,31,16,2,12517,0,330,Yes,Yes,No,Yes
INF08177,COL1636,32,17,6,13102,0,341,Yes,Yes,No,Yes
INF08178,COL1636,33,17,11,13699,0,365,Yes,Yes,No,Yes
INF08179,COL1636,34,18,9,13608,0,413,Yes,Yes,No,Yes
INF08180,COL1636,34,18,14,14171,0,387,Yes,Yes,No,Yes
INF08181,COL1637,14,2,3,4598,0,270,No,Yes,Yes,No
INF08182,COL1637,14,2,4,4695,0,283,No,Yes,Yes,Yes
INF08183,COL1637,14,2,6,5029,0,312,No,Yes,Yes,No
INF08184,COL1637,15,2,8,5419,0,329,No,Yes,Yes,Yes
INF08185,COL1637,15,2,9,5156,0,363,No,Yes,Yes,No
INF08186,COL1638,40,15,7,8429,459,330,Yes,Yes,No,No
INF08187,COL1638,42,16,12,8827,461,344,Yes,Yes,No,No
INF08188,COL1638,41,15,18,9369,484,395,Yes,Yes,No,No
INF08189,COL1638,42,16,16,9373,485,403,Yes,Yes,No,No
INF08190,COL1638,42,16,28,9301,507,439,Yes,Yes,No,Yes
INF08191,COL1639,42,4,3,14074,361,330,Yes,Yes,No,No
INF08192,COL1639,43,4,8,14390,366,358,Yes,Yes,No,No
INF08193,COL1639,45,4,9,15110,363,351,Yes,Yes,No,No
INF08194,COL1639,44,4,19,14956,364,408,Yes,Yes,No,Yes
INF08195,COL1639,45,4,21,15246,383,388,Yes,Yes,No,No
INF08196,COL1640,74,8,13,17344,0,270,No,Yes,No,No
INF08197,COL1640,75,8,24,17746,0,295,No,Yes,No,No
INF08198,COL1640,76,8,28,18800,0,291,No,Yes,No,No
INF08199,COL1640,79,9,42,19067,0,330,No,Yes,No,No
INF08200,COL1640,82,9,57,20746,0,374,No,Yes,No,Yes
INF08201,COL1641,12,1,2,3497,0,390,No,Yes,No,No
INF08202,COL1641,12,1,4,3654,0,415,No,Yes,No,No
INF08203,COL1641,13,1,5,3687,0,448,No,Yes,No,No
INF08204,COL1641,13,1,5,4044,0,478,No,Yes,No,No
INF08205,COL1641,13,1,6,4036,0,513,No,Yes,No,Yes
INF08206,COL1642,38,7,3,9081,591,450,No,Yes,No,No
INF08207,COL1642,39,7,8,9274,607,495,No,Yes,No,No
INF08208,COL1642,39,7,8,9500,605,493,No,Yes,No,No
INF08209,COL1642,39,7,15,10481,629,575,No,Yes,No,No
INF08210,COL1642,43,8,24,10494,599,511,No,Yes,No,Yes
INF08211,COL1643,15,8,3,3876,190,330,Yes,Yes,Yes,No
INF08212,COL1643,15,8,4,4005,190,362,Yes,Yes,Yes,No
INF08213,COL1643,16,8,7,4275,200,368,Yes,Yes,Yes,No
INF08214,COL1643,17,9,6,4267,204,366,Yes,Yes,Yes,Yes
INF08215,COL1643,17,9,7,4186,202,419,Yes,Yes,Yes,No
INF08216,COL1644,6,3,1,1695,67,150,No,Yes,Yes,No
INF08217,COL1644,6,3,1,1780,68,160,No,Yes,Yes,No
INF08218,COL1644,6,3,2,1889,69,163,No,Yes,Yes,No
INF08219,COL1644,7,3,4,1917,71,194,No,Yes,Yes,Yes
INF08220,COL1644,7,3,4,1855,68,168,No,Yes,Yes,No
INF08221,COL1645,7,3,1,7126,0,270,No,Yes,No,No
INF08222,COL1645,7,3,1,7458,0,287,No,Yes,No,No
INF08223,COL1645,7,3,2,7488,0,308,No,Yes,No,No
INF08224,COL1645,8,3,4,8000,0,349,No,Yes,No,Yes
INF08225,COL1645,8,3,3,8559,0,359,No,Yes,No,Yes
INF08226,COL1646,23,12,4,6690,0,270,No,Yes,No,No
INF08227,COL1646,23,12,6,7009,0,295,No,Yes,No,No
INF08228,COL1646,24,13,9,7340,0,291,No,Yes,No,No
INF08229,COL1646,24,13,11,7116,0,341,No,Yes,No,No
INF08230,COL1646,24,12,14,7728,0,374,No,Yes,No,No
INF08231,COL1647,53,6,10,11187,0,150,No,Yes,Yes,No
INF08232,COL1647,55,6,15,11755,0,156,No,Yes,Yes,No
INF08233,COL1647,55,6,21,11687,0,176,No,Yes,Yes,Yes
INF08234,COL1647,57,6,31,12249,0,176,No,Yes,Yes,Yes
INF08235,COL1647,59,7,38,13265,0,210,No,Yes,Yes,No
INF08236,COL1648,59,8,11,15864,815,450,Yes,Yes,Yes,No
INF08237,COL1648,61,8,19,16371,834,485,Yes,Yes,Yes,No
INF08238,COL1648,63,9,26,16858,828,503,Yes,Yes,Yes,No
INF08239,COL1648,62,8,34,18612,881,518,Yes,Yes,Yes,No
INF08240,COL1648,63,9,35,18809,853,595,Yes,Yes,Yes,No
INF08241,COL1649,19,3,3,4631,369,450,No,No,Yes,No
INF08242,COL1649,19,3,5,4849,377,479,No,No,Yes,No
INF08243,COL1649,20,3,8,4819,381,485,No,No,Yes,No
INF08244,COL1649,21,3,8,5398,384,538,No,No,Yes,Yes
INF08245,COL1649,20,3,9,5246,402,506,No,No,Yes,No
INF08246,COL1650,6,1,0,6485,0,270,No,Yes,No,No
INF08247,COL1650,6,1,1,6638,0,284,No,Yes,No,Yes
INF08248,COL1650,6,1,2,6912,0,296,No,Yes,No,Yes
INF08249,COL1650,6,1,2,6927,0,345,No,Yes,No,No
INF08250,COL1650,7,1,4,7152,0,307,No,Yes,No,No
INF08251,COL1651,44,17,8,9216,641,210,Yes,Yes,Yes,Yes
INF08252,COL1651,45,17,13,9723,650,230,Yes,Yes,Yes,Yes
INF08253,COL1651,45,17,16,9652,657,240,Yes,Yes,Yes,Yes
INF08254,COL1651,49,19,20,10701,697,242,Yes,Yes,Yes,Yes
INF08255,COL1651,48,18,22,10502,685,289,Yes,Yes,Yes,No
INF08256,COL1652,20,3,4,6145,144,330,Yes,Yes,Yes,No
INF08257,COL1652,20,3,6,6276,148,362,Yes,Yes,Yes,No
INF08258,COL1652,21,3,9,6812,145,386,Yes,Yes,Yes,No
INF08259,COL1652,22,3,11,6913,157,382,Yes,Yes,Yes,No
INF08260,COL1652,23,3,12,6654,145,377,Yes,Yes,Yes,No
INF08261,COL1653,54,20,10,11156,465,390,No,Yes,Yes,Yes
INF08262,COL1653,56,21,16,11648,469,404,No,Yes,Yes,No
INF08263,COL1653,57,21,18,11674,482,449,No,Yes,Yes,Yes
INF08264,COL1653,60,22,29,12102,481,429,No,Yes,Yes,No
INF08265,COL1653,60,22,41,13475,499,501,No,Yes,Yes,No
INF08266,COL1654,53,25,4,17595,0,270,No,Yes,No,No
INF08267,COL1654,54,25,8,18284,0,296,No,Yes,No,No
INF08268,COL1654,57,27,18,18571,0,301,No,Yes,No,No
INF08269,COL1654,58,27,18,19150,0,296,No,Yes,No,No
INF08270,COL1654,61,29,39,21063,0,330,No,Yes,No,No
INF08271,COL1655,57,7,5,11482,541,450,No,Yes,No,No
INF08272,COL1655,58,7,10,12067,545,490,No,Yes,No,No
INF08273,COL1655,61,8,14,12261,570,483,No,Yes,No,No
INF08274,COL1655,59,7,17,13075,548,514,No,Yes,No,Yes
INF08275,COL1655,66,8,39,13263,545,591,No,Yes,No,Yes
INF08276,COL1656,18,11,1,6329,336,450,No,Yes,No,No
INF08277,COL1656,18,11,3,6510,336,470,No,Yes,No,No
INF08278,COL1656,18,11,5,6911,349,482,No,Yes,No,No
INF08279,COL1656,20,12,7,7414,362,506,No,Yes,No,No
INF08280,COL1656,20,12,10,7247,366,620,No,Yes,No,No
INF08281,COL1657,74,8,13,15406,892,150,No,Yes,No,No
INF08282,COL1657,76,8,24,15993,914,161,No,Yes,No,No
INF08283,COL1657,76,8,28,16632,907,160,No,Yes,No,No
INF08284,COL1657,78,8,45,17543,935,193,No,Yes,No,No
INF08285,COL1657,83,9,42,17312,993,197,No,Yes,No,No
INF08286,COL1658,22,3,4,7586,203,270,No,Yes,No,Yes
INF08287,COL1658,22,3,6,7913,208,293,No,Yes,No,No
INF08288,COL1658,23,3,9,8347,211,299,No,Yes,No,No
INF08289,COL1658,24,3,11,8519,208,348,No,Yes,No,No
INF08290,COL1658,25,3,15,8499,210,328,No,Yes,No,Yes
INF08291,COL1659,9,5,2,2812,96,90,Yes,Yes,No,No
INF08292,COL1659,9,5,2,2878,97,97,Yes,Yes,No,No
INF08293,COL1659,9,5,4,3135,100,96,Yes,Yes,No,No
INF08294,COL1659,10,5,5,2997,97,99,Yes,Yes,No,Yes
INF08295,COL1659,9,5,4,3333,100,122,Yes,Yes,No,No
INF08296,COL1660,109,38,9,35765,1552,330,No,Yes,Yes,Yes
INF08297,COL1660,112,39,20,37642,1583,347,No,Yes,Yes,No
INF08298,COL1660,114,40,37,38721,1582,373,No,Yes,Yes,No
INF08299,COL1660,117,41,45,38469,1663,405,No,Yes,Yes,No
INF08300,COL1660,122,43,64,43841,1641,423,No,Yes,Yes,No
INF08301,COL1661,35,19,3,9058,0,210,Yes,Yes,No,Yes
INF08302,COL1661,36,20,7,9486,0,217,Yes,Yes,No,No
INF08303,COL1661,37,20,8,10127,0,247,Yes,Yes,No,Yes
INF08304,COL1661,39,21,19,9918,0,268,Yes,Yes,No,Yes
INF08305,COL1661,37,20,21,10834,0,293,Yes,Yes,No,Yes
INF08306,COL1662,27,16,2,7957,179,450,No,Yes,No,No
INF08307,COL1662,28,16,6,8237,180,492,No,Yes,No,Yes
INF08308,COL1662,28,17,10,8606,189,521,No,Yes,No,No
INF08309,COL1662,29,17,11,8834,185,582,No,Yes,No,Yes
INF08310,COL1662,28,17,15,8709,198,557,No,Yes,No,Yes
INF08311,COL1663,19,2,3,4017,280,330,No,Yes,Yes,No
INF08312,COL1663,19,2,6,4251,287,358,No,Yes,Yes,No
INF08313,COL1663,20,2,8,4347,289,384,No,Yes,Yes,Yes
INF08314,COL1663,20,2,8,4359,291,401,No,Yes,Yes,Yes
INF08315,COL1663,21,2,12,4783,301,418,No,Yes,Yes,No
INF08316,COL1664,83,35,15,25442,0,390,Yes,Yes,No,No
INF08317,COL1664,85,36,27,26077,0,420,Yes,Yes,No,No
INF08318,COL1664,87,37,32,26720,0,424,Yes,Yes,No,Yes
INF08319,COL1664,86,36,34,27297,0,454,Yes,Yes,No,No
INF08320,COL1664,94,40,64,29264,0,501,Yes,Yes,No,Yes
INF08321,COL1665,65,34,12,12870,849,150,Yes,Yes,No,No
INF08322,COL1665,67,35,21,13333,862,156,Yes,Yes,No,No
INF08323,COL1665,69,36,31,14126,851,170,Yes,Yes,No,Yes
INF08324,COL1665,68,35,38,15150,895,188,Yes,Yes,No,Yes
INF08325,COL1665,73,38,43,14845,856,198,Yes,Yes,No,Yes
INF08326,COL1666,84,49,15,30689,831,450,Yes,Yes,No,No
INF08327,COL1666,87,51,24,31940,852,465,Yes,Yes,No,No
INF08328,COL1666,89,52,34,33388,832,489,Yes,Yes,No,No
INF08329,COL1666,92,54,44,33394,849,583,Yes,Yes,No,Yes
INF08330,COL1666,87,51,62,34073,859,615,Yes,Yes,No,Yes
INF08331,COL1667,10,2,1,3943,110,90,No,Yes,No,No
INF08332,COL1667,10,2,2,4138,111,93,No,Yes,No,No
INF08333,COL1667,11,2,4,4362,116,99,No,Yes,No,No
INF08334,COL1667,11,2,5,4603,113,109,No,Yes,No,Yes
INF08335,COL1667,10,2,4,4886,113,119,No,Yes,No,No
INF08336,COL1668,28,13,2,14640,375,210,Yes,Yes,No,No
INF08337,COL1668,29,13,5,15246,384,229,Yes,Yes,No,No
INF08338,COL1668,30,14,8,16127,380,232,Yes,Yes,No,No
INF08339,COL1668,30,14,12,16072,381,270,Yes,Yes,No,Yes
INF08340,COL1668,31,14,11,17814,406,282,Yes,Yes,No,Yes
INF08341,COL1669,80,10,14,14183,960,450,Yes,Yes,No,No
INF08342,COL1669,83,10,20,14772,980,464,Yes,Yes,No,No
INF08343,COL1669,86,11,34,15012,981,537,Yes,Yes,No,No
INF08344,COL1669,86,11,43,15332,1026,585,Yes,Yes,No,Yes
INF08345,COL1669,90,11,53,16811,995,605,Yes,Yes,No,No
INF08346,COL1670,62,24,11,14514,1094,270,Yes,Yes,No,No
INF08347,COL1670,63,24,16,15292,1098,296,Yes,Yes,No,Yes
INF08348,COL1670,64,25,20,15873,1143,319,Yes,Yes,No,No
INF08349,COL1670,64,25,23,15811,1167,305,Yes,Yes,No,No
INF08350,COL1670,70,27,32,16997,1112,351,Yes,Yes,No,No
INF08351,COL1671,72,13,13,17272,602,390,No,Yes,No,No
INF08352,COL1671,74,13,18,18186,606,418,No,Yes,No,Yes
INF08353,COL1671,74,13,26,18625,638,448,No,Yes,No,No
INF08354,COL1671,79,14,45,19680,618,432,No,Yes,No,No
INF08355,COL1671,77,14,40,18987,649,508,No,Yes,No,No
INF08356,COL1672,58,11,10,12907,360,330,No,Yes,Yes,No
INF08357,COL1672,60,11,15,13224,365,350,No,Yes,Yes,Yes
INF08358,COL1672,61,12,19,14378,381,393,No,Yes,Yes,No
INF08359,COL1672,64,12,32,13894,369,362,No,Yes,Yes,No
INF08360,COL1672,67,13,42,14001,384,372,No,Yes,Yes,No
INF08361,COL1673,17,7,1,6894,228,270,Yes,Yes,No,Yes
INF08362,COL1673,17,7,3,7160,234,292,Yes,Yes,No,Yes
INF08363,COL1673,18,8,4,7710,239,304,Yes,Yes,No,No
INF08364,COL1673,18,7,6,7323,235,307,Yes,Yes,No,Yes
INF08365,COL1673,18,7,10,7719,236,359,Yes,Yes,No,Yes
INF08366,COL1674,53,5,10,14925,943,450,No,Yes,No,No
INF08367,COL1674,55,5,14,15638,953,481,No,Yes,No,Yes
INF08368,COL1674,54,5,20,15632,987,531,No,Yes,No,No
INF08369,COL1674,56,5,29,16000,1007,566,No,Yes,No,Yes
INF08370,COL1674,57,5,34,17357,945,582,No,Yes,No,Yes
INF08371,COL1675,65,10,5,16428,1121,390,Yes,Yes,Yes,No
INF08372,COL1675,66,10,10,17020,1132,416,Yes,Yes,Yes,Yes
INF08373,COL1675,67,10,24,17381,1176,443,Yes,Yes,Yes,Yes
INF08374,COL1675,71,11,26,18308,1141,467,Yes,Yes,Yes,Yes
INF08375,COL1675,75,12,28,19763,1167,442,Yes,Yes,Yes,Yes
INF08376,COL1676,6,1,1,2678,0,390,No,Yes,Yes,No
INF08377,COL1676,6,1,2,2759,0,408,No,Yes,Yes,No
INF08378,COL1676,6,1,2,2997,0,430,No,Yes,Yes,No
INF08379,COL1676,7,1,4,3117,0,483,No,Yes,Yes,No
INF08380,COL1676,7,1,5,3216,0,439,No,Yes,Yes,Yes
INF08381,COL1677,88,10,16,23928,0,330,Yes,Yes,Yes,No
INF08382,COL1677,91,10,28,24582,0,352,Yes,Yes,Yes,Yes
INF08383,COL1677,93,11,33,25844,0,371,Yes,Yes,Yes,No
INF08384,COL1677,92,10,54,27968,0,421,Yes,Yes,Yes,No
INF08385,COL1677,96,11,47,29105,0,426,Yes,Yes,Yes,Yes
INF08386,COL1678,8,1,1,3110,132,330,No,Yes,No,No
INF08387,COL1678,8,1,2,3214,135,359,No,Yes,No,No
INF08388,COL1678,8,1,3,3461,139,377,No,Yes,No,No
INF08389,COL1678,8,1,3,3328,136,428,No,Yes,No,No
INF08390,COL1678,9,1,5,3802,136,409,No,Yes,No,Yes
INF08391,COL1679,54,10,10,17302,672,330,Yes,Yes,No,No
INF08392,COL1679,55,10,14,17712,692,361,Yes,Yes,No,No
INF08393,COL1679,58,11,21,19316,692,357,Yes,Yes,No,No
INF08394,COL1679,60,11,27,18649,725,412,Yes,Yes,No,Yes
INF08395,COL1679,57,11,31,20921,746,452,Yes,Yes,No,Yes
INF08396,COL1680,31,5,6,10493,0,150,Yes,Yes,Yes,No
INF08397,COL1680,32,5,9,10867,0,157,Yes,Yes,Yes,No
INF08398,COL1680,32,5,14,11452,0,179,Yes,Yes,Yes,Yes
INF08399,COL1680,33,5,15,12278,0,179,Yes,Yes,Yes,Yes
INF08400,COL1680,34,5,16,12217,0,210,Yes,Yes,Yes,No
INF08401,COL1681,18,8,1,6666,0,210,Yes,Yes,No,No
INF08402,COL1681,18,8,4,6811,0,219,Yes,Yes,No,No
INF08403,COL1681,19,8,4,7429,0,247,Yes,Yes,No,No
INF08404,COL1681,19,8,8,7712,0,258,Yes,Yes,No,No
INF08405,COL1681,20,9,12,7869,0,273,Yes,Yes,No,No
INF08406,COL1682,6,1,1,1500,0,210,No,Yes,No,No
INF08407,COL1682,6,1,1,1581,0,229,No,Yes,No,No
INF08408,COL1682,6,1,2,1624,0,235,No,Yes,No,Yes
INF08409,COL1682,6,1,3,1764,0,235,No,Yes,No,No
INF08410,COL1682,7,1,5,1701,0,261,No,Yes,No,No
INF08411,COL1683,6,1,1,2138,50,390,Yes,Yes,No,No
INF08412,COL1683,6,1,2,2218,51,411,Yes,Yes,No,No
INF08413,COL1683,6,1,2,2267,50,462,Yes,Yes,No,Yes
INF08414,COL1683,7,1,4,2299,54,441,Yes,Yes,No,No
INF08415,COL1683,6,1,4,2558,54,456,Yes,Yes,No,No
INF08416,COL1684,52,24,9,12047,0,270,Yes,Yes,Yes,No
INF08417,COL1684,53,25,13,12559,0,282,Yes,Yes,Yes,No
INF08418,COL1684,53,25,24,12742,0,295,Yes,Yes,Yes,Yes
INF08419,COL1684,55,26,25,13468,0,314,Yes,Yes,Yes,No
INF08420,COL1684,58,27,40,13088,0,361,Yes,Yes,Yes,Yes
INF08421,COL1685,98,14,18,23304,1329,150,Yes,No,Yes,Yes
INF08422,COL1685,101,14,32,24181,1344,158,Yes,No,Yes,No
INF08423,COL1685,104,15,32,24718,1390,176,Yes,No,Yes,Yes
INF08424,COL1685,104,15,47,26481,1341,195,Yes,No,Yes,No
INF08425,COL1685,107,15,56,27130,1478,176,Yes,No,Yes,Yes
INF08426,COL1686,6,3,1,3377,50,450,No,Yes,Yes,No
INF08427,COL1686,6,3,2,3579,51,488,No,Yes,Yes,Yes
INF08428,COL1686,6,3,2,3636,52,529,No,Yes,Yes,No
INF08429,COL1686,6,3,3,3673,53,554,No,Yes,Yes,No
INF08430,COL1686,7,3,4,4142,55,618,No,Yes,Yes,No
INF08431,COL1687,9,5,1,5698,0,150,Yes,Yes,Yes,No
INF08432,COL1687,9,5,2,6001,0,158,Yes,Yes,Yes,No
INF08433,COL1687,9,5,2,5947,0,161,Yes,Yes,Yes,No
INF08434,COL1687,9,5,3,6339,0,182,Yes,Yes,Yes,Yes
INF08435,COL1687,9,5,4,6333,0,207,Yes,Yes,Yes,No
INF08436,COL1688,6,1,0,2679,0,270,No,Yes,No,No
INF08437,COL1688,6,1,1,2754,0,297,No,Yes,No,No
INF08438,COL1688,6,1,1,2855,0,293,No,Yes,No,No
INF08439,COL1688,6,1,2,2959,0,320,No,Yes,No,No
INF08440,COL1688,6,1,4,3032,0,326,No,Yes,No,Yes
INF08441,COL1689,80,13,14,15997,1091,150,Yes,Yes,No,No
INF08442,COL1689,82,13,25,16887,1093,162,Yes,Yes,No,No
INF08443,COL1689,84,14,26,16675,1135,175,Yes,Yes,No,Yes
INF08444,COL1689,86,14,40,17544,1180,171,Yes,Yes,No,No
INF08445,COL1689,89,14,44,18208,1156,196,Yes,Yes,No,Yes
INF08446,COL1690,24,2,4,8304,184,330,No,Yes,No,No
INF08447,COL1690,24,2,6,8477,187,360,No,Yes,No,No
INF08448,COL1690,25,2,8,9291,189,375,No,Yes,No,No
INF08449,COL1690,25,2,9,9524,186,379,No,Yes,No,No
INF08450,COL1690,26,2,16,9939,190,439,No,Yes,No,Yes
INF08451,COL1691,34,4,6,12964,610,330,Yes,Yes,No,No
INF08452,COL1691,35,4,10,13344,624,362,Yes,Yes,No,No
INF08453,COL1691,35,4,16,14490,637,370,Yes,Yes,No,No
INF08454,COL1691,37,4,14,13783,636,394,Yes,Yes,No,Yes
INF08455,COL1691,37,4,21,15026,672,448,Yes,Yes,No,Yes
INF08456,COL1692,12,5,2,3886,212,450,No,Yes,No,No
INF08457,COL1692,12,5,3,3990,214,465,No,Yes,No,No
INF08458,COL1692,12,5,5,4255,222,506,No,Yes,No,No
INF08459,COL1692,13,5,6,4357,214,491,No,Yes,No,No
INF08460,COL1692,13,5,6,4530,224,601,No,Yes,No,No
INF08461,COL1693,97,19,17,24093,1372,150,No,Yes,No,No
INF08462,COL1693,99,19,28,24806,1403,165,No,Yes,No,No
INF08463,COL1693,103,20,45,26748,1448,171,No,Yes,No,No
INF08464,COL1693,106,21,44,27747,1373,184,No,Yes,No,No
INF08465,COL1693,103,20,73,26912,1523,187,No,Yes,No,Yes
INF08466,COL1694,6,3,1,2449,102,90,Yes,Yes,No,Yes
INF08467,COL1694,6,3,2,2548,104,99,Yes,Yes,No,Yes
INF08468,COL1694,6,3,2,2611,106,98,Yes,Yes,No,Yes
INF08469,COL1694,6,3,3,2698,106,115,Yes,Yes,No,Yes
INF08470,COL1694,7,3,5,2960,113,102,Yes,Yes,No,Yes
INF08471,COL1695,86,14,15,14844,0,390,Yes,Yes,No,No
INF08472,COL1695,88,14,27,15385,0,407,Yes,Yes,No,Yes
INF08473,COL1695,89,14,40,15652,0,455,Yes,Yes,No,No
INF08474,COL1695,94,15,48,16613,0,485,Yes,Yes,No,Yes
INF08475,COL1695,92,15,53,16942,0,480,Yes,Yes,No,No
INF08476,COL1696,21,4,2,6673,0,270,Yes,Yes,No,No
INF08477,COL1696,22,4,4,7043,0,295,Yes,Yes,No,No
INF08478,COL1696,22,4,7,6975,0,309,Yes,Yes,No,No
INF08479,COL1696,23,4,9,7409,0,302,Yes,Yes,No,No
INF08480,COL1696,24,5,12,7881,0,341,Yes,Yes,No,No
INF08481,COL1697,19,7,3,5412,0,210,Yes,Yes,Yes,No
INF08482,COL1697,20,7,5,5561,0,230,Yes,Yes,Yes,No
INF08483,COL1697,20,7,8,5937,0,225,Yes,Yes,Yes,No
INF08484,COL1697,20,7,9,6220,0,266,Yes,Yes,Yes,No
INF08485,COL1697,21,8,9,6164,0,242,Yes,Yes,Yes,No
INF08486,COL1698,14,2,1,6808,212,330,Yes,No,Yes,No
INF08487,COL1698,14,2,2,7148,213,341,Yes,No,Yes,No
INF08488,COL1698,15,2,5,7593,212,381,Yes,No,Yes,Yes
INF08489,COL1698,15,2,7,7762,216,421,Yes,No,Yes,No
INF08490,COL1698,16,2,8,7970,228,396,Yes,No,Yes,Yes
INF08491,COL1699,122,22,22,36497,1899,270,Yes,Yes,No,No
INF08492,COL1699,127,23,37,37860,1942,284,Yes,Yes,No,No
INF08493,COL1699,129,23,40,40787,1923,324,Yes,Yes,No,No
INF08494,COL1699,127,23,55,39068,2035,343,Yes,Yes,No,No
INF08495,COL1699,130,23,63,44106,2049,375,Yes,Yes,No,No
INF08496,COL1700,21,11,2,6717,0,270,No,No,Yes,No
INF08497,COL1700,21,11,5,6876,0,287,No,No,Yes,No
INF08498,COL1700,22,12,8,7364,0,313,No,No,Yes,No
INF08499,COL1700,22,11,11,7184,0,304,No,No,Yes,No
INF08500,COL1700,23,12,12,7803,0,304,No,No,Yes,Yes
INF08501,COL1701,43,17,8,9437,525,390,No,Yes,No,No
INF08502,COL1701,44,17,13,9685,526,429,No,Yes,No,No
INF08503,COL1701,45,18,16,10127,545,448,No,Yes,No,No
INF08504,COL1701,44,18,18,11103,528,461,No,Yes,No,Yes
INF08505,COL1701,49,20,36,11583,580,543,No,Yes,No,No
INF08506,COL1702,12,1,2,4410,168,210,No,Yes,No,Yes
INF08507,COL1702,12,1,4,4596,172,229,No,Yes,No,No
INF08508,COL1702,12,1,4,4840,174,247,No,Yes,No,No
INF08509,COL1702,13,1,6,5096,173,262,No,Yes,No,No
INF08510,COL1702,13,1,8,5066,172,249,No,Yes,No,No
INF08511,COL1703,96,15,8,15872,0,270,Yes,No,No,Yes
INF08512,COL1703,100,16,20,16234,0,289,Yes,No,No,Yes
INF08513,COL1703,100,16,25,17057,0,299,Yes,No,No,No
INF08514,COL1703,106,17,32,17670,0,295,Yes,No,No,No
INF08515,COL1703,105,16,65,17302,0,377,Yes,No,No,Yes
INF08516,COL1704,122,11,10,21936,1979,210,No,Yes,Yes,No
INF08517,COL1704,124,11,17,22456,2020,218,No,Yes,Yes,No
INF08518,COL1704,131,12,45,24045,2098,251,No,Yes,Yes,Yes
INF08519,COL1704,130,12,39,23868,2155,235,No,Yes,Yes,No
INF08520,COL1704,130,12,47,24048,2174,277,No,Yes,Yes,Yes
INF08521,COL1705,97,16,17,20968,752,390,No,Yes,Yes,No
INF08522,COL1705,99,16,28,21952,772,409,No,Yes,Yes,No
INF08523,COL1705,102,17,46,23252,758,442,No,Yes,Yes,No
INF08524,COL1705,105,17,41,23536,801,469,No,Yes,Yes,Yes
INF08525,COL1705,102,17,59,23309,799,451,No,Yes,Yes,No
INF08526,COL1706,35,14,6,9921,0,270,Yes,Yes,No,Yes
INF08527,COL1706,36,15,11,10312,0,285,Yes,Yes,No,Yes
INF08528,COL1706,38,15,17,10652,0,318,Yes,Yes,No,Yes
INF08529,COL1706,38,15,21,10705,0,331,Yes,Yes,No,No
INF08530,COL1706,40,16,20,10882,0,355,Yes,Yes,No,No
INF08531,COL1707,13,6,2,4350,0,210,No,Yes,No,No
INF08532,COL1707,13,6,4,4486,0,224,No,Yes,No,No
INF08533,COL1707,14,6,5,4582,0,234,No,Yes,No,No
INF08534,COL1707,14,6,6,4846,0,240,No,Yes,No,Yes
INF08535,COL1707,15,7,10,4782,0,289,No,Yes,No,Yes
INF08536,COL1708,22,13,4,7276,382,390,No,Yes,No,No
INF08537,COL1708,23,13,7,7436,392,418,No,Yes,No,No
INF08538,COL1708,23,14,8,8146,393,452,No,Yes,No,No
INF08539,COL1708,24,14,9,7892,391,496,No,Yes,No,No
INF08540,COL1708,25,15,15,8010,423,528,No,Yes,No,Yes
INF08541,COL1709,8,1,1,2801,94,330,No,Yes,No,No
INF08542,COL1709,8,1,3,2894,96,342,No,Yes,No,No
INF08543,COL1709,8,1,2,3122,98,369,No,Yes,No,Yes
INF08544,COL1709,9,1,5,2994,94,405,No,Yes,No,No
INF08545,COL1709,9,1,5,3072,101,456,No,Yes,No,Yes
INF08546,COL1710,27,5,2,11317,247,270,No,Yes,No,No
INF08547,COL1710,28,5,5,11990,249,279,No,Yes,No,No
INF08548,COL1710,29,5,9,11888,253,306,No,Yes,No,No
INF08549,COL1710,29,5,8,12801,249,309,No,Yes,No,No
INF08550,COL1710,30,6,15,12471,273,344,No,Yes,No,No
INF08551,COL1711,76,9,6,25270,1086,270,No,Yes,No,No
INF08552,COL1711,78,9,16,25871,1104,284,No,Yes,No,Yes
INF08553,COL1711,81,10,27,26356,1099,318,No,Yes,No,Yes
INF08554,COL1711,78,9,26,27326,1128,318,No,Yes,No,Yes
INF08555,COL1711,88,10,35,30446,1126,347,No,Yes,No,Yes
INF08556,COL1712,6,1,1,1522,0,210,No,Yes,No,No
INF08557,COL1712,6,1,2,1606,0,225,No,Yes,No,No
INF08558,COL1712,6,1,2,1603,0,244,No,Yes,No,No
INF08559,COL1712,7,1,3,1756,0,249,No,Yes,No,No
INF08560,COL1712,7,1,3,1758,0,247,No,Yes,No,Yes
INF08561,COL1713,122,11,22,24346,888,390,Yes,Yes,No,Yes
INF08562,COL1713,123,11,32,25345,903,424,Yes,Yes,No,Yes
INF08563,COL1713,130,12,52,25644,921,421,Yes,Yes,No,No
INF08564,COL1713,134,12,74,27020,964,502,Yes,Yes,No,Yes
INF08565,COL1713,128,12,72,28782,985,473,Yes,Yes,No,Yes
INF08566,COL1714,24,9,4,7683,240,390,Yes,Yes,No,No
INF08567,COL1714,25,9,8,7844,241,421,Yes,Yes,No,No
INF08568,COL1714,26,10,9,8506,242,420,Yes,Yes,No,Yes
INF08569,COL1714,26,10,15,8199,249,468,Yes,Yes,No,Yes
INF08570,COL1714,26,10,11,8894,253,498,Yes,Yes,No,Yes
INF08571,COL1715,29,17,2,10159,220,390,Yes,Yes,Yes,No
INF08572,COL1715,30,18,4,10592,225,417,Yes,Yes,Yes,Yes
INF08573,COL1715,31,18,8,11050,226,458,Yes,Yes,Yes,No
INF08574,COL1715,32,19,14,11136,232,496,Yes,Yes,Yes,No
INF08575,COL1715,30,18,11,11345,239,458,Yes,Yes,Yes,No
INF08576,COL1716,6,1,1,1989,0,210,No,Yes,No,No
INF08577,COL1716,6,1,2,2103,0,226,No,Yes,No,No
INF08578,COL1716,6,1,2,2085,0,234,No,Yes,No,No
INF08579,COL1716,6,1,4,2214,0,249,No,Yes,No,No
INF08580,COL1716,7,1,4,2190,0,289,No,Yes,No,Yes
INF08581,COL1717,9,5,2,1953,0,450,Yes,Yes,No,No
INF08582,COL1717,9,5,3,2017,0,490,Yes,Yes,No,No
INF08583,COL1717,9,5,4,2177,0,518,Yes,Yes,No,No
INF08584,COL1717,10,6,6,2171,0,491,Yes,Yes,No,No
INF08585,COL1717,10,5,5,2255,0,544,Yes,Yes,No,No
INF08586,COL1718,32,15,6,7468,0,150,Yes,Yes,No,No
INF08587,COL1718,33,16,8,7905,0,160,Yes,Yes,No,No
INF08588,COL1718,33,16,15,7906,0,165,Yes,Yes,No,No
INF08589,COL1718,35,16,15,7987,0,192,Yes,Yes,No,No
INF08590,COL1718,35,17,24,8803,0,187,Yes,Yes,No,Yes
INF08591,COL1719,65,6,5,17484,1140,270,No,Yes,No,No
INF08592,COL1719,67,6,12,18145,1159,293,No,Yes,No,No
INF08593,COL1719,69,6,21,18917,1151,318,No,Yes,No,No
INF08594,COL1719,67,6,18,20168,1154,348,No,Yes,No,Yes
INF08595,COL1719,70,6,41,19028,1257,351,No,Yes,No,No
INF08596,COL1720,36,3,6,12837,656,210,No,Yes,No,No
INF08597,COL1720,37,3,11,13536,671,224,No,Yes,No,No
INF08598,COL1720,38,3,15,13377,666,242,No,Yes,No,Yes
INF08599,COL1720,37,3,22,14874,696,247,No,Yes,No,No
INF08600,COL1720,40,3,30,14256,706,265,No,Yes,No,No
INF08601,COL1721,20,11,4,4012,224,150,Yes,Yes,No,Yes
INF08602,COL1721,20,11,6,4100,226,157,Yes,Yes,No,Yes
INF08603,COL1721,21,12,9,4267,231,165,Yes,Yes,No,No
INF08604,COL1721,22,12,10,4358,231,178,Yes,Yes,No,No
INF08605,COL1721,23,13,10,4498,248,190,Yes,Yes,No,Yes
INF08606,COL1722,6,1,1,1500,60,210,No,Yes,No,No
INF08607,COL1722,6,1,2,1573,61,224,No,Yes,No,Yes
INF08608,COL1722,6,1,2,1632,61,252,No,Yes,No,Yes
INF08609,COL1722,6,1,3,1674,65,248,No,Yes,No,No
INF08610,COL1722,7,1,4,1760,61,270,No,Yes,No,No
INF08611,COL1723,34,5,6,6437,382,390,No,Yes,No,Yes
INF08612,COL1723,35,5,10,6671,388,421,No,Yes,No,No
INF08613,COL1723,36,5,14,6965,400,441,No,Yes,No,Yes
INF08614,COL1723,36,5,16,6840,406,431,No,Yes,No,Yes
INF08615,COL1723,39,6,21,7009,407,486,No,Yes,No,No
INF08616,COL1724,44,24,8,11369,349,330,Yes,Yes,No,Yes
INF08617,COL1724,46,25,13,11909,355,360,Yes,Yes,No,No
INF08618,COL1724,45,25,17,11922,358,364,Yes,Yes,No,No
INF08619,COL1724,46,25,22,12053,372,373,Yes,Yes,No,Yes
INF08620,COL1724,48,26,28,12572,389,370,Yes,Yes,No,Yes
INF08621,COL1725,30,13,5,10260,528,90,Yes,No,Yes,No
INF08622,COL1725,31,13,10,10785,541,94,Yes,No,Yes,No
INF08623,COL1725,32,14,12,10750,551,97,Yes,No,Yes,No
INF08624,COL1725,32,14,14,11119,571,115,Yes,No,Yes,No
INF08625,COL1725,32,14,23,12348,539,109,Yes,No,Yes,Yes
INF08626,COL1726,11,1,2,3183,132,150,No,Yes,No,No
INF08627,COL1726,11,1,3,3321,134,159,No,Yes,No,No
INF08628,COL1726,12,1,4,3520,134,174,No,Yes,No,No
INF08629,COL1726,12,1,6,3715,136,166,No,Yes,No,No
INF08630,COL1726,13,1,9,3507,147,196,No,Yes,No,No
INF08631,COL1727,88,44,16,21102,0,150,Yes,Yes,Yes,No
INF08632,COL1727,90,45,27,21675,0,155,Yes,Yes,Yes,No
INF08633,COL1727,90,45,40,22076,0,179,Yes,Yes,Yes,Yes
INF08634,COL1727,96,48,40,23398,0,180,Yes,Yes,Yes,No
INF08635,COL1727,95,47,58,24832,0,189,Yes,Yes,Yes,Yes
INF08636,COL1728,79,33,14,20420,1071,450,Yes,No,No,No
INF08637,COL1728,80,33,22,21157,1101,472,Yes,No,No,Yes
INF08638,COL1728,83,35,31,21417,1134,483,Yes,No,No,No
INF08639,COL1728,87,36,37,22405,1125,552,Yes,No,No,No
INF08640,COL1728,84,35,58,22943,1072,509,Yes,No,No,Yes
INF08641,COL1729,9,5,1,5108,0,330,No,No,Yes,No
INF08642,COL1729,9,5,1,5219,0,358,No,No,Yes,Yes
INF08643,COL1729,9,5,3,5558,0,379,No,No,Yes,No
INF08644,COL1729,10,5,3,5492,0,403,No,No,Yes,No
INF08645,COL1729,10,5,4,5909,0,460,No,No,Yes,No
INF08646,COL1730,14,2,3,3089,0,330,No,Yes,No,No
INF08647,COL1730,14,2,4,3151,0,345,No,Yes,No,No
INF08648,COL1730,15,2,6,3317,0,385,No,Yes,No,No
INF08649,COL1730,15,2,6,3363,0,365,No,Yes,No,No
INF08650,COL1730,15,2,9,3338,0,433,No,Yes,No,Yes
INF08651,COL1731,44,4,4,10677,514,90,No,Yes,Yes,No
INF08652,COL1731,46,4,9,10917,515,99,No,Yes,Yes,No
INF08653,COL1731,45,4,13,11307,518,101,No,Yes,Yes,Yes
INF08654,COL1731,49,4,24,11348,548,114,No,Yes,Yes,Yes
INF08655,COL1731,51,5,25,12552,547,104,No,Yes,Yes,No
INF08656,COL1732,16,6,3,3863,184,330,No,Yes,No,No
INF08657,COL1732,16,6,4,4080,185,354,No,Yes,No,No
INF08658,COL1732,17,6,6,4313,186,379,No,Yes,No,No
INF08659,COL1732,18,7,9,4222,198,370,No,Yes,No,Yes
INF08660,COL1732,17,6,12,4349,195,414,No,Yes,No,Yes
INF08661,COL1733,47,20,4,11781,400,270,Yes,Yes,No,No
INF08662,COL1733,49,21,9,12160,411,283,Yes,Yes,No,No
INF08663,COL1733,49,21,15,13011,417,317,Yes,Yes,No,No
INF08664,COL1733,51,22,14,13539,434,335,Yes,Yes,No,Yes
INF08665,COL1733,54,23,29,13251,408,364,Yes,Yes,No,Yes
INF08666,COL1734,92,16,7,23086,0,90,Yes,Yes,No,No
INF08667,COL1734,95,17,20,24107,0,97,Yes,Yes,No,No
INF08668,COL1734,96,17,25,24163,0,107,Yes,Yes,No,Yes
INF08669,COL1734,101,18,41,25258,0,112,Yes,Yes,No,Yes
INF08670,COL1734,107,19,65,26644,0,106,Yes,Yes,No,Yes
INF08671,COL1735,34,13,6,8200,388,390,Yes,Yes,Yes,No
INF08672,COL1735,34,13,11,8428,389,426,Yes,Yes,Yes,No
INF08673,COL1735,35,14,12,8623,394,463,Yes,Yes,Yes,No
INF08674,COL1735,37,14,19,9130,403,454,Yes,Yes,Yes,Yes
INF08675,COL1735,36,14,25,8979,392,505,Yes,Yes,Yes,Yes
INF08676,COL1736,19,3,2,4933,241,330,Yes,Yes,No,No
INF08677,COL1736,19,3,3,5047,242,345,Yes,Yes,No,No
INF08678,COL1736,19,3,6,5389,242,356,Yes,Yes,No,No
INF08679,COL1736,20,3,9,5820,255,419,Yes,Yes,No,No
INF08680,COL1736,20,3,12,5753,266,428,Yes,Yes,No,No
INF08681,COL1737,70,9,13,16156,0,450,Yes,Yes,No,No
INF08682,COL1737,72,9,22,16681,0,477,Yes,Yes,No,No
INF08683,COL1737,74,9,30,17786,0,513,Yes,Yes,No,No
INF08684,COL1737,73,9,27,18324,0,540,Yes,Yes,No,No
INF08685,COL1737,75,10,52,18275,0,607,Yes,Yes,No,Yes
INF08686,COL1738,48,6,9,11406,0,330,Yes,Yes,No,Yes
INF08687,COL1738,49,6,15,11640,0,349,Yes,Yes,No,No
INF08688,COL1738,50,6,16,12410,0,394,Yes,Yes,No,No
INF08689,COL1738,54,7,20,12224,0,398,Yes,Yes,No,Yes
INF08690,COL1738,55,7,37,14108,0,401,Yes,Yes,No,No
INF08691,COL1739,24,13,4,7368,0,150,No,Yes,No,No
INF08692,COL1739,25,13,7,7521,0,160,No,Yes,No,Yes
INF08693,COL1739,25,14,8,7757,0,160,No,Yes,No,Yes
INF08694,COL1739,26,14,14,8280,0,191,No,Yes,No,No
INF08695,COL1739,28,15,12,8776,0,179,No,Yes,No,Yes
INF08696,COL1740,6,1,1,1500,50,150,No,Yes,No,No
INF08697,COL1740,6,1,2,1544,51,159,No,Yes,No,No
INF08698,COL1740,6,1,3,1669,53,162,No,Yes,No,No
INF08699,COL1740,7,1,3,1686,54,166,No,Yes,No,No
INF08700,COL1740,6,1,3,1707,55,172,No,Yes,No,No
INF08701,COL1741,6,1,1,1936,69,390,No,No,Yes,No
INF08702,COL1741,6,1,2,1993,69,428,No,No,Yes,No
INF08703,COL1741,6,1,2,2126,72,457,No,No,Yes,No
INF08704,COL1741,6,1,2,2128,70,491,No,No,Yes,Yes
INF08705,COL1741,7,1,4,2306,72,507,No,No,Yes,No
INF08706,COL1742,130,13,23,25402,1711,330,No,Yes,No,No
INF08707,COL1742,135,13,41,26587,1741,347,No,Yes,No,No
INF08708,COL1742,140,14,42,28429,1756,368,No,Yes,No,No
INF08709,COL1742,145,14,79,29095,1716,375,No,Yes,No,No
INF08710,COL1742,142,14,67,31039,1787,399,No,Yes,No,Yes
INF08711,COL1743,33,3,6,6757,0,390,Yes,Yes,Yes,No
INF08712,COL1743,34,3,9,7074,0,427,Yes,Yes,Yes,No
INF08713,COL1743,36,3,16,7525,0,432,Yes,Yes,Yes,No
INF08714,COL1743,35,3,21,7277,0,436,Yes,Yes,Yes,No
INF08715,COL1743,38,3,18,7749,0,445,Yes,Yes,Yes,Yes
INF08716,COL1744,89,17,16,18644,1470,210,No,Yes,No,No
INF08717,COL1744,90,17,23,19242,1494,218,No,Yes,No,No
INF08718,COL1744,94,18,41,20780,1532,249,No,Yes,No,No
INF08719,COL1744,94,18,36,21115,1527,240,No,Yes,No,No
INF08720,COL1744,101,19,47,22613,1599,274,No,Yes,No,No
INF08721,COL1745,6,3,1,2299,92,210,No,No,No,No
INF08722,COL1745,6,3,2,2409,93,223,No,No,No,No
INF08723,COL1745,6,3,3,2459,96,243,No,No,No,Yes
INF08724,COL1745,6,3,2,2669,94,249,No,No,No,No
INF08725,COL1745,7,3,5,2683,95,255,No,No,No,Yes
INF08726,COL1746,39,17,7,12356,469,270,No,Yes,Yes,No
INF08727,COL1746,40,17,10,12667,481,283,No,Yes,Yes,Yes
INF08728,COL1746,40,18,17,13075,473,319,No,Yes,Yes,No
INF08729,COL1746,42,18,25,14298,475,341,No,Yes,Yes,No
INF08730,COL1746,43,19,26,15099,472,363,No,Yes,Yes,No
INF08731,COL1747,18,2,3,3531,235,210,No,Yes,No,No
INF08732,COL1747,18,2,4,3682,237,221,No,Yes,No,No
INF08733,COL1747,19,2,6,3707,240,226,No,Yes,No,Yes
INF08734,COL1747,19,2,8,4059,243,231,No,Yes,No,No
INF08735,COL1747,20,2,13,4058,257,273,No,Yes,No,No
INF08736,COL1748,29,6,5,8930,324,330,Yes,No,Yes,No
INF08737,COL1748,29,6,8,9238,328,345,Yes,No,Yes,No
INF08738,COL1748,31,6,12,9330,335,351,Yes,No,Yes,Yes
INF08739,COL1748,32,7,12,10149,334,374,Yes,No,Yes,No
INF08740,COL1748,31,6,15,10877,332,380,Yes,No,Yes,Yes
INF08741,COL1749,96,49,17,19111,626,330,Yes,Yes,Yes,Yes
INF08742,COL1749,98,50,25,19796,627,359,Yes,Yes,Yes,Yes
INF08743,COL1749,103,52,41,20541,649,371,Yes,Yes,Yes,Yes
INF08744,COL1749,102,52,47,20359,669,383,Yes,Yes,Yes,No
INF08745,COL1749,107,54,54,23638,646,460,Yes,Yes,Yes,No
INF08746,COL1750,11,6,2,2801,121,390,Yes,Yes,No,No
INF08747,COL1750,11,6,3,2926,122,409,Yes,Yes,No,No
INF08748,COL1750,12,6,5,3127,124,415,Yes,Yes,No,Yes
INF08749,COL1750,12,6,4,3186,125,483,Yes,Yes,No,No
INF08750,COL1750,13,7,8,3080,134,538,Yes,Yes,No,Yes
INF08751,COL1751,73,9,13,19600,1025,210,Yes,Yes,Yes,No
INF08752,COL1751,74,9,23,20612,1045,229,Yes,Yes,Yes,No
INF08753,COL1751,75,9,34,21344,1054,233,Yes,Yes,Yes,No
INF08754,COL1751,75,9,36,22721,1034,240,Yes,Yes,Yes,No
INF08755,COL1751,84,10,62,21260,1115,236,Yes,Yes,Yes,Yes
INF08756,COL1752,7,1,1,2396,70,330,Yes,Yes,No,No
INF08757,COL1752,7,1,2,2502,70,359,Yes,Yes,No,No
INF08758,COL1752,7,1,3,2495,73,389,Yes,Yes,No,No
INF08759,COL1752,8,1,5,2757,75,389,Yes,Yes,No,No
INF08760,COL1752,8,1,5,2745,73,372,Yes,Yes,No,Yes
INF08761,COL1753,15,2,3,3493,104,270,No,Yes,Yes,No
INF08762,COL1753,16,2,5,3601,107,295,No,Yes,Yes,No
INF08763,COL1753,16,2,6,3740,106,305,No,Yes,Yes,Yes
INF08764,COL1753,16,2,8,3957,109,345,No,Yes,Yes,No
INF08765,COL1753,16,2,9,4280,116,354,No,Yes,Yes,No
INF08766,COL1754,62,10,11,22147,0,150,No,Yes,No,Yes
INF08767,COL1754,64,10,18,23419,0,160,No,Yes,No,Yes
INF08768,COL1754,67,11,30,24155,0,174,No,Yes,No,Yes
INF08769,COL1754,67,11,36,24035,0,188,No,Yes,No,No
INF08770,COL1754,67,11,34,24016,0,190,No,Yes,No,No
INF08771,COL1755,41,18,7,11205,0,270,No,Yes,No,No
INF08772,COL1755,42,18,11,11530,0,280,No,Yes,No,No
INF08773,COL1755,43,19,19,12175,0,303,No,Yes,No,No
INF08774,COL1755,45,20,19,12716,0,330,No,Yes,No,No
INF08775,COL1755,45,20,26,13279,0,320,No,Yes,No,No
INF08776,COL1756,14,1,1,5038,160,210,No,Yes,No,No
INF08777,COL1756,14,1,3,5252,163,224,No,Yes,No,No
INF08778,COL1756,15,1,3,5416,161,239,No,Yes,No,No
INF08779,COL1756,15,1,5,5510,160,248,No,Yes,No,Yes
INF08780,COL1756,15,1,9,5523,169,268,No,Yes,No,No
INF08781,COL1757,23,13,4,7247,173,270,Yes,Yes,No,No
INF08782,COL1757,23,13,7,7462,176,281,Yes,Yes,No,No
INF08783,COL1757,24,14,9,7911,178,313,Yes,Yes,No,Yes
INF08784,COL1757,25,14,14,8222,180,295,Yes,Yes,No,No
INF08785,COL1757,26,15,16,8320,178,369,Yes,Yes,No,No
INF08786,COL1758,6,3,1,2166,0,270,No,Yes,No,No
INF08787,COL1758,6,3,2,2268,0,291,No,Yes,No,No
INF08788,COL1758,6,3,3,2346,0,309,No,Yes,No,Yes
INF08789,COL1758,6,3,3,2341,0,344,No,Yes,No,No
INF08790,COL1758,7,3,4,2423,0,373,No,Yes,No,No
INF08791,COL1759,53,22,10,12425,0,150,Yes,Yes,No,Yes
INF08792,COL1759,54,23,15,13044,0,155,Yes,Yes,No,Yes
INF08793,COL1759,56,23,17,13760,0,169,Yes,Yes,No,Yes
INF08794,COL1759,59,24,27,13650,0,185,Yes,Yes,No,No
INF08795,COL1759,61,25,37,15378,0,182,Yes,Yes,No,Yes
INF08796,COL1760,47,5,8,12524,0,330,No,Yes,Yes,No
INF08797,COL1760,48,5,12,13014,0,358,No,Yes,Yes,Yes
INF08798,COL1760,50,5,21,13053,0,393,No,Yes,Yes,Yes
INF08799,COL1760,51,5,20,14435,0,408,No,Yes,Yes,Yes
INF08800,COL1760,54,6,23,14725,0,425,No,Yes,Yes,Yes
INF08801,COL1761,12,6,2,6176,205,210,No,Yes,No,No
INF08802,COL1761,12,6,4,6322,209,217,No,Yes,No,No
INF08803,COL1761,13,6,5,6676,212,240,No,Yes,No,No
INF08804,COL1761,13,6,7,6785,210,243,No,Yes,No,Yes
INF08805,COL1761,14,7,9,7050,227,284,No,Yes,No,No
INF08806,COL1762,7,3,1,3549,0,270,No,No,No,No
INF08807,COL1762,7,3,1,3721,0,296,No,No,No,No
INF08808,COL1762,7,3,2,3755,0,315,No,No,No,No
INF08809,COL1762,7,3,2,4119,0,311,No,No,No,Yes
INF08810,COL1762,8,3,3,4040,0,329,No,No,No,Yes
INF08811,COL1763,42,4,8,7618,0,150,No,Yes,No,No
INF08812,COL1763,43,4,14,7824,0,158,No,Yes,No,Yes
INF08813,COL1763,43,4,16,8046,0,172,No,Yes,No,No
INF08814,COL1763,44,4,21,8084,0,185,No,Yes,No,No
INF08815,COL1763,45,4,28,9226,0,186,No,Yes,No,No
INF08816,COL1764,53,26,10,10078,832,330,Yes,Yes,Yes,No
INF08817,COL1764,54,26,17,10576,850,361,Yes,Yes,Yes,Yes
INF08818,COL1764,57,28,24,10709,837,378,Yes,Yes,Yes,No
INF08819,COL1764,56,28,21,10740,882,418,Yes,Yes,Yes,Yes
INF08820,COL1764,56,27,35,11969,838,424,Yes,Yes,Yes,Yes
INF08821,COL1765,122,16,22,25528,0,150,Yes,Yes,No,Yes
INF08822,COL1765,123,16,37,26944,0,163,Yes,Yes,No,No
INF08823,COL1765,129,17,42,27154,0,160,Yes,Yes,No,No
INF08824,COL1765,132,17,67,29494,0,186,Yes,Yes,No,No
INF08825,COL1765,138,18,78,28154,0,208,Yes,Yes,No,Yes
INF08826,COL1766,57,8,5,14906,1023,210,No,No,Yes,Yes
INF08827,COL1766,59,8,8,15683,1039,222,No,No,Yes,Yes
INF08828,COL1766,61,9,15,16138,1041,251,No,No,Yes,No
INF08829,COL1766,63,9,19,17554,1090,252,No,No,Yes,Yes
INF08830,COL1766,60,8,36,16971,1045,278,No,No,Yes,Yes
INF08831,COL1767,28,3,5,9557,483,210,No,Yes,Yes,No
INF08832,COL1767,29,3,9,10025,483,225,No,Yes,Yes,No
INF08833,COL1767,29,3,13,10682,510,234,No,Yes,Yes,No
INF08834,COL1767,30,3,14,10460,523,263,No,Yes,Yes,No
INF08835,COL1767,32,3,15,11052,511,272,No,Yes,Yes,No
INF08836,COL1768,8,4,1,2401,72,150,No,Yes,Yes,No
INF08837,COL1768,8,4,2,2469,72,162,No,Yes,Yes,No
INF08838,COL1768,8,4,2,2508,74,177,No,Yes,Yes,Yes
INF08839,COL1768,8,4,3,2657,78,184,No,Yes,Yes,No
INF08840,COL1768,9,5,6,2903,77,187,No,Yes,Yes,No
INF08841,COL1769,6,3,0,1781,66,330,No,Yes,No,No
INF08842,COL1769,6,3,1,1821,67,344,No,Yes,No,Yes
INF08843,COL1769,6,3,2,1930,69,369,No,Yes,No,No
INF08844,COL1769,6,3,2,2087,71,428,No,Yes,No,No
INF08845,COL1769,6,3,2,2131,72,383,No,Yes,No,Yes
INF08846,COL1770,66,30,12,19339,0,150,Yes,Yes,No,No
INF08847,COL1770,67,30,21,19838,0,160,Yes,Yes,No,Yes
INF08848,COL1770,68,31,25,21419,0,159,Yes,Yes,No,Yes
INF08849,COL1770,70,32,42,20761,0,164,Yes,Yes,No,Yes
INF08850,COL1770,74,34,43,22360,0,178,Yes,Yes,No,Yes
INF08851,COL1771,45,23,4,13656,464,390,Yes,Yes,Yes,No
INF08852,COL1771,46,24,9,14460,469,406,Yes,Yes,Yes,No
INF08853,COL1771,46,24,16,14950,478,418,Yes,Yes,Yes,No
INF08854,COL1771,49,25,18,15165,471,492,Yes,Yes,Yes,Yes
INF08855,COL1771,47,24,26,16293,519,479,Yes,Yes,Yes,No
INF08856,COL1772,108,10,9,25699,0,330,Yes,Yes,No,No
INF08857,COL1772,111,10,20,27177,0,344,Yes,Yes,No,No
INF08858,COL1772,115,11,41,27060,0,380,Yes,Yes,No,No
INF08859,COL1772,116,11,31,28049,0,369,Yes,Yes,No,Yes
INF08860,COL1772,121,11,58,30277,0,394,Yes,Yes,No,Yes
INF08861,COL1773,18,8,3,7373,261,330,Yes,Yes,No,Yes
INF08862,COL1773,18,8,6,7588,264,356,Yes,Yes,No,Yes
INF08863,COL1773,19,9,8,8029,263,390,Yes,Yes,No,Yes
INF08864,COL1773,19,8,11,8129,275,388,Yes,Yes,No,Yes
INF08865,COL1773,20,9,13,7980,263,421,Yes,Yes,No,Yes
INF08866,COL1774,123,19,10,37079,0,270,No,Yes,No,No
INF08867,COL1774,125,19,25,38757,0,282,No,Yes,No,No
INF08868,COL1774,131,20,26,39032,0,307,No,Yes,No,No
INF08869,COL1774,137,21,66,40564,0,297,No,Yes,No,No
INF08870,COL1774,136,21,85,44874,0,347,No,Yes,No,No
INF08871,COL1775,90,13,16,30043,1573,150,Yes,Yes,No,No
INF08872,COL1775,91,13,26,31239,1579,158,Yes,Yes,No,No
INF08873,COL1775,95,14,36,31901,1644,161,Yes,Yes,No,No
INF08874,COL1775,99,14,44,35074,1643,178,Yes,Yes,No,No
INF08875,COL1775,97,14,52,33637,1607,201,Yes,Yes,No,Yes
INF08876,COL1776,6,1,1,2207,0,330,No,Yes,Yes,No
INF08877,COL1776,6,1,2,2256,0,355,No,Yes,Yes,No
INF08878,COL1776,6,1,2,2467,0,392,No,Yes,Yes,No
INF08879,COL1776,7,1,4,2451,0,369,No,Yes,Yes,Yes
INF08880,COL1776,6,1,4,2647,0,452,No,Yes,Yes,No
INF08881,COL1777,46,4,8,12013,599,150,Yes,No,No,No
INF08882,COL1777,48,4,15,12586,603,163,Yes,No,No,No
INF08883,COL1777,48,4,20,12954,605,180,Yes,No,No,Yes
INF08884,COL1777,49,4,23,12751,616,171,Yes,No,No,Yes
INF08885,COL1777,48,4,26,13544,663,171,Yes,No,No,Yes
INF08886,COL1778,62,5,11,16435,0,210,No,Yes,No,No
INF08887,COL1778,63,5,16,16819,0,218,No,Yes,No,Yes
INF08888,COL1778,66,5,21,18126,0,240,No,Yes,No,No
INF08889,COL1778,69,6,28,17687,0,272,No,Yes,No,Yes
INF08890,COL1778,71,6,39,19582,0,291,No,Yes,No,Yes
INF08891,COL1779,53,23,10,14162,0,210,No,Yes,No,Yes
INF08892,COL1779,55,24,16,14806,0,217,No,Yes,No,No
INF08893,COL1779,55,24,20,14830,0,248,No,Yes,No,No
INF08894,COL1779,58,25,31,15800,0,270,No,Yes,No,No
INF08895,COL1779,61,26,38,15441,0,238,No,Yes,No,No
INF08896,COL1780,22,11,2,6284,347,150,Yes,Yes,No,Yes
INF08897,COL1780,22,11,5,6653,357,162,Yes,Yes,No,Yes
INF08898,COL1780,23,12,6,7035,357,177,Yes,Yes,No,Yes
INF08899,COL1780,24,12,7,6787,355,166,Yes,Yes,No,Yes
INF08900,COL1780,25,13,11,7294,360,175,Yes,Yes,No,Yes
INF08901,COL1781,51,27,9,18207,629,390,Yes,Yes,No,No
INF08902,COL1781,53,28,14,18673,634,421,Yes,Yes,No,No
INF08903,COL1781,55,29,24,19841,664,415,Yes,Yes,No,No
INF08904,COL1781,56,30,26,20857,652,474,Yes,Yes,No,No
INF08905,COL1781,55,29,36,21784,677,533,Yes,Yes,No,Yes
INF08906,COL1782,98,12,18,18061,1585,210,Yes,Yes,No,No
INF08907,COL1782,100,12,27,18458,1607,227,Yes,Yes,No,No
INF08908,COL1782,103,13,32,19307,1622,249,Yes,Yes,No,No
INF08909,COL1782,103,13,54,20221,1643,243,Yes,Yes,No,No
INF08910,COL1782,109,13,71,21918,1736,262,Yes,Yes,No,No
INF08911,COL1783,86,17,7,27234,671,330,Yes,Yes,No,No
INF08912,COL1783,87,17,18,28693,674,358,Yes,Yes,No,No
INF08913,COL1783,92,18,19,28535,672,389,Yes,Yes,No,No
INF08914,COL1783,89,18,28,31640,696,371,Yes,Yes,No,No
INF08915,COL1783,94,19,49,31243,745,430,Yes,Yes,No,Yes
INF08916,COL1784,49,9,9,7291,0,330,No,No,No,No
INF08917,COL1784,50,9,13,7725,0,348,No,No,No,Yes
INF08918,COL1784,52,10,19,8130,0,362,No,No,No,No
INF08919,COL1784,54,10,21,8435,0,365,No,No,No,Yes
INF08920,COL1784,52,10,32,8274,0,415,No,No,No,No
INF08921,COL1785,71,34,6,24012,684,150,Yes,Yes,Yes,No
INF08922,COL1785,72,35,13,25318,688,162,Yes,Yes,Yes,No
INF08923,COL1785,73,35,26,26225,694,178,Yes,Yes,Yes,No
INF08924,COL1785,74,35,20,26501,701,175,Yes,Yes,Yes,Yes
INF08925,COL1785,77,37,48,27591,701,203,Yes,Yes,Yes,Yes
INF08926,COL1786,74,32,13,16488,746,390,Yes,Yes,No,No
INF08927,COL1786,75,33,22,16842,760,418,Yes,Yes,No,No
INF08928,COL1786,76,33,33,17243,751,439,Yes,Yes,No,Yes
INF08929,COL1786,77,34,45,17956,799,483,Yes,Yes,No,No
INF08930,COL1786,84,36,38,18156,817,520,Yes,Yes,No,Yes
INF08931,COL1787,85,47,15,25877,1110,270,Yes,Yes,No,Yes
INF08932,COL1787,88,49,25,27191,1136,288,Yes,Yes,No,Yes
INF08933,COL1787,90,50,28,27378,1141,312,Yes,Yes,No,Yes
INF08934,COL1787,93,52,40,28204,1159,348,Yes,Yes,No,Yes
INF08935,COL1787,91,50,43,29467,1213,318,Yes,Yes,No,Yes
INF08936,COL1788,53,21,10,9435,0,450,No,Yes,Yes,Yes
INF08937,COL1788,54,21,16,9662,0,472,No,Yes,Yes,Yes
INF08938,COL1788,55,22,20,9918,0,486,No,Yes,Yes,Yes
INF08939,COL1788,58,23,34,10012,0,519,No,Yes,Yes,Yes
INF08940,COL1788,56,22,36,10771,0,581,No,Yes,Yes,No
INF08941,COL1789,6,1,1,2860,0,390,No,Yes,Yes,No
INF08942,COL1789,6,1,2,2997,0,426,No,Yes,Yes,No
INF08943,COL1789,6,1,2,3107,0,445,No,Yes,Yes,Yes
INF08944,COL1789,6,1,3,3046,0,464,No,Yes,Yes,Yes
INF08945,COL1789,7,1,3,3483,0,507,No,Yes,Yes,No
INF08946,COL1790,28,17,2,12718,324,390,Yes,Yes,Yes,No
INF08947,COL1790,29,18,5,13197,327,410,Yes,Yes,Yes,No
INF08948,COL1790,30,18,10,14121,335,426,Yes,Yes,Yes,Yes
INF08949,COL1790,30,18,13,14944,329,473,Yes,Yes,Yes,No
INF08950,COL1790,30,18,13,15217,336,489,Yes,Yes,Yes,Yes
INF08951,COL1791,15,8,1,5517,0,390,Yes,Yes,No,Yes
INF08952,COL1791,15,8,3,5708,0,411,Yes,Yes,No,No
INF08953,COL1791,16,8,5,5781,0,463,Yes,Yes,No,No
INF08954,COL1791,16,9,8,5993,0,447,Yes,Yes,No,No
INF08955,COL1791,17,9,7,6503,0,475,Yes,Yes,No,No
INF08956,COL1792,38,4,7,10898,305,90,Yes,Yes,No,Yes
INF08957,COL1792,39,4,12,11451,313,93,Yes,Yes,No,No
INF08958,COL1792,41,4,18,11700,307,100,Yes,Yes,No,No
INF08959,COL1792,41,4,23,11683,327,99,Yes,Yes,No,No
INF08960,COL1792,42,4,29,12151,321,103,Yes,Yes,No,No
INF08961,COL1793,12,6,2,1965,151,150,No,Yes,No,No
INF08962,COL1793,12,6,4,2073,155,163,No,Yes,No,Yes
INF08963,COL1793,13,6,5,2096,152,179,No,Yes,No,No
INF08964,COL1793,13,7,8,2172,163,168,No,Yes,No,No
INF08965,COL1793,14,7,10,2243,161,200,No,Yes,No,Yes
INF08966,COL1794,15,7,3,5321,168,330,No,Yes,No,No
INF08967,COL1794,15,7,4,5559,170,341,No,Yes,No,No
INF08968,COL1794,16,7,5,5613,168,392,No,Yes,No,No
INF08969,COL1794,16,7,6,6269,173,421,No,Yes,No,Yes
INF08970,COL1794,16,7,7,5778,174,448,No,Yes,No,Yes
INF08971,COL1795,94,13,17,21107,1550,270,Yes,Yes,Yes,No
INF08972,COL1795,96,13,25,22372,1568,283,Yes,Yes,Yes,No
INF08973,COL1795,100,14,37,23485,1631,312,Yes,Yes,Yes,No
INF08974,COL1795,104,14,48,24443,1665,347,Yes,Yes,Yes,No
INF08975,COL1795,98,14,54,25770,1657,356,Yes,Yes,Yes,Yes
INF08976,COL1796,6,1,1,1500,50,210,Yes,Yes,No,No
INF08977,COL1796,6,1,2,1533,50,219,Yes,Yes,No,No
INF08978,COL1796,6,1,2,1569,51,238,Yes,Yes,No,No
INF08979,COL1796,7,1,3,1693,51,254,Yes,Yes,No,No
INF08980,COL1796,7,1,5,1621,53,269,Yes,Yes,No,No
INF08981,COL1797,15,8,3,5047,257,390,Yes,Yes,No,No
INF08982,COL1797,15,8,4,5269,258,404,Yes,Yes,No,No
INF08983,COL1797,16,8,5,5378,269,463,Yes,Yes,No,Yes
INF08984,COL1797,16,9,8,5632,274,442,Yes,Yes,No,No
INF08985,COL1797,16,8,8,6228,286,489,Yes,Yes,No,No
INF08986,COL1798,10,6,2,2340,109,390,No,Yes,No,No
INF08987,COL1798,10,6,3,2408,109,419,No,Yes,No,No
INF08988,COL1798,11,6,4,2479,113,421,No,Yes,No,No
INF08989,COL1798,11,7,5,2736,118,426,No,Yes,No,Yes
INF08990,COL1798,11,7,7,2701,116,541,No,Yes,No,No
INF08991,COL1799,40,21,7,11112,451,450,Yes,Yes,No,Yes
INF08992,COL1799,41,21,12,11578,454,476,Yes,Yes,No,No
INF08993,COL1799,42,22,18,11611,463,538,Yes,Yes,No,No
INF08994,COL1799,42,22,20,12912,456,515,Yes,Yes,No,Yes
INF08995,COL1799,46,24,24,12912,479,581,Yes,Yes,No,Yes
INF08996,COL1800,93,12,17,18159,0,90,No,Yes,Yes,No
INF08997,COL1800,96,12,27,19175,0,94,No,Yes,Yes,No
INF08998,COL1800,96,12,30,19226,0,97,No,Yes,Yes,No
INF08999,COL1800,98,13,47,19377,0,111,No,Yes,Yes,No
INF09000,COL1800,98,13,60,20651,0,103,No,Yes,Yes,Yes
INF09001,COL1801,44,5,4,13874,593,390,Yes,Yes,No,No
INF09002,COL1801,45,5,9,14238,606,408,Yes,Yes,No,No
INF09003,COL1801,45,5,13,15379,611,426,Yes,Yes,No,No
INF09004,COL1801,47,5,15,15917,632,448,Yes,Yes,No,Yes
INF09005,COL1801,49,6,21,16772,631,503,Yes,Yes,No,No
INF09006,COL1802,22,2,4,7355,190,330,No,Yes,No,No
INF09007,COL1802,22,2,5,7768,194,360,No,Yes,No,No
INF09008,COL1802,24,2,11,8124,191,387,No,Yes,No,No
INF09009,COL1802,23,2,11,8228,193,425,No,Yes,No,No
INF09010,COL1802,24,2,12,8099,199,395,No,Yes,No,Yes
INF09011,COL1803,20,11,4,5411,199,270,No,Yes,No,No
INF09012,COL1803,20,11,5,5611,201,279,No,Yes,No,Yes
INF09013,COL1803,21,11,7,5921,201,289,No,Yes,No,No
INF09014,COL1803,21,12,8,6289,217,344,No,Yes,No,No
INF09015,COL1803,22,12,11,6136,199,340,No,Yes,No,No
INF09016,COL1804,11,4,2,2730,0,330,No,No,No,No
INF09017,COL1804,11,4,3,2836,0,359,No,No,No,No
INF09018,COL1804,12,4,4,2888,0,385,No,No,No,No
INF09019,COL1804,12,4,7,3038,0,361,No,No,No,No
INF09020,COL1804,13,5,6,3079,0,383,No,No,No,No
INF09021,COL1805,62,23,5,12074,434,330,Yes,Yes,No,No
INF09022,COL1805,64,24,13,12559,434,343,Yes,Yes,No,Yes
INF09023,COL1805,64,24,18,13482,459,364,Yes,Yes,No,No
INF09024,COL1805,64,24,32,14084,439,364,Yes,Yes,No,Yes
INF09025,COL1805,69,26,38,13049,437,433,Yes,Yes,No,Yes
INF09026,COL1806,21,4,2,5565,288,210,No,Yes,No,No
INF09027,COL1806,21,4,4,5797,292,222,No,Yes,No,No
INF09028,COL1806,22,4,6,6227,296,237,No,Yes,No,Yes
INF09029,COL1806,22,4,7,6283,294,245,No,Yes,No,Yes
INF09030,COL1806,22,4,10,6354,306,241,No,Yes,No,No
INF09031,COL1807,65,31,12,16982,535,210,Yes,Yes,No,Yes
INF09032,COL1807,66,31,16,17869,536,221,Yes,Yes,No,No
INF09033,COL1807,68,33,21,18556,566,247,Yes,Yes,No,Yes
INF09034,COL1807,68,33,35,18581,551,250,Yes,Yes,No,Yes
INF09035,COL1807,72,34,52,20693,594,271,Yes,Yes,No,Yes
INF09036,COL1808,6,1,1,2504,81,390,No,Yes,No,No
INF09037,COL1808,6,1,2,2634,81,410,No,Yes,No,Yes
INF09038,COL1808,6,1,2,2675,82,438,No,Yes,No,No
INF09039,COL1808,7,1,4,2918,84,497,No,Yes,No,No
INF09040,COL1808,7,1,5,2894,84,447,No,Yes,No,No
INF09041,COL1809,7,1,1,4578,98,330,No,No,Yes,No
INF09042,COL1809,7,1,1,4797,100,349,No,No,Yes,No
INF09043,COL1809,7,1,1,4972,100,362,No,No,Yes,No
INF09044,COL1809,8,1,4,4949,102,367,No,No,Yes,No
INF09045,COL1809,8,1,3,5519,106,394,No,No,Yes,Yes
INF09046,COL1810,55,20,10,9927,355,270,Yes,Yes,Yes,No
INF09047,COL1810,57,21,14,10175,358,296,Yes,Yes,Yes,No
INF09048,COL1810,59,21,23,10930,361,302,Yes,Yes,Yes,Yes
INF09049,COL1810,57,21,23,11226,366,345,Yes,Yes,Yes,Yes
INF09050,COL1810,59,22,40,11249,395,350,Yes,Yes,Yes,No
INF09051,COL1811,21,11,4,4867,238,270,No,Yes,Yes,Yes
INF09052,COL1811,22,11,6,5086,242,289,No,Yes,Yes,Yes
INF09053,COL1811,22,12,10,5247,247,320,No,Yes,Yes,Yes
INF09054,COL1811,22,12,11,5262,250,304,No,Yes,Yes,Yes
INF09055,COL1811,24,13,11,5792,238,344,No,Yes,Yes,No
INF09056,COL1812,8,1,1,2688,85,270,No,Yes,No,No
INF09057,COL1812,8,1,2,2809,86,296,No,Yes,No,No
INF09058,COL1812,8,1,3,2807,88,294,No,Yes,No,No
INF09059,COL1812,9,1,4,3020,87,339,No,Yes,No,No
INF09060,COL1812,9,1,4,2988,92,311,No,Yes,No,Yes
INF09061,COL1813,16,2,1,6419,0,330,Yes,Yes,No,No
INF09062,COL1813,17,2,3,6740,0,355,Yes,Yes,No,No
INF09063,COL1813,17,2,5,6796,0,394,Yes,Yes,No,Yes
INF09064,COL1813,17,2,6,7319,0,376,Yes,Yes,No,No
INF09065,COL1813,17,2,10,7497,0,426,Yes,Yes,No,No
INF09066,COL1814,9,4,2,3676,63,270,No,Yes,Yes,No
INF09067,COL1814,9,4,3,3818,64,279,No,Yes,Yes,No
INF09068,COL1814,9,4,3,3977,66,288,No,Yes,Yes,No
INF09069,COL1814,10,4,6,4305,69,325,No,Yes,Yes,Yes
INF09070,COL1814,10,4,5,4340,65,336,No,Yes,Yes,No
INF09071,COL1815,97,17,17,26116,714,210,Yes,Yes,Yes,No
INF09072,COL1815,98,17,31,27409,724,225,Yes,Yes,Yes,No
INF09073,COL1815,102,18,45,28570,715,229,Yes,Yes,Yes,Yes
INF09074,COL1815,101,18,54,30748,725,271,Yes,Yes,Yes,No
INF09075,COL1815,111,20,60,30379,762,239,Yes,Yes,Yes,Yes
INF09076,COL1816,106,39,19,19807,0,150,Yes,Yes,No,Yes
INF09077,COL1816,110,40,27,20800,0,158,Yes,Yes,No,No
INF09078,COL1816,109,40,37,22063,0,171,Yes,Yes,No,No
INF09079,COL1816,118,44,61,21828,0,189,Yes,Yes,No,No
INF09080,COL1816,117,43,68,23487,0,194,Yes,Yes,No,No
INF09081,COL1817,20,3,2,6965,323,330,No,Yes,No,Yes
INF09082,COL1817,21,3,4,7324,326,345,No,Yes,No,No
INF09083,COL1817,21,3,6,7258,336,371,No,Yes,No,No
INF09084,COL1817,22,3,10,8084,344,418,No,Yes,No,No
INF09085,COL1817,21,3,12,8183,357,377,No,Yes,No,No
INF09086,COL1818,22,4,4,6416,387,450,No,Yes,No,No
INF09087,COL1818,22,4,7,6573,389,481,No,Yes,No,No
INF09088,COL1818,24,4,9,6726,389,508,No,Yes,No,No
INF09089,COL1818,23,4,12,7048,403,508,No,Yes,No,No
INF09090,COL1818,23,4,12,7003,420,519,No,Yes,No,Yes
INF09091,COL1819,95,16,17,24702,800,390,No,Yes,Yes,No
INF09092,COL1819,96,16,27,26143,800,404,No,Yes,Yes,No
INF09093,COL1819,99,17,35,25770,840,434,No,Yes,Yes,Yes
INF09094,COL1819,103,17,58,26260,829,469,No,Yes,Yes,Yes
INF09095,COL1819,101,17,47,27877,862,528,No,Yes,Yes,Yes
INF09096,COL1820,10,1,2,4680,0,450,No,Yes,No,Yes
INF09097,COL1820,10,1,3,4818,0,486,No,Yes,No,No
INF09098,COL1820,11,1,5,5125,0,520,No,Yes,No,No
INF09099,COL1820,11,1,4,5281,0,506,No,Yes,No,No
INF09100,COL1820,11,1,6,5219,0,506,No,Yes,No,No
INF09101,COL1821,51,30,9,11184,615,390,Yes,Yes,No,No
INF09102,COL1821,52,30,16,11485,624,418,Yes,Yes,No,Yes
INF09103,COL1821,54,32,18,11857,625,414,Yes,Yes,No,Yes
INF09104,COL1821,55,33,21,12328,641,433,Yes,Yes,No,Yes
INF09105,COL1821,58,34,25,13232,680,546,Yes,Yes,No,No
INF09106,COL1822,72,10,13,18633,0,270,Yes,Yes,No,Yes
INF09107,COL1822,74,10,23,19401,0,296,Yes,Yes,No,No
INF09108,COL1822,75,10,23,19836,0,302,Yes,Yes,No,No
INF09109,COL1822,76,11,43,20397,0,296,Yes,Yes,No,No
INF09110,COL1822,79,11,56,20711,0,339,Yes,Yes,No,Yes
INF09111,COL1823,9,1,1,5028,0,150,No,Yes,No,No
INF09112,COL1823,9,1,2,5229,0,163,No,Yes,No,No
INF09113,COL1823,9,1,2,5537,0,164,No,Yes,No,No
INF09114,COL1823,10,1,5,5861,0,179,No,Yes,No,No
INF09115,COL1823,10,1,4,6092,0,189,No,Yes,No,Yes
INF09116,COL1824,10,4,2,2679,0,270,No,No,No,No
INF09117,COL1824,10,4,3,2807,0,283,No,No,No,No
INF09118,COL1824,11,4,3,2979,0,310,No,No,No,No
INF09119,COL1824,11,4,4,2996,0,302,No,No,No,No
INF09120,COL1824,11,4,7,2952,0,316,No,No,No,No
INF09121,COL1825,9,5,2,3060,71,270,Yes,Yes,No,No
INF09122,COL1825,9,5,2,3199,72,281,Yes,Yes,No,No
INF09123,COL1825,9,5,4,3253,74,319,Yes,Yes,No,No
INF09124,COL1825,10,5,5,3426,74,333,Yes,Yes,No,Yes
INF09125,COL1825,10,5,6,3399,75,351,Yes,Yes,No,No
INF09126,COL1826,23,2,4,6457,0,150,No,Yes,No,No
INF09127,COL1826,24,2,6,6742,0,159,No,Yes,No,No
INF09128,COL1826,25,2,8,6825,0,178,No,Yes,No,No
INF09129,COL1826,25,2,12,7529,0,182,No,Yes,No,Yes
INF09130,COL1826,24,2,17,7081,0,188,No,Yes,No,Yes
INF09131,COL1827,100,17,18,31927,0,150,Yes,Yes,Yes,No
INF09132,COL1827,103,18,29,32931,0,155,Yes,Yes,Yes,No
INF09133,COL1827,106,18,40,34869,0,164,Yes,Yes,Yes,No
INF09134,COL1827,105,18,56,36410,0,193,Yes,Yes,Yes,No
INF09135,COL1827,116,20,73,37454,0,202,Yes,Yes,Yes,Yes
INF09136,COL1828,29,11,5,7329,0,210,Yes,Yes,No,No
INF09137,COL1828,29,11,9,7697,0,221,Yes,Yes,No,No
INF09138,COL1828,30,11,10,7948,0,243,Yes,Yes,No,No
INF09139,COL1828,31,12,13,8025,0,268,Yes,Yes,No,Yes
INF09140,COL1828,33,13,19,8129,0,244,Yes,Yes,No,Yes
INF09141,COL1829,22,3,2,4788,346,330,No,Yes,No,No
INF09142,COL1829,23,3,3,4986,351,348,No,Yes,No,No
INF09143,COL1829,24,3,7,5340,354,370,No,Yes,No,No
INF09144,COL1829,24,3,7,5227,361,407,No,Yes,No,Yes
INF09145,COL1829,24,3,13,5620,385,424,No,Yes,No,Yes
INF09146,COL1830,6,1,1,2552,0,390,No,Yes,No,No
INF09147,COL1830,6,1,2,2691,0,427,No,Yes,No,No
INF09148,COL1830,6,1,2,2784,0,440,No,Yes,No,No
INF09149,COL1830,6,1,4,2802,0,487,No,Yes,No,No
INF09150,COL1830,7,1,3,2957,0,471,No,Yes,No,No
INF09151,COL1831,22,3,2,7999,260,330,Yes,No,Yes,No
INF09152,COL1831,23,3,5,8174,263,340,Yes,No,Yes,No
INF09153,COL1831,23,3,6,8572,268,371,Yes,No,Yes,No
INF09154,COL1831,23,3,10,9144,280,392,Yes,No,Yes,No
INF09155,COL1831,24,3,9,9147,272,434,Yes,No,Yes,No
INF09156,COL1832,125,24,22,29460,2259,390,No,No,No,No
INF09157,COL1832,127,24,34,31000,2323,413,No,No,No,No
INF09158,COL1832,129,25,56,32404,2349,446,No,No,No,Yes
INF09159,COL1832,133,25,60,32441,2454,490,No,No,No,No
INF09160,COL1832,132,25,84,32403,2298,458,No,No,No,No
INF09161,COL1833,42,22,8,8667,470,270,No,Yes,No,No
INF09162,COL1833,43,22,13,8910,472,291,No,Yes,No,No
INF09163,COL1833,43,23,18,9037,487,312,No,Yes,No,No
INF09164,COL1833,46,24,17,10038,506,304,No,Yes,No,Yes
INF09165,COL1833,48,25,21,10045,519,339,No,Yes,No,No
INF09166,COL1834,24,3,2,8541,176,210,Yes,Yes,No,No
INF09167,COL1834,25,3,4,8889,176,217,Yes,Yes,No,No
INF09168,COL1834,25,3,6,9338,184,237,Yes,Yes,No,No
INF09169,COL1834,26,3,12,9683,192,246,Yes,Yes,No,Yes
INF09170,COL1834,26,3,13,9847,177,247,Yes,Yes,No,Yes
INF09171,COL1835,89,10,16,21389,1344,150,Yes,Yes,No,No
INF09172,COL1835,92,10,25,22515,1366,160,Yes,Yes,No,No
INF09173,COL1835,95,11,29,23287,1371,173,Yes,Yes,No,No
INF09174,COL1835,92,10,33,24259,1445,178,Yes,Yes,No,Yes
INF09175,COL1835,103,12,56,26078,1390,170,Yes,Yes,No,Yes
INF09176,COL1836,41,3,7,14923,517,330,No,No,No,No
INF09177,COL1836,41,3,10,15341,520,342,No,No,No,No
INF09178,COL1836,43,3,14,16459,518,395,No,No,No,No
INF09179,COL1836,43,3,25,16730,554,388,No,No,No,No
INF09180,COL1836,47,3,21,18407,551,383,No,No,No,No
INF09181,COL1837,22,2,4,6125,243,90,Yes,Yes,No,No
INF09182,COL1837,23,2,6,6377,245,94,Yes,Yes,No,Yes
INF09183,COL1837,23,2,9,6411,251,107,Yes,Yes,No,Yes
INF09184,COL1837,24,2,12,6624,257,108,Yes,Yes,No,No
INF09185,COL1837,24,2,14,7323,269,115,Yes,Yes,No,Yes
INF09186,COL1838,19,3,2,6356,301,270,No,Yes,No,No
INF09187,COL1838,19,3,4,6734,304,290,No,Yes,No,No
INF09188,COL1838,21,3,5,6747,317,319,No,Yes,No,Yes
INF09189,COL1838,20,3,10,7233,323,323,No,Yes,No,Yes
INF09190,COL1838,21,3,9,7174,307,358,No,Yes,No,No
INF09191,COL1839,19,9,3,6913,0,210,No,Yes,No,No
INF09192,COL1839,20,9,5,7306,0,230,No,Yes,No,No
INF09193,COL1839,20,9,9,7431,0,243,No,Yes,No,Yes
INF09194,COL1839,20,9,12,8099,0,232,No,Yes,No,No
INF09195,COL1839,21,10,13,8430,0,292,No,Yes,No,Yes
INF09196,COL1840,54,26,10,20984,721,210,Yes,Yes,No,No
INF09197,COL1840,56,27,15,21689,742,220,Yes,Yes,No,Yes
INF09198,COL1840,58,28,27,22623,725,226,Yes,Yes,No,Yes
INF09199,COL1840,60,29,24,23412,747,237,Yes,Yes,No,No
INF09200,COL1840,59,29,37,24766,795,272,Yes,Yes,No,No
INF09201,COL1841,24,12,4,5357,0,330,Yes,Yes,Yes,Yes
INF09202,COL1841,24,12,7,5651,0,343,Yes,Yes,Yes,Yes
INF09203,COL1841,26,13,12,5889,0,395,Yes,Yes,Yes,No
INF09204,COL1841,26,13,13,6237,0,391,Yes,Yes,Yes,Yes
INF09205,COL1841,26,13,13,6216,0,428,Yes,Yes,Yes,Yes
INF09206,COL1842,106,60,19,15894,1527,450,Yes,Yes,No,No
INF09207,COL1842,108,61,28,16503,1567,471,Yes,Yes,No,Yes
INF09208,COL1842,109,62,43,16786,1581,483,Yes,Yes,No,Yes
INF09209,COL1842,115,65,60,18562,1575,578,Yes,Yes,No,Yes
INF09210,COL1842,120,68,84,17567,1652,601,Yes,Yes,No,Yes
INF09211,COL1843,28,12,5,10364,0,210,Yes,Yes,No,No
INF09212,COL1843,29,12,8,10938,0,218,Yes,Yes,No,No
INF09213,COL1843,29,13,10,10967,0,223,Yes,Yes,No,Yes
INF09214,COL1843,31,13,13,11705,0,244,Yes,Yes,No,Yes
INF09215,COL1843,32,14,15,11415,0,274,Yes,Yes,No,Yes
INF09216,COL1844,15,1,1,4599,0,210,Yes,Yes,No,Yes
INF09217,COL1844,16,1,3,4832,0,222,Yes,Yes,No,No
INF09218,COL1844,16,1,5,4808,0,248,Yes,Yes,No,Yes
INF09219,COL1844,16,1,7,5086,0,264,Yes,Yes,No,Yes
INF09220,COL1844,16,1,6,5462,0,264,Yes,Yes,No,Yes
INF09221,COL1845,73,33,13,13264,976,210,Yes,Yes,No,No
INF09222,COL1845,75,34,22,13787,989,217,Yes,Yes,No,No
INF09223,COL1845,76,34,35,13903,977,249,Yes,Yes,No,No
INF09224,COL1845,79,36,45,14233,1029,270,Yes,Yes,No,Yes
INF09225,COL1845,84,38,56,15854,1066,269,Yes,Yes,No,No
INF09226,COL1846,14,2,3,4318,237,450,Yes,Yes,No,No
INF09227,COL1846,15,2,4,4567,242,487,Yes,Yes,No,No
INF09228,COL1846,15,2,6,4811,243,527,Yes,Yes,No,Yes
INF09229,COL1846,14,2,6,4802,237,550,Yes,Yes,No,No
INF09230,COL1846,15,2,11,4731,255,575,Yes,Yes,No,Yes
INF09231,COL1847,70,12,13,20995,0,390,Yes,Yes,No,No
INF09232,COL1847,71,12,21,22028,0,426,Yes,Yes,No,No
INF09233,COL1847,72,12,31,23063,0,426,Yes,Yes,No,No
INF09234,COL1847,73,13,40,24756,0,437,Yes,Yes,No,Yes
INF09235,COL1847,78,13,48,24627,0,471,Yes,Yes,No,No
INF09236,COL1848,40,5,7,14156,451,390,Yes,Yes,No,No
INF09237,COL1848,41,5,12,14585,459,416,Yes,Yes,No,No
INF09238,COL1848,43,5,15,15508,454,463,Yes,Yes,No,No
INF09239,COL1848,44,5,20,15887,488,436,Yes,Yes,No,Yes
INF09240,COL1848,45,6,21,15775,505,471,Yes,Yes,No,No
INF09241,COL1849,39,23,7,7961,488,330,Yes,Yes,No,Yes
INF09242,COL1849,40,24,10,8221,495,346,Yes,Yes,No,Yes
INF09243,COL1849,41,24,15,8700,507,384,Yes,Yes,No,Yes
INF09244,COL1849,40,24,15,8551,493,370,Yes,Yes,No,No
INF09245,COL1849,43,25,28,9279,530,418,Yes,Yes,No,Yes
INF09246,COL1850,28,13,2,10699,0,270,Yes,Yes,No,No
INF09247,COL1850,29,13,5,11329,0,286,Yes,Yes,No,Yes
INF09248,COL1850,30,14,10,11398,0,309,Yes,Yes,No,Yes
INF09249,COL1850,31,14,14,12215,0,341,Yes,Yes,No,Yes
INF09250,COL1850,29,14,15,11993,0,355,Yes,Yes,No,Yes
INF09251,COL1851,37,22,7,7254,0,90,Yes,Yes,Yes,No
INF09252,COL1851,38,22,9,7598,0,93,Yes,Yes,Yes,Yes
INF09253,COL1851,39,23,12,8023,0,97,Yes,Yes,Yes,Yes
INF09254,COL1851,41,24,15,7740,0,107,Yes,Yes,Yes,Yes
INF09255,COL1851,41,24,22,8626,0,110,Yes,Yes,Yes,Yes
INF09256,COL1852,63,13,11,23017,551,390,No,No,Yes,Yes
INF09257,COL1852,65,13,18,23635,567,415,No,No,Yes,No
INF09258,COL1852,67,14,30,25081,579,418,No,No,Yes,No
INF09259,COL1852,67,14,36,26638,559,474,No,No,Yes,Yes
INF09260,COL1852,71,15,48,26021,584,502,No,No,Yes,No
INF09261,COL1853,10,4,2,3933,0,330,No,Yes,No,No
INF09262,COL1853,10,4,2,4089,0,349,No,Yes,No,No
INF09263,COL1853,11,4,5,4226,0,391,No,Yes,No,No
INF09264,COL1853,11,4,6,4466,0,372,No,Yes,No,No
INF09265,COL1853,11,4,6,4545,0,400,No,Yes,No,No
INF09266,COL1854,100,18,8,19166,0,210,Yes,Yes,No,No
INF09267,COL1854,102,18,19,20179,0,225,Yes,Yes,No,No
INF09268,COL1854,105,19,37,21141,0,227,Yes,Yes,No,Yes
INF09269,COL1854,109,20,39,21667,0,252,Yes,Yes,No,No
INF09270,COL1854,108,19,38,21574,0,270,Yes,Yes,No,Yes
INF09271,COL1855,6,1,1,1863,50,270,No,Yes,No,No
INF09272,COL1855,6,1,2,1962,51,289,No,Yes,No,No
INF09273,COL1855,6,1,3,2029,50,289,No,Yes,No,No
INF09274,COL1855,7,1,3,2044,51,346,No,Yes,No,No
INF09275,COL1855,6,1,3,2257,55,327,No,Yes,No,No
INF09276,COL1856,97,15,17,25926,1265,390,No,Yes,No,No
INF09277,COL1856,101,16,26,27126,1280,404,No,Yes,No,Yes
INF09278,COL1856,105,16,36,28135,1311,448,No,Yes,No,No
INF09279,COL1856,101,16,47,30438,1324,490,No,Yes,No,Yes
INF09280,COL1856,105,16,53,30038,1396,443,No,Yes,No,No
INF09281,COL1857,15,2,3,4900,196,270,No,Yes,No,No
INF09282,COL1857,15,2,5,5087,199,281,No,Yes,No,No
INF09283,COL1857,15,2,6,5389,198,307,No,Yes,No,No
INF09284,COL1857,17,2,7,5206,209,327,No,Yes,No,No
INF09285,COL1857,16,2,12,5527,214,336,No,Yes,No,Yes
INF09286,COL1858,12,2,2,5002,183,450,No,Yes,No,No
INF09287,COL1858,12,2,4,5253,188,473,No,Yes,No,No
INF09288,COL1858,12,2,5,5444,186,517,No,Yes,No,No
INF09289,COL1858,13,2,6,5464,191,534,No,Yes,No,Yes
INF09290,COL1858,13,2,7,6069,195,595,No,Yes,No,No
INF09291,COL1859,67,34,5,16067,0,390,No,Yes,Yes,No
INF09292,COL1859,69,35,10,16803,0,419,No,Yes,Yes,No
INF09293,COL1859,71,36,18,17193,0,443,No,Yes,Yes,No
INF09294,COL1859,70,36,21,18946,0,430,No,Yes,Yes,No
INF09295,COL1859,70,36,45,17443,0,457,No,Yes,Yes,No
INF09296,COL1860,101,10,18,23578,0,330,Yes,Yes,No,No
INF09297,COL1860,104,10,27,24534,0,360,Yes,Yes,No,No
INF09298,COL1860,107,11,44,25295,0,379,Yes,Yes,No,No
INF09299,COL1860,106,10,55,27516,0,412,Yes,Yes,No,No
INF09300,COL1860,106,11,68,25838,0,407,Yes,Yes,No,No
INF09301,COL1861,31,14,6,7430,0,270,No,Yes,No,No
INF09302,COL1861,32,14,10,7628,0,287,No,Yes,No,No
INF09303,COL1861,33,15,15,8072,0,304,No,Yes,No,No
INF09304,COL1861,33,15,16,8154,0,305,No,Yes,No,No
INF09305,COL1861,33,15,14,9012,0,305,No,Yes,No,Yes
INF09306,COL1862,102,9,8,18294,0,270,No,Yes,No,No
INF09307,COL1862,104,9,16,18847,0,289,No,Yes,No,No
INF09308,COL1862,105,9,24,19292,0,324,No,Yes,No,No
INF09309,COL1862,111,10,34,20848,0,309,No,Yes,No,Yes
INF09310,COL1862,114,10,58,20507,0,346,No,Yes,No,Yes
INF09311,COL1863,23,4,4,5459,173,330,No,No,No,No
INF09312,COL1863,24,4,7,5687,175,353,No,No,No,Yes
INF09313,COL1863,25,4,8,6093,181,375,No,No,No,No
INF09314,COL1863,24,4,13,6176,173,414,No,No,No,No
INF09315,COL1863,24,4,13,6023,184,451,No,No,No,Yes
INF09316,COL1864,16,2,3,5919,263,270,Yes,Yes,Yes,No
INF09317,COL1864,16,2,4,6180,266,296,Yes,Yes,Yes,Yes
INF09318,COL1864,17,2,6,6455,265,308,Yes,Yes,Yes,Yes
INF09319,COL1864,17,2,9,6475,274,339,Yes,Yes,Yes,No
INF09320,COL1864,17,2,8,6809,272,313,Yes,Yes,Yes,Yes
INF09321,COL1865,75,13,14,21391,0,330,Yes,Yes,No,No
INF09322,COL1865,78,13,24,22184,0,349,Yes,Yes,No,No
INF09323,COL1865,80,14,26,23225,0,351,Yes,Yes,No,No
INF09324,COL1865,78,14,45,25014,0,363,Yes,Yes,No,No
INF09325,COL1865,84,15,46,25500,0,451,Yes,Yes,No,No
INF09326,COL1866,100,10,8,29773,0,150,Yes,No,Yes,No
INF09327,COL1866,103,10,16,30491,0,164,Yes,No,Yes,No
INF09328,COL1866,104,10,30,31869,0,171,Yes,No,Yes,No
INF09329,COL1866,111,11,30,33184,0,165,Yes,No,Yes,No
INF09330,COL1866,111,11,47,36299,0,174,Yes,No,Yes,No
INF09331,COL1867,8,1,1,2838,152,210,No,Yes,No,No
INF09332,COL1867,8,1,3,2926,156,229,No,Yes,No,No
INF09333,COL1867,9,1,4,3051,157,239,No,Yes,No,No
INF09334,COL1867,8,1,5,3313,157,261,No,Yes,No,Yes
INF09335,COL1867,8,1,5,3316,161,274,No,Yes,No,No
INF09336,COL1868,44,7,4,14805,416,390,No,Yes,No,No
INF09337,COL1868,45,7,8,15621,426,413,No,Yes,No,Yes
INF09338,COL1868,45,7,16,15459,433,462,No,Yes,No,No
INF09339,COL1868,46,7,19,16088,445,498,No,Yes,No,Yes
INF09340,COL1868,46,7,26,16386,456,486,No,Yes,No,Yes
INF09341,COL1869,28,2,2,11062,416,390,No,Yes,Yes,No
INF09342,COL1869,28,2,6,11721,419,429,No,Yes,Yes,No
INF09343,COL1869,30,2,7,11771,418,466,No,Yes,Yes,Yes
INF09344,COL1869,30,2,12,12313,416,451,No,Yes,Yes,No
INF09345,COL1869,29,2,18,12287,454,527,No,Yes,Yes,No
INF09346,COL1870,30,3,5,7547,448,330,No,Yes,Yes,Yes
INF09347,COL1870,30,3,9,7787,449,352,No,Yes,Yes,No
INF09348,COL1870,31,3,10,8011,465,367,No,Yes,Yes,No
INF09349,COL1870,34,3,18,8516,470,381,No,Yes,Yes,No
INF09350,COL1870,32,3,17,8763,486,448,No,Yes,Yes,No
INF09351,COL1871,10,4,2,3187,169,390,No,Yes,No,No
INF09352,COL1871,10,4,3,3300,170,408,No,Yes,No,No
INF09353,COL1871,11,4,4,3396,169,461,No,Yes,No,No
INF09354,COL1871,11,4,5,3398,171,491,No,Yes,No,Yes
INF09355,COL1871,11,5,8,3644,172,460,No,Yes,No,Yes
INF09356,COL1872,6,1,1,2350,72,330,No,Yes,No,No
INF09357,COL1872,6,1,2,2455,73,354,No,Yes,No,No
INF09358,COL1872,6,1,2,2450,76,363,No,Yes,No,Yes
INF09359,COL1872,7,1,3,2763,77,402,No,Yes,No,Yes
INF09360,COL1872,7,1,5,2792,76,405,No,Yes,No,No
INF09361,COL1873,26,3,5,4479,0,210,Yes,No,Yes,No
INF09362,COL1873,27,3,8,4712,0,224,Yes,No,Yes,Yes
INF09363,COL1873,28,3,11,4677,0,234,Yes,No,Yes,Yes
INF09364,COL1873,28,3,15,5157,0,250,Yes,No,Yes,No
INF09365,COL1873,29,3,14,5150,0,238,Yes,No,Yes,No
INF09366,COL1874,10,2,1,5062,156,390,No,Yes,No,No
INF09367,COL1874,10,2,1,5301,158,422,No,Yes,No,No
INF09368,COL1874,10,2,3,5498,158,458,No,Yes,No,Yes
INF09369,COL1874,11,2,4,5433,162,452,No,Yes,No,Yes
INF09370,COL1874,11,2,5,5549,165,459,No,Yes,No,No
INF09371,COL1875,6,1,1,2558,50,330,No,Yes,Yes,No
INF09372,COL1875,6,1,2,2668,50,361,No,Yes,Yes,No
INF09373,COL1875,6,1,2,2714,51,360,No,Yes,Yes,No
INF09374,COL1875,7,1,3,2772,53,402,No,Yes,Yes,Yes
INF09375,COL1875,7,1,3,2833,55,398,No,Yes,Yes,Yes
INF09376,COL1876,111,17,9,24868,957,270,Yes,Yes,No,No
INF09377,COL1876,114,17,22,25662,982,295,Yes,Yes,No,Yes
INF09378,COL1876,117,18,33,26103,1000,287,Yes,Yes,No,No
INF09379,COL1876,122,19,32,28533,993,326,Yes,Yes,No,Yes
INF09380,COL1876,122,19,52,30785,1030,317,Yes,Yes,No,Yes
INF09381,COL1877,24,4,4,6496,279,390,No,Yes,No,No
INF09382,COL1877,24,4,7,6711,282,413,No,Yes,No,No
INF09383,COL1877,26,4,12,6807,292,465,No,Yes,No,No
INF09384,COL1877,26,4,14,7488,302,471,No,Yes,No,Yes
INF09385,COL1877,27,5,17,7484,293,541,No,Yes,No,No
INF09386,COL1878,34,19,6,6481,226,270,Yes,Yes,No,Yes
INF09387,COL1878,35,20,9,6745,227,279,Yes,Yes,No,Yes
INF09388,COL1878,35,19,14,6994,238,289,Yes,Yes,No,Yes
INF09389,COL1878,36,20,15,7360,246,334,Yes,Yes,No,Yes
INF09390,COL1878,39,22,22,7433,241,367,Yes,Yes,No,No
INF09391,COL1879,6,1,1,1834,0,150,No,Yes,No,No
INF09392,COL1879,6,1,2,1892,0,156,No,Yes,No,Yes
INF09393,COL1879,6,1,2,1937,0,162,No,Yes,No,No
INF09394,COL1879,7,1,3,1952,0,165,No,Yes,No,Yes
INF09395,COL1879,7,1,3,2078,0,168,No,Yes,No,Yes
INF09396,COL1880,7,1,1,1763,50,450,No,Yes,No,No
INF09397,COL1880,7,1,2,1829,50,477,No,Yes,No,No
INF09398,COL1880,7,1,2,1908,51,495,No,Yes,No,No
INF09399,COL1880,7,1,3,1943,54,530,No,Yes,No,No
INF09400,COL1880,7,1,5,2183,55,566,No,Yes,No,No
INF09401,COL1881,6,3,1,1721,56,210,Yes,No,No,No
INF09402,COL1881,6,3,2,1798,57,221,Yes,No,No,No
INF09403,COL1881,6,3,2,1822,58,238,Yes,No,No,No
INF09404,COL1881,6,3,3,1874,60,263,Yes,No,No,No
INF09405,COL1881,7,3,4,2103,60,279,Yes,No,No,Yes
INF09406,COL1882,25,4,4,9457,355,450,Yes,Yes,No,Yes
INF09407,COL1882,25,4,6,9747,364,481,Yes,Yes,No,Yes
INF09408,COL1882,26,4,12,10102,361,531,Yes,Yes,No,No
INF09409,COL1882,28,4,11,10973,372,579,Yes,Yes,No,Yes
INF09410,COL1882,28,4,18,11312,392,573,Yes,Yes,No,Yes
INF09411,COL1883,118,21,21,29605,0,150,Yes,Yes,Yes,Yes
INF09412,COL1883,120,21,33,31008,0,165,Yes,Yes,Yes,No
INF09413,COL1883,121,22,50,31814,0,163,Yes,Yes,Yes,Yes
INF09414,COL1883,125,22,49,33746,0,184,Yes,Yes,Yes,Yes
INF09415,COL1883,134,24,66,35096,0,204,Yes,Yes,Yes,No
INF09416,COL1884,146,17,26,35197,0,270,No,Yes,No,No
INF09417,COL1884,148,17,38,36220,0,279,No,Yes,No,No
INF09418,COL1884,151,18,52,38671,0,286,No,Yes,No,No
INF09419,COL1884,157,18,57,40436,0,333,No,Yes,No,Yes
INF09420,COL1884,155,18,90,43176,0,307,No,Yes,No,No
INF09421,COL1885,12,6,1,4172,0,270,Yes,Yes,Yes,Yes
INF09422,COL1885,12,6,2,4341,0,278,Yes,Yes,Yes,No
INF09423,COL1885,13,6,4,4372,0,306,Yes,Yes,Yes,Yes
INF09424,COL1885,13,7,5,4892,0,313,Yes,Yes,Yes,Yes
INF09425,COL1885,13,6,5,4984,0,375,Yes,Yes,Yes,Yes
INF09426,COL1886,15,5,3,5439,0,210,No,Yes,Yes,No
INF09427,COL1886,15,5,4,5644,0,229,No,Yes,Yes,No
INF09428,COL1886,16,5,6,5867,0,235,No,Yes,Yes,No
INF09429,COL1886,16,5,8,6212,0,253,No,Yes,Yes,Yes
INF09430,COL1886,17,6,12,6449,0,256,No,Yes,Yes,No
INF09431,COL1887,93,9,17,27873,0,270,Yes,Yes,No,Yes
INF09432,COL1887,95,9,24,29132,0,294,Yes,Yes,No,Yes
INF09433,COL1887,97,9,40,30699,0,303,Yes,Yes,No,Yes
INF09434,COL1887,103,10,56,29911,0,318,Yes,Yes,No,Yes
INF09435,COL1887,104,10,64,31882,0,306,Yes,Yes,No,No
INF09436,COL1888,178,29,14,41840,0,330,No,Yes,Yes,No
INF09437,COL1888,183,30,28,44090,0,342,No,Yes,Yes,Yes
INF09438,COL1888,190,31,47,45522,0,384,No,Yes,Yes,No
INF09439,COL1888,187,30,85,45784,0,407,No,Yes,Yes,Yes
INF09440,COL1888,187,30,81,46179,0,448,No,Yes,Yes,Yes
INF09441,COL1889,7,4,1,2501,0,270,Yes,No,Yes,No
INF09442,COL1889,7,4,2,2649,0,285,Yes,No,Yes,Yes
INF09443,COL1889,7,4,3,2673,0,298,Yes,No,Yes,No
INF09444,COL1889,8,4,4,2692,0,350,Yes,No,Yes,Yes
INF09445,COL1889,8,4,4,2800,0,365,Yes,No,Yes,No
INF09446,COL1890,14,6,3,4390,275,150,No,Yes,No,No
INF09447,COL1890,14,6,4,4501,277,156,No,Yes,No,Yes
INF09448,COL1890,15,6,6,4772,288,174,No,Yes,No,No
INF09449,COL1890,15,7,9,4709,284,165,No,Yes,No,Yes
INF09450,COL1890,16,7,9,5178,300,172,No,Yes,No,No
INF09451,COL1891,28,16,5,8068,0,270,No,Yes,Yes,No
INF09452,COL1891,28,16,8,8493,0,290,No,Yes,Yes,No
INF09453,COL1891,29,17,11,8660,0,293,No,Yes,Yes,No
INF09454,COL1891,31,18,16,8640,0,317,No,Yes,Yes,No
INF09455,COL1891,31,18,17,9988,0,332,No,Yes,Yes,No
INF09456,COL1892,103,43,8,24272,960,330,Yes,No,No,No
INF09457,COL1892,106,44,20,25537,988,352,Yes,No,No,No
INF09458,COL1892,106,44,34,26826,1001,359,Yes,No,No,Yes
INF09459,COL1892,113,47,35,26070,970,377,Yes,No,No,No
INF09460,COL1892,116,48,55,26416,993,436,Yes,No,No,Yes
INF09461,COL1893,6,3,1,4020,69,330,No,Yes,No,No
INF09462,COL1893,6,3,2,4165,70,362,No,Yes,No,Yes
INF09463,COL1893,6,3,2,4198,70,370,No,Yes,No,Yes
INF09464,COL1893,6,3,2,4625,72,393,No,Yes,No,No
INF09465,COL1893,6,3,4,4588,72,438,No,Yes,No,Yes
INF09466,COL1894,13,2,2,5194,173,450,No,Yes,No,No
INF09467,COL1894,13,2,4,5364,177,484,No,Yes,No,No
INF09468,COL1894,14,2,5,5497,179,490,No,Yes,No,Yes
INF09469,COL1894,14,2,8,5814,181,549,No,Yes,No,Yes
INF09470,COL1894,15,2,7,6186,173,619,No,Yes,No,Yes
INF09471,COL1895,165,32,13,36518,0,390,Yes,Yes,No,Yes
INF09472,COL1895,170,33,32,37951,0,423,Yes,Yes,No,No
INF09473,COL1895,171,33,38,38291,0,446,Yes,Yes,No,Yes
INF09474,COL1895,179,35,52,41351,0,468,Yes,Yes,No,Yes
INF09475,COL1895,185,36,92,44583,0,499,Yes,Yes,No,No
INF09476,COL1896,45,25,8,12218,601,330,Yes,Yes,No,Yes
INF09477,COL1896,46,26,11,12900,604,352,Yes,Yes,No,No
INF09478,COL1896,46,26,20,13247,608,382,Yes,Yes,No,Yes
INF09479,COL1896,48,27,21,13679,638,369,Yes,Yes,No,Yes
INF09480,COL1896,48,26,30,13250,640,376,Yes,Yes,No,No
INF09481,COL1897,69,9,12,13616,994,270,No,Yes,No,No
INF09482,COL1897,70,9,17,14230,1009,294,No,Yes,No,No
INF09483,COL1897,71,9,32,14587,1002,302,No,Yes,No,No
INF09484,COL1897,74,10,36,15047,1039,319,No,Yes,No,No
INF09485,COL1897,78,10,57,15578,1070,367,No,Yes,No,Yes
INF09486,COL1898,12,2,1,5037,155,210,Yes,Yes,Yes,No
INF09487,COL1898,12,2,2,5323,157,216,Yes,Yes,Yes,No
INF09488,COL1898,13,2,3,5516,163,232,Yes,Yes,Yes,No
INF09489,COL1898,13,2,4,5381,168,269,Yes,Yes,Yes,No
INF09490,COL1898,13,2,6,5616,170,292,Yes,Yes,Yes,Yes
INF09491,COL1899,27,4,5,7797,0,270,No,Yes,No,No
INF09492,COL1899,28,4,8,8034,0,292,No,Yes,No,No
INF09493,COL1899,29,4,12,8376,0,296,No,Yes,No,No
INF09494,COL1899,29,4,17,8285,0,336,No,Yes,No,No
INF09495,COL1899,30,5,13,9582,0,372,No,Yes,No,No
INF09496,COL1900,67,10,12,18491,0,90,No,Yes,Yes,No
INF09497,COL1900,69,10,18,18996,0,96,No,Yes,Yes,No
INF09498,COL1900,69,10,22,19827,0,103,No,Yes,Yes,Yes
INF09499,COL1900,74,11,31,21239,0,115,No,Yes,Yes,No
INF09500,COL1900,71,11,52,21258,0,114,No,Yes,Yes,No
INF09501,COL1901,58,5,10,10894,0,330,Yes,Yes,No,Yes
INF09502,COL1901,60,5,16,11485,0,358,Yes,Yes,No,No
INF09503,COL1901,60,5,25,12023,0,351,Yes,Yes,No,No
INF09504,COL1901,63,5,30,12277,0,421,Yes,Yes,No,No
INF09505,COL1901,67,6,33,13241,0,426,Yes,Yes,No,Yes
INF09506,COL1902,75,10,6,23085,0,270,Yes,Yes,No,No
INF09507,COL1902,78,10,16,24325,0,284,Yes,Yes,No,No
INF09508,COL1902,80,11,28,25491,0,302,Yes,Yes,No,No
INF09509,COL1902,80,11,24,24510,0,298,Yes,Yes,No,Yes
INF09510,COL1902,82,11,41,27830,0,348,Yes,Yes,No,Yes
INF09511,COL1903,102,41,18,27260,1654,330,Yes,Yes,Yes,Yes
INF09512,COL1903,105,42,30,27824,1659,343,Yes,Yes,Yes,No
INF09513,COL1903,106,43,41,28484,1688,394,Yes,Yes,Yes,Yes
INF09514,COL1903,110,44,53,29956,1799,392,Yes,Yes,Yes,No
INF09515,COL1903,106,43,50,32974,1744,458,Yes,Yes,Yes,No
INF09516,COL1904,43,19,8,9872,0,150,No,Yes,Yes,No
INF09517,COL1904,45,20,13,10284,0,158,No,Yes,Yes,Yes
INF09518,COL1904,46,20,21,10760,0,174,No,Yes,Yes,Yes
INF09519,COL1904,45,20,22,10883,0,193,No,Yes,Yes,Yes
INF09520,COL1904,45,20,32,12236,0,199,No,Yes,Yes,No
INF09521,COL1905,31,13,2,7741,463,450,No,Yes,No,No
INF09522,COL1905,32,13,5,8082,470,466,No,Yes,No,No
INF09523,COL1905,33,14,10,8064,476,538,No,Yes,No,No
INF09524,COL1905,32,13,16,8376,498,521,No,Yes,No,Yes
INF09525,COL1905,36,15,21,8773,501,514,No,Yes,No,No
INF09526,COL1906,17,6,3,5012,312,270,No,Yes,No,No
INF09527,COL1906,17,6,4,5184,320,290,No,Yes,No,Yes
INF09528,COL1906,18,6,8,5531,317,319,No,Yes,No,Yes
INF09529,COL1906,18,6,10,5508,316,323,No,Yes,No,No
INF09530,COL1906,18,6,12,5843,316,362,No,Yes,No,No
INF09531,COL1907,81,42,6,20802,619,330,No,Yes,No,No
INF09532,COL1907,83,43,12,21945,631,362,No,Yes,No,No
INF09533,COL1907,84,43,20,22642,651,390,No,Yes,No,Yes
INF09534,COL1907,89,46,31,22836,649,379,No,Yes,No,Yes
INF09535,COL1907,85,44,45,25125,656,438,No,Yes,No,Yes
INF09536,COL1908,117,21,9,23815,1243,390,Yes,Yes,No,No
INF09537,COL1908,120,22,24,24304,1273,408,Yes,Yes,No,No
INF09538,COL1908,122,22,28,24980,1278,427,Yes,Yes,No,Yes
INF09539,COL1908,129,23,62,27718,1344,494,Yes,Yes,No,Yes
INF09540,COL1908,127,23,80,26520,1261,454,Yes,Yes,No,Yes
INF09541,COL1909,35,4,3,12256,0,270,Yes,Yes,No,No
INF09542,COL1909,36,4,6,12888,0,297,Yes,Yes,No,No
INF09543,COL1909,37,4,12,12762,0,287,Yes,Yes,No,Yes
INF09544,COL1909,37,4,10,13520,0,302,Yes,Yes,No,No
INF09545,COL1909,37,4,22,14020,0,372,Yes,Yes,No,No
INF09546,COL1910,62,9,11,19283,576,390,Yes,Yes,No,No
INF09547,COL1910,64,9,18,19901,585,420,Yes,Yes,No,No
INF09548,COL1910,65,9,20,21401,594,419,Yes,Yes,No,No
INF09549,COL1910,69,10,39,21454,615,475,Yes,Yes,No,No
INF09550,COL1910,65,9,36,22524,578,453,Yes,Yes,No,Yes
INF09551,COL1911,16,2,3,6076,138,270,Yes,Yes,Yes,No
INF09552,COL1911,17,2,4,6303,140,284,Yes,Yes,Yes,No
INF09553,COL1911,17,2,5,6473,140,300,Yes,Yes,Yes,No
INF09554,COL1911,17,2,10,7128,146,333,Yes,Yes,Yes,No
INF09555,COL1911,17,2,12,7048,143,340,Yes,Yes,Yes,Yes
INF09556,COL1912,34,6,6,11079,0,390,No,Yes,No,No
INF09557,COL1912,35,6,11,11360,0,426,No,Yes,No,No
INF09558,COL1912,35,6,14,12159,0,431,No,Yes,No,No
INF09559,COL1912,36,6,21,11838,0,467,No,Yes,No,No
INF09560,COL1912,35,6,15,13234,0,449,No,Yes,No,Yes
INF09561,COL1913,133,14,24,38021,821,390,Yes,Yes,Yes,No
INF09562,COL1913,135,14,41,39940,842,413,Yes,Yes,Yes,No
INF09563,COL1913,137,14,46,42119,828,433,Yes,Yes,Yes,Yes
INF09564,COL1913,137,14,52,42021,825,431,Yes,Yes,Yes,Yes
INF09565,COL1913,151,16,74,43726,896,500,Yes,Yes,Yes,Yes
INF09566,COL1914,7,1,1,2180,101,270,No,Yes,No,No
INF09567,COL1914,7,1,2,2301,104,281,No,Yes,No,Yes
INF09568,COL1914,8,1,3,2365,104,289,No,Yes,No,Yes
INF09569,COL1914,8,1,4,2360,107,322,No,Yes,No,No
INF09570,COL1914,8,1,4,2528,109,327,No,Yes,No,Yes
INF09571,COL1915,26,10,5,6370,0,390,No,No,No,No
INF09572,COL1915,27,10,8,6722,0,426,No,No,No,No
INF09573,COL1915,28,11,11,6718,0,465,No,No,No,Yes
INF09574,COL1915,27,10,13,7477,0,467,No,No,No,Yes
INF09575,COL1915,27,11,13,7579,0,475,No,No,No,Yes
INF09576,COL1916,65,30,5,13292,919,330,Yes,Yes,No,No
INF09577,COL1916,67,31,10,13723,926,362,Yes,Yes,No,Yes
INF09578,COL1916,68,31,22,13895,922,358,Yes,Yes,No,Yes
INF09579,COL1916,68,31,23,14334,956,400,Yes,Yes,No,Yes
INF09580,COL1916,69,32,39,14770,991,373,Yes,Yes,No,No
INF09581,COL1917,52,5,9,11741,884,330,No,Yes,No,No
INF09582,COL1917,54,5,14,12015,898,361,No,Yes,No,No
INF09583,COL1917,55,5,25,12358,901,355,No,Yes,No,Yes
INF09584,COL1917,54,5,28,12751,912,403,No,Yes,No,Yes
INF09585,COL1917,56,5,39,13851,961,449,No,Yes,No,No
INF09586,COL1918,6,3,1,1500,0,210,Yes,Yes,No,No
INF09587,COL1918,6,3,2,1582,0,221,Yes,Yes,No,No
INF09588,COL1918,6,3,2,1671,0,230,Yes,Yes,No,No
INF09589,COL1918,6,3,3,1696,0,247,Yes,Yes,No,No
INF09590,COL1918,7,3,5,1785,0,283,Yes,Yes,No,Yes
INF09591,COL1919,113,15,20,32815,1660,330,No,Yes,No,No
INF09592,COL1919,116,15,31,33852,1687,361,No,Yes,No,No
INF09593,COL1919,121,16,41,34913,1674,352,No,Yes,No,No
INF09594,COL1919,121,16,44,34967,1744,423,No,Yes,No,No
INF09595,COL1919,130,17,81,37626,1685,391,No,Yes,No,Yes
INF09596,COL1920,27,16,5,9632,0,330,Yes,Yes,Yes,Yes
INF09597,COL1920,28,16,9,9844,0,346,Yes,Yes,Yes,No
INF09598,COL1920,28,17,11,10593,0,374,Yes,Yes,Yes,No
INF09599,COL1920,30,18,17,10517,0,369,Yes,Yes,Yes,Yes
INF09600,COL1920,31,18,20,11553,0,417,Yes,Yes,Yes,Yes
INF09601,COL1921,74,10,13,18066,1210,150,Yes,Yes,Yes,No
INF09602,COL1921,76,10,19,19033,1227,155,Yes,Yes,Yes,No
INF09603,COL1921,76,10,25,18902,1249,167,Yes,Yes,Yes,Yes
INF09604,COL1921,79,11,35,20987,1242,176,Yes,Yes,Yes,No
INF09605,COL1921,82,11,43,21670,1343,193,Yes,Yes,Yes,Yes
INF09606,COL1922,77,40,14,18354,1066,210,Yes,Yes,No,No
INF09607,COL1922,79,41,19,18733,1069,218,Yes,Yes,No,Yes
INF09608,COL1922,79,41,35,20341,1126,232,Yes,Yes,No,Yes
INF09609,COL1922,83,43,32,20836,1119,229,Yes,Yes,No,No
INF09610,COL1922,87,45,50,20277,1147,242,Yes,Yes,No,Yes
INF09611,COL1923,15,6,3,4040,0,210,Yes,Yes,No,Yes
INF09612,COL1923,16,6,5,4248,0,223,Yes,Yes,No,No
INF09613,COL1923,16,6,6,4417,0,236,Yes,Yes,No,Yes
INF09614,COL1923,17,7,8,4364,0,261,Yes,Yes,No,Yes
INF09615,COL1923,17,7,8,4569,0,266,Yes,Yes,No,Yes
INF09616,COL1924,12,5,2,3952,143,270,No,Yes,No,No
INF09617,COL1924,12,5,3,4156,146,286,No,Yes,No,No
INF09618,COL1924,12,5,5,4398,148,291,No,Yes,No,Yes
INF09619,COL1924,13,5,5,4645,148,309,No,Yes,No,No
INF09620,COL1924,13,6,6,4769,145,328,No,Yes,No,No
INF09621,COL1925,31,5,2,11338,225,270,No,Yes,No,No
INF09622,COL1925,31,5,4,11960,228,288,No,Yes,No,No
INF09623,COL1925,32,5,11,12652,236,312,No,Yes,No,No
INF09624,COL1925,32,5,12,12755,230,348,No,Yes,No,Yes
INF09625,COL1925,36,6,18,13061,232,328,No,Yes,No,Yes
INF09626,COL1926,6,1,1,1500,0,150,No,Yes,No,No
INF09627,COL1926,6,1,2,1569,0,156,No,Yes,No,No
INF09628,COL1926,6,1,2,1574,0,176,No,Yes,No,No
INF09629,COL1926,7,1,4,1634,0,171,No,Yes,No,Yes
INF09630,COL1926,7,1,4,1757,0,190,No,Yes,No,Yes
INF09631,COL1927,14,8,1,6144,129,390,No,Yes,No,No
INF09632,COL1927,14,8,2,6455,132,418,No,Yes,No,No
INF09633,COL1927,15,9,5,6828,136,448,No,Yes,No,Yes
INF09634,COL1927,15,8,5,6794,130,482,No,Yes,No,Yes
INF09635,COL1927,15,9,5,6675,135,500,No,Yes,No,Yes
INF09636,COL1928,11,5,1,4913,160,150,Yes,Yes,No,No
INF09637,COL1928,11,5,2,5102,163,157,Yes,Yes,No,No
INF09638,COL1928,12,5,3,5247,162,167,Yes,Yes,No,No
INF09639,COL1928,12,5,4,5408,164,182,Yes,Yes,No,No
INF09640,COL1928,12,6,6,5548,160,191,Yes,Yes,No,Yes
INF09641,COL1929,29,4,5,6009,347,210,Yes,Yes,No,No
INF09642,COL1929,29,4,7,6201,356,226,Yes,Yes,No,Yes
INF09643,COL1929,31,4,11,6692,357,241,Yes,Yes,No,Yes
INF09644,COL1929,31,4,14,6812,359,247,Yes,Yes,No,Yes
INF09645,COL1929,33,5,15,7108,373,241,Yes,Yes,No,Yes
INF09646,COL1930,71,8,13,14900,1116,270,No,No,Yes,No
INF09647,COL1930,72,8,19,15380,1128,280,No,No,Yes,No
INF09648,COL1930,74,8,30,16255,1157,319,No,No,Yes,Yes
INF09649,COL1930,76,9,37,16421,1194,304,No,No,Yes,Yes
INF09650,COL1930,79,9,51,17547,1169,350,No,No,Yes,Yes
INF09651,COL1931,18,9,1,5246,142,390,Yes,Yes,No,No
INF09652,COL1931,18,9,3,5514,144,411,Yes,Yes,No,No
INF09653,COL1931,19,10,4,5558,143,417,Yes,Yes,No,Yes
INF09654,COL1931,19,10,8,5913,151,451,Yes,Yes,No,No
INF09655,COL1931,19,10,10,5841,146,444,Yes,Yes,No,Yes
INF09656,COL1932,34,18,6,9902,0,270,No,Yes,Yes,No
INF09657,COL1932,35,19,10,10120,0,296,No,Yes,Yes,No
INF09658,COL1932,37,19,13,10592,0,317,No,Yes,Yes,No
INF09659,COL1932,38,20,14,10911,0,305,No,Yes,Yes,Yes
INF09660,COL1932,36,19,20,11590,0,341,No,Yes,Yes,Yes
INF09661,COL1933,45,20,8,10665,0,210,No,No,No,No
INF09662,COL1933,46,21,11,11004,0,218,No,No,No,No
INF09663,COL1933,46,21,20,11866,0,242,No,No,No,No
INF09664,COL1933,47,21,19,12116,0,236,No,No,No,No
INF09665,COL1933,52,23,36,12855,0,253,No,No,No,Yes
INF09666,COL1934,6,1,1,2304,0,90,No,Yes,Yes,No
INF09667,COL1934,6,1,2,2428,0,96,No,Yes,Yes,No
INF09668,COL1934,6,1,3,2499,0,102,No,Yes,Yes,No
INF09669,COL1934,6,1,3,2558,0,115,No,Yes,Yes,No
INF09670,COL1934,7,1,4,2818,0,112,No,Yes,Yes,Yes
INF09671,COL1935,47,8,8,11831,409,150,No,Yes,Yes,No
INF09672,COL1935,48,8,13,12367,416,157,No,Yes,Yes,No
INF09673,COL1935,51,9,21,12519,422,161,No,Yes,Yes,Yes
INF09674,COL1935,52,9,31,13357,421,170,No,Yes,Yes,No
INF09675,COL1935,53,9,35,13927,448,188,No,Yes,Yes,Yes
INF09676,COL1936,22,3,2,4919,0,390,No,Yes,No,No
INF09677,COL1936,23,3,4,5182,0,422,No,Yes,No,Yes
INF09678,COL1936,24,3,7,5412,0,449,No,Yes,No,Yes
INF09679,COL1936,23,3,11,5226,0,475,No,Yes,No,Yes
INF09680,COL1936,25,3,12,5375,0,470,No,Yes,No,No
INF09681,COL1937,43,25,3,12026,0,150,Yes,Yes,No,No
INF09682,COL1937,44,26,9,12736,0,155,Yes,Yes,No,No
INF09683,COL1937,44,26,13,13414,0,175,Yes,Yes,No,No
INF09684,COL1937,46,27,21,12854,0,171,Yes,Yes,No,Yes
INF09685,COL1937,46,27,27,14145,0,203,Yes,Yes,No,Yes
INF09686,COL1938,97,9,17,25866,1473,90,Yes,Yes,Yes,No
INF09687,COL1938,100,9,31,26491,1506,96,Yes,Yes,Yes,No
INF09688,COL1938,101,9,45,27245,1553,104,Yes,Yes,Yes,No
INF09689,COL1938,106,10,43,29107,1563,111,Yes,Yes,Yes,No
INF09690,COL1938,104,10,53,31043,1629,102,Yes,Yes,Yes,Yes
INF09691,COL1939,51,9,9,16662,0,330,No,Yes,No,No
INF09692,COL1939,52,9,13,17491,0,361,No,Yes,No,No
INF09693,COL1939,53,9,21,18643,0,359,No,Yes,No,No
INF09694,COL1939,56,10,26,18179,0,378,No,Yes,No,Yes
INF09695,COL1939,53,9,35,18976,0,370,No,Yes,No,No
INF09696,COL1940,68,40,5,12683,639,330,Yes,Yes,No,No
INF09697,COL1940,70,41,10,13153,640,347,Yes,Yes,No,No
INF09698,COL1940,73,43,18,14127,671,394,Yes,Yes,No,Yes
INF09699,COL1940,73,43,25,13948,677,366,Yes,Yes,No,Yes
INF09700,COL1940,73,43,25,15697,655,418,Yes,Yes,No,No
INF09701,COL1941,62,32,11,20345,0,210,Yes,No,Yes,No
INF09702,COL1941,64,33,20,20768,0,227,Yes,No,Yes,No
INF09703,COL1941,66,34,23,22772,0,223,Yes,No,Yes,Yes
INF09704,COL1941,69,36,32,23987,0,254,Yes,No,Yes,No
INF09705,COL1941,69,36,34,25093,0,261,Yes,No,Yes,Yes
INF09706,COL1942,6,1,1,2506,94,330,Yes,Yes,No,No
INF09707,COL1942,6,1,2,2614,95,359,Yes,Yes,No,No
INF09708,COL1942,6,1,3,2644,95,366,Yes,Yes,No,No
INF09709,COL1942,7,1,4,2751,100,413,Yes,Yes,No,Yes
INF09710,COL1942,7,1,4,2821,99,376,Yes,Yes,No,No
INF09711,COL1943,22,8,4,8322,296,270,No,Yes,Yes,No
INF09712,COL1943,22,8,5,8716,305,281,No,Yes,Yes,No
INF09713,COL1943,23,8,7,9286,311,315,No,Yes,Yes,No
INF09714,COL1943,24,9,13,9581,314,340,No,Yes,Yes,No
INF09715,COL1943,24,9,11,9926,322,362,No,Yes,Yes,Yes
INF09716,COL1944,18,2,3,3162,0,150,Yes,Yes,No,No
INF09717,COL1944,18,2,6,3246,0,164,Yes,Yes,No,No
INF09718,COL1944,19,2,6,3357,0,163,Yes,Yes,No,No
INF09719,COL1944,20,2,10,3667,0,186,Yes,Yes,No,Yes
INF09720,COL1944,20,2,13,3620,0,198,Yes,Yes,No,Yes
INF09721,COL1945,13,6,2,2510,138,270,No,Yes,No,No
INF09722,COL1945,13,6,3,2576,140,283,No,Yes,No,Yes
INF09723,COL1945,13,6,4,2663,145,321,No,Yes,No,No
INF09724,COL1945,14,6,6,2921,141,321,No,Yes,No,Yes
INF09725,COL1945,14,7,6,3017,148,330,No,Yes,No,No
INF09726,COL1946,84,45,7,32198,0,270,Yes,Yes,No,No
INF09727,COL1946,86,46,13,32951,0,286,Yes,Yes,No,No
INF09728,COL1946,88,47,19,35171,0,287,Yes,Yes,No,No
INF09729,COL1946,93,50,38,34992,0,298,Yes,Yes,No,Yes
INF09730,COL1946,91,49,40,36474,0,348,Yes,Yes,No,Yes
INF09731,COL1947,6,1,0,7364,50,330,No,Yes,Yes,No
INF09732,COL1947,6,1,1,7750,51,354,No,Yes,Yes,No
INF09733,COL1947,6,1,2,8193,52,352,No,Yes,Yes,Yes
INF09734,COL1947,6,1,3,8427,50,403,No,Yes,Yes,Yes
INF09735,COL1947,6,1,3,8247,51,435,No,Yes,Yes,No
INF09736,COL1948,49,20,9,11737,609,270,Yes,Yes,No,No
INF09737,COL1948,50,20,13,12398,612,295,Yes,Yes,No,No
INF09738,COL1948,53,21,21,12341,629,312,Yes,Yes,No,Yes
INF09739,COL1948,53,22,28,13428,658,297,Yes,Yes,No,Yes
INF09740,COL1948,51,21,29,13033,609,368,Yes,Yes,No,No
INF09741,COL1949,10,1,1,3107,110,390,Yes,Yes,No,No
INF09742,COL1949,10,1,1,3215,112,427,Yes,Yes,No,Yes
INF09743,COL1949,11,1,3,3288,112,434,Yes,Yes,No,No
INF09744,COL1949,11,1,4,3556,120,451,Yes,Yes,No,No
INF09745,COL1949,11,1,7,3382,113,526,Yes,Yes,No,No
INF09746,COL1950,63,37,5,17018,0,210,Yes,Yes,No,No
INF09747,COL1950,65,38,10,17715,0,225,Yes,Yes,No,Yes
INF09748,COL1950,66,39,20,18485,0,238,Yes,Yes,No,Yes
INF09749,COL1950,69,40,24,19513,0,237,Yes,Yes,No,Yes
INF09750,COL1950,68,40,31,19141,0,288,Yes,Yes,No,Yes
INF09751,COL1951,36,15,6,8285,304,450,No,Yes,Yes,No
INF09752,COL1951,36,15,11,8511,310,477,No,Yes,Yes,No
INF09753,COL1951,37,15,14,9074,312,512,No,Yes,Yes,Yes
INF09754,COL1951,37,16,17,8856,305,524,No,Yes,Yes,No
INF09755,COL1951,39,16,17,10246,329,505,No,Yes,Yes,Yes
INF09756,COL1952,79,45,14,22772,1133,330,Yes,Yes,Yes,Yes
INF09757,COL1952,82,47,21,23829,1147,362,Yes,Yes,Yes,No
INF09758,COL1952,82,47,34,24445,1173,367,Yes,Yes,Yes,Yes
INF09759,COL1952,81,46,43,26312,1195,369,Yes,Yes,Yes,Yes
INF09760,COL1952,84,48,44,27554,1197,381,Yes,Yes,Yes,No
INF09761,COL1953,6,1,1,1671,50,330,No,Yes,No,No
INF09762,COL1953,6,1,2,1764,50,359,No,Yes,No,Yes
INF09763,COL1953,6,1,2,1764,53,361,No,Yes,No,No
INF09764,COL1953,7,1,4,1800,51,405,No,Yes,No,No
INF09765,COL1953,6,1,4,1842,51,380,No,Yes,No,Yes
INF09766,COL1954,70,39,6,22199,1290,270,Yes,Yes,Yes,No
INF09767,COL1954,72,40,15,23300,1313,281,Yes,Yes,Yes,Yes
INF09768,COL1954,74,41,25,24005,1329,287,Yes,Yes,Yes,Yes
INF09769,COL1954,77,43,31,24572,1366,296,Yes,Yes,Yes,No
INF09770,COL1954,74,41,31,25744,1406,320,Yes,Yes,Yes,Yes
INF09771,COL1955,24,4,2,7856,364,30,No,Yes,Yes,No
INF09772,COL1955,24,4,5,8074,367,31,No,Yes,Yes,No
INF09773,COL1955,25,4,9,8705,364,33,No,Yes,Yes,No
INF09774,COL1955,26,4,9,8614,381,34,No,Yes,Yes,Yes
INF09775,COL1955,26,4,11,9424,372,39,No,Yes,Yes,No
INF09776,COL1956,22,12,2,8962,299,330,Yes,No,No,No
INF09777,COL1956,22,12,4,9194,299,358,Yes,No,No,Yes
INF09778,COL1956,23,13,5,9361,316,395,Yes,No,No,No
INF09779,COL1956,24,13,10,9513,324,408,Yes,No,No,Yes
INF09780,COL1956,24,13,11,10162,321,400,Yes,No,No,Yes
INF09781,COL1957,6,1,1,2393,50,270,No,Yes,Yes,No
INF09782,COL1957,6,1,2,2534,51,291,No,Yes,Yes,No
INF09783,COL1957,6,1,2,2629,50,311,No,Yes,Yes,No
INF09784,COL1957,6,1,3,2817,52,331,No,Yes,Yes,Yes
INF09785,COL1957,7,1,5,2933,53,329,No,Yes,Yes,No
INF09786,COL1958,74,31,13,15735,0,270,Yes,Yes,No,No
INF09787,COL1958,75,32,22,16133,0,279,Yes,Yes,No,Yes
INF09788,COL1958,79,33,29,16393,0,291,Yes,Yes,No,No
INF09789,COL1958,81,34,38,17544,0,322,Yes,Yes,No,No
INF09790,COL1958,82,34,36,18452,0,338,Yes,Yes,No,Yes
INF09791,COL1959,69,30,6,17016,1009,450,No,Yes,Yes,No
INF09792,COL1959,71,31,11,17478,1034,494,No,Yes,Yes,No
INF09793,COL1959,73,32,17,18901,1041,518,No,Yes,Yes,No
INF09794,COL1959,72,31,30,19347,1040,568,No,Yes,Yes,No
INF09795,COL1959,80,35,37,18734,1021,549,No,Yes,Yes,Yes
INF09796,COL1960,100,12,18,32763,0,270,Yes,Yes,Yes,No
INF09797,COL1960,102,12,30,33486,0,289,Yes,Yes,Yes,No
INF09798,COL1960,103,12,34,34296,0,293,Yes,Yes,Yes,Yes
INF09799,COL1960,107,13,60,37454,0,331,Yes,Yes,Yes,No
INF09800,COL1960,105,13,63,37776,0,314,Yes,Yes,Yes,No
INF09801,COL1961,23,4,4,4996,283,210,No,Yes,No,No
INF09802,COL1961,23,4,6,5267,291,226,No,Yes,No,Yes
INF09803,COL1961,24,4,10,5418,289,243,No,Yes,No,No
INF09804,COL1961,25,4,11,5448,292,256,No,Yes,No,No
INF09805,COL1961,26,4,16,5868,293,272,No,Yes,No,Yes
INF09806,COL1962,24,13,4,8142,0,270,No,Yes,No,No
INF09807,COL1962,24,13,7,8309,0,289,No,Yes,No,No
INF09808,COL1962,26,14,9,8817,0,319,No,Yes,No,No
INF09809,COL1962,26,14,9,9038,0,342,No,Yes,No,Yes
INF09810,COL1962,28,15,16,9356,0,321,No,Yes,No,No
INF09811,COL1963,102,20,8,19189,743,390,Yes,Yes,No,No
INF09812,COL1963,104,20,23,20040,761,410,Yes,Yes,No,No
INF09813,COL1963,105,21,30,20041,782,467,Yes,Yes,No,Yes
INF09814,COL1963,107,21,53,20586,791,505,Yes,Yes,No,Yes
INF09815,COL1963,117,23,74,22025,782,532,Yes,Yes,No,Yes
INF09816,COL1964,8,4,1,3752,0,270,Yes,Yes,Yes,Yes
INF09817,COL1964,8,4,3,3953,0,292,Yes,Yes,Yes,Yes
INF09818,COL1964,9,4,4,4031,0,316,Yes,Yes,Yes,Yes
INF09819,COL1964,8,4,3,4219,0,342,Yes,Yes,Yes,Yes
INF09820,COL1964,8,4,6,4114,0,338,Yes,Yes,Yes,Yes
INF09821,COL1965,9,5,1,4358,0,270,Yes,Yes,Yes,No
INF09822,COL1965,9,5,1,4577,0,282,Yes,Yes,Yes,No
INF09823,COL1965,10,5,3,4556,0,303,Yes,Yes,Yes,No
INF09824,COL1965,10,6,4,4900,0,325,Yes,Yes,Yes,No
INF09825,COL1965,10,6,6,5325,0,361,Yes,Yes,Yes,No
INF09826,COL1966,57,20,10,17805,938,150,Yes,Yes,No,No
INF09827,COL1966,58,20,14,18750,960,157,Yes,Yes,No,Yes
INF09828,COL1966,61,22,23,19657,958,163,Yes,Yes,No,Yes
INF09829,COL1966,62,22,36,19575,953,167,Yes,Yes,No,Yes
INF09830,COL1966,66,23,41,19258,957,173,Yes,Yes,No,Yes
INF09831,COL1967,107,17,19,21726,1207,210,Yes,Yes,No,No
INF09832,COL1967,109,17,26,22731,1238,229,Yes,Yes,No,No
INF09833,COL1967,115,18,43,24005,1210,240,Yes,Yes,No,Yes
INF09834,COL1967,111,18,50,25496,1262,263,Yes,Yes,No,Yes
INF09835,COL1967,112,18,56,26616,1292,275,Yes,Yes,No,No
INF09836,COL1968,73,37,13,23895,1134,270,Yes,Yes,Yes,No
INF09837,COL1968,75,38,24,24561,1141,281,Yes,Yes,Yes,No
INF09838,COL1968,75,38,30,25900,1200,301,Yes,Yes,Yes,No
INF09839,COL1968,76,39,35,28097,1177,308,Yes,Yes,Yes,Yes
INF09840,COL1968,84,42,40,26182,1179,339,Yes,Yes,Yes,Yes
INF09841,COL1969,31,5,2,8306,0,330,No,Yes,No,No
INF09842,COL1969,32,5,6,8571,0,352,No,Yes,No,No
INF09843,COL1969,32,5,8,8704,0,393,No,Yes,No,No
INF09844,COL1969,33,5,9,9630,0,391,No,Yes,No,Yes
INF09845,COL1969,34,6,16,9760,0,403,No,Yes,No,Yes
INF09846,COL1970,25,2,2,6871,176,390,No,Yes,No,No
INF09847,COL1970,25,2,5,7233,177,407,No,Yes,No,No
INF09848,COL1970,26,2,9,7471,182,440,No,Yes,No,Yes
INF09849,COL1970,26,2,7,7876,177,470,No,Yes,No,No
INF09850,COL1970,29,2,18,7978,183,522,No,Yes,No,No
INF09851,COL1971,77,29,14,21907,1000,270,Yes,Yes,Yes,Yes
INF09852,COL1971,79,30,20,22775,1013,294,Yes,Yes,Yes,Yes
INF09853,COL1971,80,30,25,23478,1039,299,Yes,Yes,Yes,Yes
INF09854,COL1971,82,31,36,23845,1080,350,Yes,Yes,Yes,No
INF09855,COL1971,87,33,37,25958,1049,343,Yes,Yes,Yes,No
INF09856,COL1972,35,21,3,10304,438,270,Yes,Yes,Yes,No
INF09857,COL1972,36,22,6,10566,439,296,Yes,Yes,Yes,No
INF09858,COL1972,37,22,8,11181,457,318,Yes,Yes,Yes,No
INF09859,COL1972,38,23,12,11772,439,327,Yes,Yes,Yes,Yes
INF09860,COL1972,40,24,20,11229,469,307,Yes,Yes,Yes,Yes
INF09861,COL1973,36,14,3,6826,440,390,Yes,Yes,No,No
INF09862,COL1973,37,14,6,7067,451,402,Yes,Yes,No,No
INF09863,COL1973,37,14,8,7325,441,432,Yes,Yes,No,No
INF09864,COL1973,40,16,17,7564,440,496,Yes,Yes,No,No
INF09865,COL1973,38,15,19,7435,456,463,Yes,Yes,No,Yes
INF09866,COL1974,43,17,3,14818,643,270,Yes,Yes,Yes,No
INF09867,COL1974,44,17,7,15609,662,286,Yes,Yes,Yes,No
INF09868,COL1974,45,18,15,16440,681,309,Yes,Yes,Yes,Yes
INF09869,COL1974,48,19,20,16387,658,325,Yes,Yes,Yes,Yes
INF09870,COL1974,49,19,26,18259,651,349,Yes,Yes,Yes,Yes
INF09871,COL1975,25,4,2,9354,247,390,Yes,Yes,No,No
INF09872,COL1975,26,4,5,9604,250,404,Yes,Yes,No,No
INF09873,COL1975,26,4,8,9968,261,466,Yes,Yes,No,Yes
INF09874,COL1975,26,4,9,10704,267,479,Yes,Yes,No,Yes
INF09875,COL1975,29,5,12,11162,252,518,Yes,Yes,No,Yes
INF09876,COL1976,36,21,6,9661,0,210,Yes,Yes,No,No
INF09877,COL1976,37,22,11,9886,0,226,Yes,Yes,No,No
INF09878,COL1976,37,22,16,10213,0,240,Yes,Yes,No,No
INF09879,COL1976,39,23,14,10492,0,245,Yes,Yes,No,Yes
INF09880,COL1976,42,24,22,10762,0,260,Yes,Yes,No,No
INF09881,COL1977,73,6,13,16047,767,330,No,Yes,Yes,No
INF09882,COL1977,74,6,20,16514,767,360,No,Yes,Yes,Yes
INF09883,COL1977,75,6,28,17970,797,358,No,Yes,Yes,No
INF09884,COL1977,79,6,36,17296,783,423,No,Yes,Yes,No
INF09885,COL1977,77,6,51,18270,808,424,No,Yes,Yes,No
INF09886,COL1978,68,7,5,23779,1128,390,Yes,Yes,No,No
INF09887,COL1978,70,7,14,24552,1132,426,Yes,Yes,No,Yes
INF09888,COL1978,72,7,24,26228,1176,455,Yes,Yes,No,No
INF09889,COL1978,74,8,24,27003,1179,454,Yes,Yes,No,No
INF09890,COL1978,72,7,25,26316,1262,446,Yes,Yes,No,Yes
INF09891,COL1979,30,4,2,9417,288,390,No,Yes,Yes,No
INF09892,COL1979,31,4,4,9878,291,410,No,Yes,Yes,No
INF09893,COL1979,32,4,11,10089,298,435,No,Yes,Yes,No
INF09894,COL1979,32,4,11,10538,300,426,No,Yes,Yes,No
INF09895,COL1979,34,5,13,10617,297,539,No,Yes,Yes,No
INF09896,COL1980,28,13,5,9733,0,390,Yes,Yes,Yes,Yes
INF09897,COL1980,29,13,8,10288,0,411,Yes,Yes,Yes,No
INF09898,COL1980,29,14,12,10384,0,419,Yes,Yes,Yes,No
INF09899,COL1980,31,14,16,10823,0,468,Yes,Yes,Yes,No
INF09900,COL1980,30,14,15,11000,0,488,Yes,Yes,Yes,No
INF09901,COL1981,23,4,4,9022,434,450,No,No,Yes,No
INF09902,COL1981,24,4,8,9556,435,466,No,No,Yes,No
INF09903,COL1981,24,4,9,9852,438,483,No,No,Yes,No
INF09904,COL1981,25,4,11,10552,451,493,No,No,Yes,No
INF09905,COL1981,25,4,15,10568,442,597,No,No,Yes,No
INF09906,COL1982,44,20,4,11487,417,210,Yes,Yes,No,No
INF09907,COL1982,45,20,9,12081,423,218,Yes,Yes,No,No
INF09908,COL1982,47,21,10,12066,429,224,Yes,Yes,No,Yes
INF09909,COL1982,46,21,18,12979,429,266,Yes,Yes,No,No
INF09910,COL1982,46,21,25,14243,448,250,Yes,Yes,No,Yes
INF09911,COL1983,121,23,22,31774,0,450,No,Yes,Yes,No
INF09912,COL1983,125,24,40,32471,0,475,No,Yes,Yes,No
INF09913,COL1983,125,24,54,35465,0,483,No,Yes,Yes,No
INF09914,COL1983,131,25,79,33883,0,548,No,Yes,Yes,Yes
INF09915,COL1983,132,25,63,36860,0,551,No,Yes,Yes,No
INF09916,COL1984,40,20,3,12447,387,330,Yes,Yes,No,Yes
INF09917,COL1984,41,21,8,12884,393,351,Yes,Yes,No,No
INF09918,COL1984,42,21,12,13379,391,357,Yes,Yes,No,No
INF09919,COL1984,42,21,21,14290,409,424,Yes,Yes,No,Yes
INF09920,COL1984,46,23,22,13529,412,385,Yes,Yes,No,Yes
INF09921,COL1985,25,11,4,7800,0,270,Yes,Yes,Yes,No
INF09922,COL1985,26,11,7,8134,0,287,Yes,Yes,Yes,Yes
INF09923,COL1985,26,12,10,8336,0,302,Yes,Yes,Yes,No
INF09924,COL1985,26,12,11,8330,0,319,Yes,Yes,Yes,Yes
INF09925,COL1985,28,12,14,8759,0,377,Yes,Yes,Yes,No
INF09926,COL1986,44,5,8,9613,854,270,No,Yes,Yes,No
INF09927,COL1986,45,5,13,10118,868,291,No,Yes,Yes,No
INF09928,COL1986,45,5,14,10216,858,300,No,Yes,Yes,No
INF09929,COL1986,47,5,22,10568,905,318,No,Yes,Yes,No
INF09930,COL1986,46,5,32,11077,929,330,No,Yes,Yes,Yes
INF09931,COL1987,6,1,0,2208,0,210,No,Yes,No,No
INF09932,COL1987,6,1,1,2325,0,217,No,Yes,No,Yes
INF09933,COL1987,6,1,1,2446,0,241,No,Yes,No,Yes
INF09934,COL1987,7,1,2,2343,0,251,No,Yes,No,No
INF09935,COL1987,7,1,3,2469,0,257,No,Yes,No,No
INF09936,COL1988,29,11,5,8715,0,90,Yes,No,No,No
INF09937,COL1988,30,11,8,9137,0,93,Yes,No,No,No
INF09938,COL1988,30,12,11,9392,0,98,Yes,No,No,No
INF09939,COL1988,32,12,17,9329,0,99,Yes,No,No,No
INF09940,COL1988,33,13,21,10014,0,102,Yes,No,No,Yes
INF09941,COL1989,12,6,2,2478,121,330,No,No,Yes,Yes
INF09942,COL1989,12,6,3,2531,121,340,No,No,Yes,No
INF09943,COL1989,12,6,5,2714,128,358,No,No,Yes,Yes
INF09944,COL1989,13,7,7,2874,131,398,No,No,Yes,No
INF09945,COL1989,13,7,8,2992,123,385,No,No,Yes,Yes
INF09946,COL1990,28,4,2,9838,478,390,No,Yes,Yes,No
INF09947,COL1990,28,4,4,10412,490,419,No,Yes,Yes,No
INF09948,COL1990,29,4,10,10941,503,465,No,Yes,Yes,No
INF09949,COL1990,29,4,10,11525,500,501,No,Yes,Yes,No
INF09950,COL1990,30,4,18,10688,504,522,No,Yes,Yes,No
INF09951,COL1991,59,22,11,15068,740,150,Yes,Yes,Yes,No
INF09952,COL1991,60,22,17,15759,749,162,Yes,Yes,Yes,No
INF09953,COL1991,62,23,22,16338,777,163,Yes,Yes,Yes,Yes
INF09954,COL1991,65,24,24,17360,803,185,Yes,Yes,Yes,Yes
INF09955,COL1991,62,23,28,16986,741,205,Yes,Yes,Yes,Yes
INF09956,COL1992,6,1,1,2336,50,330,No,Yes,No,No
INF09957,COL1992,6,1,2,2386,50,350,No,Yes,No,Yes
INF09958,COL1992,6,1,3,2565,51,388,No,Yes,No,Yes
INF09959,COL1992,7,1,3,2515,52,385,No,Yes,No,No
INF09960,COL1992,6,1,4,2668,54,427,No,Yes,No,No
INF09961,COL1993,20,2,4,5717,0,330,Yes,Yes,No,No
INF09962,COL1993,21,2,6,5964,0,363,Yes,Yes,No,No
INF09963,COL1993,21,2,10,6176,0,378,Yes,Yes,No,No
INF09964,COL1993,22,2,9,6624,0,368,Yes,Yes,No,No
INF09965,COL1993,22,2,11,7047,0,424,Yes,Yes,No,Yes
INF09966,COL1994,6,4,0,2176,50,390,No,Yes,No,No
INF09967,COL1994,6,4,1,2266,50,425,No,Yes,No,No
INF09968,COL1994,6,4,2,2341,53,456,No,Yes,No,No
INF09969,COL1994,7,4,3,2530,54,499,No,Yes,No,Yes
INF09970,COL1994,7,4,3,2405,56,475,No,Yes,No,No
INF09971,COL1995,36,7,6,10483,336,270,Yes,Yes,No,No
INF09972,COL1995,37,7,11,10784,341,285,Yes,Yes,No,No
INF09973,COL1995,38,7,15,11028,350,299,Yes,Yes,No,No
INF09974,COL1995,39,8,20,11205,344,341,Yes,Yes,No,No
INF09975,COL1995,39,8,25,11696,352,343,Yes,Yes,No,No
INF09976,COL1996,132,11,11,29371,858,150,Yes,Yes,Yes,Yes
INF09977,COL1996,134,11,28,30247,880,161,Yes,Yes,Yes,No
INF09978,COL1996,142,12,39,30952,865,167,Yes,Yes,Yes,No
INF09979,COL1996,145,12,57,34228,934,185,Yes,Yes,Yes,No
INF09980,COL1996,144,12,81,31896,950,196,Yes,Yes,Yes,Yes
INF09981,COL1997,40,6,7,9487,585,390,Yes,Yes,No,Yes
INF09982,COL1997,41,6,10,9872,603,415,Yes,Yes,No,Yes
INF09983,COL1997,42,6,17,10053,606,414,Yes,Yes,No,No
INF09984,COL1997,43,6,21,10929,614,489,Yes,Yes,No,No
INF09985,COL1997,45,7,20,10540,594,538,Yes,Yes,No,Yes
INF09986,COL1998,6,1,0,4640,75,270,Yes,Yes,No,No
INF09987,COL1998,6,1,1,4910,77,283,Yes,Yes,No,No
INF09988,COL1998,6,1,1,5127,76,287,Yes,Yes,No,No
INF09989,COL1998,7,1,2,5230,81,306,Yes,Yes,No,No
INF09990,COL1998,6,1,2,5630,78,364,Yes,Yes,No,No
INF09991,COL1999,6,3,1,1717,62,270,No,Yes,No,No
INF09992,COL1999,6,3,2,1764,63,291,No,Yes,No,Yes
INF09993,COL1999,6,3,2,1889,64,290,No,Yes,No,No
INF09994,COL1999,6,3,2,1865,66,333,No,Yes,No,No
INF09995,COL1999,6,3,4,2031,69,327,No,Yes,No,No
INF09996,COL2000,32,15,6,8463,337,90,No,Yes,No,No
INF09997,COL2000,33,16,8,8798,344,94,No,Yes,No,No
INF09998,COL2000,34,16,14,9417,348,97,No,Yes,No,No
INF09999,COL2000,34,16,13,9722,366,112,No,Yes,No,Yes
INF10000,COL2000,34,16,16,9242,344,103,No,Yes,No,No
