research_id,college_id,department,publications,citations,patents,funded_projects,research_funding,international_collaborations
RES00001,COL0491,Business Analytics,0,0,0,0,0,0
RES00002,COL1892,Information Technology,4,24,15,2,6602000,2
RES00003,COL1352,Banking & Finance,1,5,2,2,2761000,1
RES00004,COL0624,Electronics & Telecommunication,10,36,8,6,7312000,0
RES00005,COL1080,Economics,1,10,0,0,0,3
RES00006,COL1616,Civil Engineering,2,15,2,1,2759000,1
RES00007,COL0343,Economics,4,28,1,3,7822000,1
RES00008,COL0104,Mechanical Engineering,1,7,1,0,253000,0
RES00009,COL1193,Building Construction & Materials,0,0,0,1,410000,0
RES00010,COL1878,Mechanical Engineering,2,11,2,0,112000,1
RES00011,COL1125,Mathematics,1,7,1,0,168000,1
RES00012,COL1763,Business Administration,22,131,4,5,4134000,2
RES00013,COL0307,Chemistry,2,18,2,4,12708000,3
RES00014,COL0465,Commerce,1,10,4,1,4502000,2
RES00015,COL0410,Physics,1,9,0,0,0,2
RES00016,COL1723,Economics,0,0,0,1,982000,4
RES00017,COL1347,Physics,8,40,4,1,1751000,1
RES00018,COL1346,Mechanical Engineering,0,0,3,1,1002000,2
RES00019,COL0085,Banking & Finance,6,44,2,4,2284000,2
RES00020,COL1887,Commerce,2,9,1,0,91000,1
RES00021,COL0400,Finance,1,2,0,0,0,2
RES00022,COL0203,Physics,0,0,0,0,0,1
RES00023,COL0497,Mechanical Engineering,3,16,8,4,5864000,2
RES00024,COL1488,Agronomy,2,17,2,2,1866000,3
RES00025,COL1084,Chemistry,2,12,1,4,9167000,1
RES00026,COL1345,Economics,11,91,5,1,3568000,0
RES00027,COL1856,Physics,4,29,2,1,2559000,1
RES00028,COL0048,Civil Engineering,3,18,0,2,5178000,2
RES00029,COL1686,Pharmaceutics,2,22,0,1,1690000,1
RES00030,COL1971,Electronics & Telecommunication,3,25,4,1,2051000,2
RES00031,COL1208,Mechanical Engineering,7,22,3,5,7086000,1
RES00032,COL0217,Mechanical Engineering,0,0,1,0,287000,1
RES00033,COL1175,Mathematics,11,78,3,2,5471000,2
RES00034,COL0983,Physics,9,56,0,1,1465000,0
RES00035,COL0628,Civil Engineering,25,136,2,6,15158000,2
RES00036,COL1534,Economics,44,273,5,9,18012000,0
RES00037,COL0914,Electronics & Telecommunication,14,58,4,5,4091000,0
RES00038,COL0374,Information Technology,22,64,6,5,10514000,2
RES00039,COL1737,Physics,22,146,1,3,3687000,1
RES00040,COL0175,Marathi,3,24,1,1,2084000,1
RES00041,COL1246,Pharmacology,1,6,0,2,1796000,1
RES00042,COL0299,Mechanical Engineering,1,4,2,1,2320000,2
RES00043,COL0951,Electronics & Telecommunication,1,10,4,1,2895000,3
RES00044,COL0464,Mechanical Engineering,1,5,0,1,1742000,2
RES00045,COL1990,Political Science,4,33,2,1,1359000,2
RES00046,COL1112,Information Technology,0,0,0,0,0,1
RES00047,COL0264,Marathi,0,0,0,0,0,3
RES00048,COL1779,Information Technology,63,531,4,4,9355000,2
RES00049,COL2000,Botany,1,5,0,0,0,2
RES00050,COL0707,Accountancy,11,63,5,7,19116000,1
RES00051,COL0500,Mechanical Engineering,1,6,2,0,243000,1
RES00052,COL1763,Accountancy,1,5,0,2,4123000,2
RES00053,COL0581,Human Resources,2,16,1,1,1632000,3
RES00054,COL0582,Mathematics,4,18,0,1,1455000,0
RES00055,COL0274,Civil Engineering,43,309,1,6,5427000,2
RES00056,COL0611,Information Technology,1,9,0,1,1187000,5
RES00057,COL0722,Marathi,1,5,1,0,187000,2
RES00058,COL1016,English,0,0,0,0,0,3
RES00059,COL0355,Electronics & Telecommunication,1,7,3,1,3073000,2
RES00060,COL1505,Zoology,17,81,0,1,1193000,3
RES00061,COL0408,Computer Engineering,19,165,6,7,14722000,2
RES00062,COL0139,Marathi,3,21,0,4,9259000,0
RES00063,COL0231,Electronics & Telecommunication,3,26,8,2,6845000,3
RES00064,COL0642,Constitutional Law,5,37,1,4,8942000,1
RES00065,COL0647,Mathematics,2,16,3,3,8220000,1
RES00066,COL0442,Architectural Design,2,14,1,2,3384000,3
RES00067,COL1997,Computer Science,10,70,4,3,2510000,2
RES00068,COL0124,Civil Engineering,4,36,1,1,3356000,2
RES00069,COL0925,Electrical Engineering,12,64,2,4,2168000,2
RES00070,COL0126,Information Technology,1,5,3,1,2827000,1
RES00071,COL0022,Marathi,60,440,4,9,22177000,0
RES00072,COL0439,Zoology,9,74,0,2,2608000,2
RES00073,COL1298,English,9,66,0,0,0,2
RES00074,COL0185,Mechanical Engineering,1,3,0,0,0,0
RES00075,COL0300,Electronics & Telecommunication,25,121,1,3,3633000,3
RES00076,COL1749,Information Technology,5,47,3,2,5597000,1
RES00077,COL1744,Marathi,6,30,1,3,5619000,1
RES00078,COL1334,Finance,0,0,0,0,0,1
RES00079,COL0134,Economics,1,6,0,0,0,3
RES00080,COL1952,Electronics & Telecommunication,13,132,8,10,7859000,3
RES00081,COL0733,Computer Science,16,85,2,3,5789000,3
RES00082,COL1110,Economics,2,10,1,1,2926000,1
RES00083,COL0522,Sociology,2,9,0,2,3752000,4
RES00084,COL1455,Physics,1,10,0,0,0,2
RES00085,COL1030,Accountancy,0,0,1,0,196000,2
RES00086,COL1493,Information Technology,5,29,1,2,2635000,1
RES00087,COL0547,Marathi,21,190,2,4,16226000,2
RES00088,COL0687,History,0,0,0,1,2704000,0
RES00089,COL1397,Physics,4,18,0,2,5329000,1
RES00090,COL0180,Computer Science,13,68,14,10,18964000,3
RES00091,COL0369,Information Technology,3,18,3,1,3327000,2
RES00092,COL0548,Commerce,2,9,0,1,510000,0
RES00093,COL0561,Banking & Finance,1,5,5,3,4105000,2
RES00094,COL0222,Commerce,0,0,1,1,2236000,2
RES00095,COL1074,Chemistry,0,0,1,0,166000,1
RES00096,COL1246,Pharmaceutical Chemistry,1,6,3,0,817000,1
RES00097,COL0030,Electronics & Telecommunication,2,13,3,3,1975000,1
RES00098,COL1627,Mechanical Engineering,16,87,0,1,1177000,2
RES00099,COL0619,Civil Engineering,1,4,1,0,112000,0
RES00100,COL0997,Information Technology,0,0,2,2,4855000,3
RES00101,COL1387,Marathi,1,6,0,0,0,3
RES00102,COL1580,Child Health Nursing,4,27,0,1,854000,0
RES00103,COL0711,Commerce,0,0,0,2,1724000,0
RES00104,COL0949,Banking & Finance,7,57,0,4,5679000,3
RES00105,COL0528,Computer Engineering,0,0,4,1,1969000,3
RES00106,COL1042,English,1,7,0,3,2089000,0
RES00107,COL0260,Marathi,48,344,2,8,6525000,3
RES00108,COL0050,Mathematics,0,0,0,0,0,0
RES00109,COL0149,Marathi,10,65,0,1,1052000,0
RES00110,COL0659,Computer Engineering,3,17,4,2,6879000,1
RES00111,COL1675,Computer Science,1,9,1,2,2922000,0
RES00112,COL1379,Electronics & Telecommunication,1,6,8,3,6124000,3
RES00113,COL1661,Medicine,1,5,0,4,2547000,1
RES00114,COL0583,Computer Science,1,9,1,0,135000,1
RES00115,COL0197,Civil Engineering,94,448,11,25,73542000,2
RES00116,COL1654,Chemistry,8,41,3,3,5691000,3
RES00117,COL0331,Mechanical Engineering,1,7,4,0,369000,0
RES00118,COL1310,English,17,146,1,5,12520000,2
RES00119,COL0779,Chemistry,1,7,0,1,1530000,2
RES00120,COL1825,Pharmacology,6,27,0,3,2567000,1
RES00121,COL1142,Anatomy,0,0,1,0,103000,3
RES00122,COL0857,English,14,90,2,1,4382000,1
RES00123,COL1677,Chemistry,11,94,1,3,3934000,2
RES00124,COL0132,Physics,2,12,0,2,1875000,1
RES00125,COL0707,Economics,1,8,0,0,0,2
RES00126,COL0989,Mathematics,5,39,1,5,9260000,2
RES00127,COL0111,Accountancy,0,0,2,1,1581000,1
RES00128,COL0171,Business Administration,65,622,6,9,32227000,2
RES00129,COL1745,Building Construction & Materials,5,34,2,2,3907000,3
RES00130,COL1187,Banking & Finance,2,17,1,6,7425000,1
RES00131,COL0789,Accountancy,7,42,3,6,4393000,3
RES00132,COL1177,Computer Engineering,1,8,4,3,7809000,1
RES00133,COL1856,Computer Science,42,370,9,13,36171000,0
RES00134,COL1353,Banking & Finance,21,167,3,9,12013000,2
RES00135,COL1343,Mechanical Engineering,1,5,3,1,1307000,2
RES00136,COL0121,Computer Engineering,29,263,11,2,7531000,1
RES00137,COL0051,Computer Science,8,50,3,4,2950000,2
RES00138,COL0851,Business Administration,3,32,2,5,4459000,1
RES00139,COL0351,Marathi,3,24,2,3,9047000,2
RES00140,COL1851,Medicine,11,64,1,6,3617000,2
RES00141,COL0470,Chemistry,1,5,1,2,3080000,1
RES00142,COL1892,Mechanical Engineering,7,32,1,2,3258000,1
RES00143,COL1742,Chemistry,4,28,4,6,17274000,1
RES00144,COL0246,Pharmacognosy,0,0,0,2,2702000,1
RES00145,COL0617,Commerce,5,35,0,1,835000,2
RES00146,COL1483,Commerce,9,69,4,3,3873000,2
RES00147,COL0489,Mathematics,1,8,0,0,0,1
RES00148,COL0466,Pharmacognosy,2,11,0,1,1148000,0
RES00149,COL0962,Electrical Engineering,2,17,5,4,10248000,2
RES00150,COL1477,Mathematics,21,136,1,7,14806000,0
RES00151,COL1838,Finance,0,0,0,1,2360000,1
RES00152,COL0106,Building Construction & Materials,67,374,3,8,3083000,3
RES00153,COL0190,Criminal Law,13,65,1,3,4651000,0
RES00154,COL0246,Pharmacology,1,3,0,0,0,2
RES00155,COL0467,Electrical Engineering,16,133,6,2,7791000,0
RES00156,COL1009,Chemistry,0,0,0,0,0,2
RES00157,COL0675,Marathi,12,91,0,9,22298000,3
RES00158,COL1696,History,3,23,0,0,0,2
RES00159,COL1275,Mathematics,1,3,0,1,1712000,1
RES00160,COL1286,Commerce,6,29,3,9,3697000,1
RES00161,COL1292,Mathematics,13,77,0,1,2912000,3
RES00162,COL0197,Computer Engineering,0,0,2,2,5832000,4
RES00163,COL1523,Physics,29,198,0,8,15377000,0
RES00164,COL1163,Computer Science,18,103,3,4,6319000,0
RES00165,COL0032,English,5,29,4,4,4950000,2
RES00166,COL1677,Computer Science,28,175,12,10,16477000,1
RES00167,COL0110,Physics,1,8,0,0,0,2
RES00168,COL0091,Marathi,75,311,1,5,12945000,1
RES00169,COL0176,Marathi,3,23,1,3,4514000,0
RES00170,COL0204,Mechanical Engineering,0,0,0,0,0,3
RES00171,COL1136,English,3,20,2,0,324000,1
RES00172,COL1597,Horticulture,0,0,3,2,2688000,2
RES00173,COL1022,Economics,81,466,1,6,17954000,0
RES00174,COL0142,Chemistry,14,123,6,5,16964000,2
RES00175,COL1916,Information Technology,24,159,5,11,11990000,1
RES00176,COL1224,Information Technology,29,256,4,4,12619000,1
RES00177,COL1516,Pharmacognosy,30,259,2,3,8938000,3
RES00178,COL0959,English,2,16,1,2,2039000,1
RES00179,COL1402,Marathi,1,9,1,1,1931000,1
RES00180,COL1689,Commerce,18,50,3,10,19935000,0
RES00181,COL0941,Political Science,1,10,0,0,0,3
RES00182,COL0625,English,2,11,0,2,2220000,0
RES00183,COL0895,Information Technology,1,5,0,0,0,2
RES00184,COL1321,Chemistry,1,5,0,1,2839000,0
RES00185,COL1612,Mathematics,1,9,1,3,4550000,3
RES00186,COL1392,Computer Science,0,0,1,0,153000,2
RES00187,COL1037,Marathi,1,5,0,0,0,1
RES00188,COL1286,Marathi,1,4,0,1,1491000,1
RES00189,COL1621,Economics,15,120,1,4,11741000,0
RES00190,COL0973,Curriculum & Pedagogy,1,11,2,0,563000,2
RES00191,COL1469,Pathology,1,9,0,2,936000,2
RES00192,COL0980,Computer Science,11,68,0,4,6650000,2
RES00193,COL0712,Chemistry,5,16,4,2,2743000,0
RES00194,COL1717,Obstetrics & Gynaecological Nursing,1,8,2,0,351000,2
RES00195,COL1691,Political Science,6,55,4,2,6286000,1
RES00196,COL0541,Physics,1,4,2,0,184000,1
RES00197,COL0537,Pharmaceutics,1,6,3,1,1675000,2
RES00198,COL0677,Commerce,1,4,0,0,0,0
RES00199,COL1096,Mechanical Engineering,2,16,1,1,1599000,1
RES00200,COL0728,Mathematics,2,15,0,2,7027000,1
RES00201,COL0951,Electrical Engineering,6,41,2,1,2710000,0
RES00202,COL1236,Marathi,9,59,1,5,11220000,0
RES00203,COL0501,Physics,51,320,1,10,22259000,1
RES00204,COL0579,Chemistry,11,59,3,8,5105000,2
RES00205,COL0893,Human Resources,1,5,0,0,0,2
RES00206,COL1746,Civil Engineering,3,13,2,3,8198000,2
RES00207,COL1416,Electrical Engineering,17,64,5,6,9963000,1
RES00208,COL0538,History,1,8,2,0,180000,0
RES00209,COL0620,Physics,1,9,0,1,1079000,3
RES00210,COL1364,Chemistry,4,21,2,1,1366000,3
RES00211,COL0077,Commerce,7,26,3,1,2419000,1
RES00212,COL0581,Finance,0,0,0,0,0,1
RES00213,COL1946,Civil Engineering,138,979,3,14,8219000,1
RES00214,COL1254,Physics,8,36,1,2,2399000,0
RES00215,COL1377,Plant Pathology,13,41,0,5,11749000,1
RES00216,COL0737,Building Construction & Materials,1,5,0,1,1216000,3
RES00217,COL0398,Economics,6,45,1,2,2703000,0
RES00218,COL1538,Medicine,6,35,0,3,6797000,2
RES00219,COL0521,Physics,0,0,0,0,0,1
RES00220,COL0347,Operations Management,1,5,0,1,1391000,0
RES00221,COL0813,Mathematics,14,109,1,4,8771000,2
RES00222,COL0164,Mathematics,48,415,0,7,12856000,1
RES00223,COL0142,English,0,0,0,0,0,1
RES00224,COL1578,Chemistry,21,162,8,10,20648000,2
RES00225,COL0015,Physics,40,165,3,12,23601000,0
RES00226,COL0016,Business Analytics,1,5,0,1,1390000,0
RES00227,COL0894,Chemistry,1,8,5,3,10469000,0
RES00228,COL0494,Educational Psychology,1,7,1,1,1166000,3
RES00229,COL1160,Marathi,20,158,2,8,11572000,0
RES00230,COL0839,Marathi,1,7,0,1,3691000,3
RES00231,COL1529,Biochemistry,1,7,2,1,1826000,0
RES00232,COL0675,Mathematics,1,8,0,2,3353000,3
RES00233,COL1748,Mathematics,2,11,0,4,4887000,1
RES00234,COL1633,Physics,11,83,1,10,22036000,2
RES00235,COL0365,Electrical Engineering,6,51,4,1,2400000,3
RES00236,COL1588,Accountancy,1,4,0,3,1247000,0
RES00237,COL0375,Commerce,3,12,2,2,4790000,1
RES00238,COL0668,Pharmacognosy,0,0,2,0,476000,0
RES00239,COL1290,Information Technology,6,30,2,2,4329000,1
RES00240,COL1831,Computer Science,1,8,1,1,3644000,1
RES00241,COL0804,Soil Science,13,67,0,2,1683000,1
RES00242,COL1338,Electronics & Telecommunication,1,6,3,4,6860000,1
RES00243,COL1774,Chemistry,2,10,3,2,1613000,2
RES00244,COL1880,Human Resources,2,16,0,1,2974000,2
RES00245,COL1019,Commerce,0,0,0,1,1207000,1
RES00246,COL1394,Electrical Engineering,15,80,6,3,8361000,3
RES00247,COL1350,Electrical Engineering,20,105,5,7,3271000,1
RES00248,COL1779,Civil Engineering,80,353,3,7,16258000,2
RES00249,COL0285,English,4,39,2,3,9272000,3
RES00250,COL0457,Marathi,24,258,4,5,7060000,4
RES00251,COL1200,Civil Engineering,1,11,1,1,3403000,3
RES00252,COL1826,Criminal Law,1,5,1,1,2118000,1
RES00253,COL0568,History,20,132,2,6,8758000,2
RES00254,COL1076,Mechanical Engineering,3,22,0,3,8746000,3
RES00255,COL0296,Child Health Nursing,4,16,1,4,1491000,0
RES00256,COL0119,Electronics & Telecommunication,2,14,5,1,2134000,1
RES00257,COL0205,Mathematics,1,6,1,1,1048000,0
RES00258,COL1907,Electronics & Telecommunication,4,40,6,2,5549000,4
RES00259,COL0685,Computer Engineering,78,472,5,10,17060000,2
RES00260,COL1781,Mechanical Engineering,4,20,5,8,15762000,0
RES00261,COL1461,Mathematics,1,8,1,2,2490000,3
RES00262,COL1368,Economics,1,5,1,0,156000,1
RES00263,COL0961,Zoology,9,70,2,4,7017000,3
RES00264,COL0728,Economics,9,88,3,5,16558000,2
RES00265,COL0519,Botany,9,97,3,6,21810000,2
RES00266,COL0613,English,6,19,3,5,7223000,1
RES00267,COL1866,English,1,6,1,3,6740000,0
RES00268,COL1060,History,1,9,0,1,1953000,3
RES00269,COL1902,Computer Science,2,12,4,4,7091000,2
RES00270,COL0356,Chemistry,36,307,9,12,14260000,2
RES00271,COL0650,Mathematics,2,17,0,1,1403000,1
RES00272,COL0205,Physics,42,141,2,6,7388000,0
RES00273,COL0835,Physics,25,163,0,10,3920000,0
RES00274,COL0091,Economics,1,6,1,1,1698000,1
RES00275,COL0579,English,1,5,0,0,0,0
RES00276,COL0865,English,1,8,0,0,0,3
RES00277,COL0731,Business Analytics,1,5,1,1,1417000,0
RES00278,COL1918,Medical Surgical Nursing,0,0,1,1,1078000,0
RES00279,COL0562,Community Health Nursing,0,0,0,0,0,3
RES00280,COL1133,Commerce,11,83,0,3,6345000,1
RES00281,COL0994,Chemistry,141,1199,8,12,35522000,1
RES00282,COL0088,English,1,6,4,0,653000,0
RES00283,COL1549,Electrical Engineering,3,15,9,0,1804000,2
RES00284,COL1963,Chemistry,7,48,1,3,4651000,1
RES00285,COL0951,Mechanical Engineering,20,122,2,4,3115000,2
RES00286,COL1570,Marathi,2,17,3,0,859000,2
RES00287,COL0080,Botany,0,0,0,0,0,2
RES00288,COL0245,History,1,4,1,2,2596000,1
RES00289,COL1951,Electrical Engineering,20,162,4,9,21604000,3
RES00290,COL1679,Economics,1,8,0,2,3552000,3
RES00291,COL0628,Computer Engineering,2,9,6,2,2936000,3
RES00292,COL0176,Physics,1,7,2,0,568000,1
RES00293,COL0086,Pharmaceutical Chemistry,3,19,0,1,679000,1
RES00294,COL1244,Pharmaceutics,1,6,3,2,2944000,2
RES00295,COL0117,Chemistry,55,460,4,9,21058000,1
RES00296,COL1353,Accountancy,1,7,0,2,3606000,1
RES00297,COL0307,Commerce,17,145,1,5,2699000,1
RES00298,COL0265,Computer Science,3,22,2,4,6029000,1
RES00299,COL0712,Economics,10,30,1,3,1240000,2
RES00300,COL1156,Pharmaceutical Chemistry,4,27,0,2,4347000,1
RES00301,COL0986,Mathematics,1,7,1,1,1790000,2
RES00302,COL1482,Mechanical Engineering,17,116,6,3,4409000,2
RES00303,COL1209,Electronics & Telecommunication,13,33,9,10,10724000,2
RES00304,COL0459,Marathi,57,348,1,6,12534000,2
RES00305,COL0236,Electrical Engineering,2,15,2,2,1854000,0
RES00306,COL0007,Banking & Finance,3,24,1,1,3183000,1
RES00307,COL1765,Physics,1,5,0,0,0,0
RES00308,COL0062,Chemistry,4,36,2,1,2241000,1
RES00309,COL0977,Community Health Nursing,1,5,1,2,2378000,2
RES00310,COL0969,Information Technology,1,5,1,1,3422000,1
RES00311,COL0658,Civil Engineering,7,40,1,1,782000,1
RES00312,COL0029,Sociology,0,0,0,0,0,1
RES00313,COL0730,Computer Science,50,409,4,7,14038000,2
RES00314,COL1497,Criminal Law,2,6,2,3,2018000,1
RES00315,COL1468,Educational Administration,1,6,1,3,5876000,1
RES00316,COL0326,Economics,35,257,1,6,14252000,0
RES00317,COL1443,Chemistry,0,0,2,0,309000,1
RES00318,COL1540,Marathi,4,37,0,1,1591000,0
RES00319,COL1531,Civil Engineering,0,0,5,1,4978000,1
RES00320,COL0130,Electronics & Telecommunication,14,54,5,2,3043000,0
RES00321,COL0346,Computer Engineering,0,0,1,2,7941000,2
RES00322,COL0221,Zoology,0,0,3,1,1474000,1
RES00323,COL0209,Economics,5,35,2,2,5440000,1
RES00324,COL0279,Mathematics,2,5,2,0,458000,0
RES00325,COL0248,Economics,7,48,0,3,2857000,1
RES00326,COL0800,Banking & Finance,22,183,1,11,21056000,2
RES00327,COL0784,Marathi,1,6,0,0,0,0
RES00328,COL1893,Obstetrics & Gynaecological Nursing,1,6,0,0,0,2
RES00329,COL1479,Building Construction & Materials,6,26,0,4,4675000,4
RES00330,COL1070,Pharmaceutics,2,17,1,6,5380000,1
RES00331,COL1883,Chemistry,1,3,0,1,1399000,0
RES00332,COL0399,Electrical Engineering,1,7,2,2,2952000,1
RES00333,COL1453,Civil Engineering,4,20,1,2,2286000,2
RES00334,COL0594,Information Technology,2,11,0,4,8160000,1
RES00335,COL1703,English,1,5,0,0,0,0
RES00336,COL0999,English,1,5,2,2,2670000,1
RES00337,COL0696,Electronics & Telecommunication,2,19,1,2,5458000,2
RES00338,COL0319,Computer Science,8,42,2,1,1651000,2
RES00339,COL0103,Curriculum & Pedagogy,1,2,2,1,894000,0
RES00340,COL0321,Educational Administration,0,0,0,0,0,2
RES00341,COL0473,Marketing,14,104,3,3,11023000,3
RES00342,COL1373,Botany,9,41,0,4,2017000,0
RES00343,COL0390,Computer Engineering,33,233,1,2,1430000,4
RES00344,COL1574,English,3,13,0,1,698000,2
RES00345,COL0766,Electrical Engineering,3,7,0,4,3181000,0
RES00346,COL0427,Civil Engineering,5,39,0,2,1644000,2
RES00347,COL0007,Economics,0,0,0,0,0,2
RES00348,COL1614,Pharmacology,2,19,0,2,4503000,1
RES00349,COL0896,Chemistry,1,2,2,1,1345000,0
RES00350,COL1012,Educational Psychology,1,3,1,0,140000,1
RES00351,COL1494,Computer Engineering,1,4,2,1,939000,3
RES00352,COL0275,Marathi,14,33,1,5,7758000,0
RES00353,COL0899,Business Analytics,2,16,0,2,4605000,1
RES00354,COL1861,Zoology,1,7,2,2,5968000,1
RES00355,COL0011,Computer Science,1,5,1,2,2032000,0
RES00356,COL0550,Civil Engineering,13,96,7,4,6087000,2
RES00357,COL1267,Business Administration,1,5,1,2,3059000,1
RES00358,COL1768,Pharmaceutics,0,0,2,1,1134000,0
RES00359,COL1566,Physics,0,0,0,1,3027000,3
RES00360,COL1458,Computer Engineering,1,5,1,0,185000,0
RES00361,COL0540,Computer Science,5,32,1,2,3209000,1
RES00362,COL1633,Commerce,1,5,0,1,890000,3
RES00363,COL0685,Electrical Engineering,39,159,3,6,13093000,2
RES00364,COL1415,Computer Engineering,1,4,3,3,4386000,2
RES00365,COL0316,Pharmacology,0,0,0,1,939000,2
RES00366,COL0827,Physics,3,18,0,1,2481000,1
RES00367,COL0059,Anatomy,6,42,5,7,13303000,1
RES00368,COL1623,Pharmaceutics,0,0,0,1,3655000,2
RES00369,COL1447,Economics,1,4,1,3,5414000,1
RES00370,COL0539,Computer Engineering,2,10,1,3,2453000,1
RES00371,COL0009,Computer Engineering,11,59,1,3,2028000,3
RES00372,COL0963,Mechanical Engineering,0,0,0,1,2085000,0
RES00373,COL0417,Civil Engineering,3,18,2,4,10269000,3
RES00374,COL0369,Electrical Engineering,8,47,2,5,4409000,1
RES00375,COL1852,Commerce,0,0,0,0,0,0
RES00376,COL1440,Business Administration,1,6,0,1,1052000,1
RES00377,COL1651,Computer Engineering,1,4,2,1,635000,1
RES00378,COL1069,Physics,0,0,1,0,152000,1
RES00379,COL0254,Educational Psychology,0,0,0,0,0,0
RES00380,COL0552,Physics,8,78,2,4,3468000,2
RES00381,COL1862,Computer Science,8,59,2,8,18088000,2
RES00382,COL0348,Marathi,13,78,1,4,4432000,1
RES00383,COL1782,Mathematics,0,0,1,0,112000,0
RES00384,COL1606,Economics,64,556,1,8,26872000,1
RES00385,COL0005,Marathi,0,0,0,1,2750000,1
RES00386,COL1947,Curriculum & Pedagogy,14,125,1,4,8965000,0
RES00387,COL1016,History,3,33,1,3,1910000,1
RES00388,COL0611,Electronics & Telecommunication,0,0,0,2,1338000,2
RES00389,COL0997,Civil Engineering,35,221,4,12,41212000,3
RES00390,COL1852,Marathi,4,36,0,2,3754000,2
RES00391,COL0832,English,17,116,2,5,8258000,1
RES00392,COL1383,Chemistry,0,0,1,2,4040000,0
RES00393,COL1728,Civil Engineering,4,36,0,0,0,2
RES00394,COL0804,Horticulture,1,7,1,0,172000,0
RES00395,COL1968,Electronics & Telecommunication,3,27,7,4,11854000,1
RES00396,COL0389,Chemistry,4,17,2,6,10702000,1
RES00397,COL1274,Pharmaceutics,1,5,2,2,5538000,0
RES00398,COL0457,Mathematics,0,0,0,1,3320000,0
RES00399,COL0124,Electrical Engineering,5,42,0,1,2094000,3
RES00400,COL1204,Marathi,72,423,2,9,11710000,2
RES00401,COL0172,Mathematics,31,175,3,9,3533000,2
RES00402,COL0916,English,1,6,0,0,0,0
RES00403,COL0922,Pharmacognosy,5,29,0,3,5602000,1
RES00404,COL1239,Physics,56,362,2,14,37715000,3
RES00405,COL0880,Operations Management,11,45,0,3,1055000,2
RES00406,COL0625,Marathi,12,95,1,2,1038000,1
RES00407,COL0097,Physics,1,7,0,1,2568000,1
RES00408,COL1704,Economics,6,50,2,8,18122000,2
RES00409,COL0792,Business Administration,1,5,1,1,1517000,1
RES00410,COL0061,Sociology,7,57,1,5,16429000,1
RES00411,COL1159,Mechanical Engineering,27,213,6,11,34496000,3
RES00412,COL0001,Economics,1,8,0,3,3202000,1
RES00413,COL1922,Mechanical Engineering,11,63,0,8,6100000,0
RES00414,COL1334,Marketing,1,7,0,1,2080000,2
RES00415,COL0329,Mechanical Engineering,0,0,3,1,1373000,1
RES00416,COL1876,Economics,4,22,1,0,258000,2
RES00417,COL0215,Economics,1,7,0,1,715000,2
RES00418,COL1136,Mathematics,3,16,0,6,7995000,2
RES00419,COL1226,Electrical Engineering,1,9,4,4,8376000,3
RES00420,COL0601,Pharmaceutics,0,0,0,1,3011000,2
RES00421,COL1514,English,3,18,3,3,2867000,0
RES00422,COL0953,Banking & Finance,24,125,2,6,15870000,2
RES00423,COL1590,Chemistry,23,103,7,9,24237000,2
RES00424,COL1865,Mathematics,1,5,1,3,7877000,1
RES00425,COL0286,Human Resources,23,81,2,6,3691000,1
RES00426,COL0455,Accountancy,8,49,0,2,4450000,1
RES00427,COL0133,Pharmacognosy,0,0,1,1,2926000,1
RES00428,COL0934,Educational Administration,1,4,2,2,842000,1
RES00429,COL0930,Educational Administration,0,0,0,2,3473000,1
RES00430,COL0332,Mechanical Engineering,11,65,7,7,8500000,0
RES00431,COL1568,Pharmacology,1,6,3,0,225000,0
RES00432,COL0495,Civil Engineering,4,24,4,3,5228000,3
RES00433,COL0596,Marathi,2,11,0,2,1387000,1
RES00434,COL0176,English,44,165,3,13,21456000,0
RES00435,COL0460,Electronics & Telecommunication,1,5,1,0,165000,4
RES00436,COL1959,Mathematics,6,42,2,4,8840000,2
RES00437,COL1105,Banking & Finance,0,0,0,0,0,1
RES00438,COL0968,Marathi,1,5,3,1,2707000,1
RES00439,COL1704,Physics,6,26,0,4,1535000,3
RES00440,COL0621,Marathi,30,135,5,8,12781000,1
RES00441,COL1598,English,2,22,0,5,3892000,2
RES00442,COL1613,Electrical Engineering,1,6,1,0,86000,1
RES00443,COL0608,Architectural Design,4,15,3,1,2351000,3
RES00444,COL0304,Economics,0,0,0,0,0,1
RES00445,COL0971,Mechanical Engineering,10,54,12,8,21603000,0
RES00446,COL1130,Physics,2,19,0,2,5467000,1
RES00447,COL1031,Zoology,1,7,0,1,3025000,1
RES00448,COL1287,Electronics & Telecommunication,1,6,3,1,2052000,3
RES00449,COL1145,English,1,8,4,5,9842000,1
RES00450,COL1816,Mechanical Engineering,6,31,5,6,13851000,1
RES00451,COL0974,Pharmaceutical Chemistry,39,265,3,5,11482000,2
RES00452,COL0026,Physics,30,86,1,7,3951000,0
RES00453,COL1549,Mechanical Engineering,2,13,0,0,0,1
RES00454,COL0241,Botany,5,25,3,2,1656000,3
RES00455,COL1329,Mechanical Engineering,0,0,2,0,524000,1
RES00456,COL0822,Banking & Finance,0,0,2,0,581000,0
RES00457,COL0270,Economics,5,19,1,8,14091000,0
RES00458,COL1223,Commerce,1,7,0,0,0,2
RES00459,COL1750,Mechanical Engineering,9,67,2,2,3537000,2
RES00460,COL0558,Obstetrics & Gynaecological Nursing,1,6,0,0,0,0
RES00461,COL1790,Physics,4,44,1,4,10103000,3
RES00462,COL0619,Information Technology,0,0,0,0,0,0
RES00463,COL0170,Architectural Design,1,6,0,2,734000,1
RES00464,COL1821,Electrical Engineering,158,1363,7,12,14196000,4
RES00465,COL0324,Chemistry,12,51,4,3,8872000,1
RES00466,COL0768,Information Technology,1,11,2,3,10862000,1
RES00467,COL1145,Commerce,0,0,1,0,134000,2
RES00468,COL0424,Commerce,1,5,2,1,3701000,2
RES00469,COL0063,Soil Science,29,112,0,7,4913000,2
RES00470,COL0035,Electronics & Telecommunication,60,508,4,10,11603000,2
RES00471,COL0146,Economics,9,83,0,6,5536000,3
RES00472,COL1204,Commerce,8,71,1,3,4537000,0
RES00473,COL1207,Civil Engineering,1,3,0,2,1417000,0
RES00474,COL0777,Electrical Engineering,1,6,5,2,7816000,3
RES00475,COL0135,Electrical Engineering,1,5,4,2,6415000,1
RES00476,COL1174,Mechanical Engineering,0,0,0,0,0,2
RES00477,COL0908,Commerce,3,20,3,2,2829000,2
RES00478,COL1200,Information Technology,1,11,2,2,2667000,3
RES00479,COL0429,Corporate Law,1,3,2,0,311000,2
RES00480,COL0764,Chemistry,0,0,0,1,662000,1
RES00481,COL0486,Computer Engineering,1,6,3,3,2229000,3
RES00482,COL1980,Computer Engineering,0,0,0,0,0,1
RES00483,COL1556,Surgery,0,0,1,0,240000,2
RES00484,COL1163,Mathematics,5,26,1,6,10809000,0
RES00485,COL1584,Electronics & Telecommunication,25,200,5,3,9253000,2
RES00486,COL0138,Marathi,0,0,2,2,1265000,0
RES00487,COL0176,Economics,3,22,6,4,5689000,0
RES00488,COL1384,Physics,1,4,0,0,0,2
RES00489,COL0364,Civil Engineering,3,19,0,3,4209000,3
RES00490,COL1161,Commerce,1,9,0,2,5569000,1
RES00491,COL0033,Mechanical Engineering,5,29,4,4,9598000,2
RES00492,COL0886,Electronics & Telecommunication,2,16,2,2,6346000,4
RES00493,COL0150,Information Technology,14,60,8,6,2647000,2
RES00494,COL1517,Pathology,0,0,2,0,597000,1
RES00495,COL0680,Mathematics,5,22,0,1,1181000,0
RES00496,COL1435,Civil Engineering,29,228,2,8,26065000,2
RES00497,COL0544,Computer Science,2,15,5,4,2693000,1
RES00498,COL1171,Mechanical Engineering,0,0,0,0,0,1
RES00499,COL1182,Agronomy,0,0,2,3,8847000,1
RES00500,COL0999,Chemistry,0,0,2,2,4809000,2
RES00501,COL1239,Commerce,20,137,1,7,7534000,3
RES00502,COL0113,Computer Engineering,3,24,2,0,536000,2
RES00503,COL1760,Physics,31,204,2,8,22093000,0
RES00504,COL0835,Computer Science,1,4,4,4,2863000,1
RES00505,COL1897,Chemistry,1,6,5,2,5296000,1
RES00506,COL1211,Economics,1,8,1,0,52000,2
RES00507,COL0968,Physics,0,0,0,0,0,0
RES00508,COL0176,Commerce,3,16,1,5,11479000,1
RES00509,COL0785,Business Administration,0,0,0,0,0,0
RES00510,COL1232,Plant Pathology,1,6,0,1,2052000,0
RES00511,COL0351,Economics,10,79,1,1,2878000,0
RES00512,COL1651,Electronics & Telecommunication,17,86,3,4,3058000,3
RES00513,COL0635,Marketing,0,0,0,0,0,1
RES00514,COL1108,Economics,0,0,0,0,0,1
RES00515,COL1122,Civil Engineering,0,0,2,1,1878000,2
RES00516,COL1026,Marketing,0,0,0,1,556000,2
RES00517,COL1136,Economics,7,36,1,3,5677000,1
RES00518,COL0224,Pharmaceutics,22,45,4,6,11391000,1
RES00519,COL0739,Information Technology,2,13,9,0,1416000,2
RES00520,COL1406,Anatomy,0,0,2,0,164000,4
RES00521,COL0333,Marathi,3,17,1,2,3530000,0
RES00522,COL0855,Information Technology,0,0,4,2,5087000,2
RES00523,COL0025,Economics,8,66,1,0,269000,1
RES00524,COL1304,Chemistry,55,497,7,6,20359000,1
RES00525,COL0232,Computer Science,1,9,1,1,2328000,1
RES00526,COL1769,Community Health Nursing,3,15,1,0,51000,3
RES00527,COL0456,Marketing,2,15,0,1,2297000,2
RES00528,COL0744,Mathematics,1,4,1,0,184000,1
RES00529,COL1032,Pharmaceutical Chemistry,3,25,3,3,4589000,1
RES00530,COL1024,Mechanical Engineering,0,0,0,0,0,1
RES00531,COL0587,Physics,51,387,6,13,29590000,3
RES00532,COL0539,Mechanical Engineering,1,4,2,0,323000,1
RES00533,COL1242,Business Administration,1,9,1,1,590000,1
RES00534,COL0918,Accountancy,1,5,1,3,3183000,0
RES00535,COL0839,Physics,2,12,0,2,1437000,2
RES00536,COL0982,Pharmacology,2,19,3,4,5674000,1
RES00537,COL0993,History,1,8,0,1,1123000,2
RES00538,COL0318,Mathematics,1,5,0,3,2153000,0
RES00539,COL1196,Medical Surgical Nursing,1,5,0,0,0,1
RES00540,COL0787,Computer Science,1,8,0,1,3067000,0
RES00541,COL0166,Pharmacognosy,7,59,1,2,4640000,2
RES00542,COL1054,Mechanical Engineering,9,76,6,5,7221000,2
RES00543,COL0312,Sociology,2,16,1,3,4732000,1
RES00544,COL1494,Electronics & Telecommunication,5,38,5,0,497000,2
RES00545,COL0142,Physics,2,12,1,1,2866000,3
RES00546,COL0998,Botany,1,4,2,1,1254000,2
RES00547,COL0994,Marathi,1,9,0,0,0,3
RES00548,COL0740,Economics,17,78,11,15,36012000,1
RES00549,COL0469,Electrical Engineering,0,0,0,1,2622000,0
RES00550,COL0019,Economics,1,6,0,2,692000,2
RES00551,COL1771,Chemistry,24,132,12,15,15703000,0
RES00552,COL0493,Marathi,10,64,4,5,16751000,2
RES00553,COL1800,Marathi,1,4,4,0,656000,2
RES00554,COL0786,Civil Engineering,1,8,0,0,0,1
RES00555,COL1128,Electrical Engineering,9,49,1,5,15097000,2
RES00556,COL0198,Economics,3,20,4,9,29512000,1
RES00557,COL0925,Computer Engineering,2,13,2,0,574000,2
RES00558,COL1443,Botany,0,0,3,1,1856000,1
RES00559,COL1619,Pharmacology,1,8,2,1,1220000,3
RES00560,COL0380,Marketing,5,15,0,2,1201000,2
RES00561,COL0143,Mechanical Engineering,1,7,2,1,2435000,3
RES00562,COL0409,English,1,7,1,3,7682000,2
RES00563,COL1236,English,6,44,1,3,8087000,2
RES00564,COL1493,Computer Engineering,0,0,3,0,270000,2
RES00565,COL1185,Zoology,1,7,4,2,1637000,2
RES00566,COL0985,English,1,10,1,2,2353000,3
RES00567,COL1576,Marathi,15,156,3,5,17128000,1
RES00568,COL1294,Pharmacognosy,1,6,1,3,2277000,3
RES00569,COL0353,Physics,1,3,2,3,4286000,1
RES00570,COL0678,Physics,2,7,1,2,4240000,2
RES00571,COL0856,Physics,7,50,0,8,20778000,0
RES00572,COL0902,Corporate Law,3,22,2,2,3332000,0
RES00573,COL0761,Computer Engineering,12,84,8,6,9870000,3
RES00574,COL1742,Economics,1,6,2,1,2784000,3
RES00575,COL1306,Physics,2,16,2,1,1365000,0
RES00576,COL1483,Mathematics,29,312,2,5,15739000,2
RES00577,COL0351,Commerce,45,271,2,4,5166000,0
RES00578,COL0629,Mathematics,21,46,3,3,5138000,0
RES00579,COL1437,Mechanical Engineering,16,82,4,5,4370000,2
RES00580,COL1231,Civil Engineering,1,9,0,1,2477000,2
RES00581,COL0083,Banking & Finance,58,310,2,7,22363000,1
RES00582,COL1531,Mechanical Engineering,1,8,0,0,0,2
RES00583,COL0113,Civil Engineering,0,0,2,2,4908000,2
RES00584,COL1101,Pharmacognosy,0,0,1,1,759000,3
RES00585,COL1940,Electronics & Telecommunication,21,163,3,4,7653000,2
RES00586,COL0653,Pharmacognosy,99,580,2,10,19327000,1
RES00587,COL1188,Chemistry,5,28,5,2,2672000,1
RES00588,COL1887,Marathi,12,65,0,5,3768000,2
RES00589,COL0118,Pharmacognosy,7,39,2,4,3023000,3
RES00590,COL0971,Electronics & Telecommunication,17,62,5,3,4934000,2
RES00591,COL1567,Business Administration,0,0,0,0,0,1
RES00592,COL1376,Mechanical Engineering,36,215,4,6,4052000,2
RES00593,COL1599,Banking & Finance,18,89,2,5,8997000,1
RES00594,COL0076,English,2,13,0,1,2181000,1
RES00595,COL1537,Pharmacology,2,13,0,5,2035000,1
RES00596,COL0909,Marketing,0,0,0,0,0,2
RES00597,COL0338,Physiology,10,53,5,5,4314000,1
RES00598,COL0682,Electrical Engineering,37,287,8,5,12379000,2
RES00599,COL0814,Economics,1,4,1,1,2522000,1
RES00600,COL0065,Information Technology,11,75,6,3,8127000,1
RES00601,COL0690,Pharmaceutics,3,18,4,0,443000,3
RES00602,COL1314,Chemistry,1,7,3,1,2172000,0
RES00603,COL0324,Computer Science,0,0,0,2,5518000,0
RES00604,COL1635,Computer Engineering,0,0,0,2,2729000,2
RES00605,COL0329,Information Technology,1,6,2,1,1887000,0
RES00606,COL0230,Commerce,0,0,2,4,9905000,2
RES00607,COL1730,Marketing,7,46,1,1,3420000,1
RES00608,COL1877,Accountancy,1,8,1,1,3366000,3
RES00609,COL0911,Mechanical Engineering,0,0,2,0,462000,2
RES00610,COL1900,Computer Science,1,2,3,4,3041000,0
RES00611,COL1995,Accountancy,4,21,0,0,0,3
RES00612,COL0882,Mathematics,3,32,0,3,5877000,4
RES00613,COL0124,Mechanical Engineering,76,654,5,8,11038000,4
RES00614,COL1908,Mathematics,20,146,1,10,17314000,2
RES00615,COL0893,Business Analytics,1,9,1,2,5211000,1
RES00616,COL1504,Computer Engineering,21,177,12,6,9666000,1
RES00617,COL1728,Computer Engineering,8,59,0,1,2433000,3
RES00618,COL0415,Botany,2,13,1,5,10637000,0
RES00619,COL1885,Soil Science,9,61,0,7,14294000,0
RES00620,COL0525,Economics,11,105,1,4,2447000,0
RES00621,COL0363,Marathi,1,4,0,1,559000,1
RES00622,COL0264,English,2,13,1,1,2727000,1
RES00623,COL1104,Operations Management,1,3,0,0,0,0
RES00624,COL0146,Computer Science,91,849,8,8,16348000,3
RES00625,COL0471,Chemistry,17,80,9,8,11056000,1
RES00626,COL1576,Physics,1,6,0,1,1274000,0
RES00627,COL1081,Computer Science,6,30,0,4,12250000,1
RES00628,COL1161,Computer Science,3,26,0,1,1692000,1
RES00629,COL0020,Economics,51,346,2,9,20731000,1
RES00630,COL0283,Accountancy,2,14,1,0,296000,2
RES00631,COL1960,Marathi,1,6,1,3,7314000,1
RES00632,COL0078,Chemistry,1,2,3,7,4588000,0
RES00633,COL0494,Educational Administration,12,55,0,3,5611000,2
RES00634,COL1404,Computer Science,13,114,4,6,9989000,3
RES00635,COL0096,Botany,2,9,1,2,1972000,2
RES00636,COL0233,Anatomy,1,8,0,0,0,1
RES00637,COL1860,Commerce,5,44,5,5,16153000,2
RES00638,COL1298,Mathematics,19,117,3,4,2503000,1
RES00639,COL1659,Building Construction & Materials,2,3,0,5,5144000,1
RES00640,COL1805,Information Technology,1,6,0,1,1150000,0
RES00641,COL1353,Economics,5,36,1,5,7580000,2
RES00642,COL0441,Computer Engineering,3,14,2,1,1364000,0
RES00643,COL0147,Pharmacognosy,7,47,3,6,14355000,3
RES00644,COL1364,English,4,24,3,1,1357000,0
RES00645,COL1224,Electronics & Telecommunication,1,10,0,2,7657000,3
RES00646,COL1457,Marathi,57,475,1,9,23441000,1
RES00647,COL0198,Chemistry,10,79,5,2,7694000,3
RES00648,COL1791,Civil Engineering,8,55,0,5,15220000,3
RES00649,COL1881,Pharmaceutics,0,0,2,0,535000,2
RES00650,COL0909,Operations Management,1,9,0,1,2321000,2
RES00651,COL1224,Mechanical Engineering,7,56,3,1,3958000,3
RES00652,COL1053,Curriculum & Pedagogy,2,20,0,1,827000,1
RES00653,COL0331,Civil Engineering,41,277,6,14,14510000,1
RES00654,COL1695,English,0,0,0,1,2578000,0
RES00655,COL1478,Mechanical Engineering,5,26,3,2,4839000,0
RES00656,COL1993,Mathematics,3,30,1,0,150000,2
RES00657,COL1998,Corporate Law,5,47,1,0,223000,2
RES00658,COL1807,Electrical Engineering,3,14,0,2,3347000,2
RES00659,COL0029,Marathi,1,7,0,0,0,1
RES00660,COL1822,Marathi,1,6,4,1,1690000,2
RES00661,COL0057,Civil Engineering,0,0,2,0,519000,1
RES00662,COL1681,Civil Engineering,10,44,1,4,10695000,2
RES00663,COL0265,Commerce,24,95,0,7,12190000,1
RES00664,COL1176,Pharmaceutical Chemistry,0,0,0,0,0,2
RES00665,COL0762,Computer Science,5,36,2,4,10490000,1
RES00666,COL1419,Medicine,41,285,2,9,8024000,2
RES00667,COL0050,Chemistry,0,0,1,1,529000,1
RES00668,COL1416,Information Technology,0,0,5,1,1743000,1
RES00669,COL1679,Mathematics,3,18,3,7,4522000,1
RES00670,COL0126,Mechanical Engineering,3,21,0,1,461000,1
RES00671,COL0780,Commerce,2,14,3,1,2946000,2
RES00672,COL1127,Economics,0,0,0,0,0,1
RES00673,COL0990,Electrical Engineering,1,4,4,2,1468000,1
RES00674,COL1069,Marathi,21,143,3,6,12697000,2
RES00675,COL1075,Biochemistry,3,21,2,1,1491000,0
RES00676,COL1004,Electrical Engineering,0,0,0,0,0,2
RES00677,COL1366,English,21,139,1,6,7704000,0
RES00678,COL0013,Electrical Engineering,7,45,8,6,6675000,1
RES00679,COL1439,Economics,0,0,1,1,2093000,0
RES00680,COL0025,Computer Science,10,85,5,6,5945000,0
RES00681,COL0864,Electrical Engineering,3,33,1,1,1262000,3
RES00682,COL0966,Chemistry,18,66,4,4,8527000,0
RES00683,COL0835,Mathematics,17,99,0,6,4263000,1
RES00684,COL1795,Economics,2,7,1,2,5330000,2
RES00685,COL0243,Electrical Engineering,2,10,3,2,1580000,2
RES00686,COL1073,Mathematics,6,37,1,3,5122000,3
RES00687,COL0269,History,3,8,0,0,0,1
RES00688,COL1854,Mathematics,12,66,3,6,10482000,1
RES00689,COL1857,Marathi,1,6,0,0,0,1
RES00690,COL0005,Physics,44,209,1,6,5215000,1
RES00691,COL1110,English,0,0,0,0,0,3
RES00692,COL0493,Physics,0,0,0,1,2115000,2
RES00693,COL1366,Mathematics,0,0,0,0,0,1
RES00694,COL1913,Commerce,1,9,0,4,2947000,1
RES00695,COL1076,Information Technology,1,6,0,0,0,4
RES00696,COL0650,English,0,0,0,2,5208000,2
RES00697,COL0007,Accountancy,1,6,1,1,1905000,1
RES00698,COL1966,Electronics & Telecommunication,0,0,0,1,1893000,0
RES00699,COL1785,Civil Engineering,5,38,0,1,2238000,1
RES00700,COL0998,Computer Science,1,4,1,0,288000,1
RES00701,COL0676,Civil Law,1,3,1,2,3505000,0
RES00702,COL0825,Civil Engineering,2,10,1,2,3362000,0
RES00703,COL1368,English,2,8,1,7,13556000,1
RES00704,COL1513,Commerce,4,25,2,3,10667000,1
RES00705,COL0955,Mathematics,2,12,0,2,3570000,1
RES00706,COL1801,Marathi,2,14,1,2,2150000,2
RES00707,COL1282,Chemistry,1,7,1,4,5662000,1
RES00708,COL0755,Architectural Design,2,12,1,2,2097000,1
RES00709,COL1081,Physics,3,16,2,3,8967000,1
RES00710,COL1671,Banking & Finance,14,132,3,9,11893000,2
RES00711,COL1765,Mathematics,2,7,0,0,0,0
RES00712,COL1557,Human Resources,0,0,0,0,0,2
RES00713,COL1647,Economics,1,4,2,0,245000,0
RES00714,COL0239,English,2,10,1,1,880000,2
RES00715,COL0589,Computer Engineering,1,8,8,1,4719000,2
RES00716,COL1107,Commerce,3,10,0,6,11095000,0
RES00717,COL0878,Agronomy,5,33,1,1,1260000,1
RES00718,COL1311,Mathematics,7,36,2,5,4437000,0
RES00719,COL1223,Mathematics,4,28,2,4,11229000,1
RES00720,COL0437,Mechanical Engineering,19,69,4,6,9900000,1
RES00721,COL1400,Chemistry,2,5,2,0,596000,1
RES00722,COL1902,English,9,70,1,4,12338000,0
RES00723,COL0130,Electrical Engineering,12,72,4,4,2702000,2
RES00724,COL1192,Pharmaceutics,1,7,4,0,233000,2
RES00725,COL0122,Computer Engineering,0,0,2,2,2176000,0
RES00726,COL1455,Economics,1,6,0,0,0,1
RES00727,COL1616,Electrical Engineering,17,126,7,7,12454000,4
RES00728,COL1713,Chemistry,0,0,1,1,1437000,2
RES00729,COL0164,Physics,36,190,2,5,14264000,3
RES00730,COL1167,Computer Engineering,1,5,2,0,373000,1
RES00731,COL1122,Information Technology,2,9,5,5,2998000,3
RES00732,COL0173,Economics,54,295,3,14,14201000,1
RES00733,COL0495,Electronics & Telecommunication,11,77,8,2,5712000,2
RES00734,COL1833,Mathematics,16,117,2,4,9307000,2
RES00735,COL1186,Child Health Nursing,0,0,1,2,5181000,0
RES00736,COL1636,Computer Engineering,10,109,1,2,1999000,4
RES00737,COL1461,Physics,1,8,0,1,2825000,1
RES00738,COL1304,Computer Science,2,12,1,0,289000,3
RES00739,COL0119,Mechanical Engineering,76,511,6,10,31257000,1
RES00740,COL0548,Mathematics,4,20,4,1,1130000,1
RES00741,COL0919,Physics,3,27,1,0,251000,1
RES00742,COL0263,Political Science,0,0,3,4,13284000,1
RES00743,COL0013,Mechanical Engineering,0,0,4,0,229000,2
RES00744,COL0593,Civil Engineering,78,542,4,13,47323000,2
RES00745,COL0387,Mechanical Engineering,15,93,4,3,2692000,2
RES00746,COL0956,Botany,26,121,1,5,10500000,2
RES00747,COL0062,Commerce,34,204,0,13,16328000,2
RES00748,COL1617,Economics,3,13,1,5,6510000,0
RES00749,COL0158,Electrical Engineering,0,0,1,1,2508000,1
RES00750,COL0711,Economics,0,0,0,1,2113000,1
RES00751,COL0754,Corporate Law,5,21,0,4,5862000,2
RES00752,COL1362,Marathi,9,56,1,3,9689000,2
RES00753,COL0072,Economics,1,4,2,4,1721000,0
RES00754,COL0840,English,14,69,1,3,8001000,1
RES00755,COL0660,Mathematics,0,0,1,1,2882000,1
RES00756,COL0790,Computer Engineering,3,17,2,0,157000,2
RES00757,COL0526,Mathematics,3,26,2,1,2107000,3
RES00758,COL0017,Physics,50,305,1,5,9192000,2
RES00759,COL0878,Horticulture,3,20,0,1,1677000,1
RES00760,COL0664,Mechanical Engineering,19,92,5,4,8322000,2
RES00761,COL0999,Economics,13,58,0,4,7473000,1
RES00762,COL1922,Electronics & Telecommunication,14,77,1,3,6976000,0
RES00763,COL0255,Accountancy,2,12,2,1,1669000,0
RES00764,COL1877,Banking & Finance,0,0,1,0,61000,0
RES00765,COL0777,Civil Engineering,4,23,0,1,595000,2
RES00766,COL0577,Electronics & Telecommunication,0,0,0,0,0,0
RES00767,COL1747,Civil Law,1,8,0,0,0,2
RES00768,COL1107,Economics,44,141,6,17,26040000,0
RES00769,COL0713,Electrical Engineering,0,0,0,2,3129000,1
RES00770,COL0585,Civil Engineering,4,21,0,0,0,3
RES00771,COL0075,Chemistry,0,0,0,0,0,1
RES00772,COL0073,Child Health Nursing,4,13,0,3,6621000,0
RES00773,COL1959,Physics,8,61,4,5,19613000,3
RES00774,COL1977,Physics,1,7,0,2,821000,2
RES00775,COL1168,Mathematics,1,3,0,1,1834000,2
RES00776,COL1420,Curriculum & Pedagogy,1,6,0,1,2009000,2
RES00777,COL1230,Chemistry,2,12,3,3,3500000,0
RES00778,COL1331,Urban Planning,0,0,0,3,2050000,1
RES00779,COL1598,Chemistry,10,93,5,8,14093000,0
RES00780,COL0445,Electronics & Telecommunication,2,9,5,2,1520000,2
RES00781,COL0223,Banking & Finance,0,0,1,1,1888000,1
RES00782,COL1836,English,5,40,3,2,4614000,2
RES00783,COL1364,Commerce,7,42,2,8,19332000,1
RES00784,COL1544,Mathematics,5,42,1,5,7275000,1
RES00785,COL1064,Civil Engineering,21,60,3,7,13103000,0
RES00786,COL1834,Banking & Finance,1,7,1,1,3022000,0
RES00787,COL1590,Mathematics,5,22,0,3,8105000,0
RES00788,COL0859,Educational Administration,2,13,0,1,2601000,2
RES00789,COL0475,Commerce,0,0,1,0,127000,1
RES00790,COL1045,Business Administration,13,85,2,5,13034000,1
RES00791,COL1783,Marathi,1,8,1,1,2468000,2
RES00792,COL1297,Civil Engineering,1,7,0,1,3201000,2
RES00793,COL0626,Civil Law,2,10,0,1,576000,3
RES00794,COL1908,Economics,17,115,3,8,12158000,2
RES00795,COL0274,Information Technology,0,0,0,0,0,2
RES00796,COL1649,Economics,19,184,2,9,31014000,4
RES00797,COL1366,Computer Science,0,0,0,0,0,1
RES00798,COL0586,Computer Science,6,23,1,1,2215000,2
RES00799,COL1038,Electronics & Telecommunication,0,0,0,1,602000,1
RES00800,COL1603,Chemistry,6,38,4,3,8407000,2
RES00801,COL1766,Mathematics,0,0,0,1,1115000,0
RES00802,COL0073,Obstetrics & Gynaecological Nursing,3,19,3,0,549000,1
RES00803,COL0271,Electrical Engineering,3,12,2,1,1987000,3
RES00804,COL0915,Zoology,5,15,1,1,1650000,2
RES00805,COL1202,Commerce,25,186,1,9,18006000,1
RES00806,COL1954,Civil Engineering,3,20,1,3,4837000,3
RES00807,COL1156,Pharmacology,3,18,0,3,4933000,3
RES00808,COL1854,Chemistry,4,26,5,2,1749000,1
RES00809,COL0278,Sociology,4,38,0,1,806000,2
RES00810,COL0683,Medical Surgical Nursing,8,55,2,4,7257000,1
RES00811,COL1892,Electrical Engineering,46,408,7,9,18576000,3
RES00812,COL1217,Marketing,5,22,1,7,4292000,1
RES00813,COL1167,Civil Engineering,1,8,0,0,0,1
RES00814,COL1665,Mechanical Engineering,0,0,2,0,444000,0
RES00815,COL1518,Political Science,1,4,1,1,1159000,0
RES00816,COL0959,Economics,9,73,1,2,4375000,1
RES00817,COL0380,Finance,7,41,0,6,3080000,2
RES00818,COL1134,Medical Surgical Nursing,12,75,0,6,13028000,0
RES00819,COL1080,English,2,18,0,3,6697000,2
RES00820,COL1733,Zoology,0,0,2,0,597000,1
RES00821,COL0562,Child Health Nursing,1,5,0,0,0,1
RES00822,COL1737,Mathematics,34,326,3,3,8552000,2
RES00823,COL1000,Computer Engineering,3,18,7,3,10246000,3
RES00824,COL0202,Electrical Engineering,1,5,0,1,1582000,1
RES00825,COL0049,Information Technology,4,20,2,1,1237000,0
RES00826,COL0535,Mathematics,0,0,0,0,0,0
RES00827,COL0531,Plant Pathology,2,12,0,5,10309000,1
RES00828,COL1941,Computer Engineering,2,7,6,5,3572000,1
RES00829,COL0580,Medical Surgical Nursing,21,95,2,5,8762000,0
RES00830,COL1752,Educational Administration,0,0,0,1,2206000,0
RES00831,COL0711,Computer Science,0,0,1,0,98000,3
RES00832,COL1510,Botany,2,9,1,0,105000,1
RES00833,COL1699,Mathematics,0,0,0,0,0,1
RES00834,COL0343,Computer Science,10,49,6,4,4574000,1
RES00835,COL1988,Computer Engineering,2,6,2,1,1176000,0
RES00836,COL1107,English,3,10,1,2,3772000,2
RES00837,COL0540,English,0,0,0,0,0,0
RES00838,COL0663,Information Technology,87,677,5,8,4149000,3
RES00839,COL0353,Chemistry,4,16,3,3,4306000,2
RES00840,COL0504,Anatomy,0,0,0,0,0,2
RES00841,COL1685,Chemistry,0,0,1,0,145000,1
RES00842,COL1062,Economics,3,24,1,1,3429000,1
RES00843,COL0123,Economics,1,3,0,1,1621000,2
RES00844,COL0165,English,2,13,0,4,12999000,1
RES00845,COL1243,Constitutional Law,0,0,0,0,0,1
RES00846,COL0940,Mechanical Engineering,29,177,13,8,21309000,0
RES00847,COL1502,Economics,0,0,0,0,0,0
RES00848,COL1913,Marathi,24,132,4,15,21776000,2
RES00849,COL0838,Economics,0,0,0,0,0,1
RES00850,COL0348,Commerce,9,40,8,5,12171000,0
RES00851,COL1441,Commerce,36,195,7,11,17644000,0
RES00852,COL1239,English,3,26,0,2,3295000,1
RES00853,COL1579,Chemistry,1,7,1,1,1854000,0
RES00854,COL1794,Electrical Engineering,6,42,1,4,11167000,3
RES00855,COL0219,Zoology,2,12,2,0,131000,2
RES00856,COL0552,Chemistry,9,84,3,3,11105000,3
RES00857,COL1925,Banking & Finance,21,98,2,7,5002000,0
RES00858,COL0888,Chemistry,1,5,1,0,231000,0
RES00859,COL0490,Computer Engineering,2,20,2,1,2657000,2
RES00860,COL1079,English,2,14,0,2,3594000,1
RES00861,COL1578,English,20,87,2,7,15342000,2
RES00862,COL0240,Marathi,2,13,0,1,1311000,0
RES00863,COL0727,Human Resources,0,0,0,2,2090000,1
RES00864,COL0639,Pharmaceutical Chemistry,8,52,8,5,11178000,2
RES00865,COL1886,Botany,3,24,0,6,13039000,0
RES00866,COL0068,Banking & Finance,0,0,1,1,2892000,0
RES00867,COL0774,Computer Engineering,0,0,1,1,2305000,1
RES00868,COL0047,Commerce,3,14,1,6,7630000,0
RES00869,COL0645,Mechanical Engineering,34,242,1,5,2994000,1
RES00870,COL0490,Mechanical Engineering,2,15,2,0,416000,0
RES00871,COL1413,Mechanical Engineering,2,15,4,2,4375000,2
RES00872,COL0618,Mechanical Engineering,13,65,5,5,5556000,3
RES00873,COL0230,Physics,1,6,3,4,8044000,0
RES00874,COL1689,English,0,0,0,1,454000,0
RES00875,COL1922,Information Technology,2,8,0,0,0,3
RES00876,COL0970,History,0,0,0,0,0,0
RES00877,COL0747,Mathematics,2,20,3,2,5880000,1
RES00878,COL1240,Mathematics,9,49,0,4,8392000,1
RES00879,COL0891,Physics,7,59,0,2,2142000,2
RES00880,COL1283,Mathematics,0,0,0,0,0,1
RES00881,COL1159,Electrical Engineering,7,59,2,3,5639000,2
RES00882,COL1606,Mathematics,3,21,0,0,0,1
RES00883,COL1248,Business Administration,0,0,2,3,7272000,2
RES00884,COL0895,Computer Engineering,12,40,8,14,14203000,2
RES00885,COL0220,Mechanical Engineering,1,5,0,2,4428000,2
RES00886,COL0308,Pharmacognosy,22,112,3,4,2926000,2
RES00887,COL1856,Mathematics,0,0,0,1,1343000,2
RES00888,COL0386,Information Technology,4,19,0,2,4083000,1
RES00889,COL1188,Computer Science,3,16,2,6,8058000,1
RES00890,COL0451,Computer Engineering,0,0,2,0,414000,2
RES00891,COL0597,Botany,47,260,2,5,2943000,1
RES00892,COL1984,Medicine,7,60,1,4,10710000,0
RES00893,COL1534,Business Administration,0,0,0,1,2386000,2
RES00894,COL0036,Business Administration,1,4,1,0,143000,1
RES00895,COL0005,Commerce,0,0,0,1,1451000,0
RES00896,COL1217,Human Resources,1,4,0,0,0,1
RES00897,COL1386,Pharmaceutical Chemistry,1,4,2,0,149000,3
RES00898,COL0507,Banking & Finance,3,26,1,1,1351000,1
RES00899,COL1526,Computer Science,242,1705,16,13,40102000,1
RES00900,COL0747,Commerce,2,13,0,5,8282000,2
RES00901,COL1333,Electrical Engineering,3,29,0,0,0,3
RES00902,COL0890,Computer Science,1,8,0,0,0,2
RES00903,COL1598,Economics,15,103,4,15,36370000,2
RES00904,COL1181,Pharmacognosy,0,0,0,0,0,1
RES00905,COL1410,Curriculum & Pedagogy,0,0,0,0,0,1
RES00906,COL1566,Marathi,0,0,0,0,0,2
RES00907,COL1561,Medical Surgical Nursing,2,16,1,1,3033000,2
RES00908,COL0979,Physics,0,0,1,1,748000,0
RES00909,COL0792,Accountancy,1,8,3,3,3297000,2
RES00910,COL1657,Marathi,0,0,0,3,5606000,3
RES00911,COL0518,Pharmaceutical Chemistry,6,52,1,0,169000,1
RES00912,COL0630,Civil Engineering,2,10,0,1,586000,1
RES00913,COL1996,Mathematics,3,22,0,1,493000,1
RES00914,COL0913,Chemistry,80,463,3,9,19163000,0
RES00915,COL1303,Chemistry,57,273,5,8,3440000,0
RES00916,COL0106,Urban Planning,0,0,1,0,277000,1
RES00917,COL0725,Pharmacognosy,1,6,0,0,0,1
RES00918,COL0857,History,51,458,2,3,4861000,0
RES00919,COL0057,Information Technology,5,40,3,2,4312000,1
RES00920,COL0659,Mechanical Engineering,4,19,4,4,14041000,2
RES00921,COL1590,Physics,9,72,0,3,5538000,1
RES00922,COL1880,Business Analytics,2,19,0,1,2308000,2
RES00923,COL0652,Commerce,0,0,0,0,0,2
RES00924,COL0840,Economics,9,49,1,3,2547000,1
RES00925,COL0153,Electrical Engineering,0,0,1,0,128000,1
RES00926,COL0770,Child Health Nursing,0,0,0,2,4212000,2
RES00927,COL0592,Computer Science,2,17,3,2,6560000,1
RES00928,COL0981,Mathematics,0,0,0,0,0,3
RES00929,COL1833,Computer Science,2,9,3,1,3102000,2
RES00930,COL1194,Chemistry,0,0,1,1,2165000,1
RES00931,COL1708,Electronics & Telecommunication,11,62,4,4,10759000,2
RES00932,COL1477,Economics,8,38,3,7,8126000,1
RES00933,COL0592,Mathematics,6,53,4,5,11665000,1
RES00934,COL0067,English,1,8,0,1,1644000,1
RES00935,COL1737,Marathi,1,11,1,2,2512000,2
RES00936,COL1069,Mathematics,0,0,0,1,818000,1
RES00937,COL0487,Mechanical Engineering,2,13,0,4,3356000,2
RES00938,COL0841,Civil Engineering,6,47,0,1,2165000,2
RES00939,COL1852,Computer Science,1,11,1,1,3751000,0
RES00940,COL0991,Physics,23,168,2,7,8782000,3
RES00941,COL1198,Computer Science,2,20,1,2,6483000,1
RES00942,COL1262,Business Administration,11,82,0,6,4467000,1
RES00943,COL0093,Economics,13,44,3,2,4734000,1
RES00944,COL1626,Physics,2,14,0,2,4052000,0
RES00945,COL0312,History,8,61,1,5,8391000,1
RES00946,COL0266,Computer Engineering,9,49,5,6,18111000,1
RES00947,COL1341,Physics,3,14,0,4,11468000,0
RES00948,COL0522,Political Science,0,0,1,0,226000,1
RES00949,COL1585,Criminal Law,1,6,0,1,1269000,0
RES00950,COL0436,Operations Management,3,33,0,0,0,2
RES00951,COL1109,Pediatrics,28,159,4,4,2545000,0
RES00952,COL1110,Commerce,0,0,0,0,0,0
RES00953,COL0011,Marathi,4,18,0,1,860000,1
RES00954,COL0481,Electrical Engineering,1,9,2,1,2404000,1
RES00955,COL0452,English,15,114,2,9,18398000,2
RES00956,COL0920,Computer Science,5,54,1,2,1174000,3
RES00957,COL0932,Information Technology,1,2,0,0,0,0
RES00958,COL1394,Information Technology,10,75,1,2,4472000,2
RES00959,COL1787,Information Technology,1,8,1,4,4998000,1
RES00960,COL1671,Business Administration,65,385,3,12,33551000,1
RES00961,COL0577,Civil Engineering,1,2,0,1,227000,0
RES00962,COL0350,Educational Psychology,25,103,1,5,10079000,1
RES00963,COL1153,Mathematics,2,14,1,0,147000,0
RES00964,COL1483,Computer Science,26,243,5,3,7758000,2
RES00965,COL0745,Building Construction & Materials,0,0,0,0,0,2
RES00966,COL1923,Electrical Engineering,3,18,4,3,1864000,2
RES00967,COL0766,Civil Engineering,5,17,1,4,7052000,1
RES00968,COL0287,Commerce,0,0,0,1,1609000,0
RES00969,COL1363,Electrical Engineering,0,0,0,2,1450000,1
RES00970,COL1303,Commerce,1,3,0,6,4739000,0
RES00971,COL1291,Information Technology,1,6,3,0,396000,1
RES00972,COL1697,Botany,8,50,2,4,8245000,2
RES00973,COL1235,Curriculum & Pedagogy,38,285,2,5,16520000,4
RES00974,COL0210,Electronics & Telecommunication,2,7,5,5,5962000,1
RES00975,COL1297,Electrical Engineering,1,6,2,0,459000,2
RES00976,COL1983,Economics,10,101,2,8,7675000,3
RES00977,COL1472,Chemistry,0,0,1,1,1743000,2
RES00978,COL0485,Political Science,9,35,0,2,3638000,1
RES00979,COL1408,Physics,27,217,1,4,3429000,1
RES00980,COL1694,Plant Pathology,0,0,0,0,0,2
RES00981,COL0006,Economics,3,11,0,2,2626000,0
RES00982,COL0684,English,1,7,2,2,4047000,3
RES00983,COL1218,Soil Science,11,74,0,3,8593000,2
RES00984,COL1567,Accountancy,1,9,1,4,8656000,3
RES00985,COL0861,Pharmacology,3,21,1,0,160000,3
RES00986,COL0459,Commerce,2,19,1,0,220000,0
RES00987,COL0599,Computer Engineering,7,52,1,3,3561000,0
RES00988,COL0035,Computer Engineering,3,11,0,1,548000,2
RES00989,COL1963,Mathematics,7,40,4,5,10052000,2
RES00990,COL0967,Mechanical Engineering,23,192,3,1,2830000,2
RES00991,COL1576,Mathematics,23,207,1,7,12658000,1
RES00992,COL1097,Physics,34,109,3,8,15169000,0
RES00993,COL0112,Information Technology,1,5,8,1,2959000,2
RES00994,COL1895,Marathi,44,360,1,7,8437000,2
RES00995,COL1642,History,1,9,1,1,2679000,3
RES00996,COL1255,Commerce,1,5,0,1,2023000,0
RES00997,COL0839,Computer Science,1,7,0,5,10173000,1
RES00998,COL0169,Physics,1,4,2,0,438000,2
RES00999,COL0367,Banking & Finance,2,6,0,1,1103000,0
RES01000,COL1173,Computer Engineering,17,147,1,3,8340000,3
RES01001,COL1433,Agronomy,4,40,0,3,8810000,3
RES01002,COL1493,Electronics & Telecommunication,2,10,3,2,4582000,3
RES01003,COL0992,Civil Engineering,2,6,0,7,6765000,2
RES01004,COL0251,Operations Management,6,39,0,2,1916000,1
RES01005,COL0048,Electrical Engineering,2,17,1,3,7175000,1
RES01006,COL1595,Economics,12,73,2,9,23233000,1
RES01007,COL0790,Electronics & Telecommunication,7,35,2,2,3703000,2
RES01008,COL1739,Civil Engineering,0,0,2,0,191000,1
RES01009,COL0738,Electrical Engineering,28,196,2,4,10619000,2
RES01010,COL0101,Chemistry,0,0,0,1,1930000,1
RES01011,COL1362,Economics,2,11,0,3,2106000,1
RES01012,COL0364,Electrical Engineering,3,20,0,3,10546000,5
RES01013,COL1814,Zoology,8,46,1,2,4835000,2
RES01014,COL1089,Marathi,2,15,0,0,0,1
RES01015,COL1406,Medicine,0,0,0,1,2770000,2
RES01016,COL0672,Commerce,6,34,2,6,16686000,3
RES01017,COL0174,Medical Surgical Nursing,2,18,0,2,7986000,3
RES01018,COL1269,Electronics & Telecommunication,1,5,4,0,725000,0
RES01019,COL0587,Marathi,0,0,0,0,0,2
RES01020,COL0419,Physics,1,4,1,2,1545000,3
RES01021,COL1502,English,1,5,1,1,2254000,1
RES01022,COL0151,Political Science,3,20,0,1,3502000,1
RES01023,COL0741,Physiology,1,9,2,3,5510000,3
RES01024,COL0343,Physics,16,97,1,3,4001000,0
RES01025,COL1835,Physics,1,5,0,2,1448000,3
RES01026,COL1544,Economics,1,10,0,2,7770000,1
RES01027,COL0153,Computer Engineering,1,12,3,1,3256000,3
RES01028,COL1348,Physics,10,65,2,9,15648000,0
RES01029,COL0385,Banking & Finance,7,41,3,3,2692000,3
RES01030,COL1348,English,5,27,2,2,5280000,1
RES01031,COL1656,Pharmaceutics,30,232,15,7,27908000,3
RES01032,COL0763,Computer Science,2,13,0,2,1352000,2
RES01033,COL0760,Economics,1,6,1,0,294000,0
RES01034,COL0498,Economics,1,9,0,0,0,2
RES01035,COL0824,Pharmacology,1,6,2,0,292000,0
RES01036,COL0088,History,0,0,0,1,1165000,2
RES01037,COL0623,Botany,3,20,1,2,3574000,0
RES01038,COL0694,Physics,17,30,1,4,5517000,0
RES01039,COL0780,Mathematics,4,24,1,5,5534000,1
RES01040,COL1751,Marathi,1,4,1,0,197000,0
RES01041,COL1621,Physics,0,0,0,0,0,1
RES01042,COL1175,Commerce,1,7,0,1,2353000,2
RES01043,COL1266,Electronics & Telecommunication,124,882,8,19,15220000,0
RES01044,COL0740,Computer Science,1,8,2,0,493000,4
RES01045,COL0441,Mechanical Engineering,2,8,4,3,1384000,0
RES01046,COL0662,English,0,0,0,0,0,2
RES01047,COL1648,Banking & Finance,2,19,1,1,2556000,3
RES01048,COL0076,Economics,5,37,1,1,1574000,0
RES01049,COL0610,Marathi,11,75,1,4,4404000,2
RES01050,COL0721,Computer Science,11,35,8,5,5094000,0
RES01051,COL0100,Civil Engineering,1,4,0,0,0,2
RES01052,COL0296,Community Health Nursing,1,4,0,1,2063000,1
RES01053,COL0706,Computer Engineering,19,136,12,8,13331000,2
RES01054,COL0052,Pharmacology,2,13,2,2,5802000,3
RES01055,COL0383,English,1,5,0,0,0,1
RES01056,COL1510,Chemistry,7,28,3,0,769000,0
RES01057,COL1884,Commerce,7,43,3,3,5180000,0
RES01058,COL1578,Physics,56,407,0,8,5622000,2
RES01059,COL0574,Electrical Engineering,62,451,3,4,7733000,1
RES01060,COL1391,Mathematics,25,190,1,2,1267000,2
RES01061,COL0768,Computer Engineering,1,7,3,0,579000,1
RES01062,COL1541,Commerce,0,0,3,1,3595000,1
RES01063,COL1613,Computer Engineering,1,4,1,1,991000,0
RES01064,COL1594,Mechanical Engineering,6,32,8,2,5767000,4
RES01065,COL1744,Physics,1,5,2,0,106000,1
RES01066,COL1527,Commerce,0,0,0,0,0,0
RES01067,COL0826,Medicine,14,44,0,4,2246000,0
RES01068,COL0724,Physics,1,7,1,0,253000,3
RES01069,COL0116,Chemistry,5,32,5,0,1143000,2
RES01070,COL1471,Operations Management,7,48,3,4,12684000,0
RES01071,COL1842,Civil Engineering,0,0,0,0,0,4
RES01072,COL1489,Accountancy,2,12,0,1,852000,1
RES01073,COL1685,Economics,0,0,1,0,66000,0
RES01074,COL1438,Commerce,1,7,0,2,3963000,1
RES01075,COL1988,Civil Engineering,0,0,3,1,737000,2
RES01076,COL0460,Mechanical Engineering,3,11,3,1,1030000,2
RES01077,COL1058,Sociology,0,0,1,0,246000,1
RES01078,COL0931,Commerce,40,283,5,8,9056000,0
RES01079,COL0679,Economics,3,19,1,0,142000,1
RES01080,COL1441,Economics,1,4,0,4,7684000,1
RES01081,COL0253,Economics,3,14,2,5,10245000,1
RES01082,COL1579,Computer Science,3,12,4,2,4170000,0
RES01083,COL0310,Information Technology,17,71,6,4,8414000,1
RES01084,COL0049,Electronics & Telecommunication,5,37,3,3,5471000,2
RES01085,COL0071,Physics,44,236,2,7,14432000,0
RES01086,COL1363,Computer Engineering,51,92,4,6,10841000,0
RES01087,COL1711,Mathematics,14,74,2,5,13179000,3
RES01088,COL1295,Civil Law,3,20,0,1,2059000,1
RES01089,COL1905,Mechanical Engineering,1,6,0,4,13361000,1
RES01090,COL1721,Agronomy,4,15,2,0,485000,1
RES01091,COL1305,Civil Engineering,51,400,3,6,17193000,3
RES01092,COL0541,Chemistry,0,0,1,1,2573000,1
RES01093,COL1463,Pharmacognosy,11,92,1,4,6245000,2
RES01094,COL1027,Economics,0,0,0,0,0,1
RES01095,COL0148,Marathi,5,32,4,4,4413000,2
RES01096,COL0462,Commerce,0,0,1,3,2571000,2
RES01097,COL0320,Botany,4,23,0,5,9937000,1
RES01098,COL0672,Mathematics,0,0,0,1,983000,2
RES01099,COL0550,Information Technology,10,46,4,2,2798000,2
RES01100,COL1027,Marathi,1,6,2,1,2072000,0
RES01101,COL1199,Marathi,28,174,3,9,18449000,1
RES01102,COL1250,Constitutional Law,1,7,0,2,5562000,3
RES01103,COL0695,Economics,5,29,1,2,6335000,0
RES01104,COL0827,Chemistry,2,18,3,1,2422000,0
RES01105,COL0672,Computer Science,1,8,1,1,1871000,0
RES01106,COL0299,Civil Engineering,27,89,3,4,6304000,1
RES01107,COL0972,Curriculum & Pedagogy,12,81,1,2,5496000,2
RES01108,COL0880,Finance,1,8,0,1,2566000,0
RES01109,COL1490,Physics,3,20,0,4,7103000,0
RES01110,COL1120,Civil Engineering,0,0,1,0,116000,1
RES01111,COL0452,Chemistry,31,136,8,17,14382000,1
RES01112,COL1022,English,0,0,0,0,0,0
RES01113,COL1075,Medicine,2,15,0,2,4614000,3
RES01114,COL0669,Educational Psychology,20,209,3,4,2496000,2
RES01115,COL0504,Pharmacology,0,0,2,0,172000,1
RES01116,COL1950,Civil Engineering,0,0,1,0,53000,0
RES01117,COL0844,Political Science,3,15,0,2,5457000,1
RES01118,COL0311,Civil Engineering,1,7,2,2,3243000,1
RES01119,COL0513,Economics,3,26,2,2,3297000,1
RES01120,COL0068,Business Administration,2,16,1,0,189000,2
RES01121,COL1754,Accountancy,1,5,1,1,925000,0
RES01122,COL1863,Civil Law,94,407,3,11,18672000,1
RES01123,COL0148,Economics,21,176,1,4,6904000,3
RES01124,COL1311,Marathi,28,147,2,8,18008000,0
RES01125,COL1690,Banking & Finance,0,0,0,1,2949000,1
RES01126,COL0845,Mathematics,1,8,0,3,6244000,2
RES01127,COL0687,Sociology,4,32,1,2,6512000,2
RES01128,COL0980,Economics,1,6,1,1,1075000,0
RES01129,COL0281,Commerce,1,3,0,0,0,1
RES01130,COL0090,Civil Engineering,1,10,0,0,0,2
RES01131,COL1169,Computer Science,1,7,0,1,3829000,4
RES01132,COL0924,Civil Law,3,22,1,1,1790000,3
RES01133,COL0437,Electronics & Telecommunication,1,3,3,1,1960000,1
RES01134,COL1677,Marathi,0,0,0,0,0,2
RES01135,COL1425,Business Administration,11,35,1,4,5883000,1
RES01136,COL0605,Operations Management,1,7,0,1,2868000,2
RES01137,COL1245,Obstetrics & Gynaecological Nursing,1,5,0,5,2879000,1
RES01138,COL0269,Marathi,0,0,0,0,0,0
RES01139,COL0467,Civil Engineering,1,8,0,2,2139000,3
RES01140,COL1852,English,0,0,0,0,0,2
RES01141,COL0722,Physics,0,0,0,0,0,2
RES01142,COL0431,Information Technology,2,7,3,1,1808000,2
RES01143,COL0137,Marathi,7,53,4,6,10450000,2
RES01144,COL0454,Political Science,2,11,1,1,674000,0
RES01145,COL0820,Mathematics,0,0,1,1,3171000,2
RES01146,COL0746,Mechanical Engineering,6,32,4,6,14063000,1
RES01147,COL0174,Obstetrics & Gynaecological Nursing,1,8,2,2,5425000,1
RES01148,COL0311,Electronics & Telecommunication,45,303,4,4,3085000,1
RES01149,COL1192,Pharmacognosy,1,4,0,0,0,1
RES01150,COL1102,Computer Science,6,40,5,3,6059000,3
RES01151,COL0307,Mathematics,3,32,5,5,14145000,2
RES01152,COL1417,Soil Science,7,54,2,3,5858000,1
RES01153,COL0319,Marathi,6,47,4,3,8739000,0
RES01154,COL1415,Information Technology,10,102,5,4,5110000,1
RES01155,COL0322,Operations Management,5,44,1,2,5571000,0
RES01156,COL0194,English,1,6,0,2,6319000,3
RES01157,COL0752,Physics,0,0,0,0,0,2
RES01158,COL0220,Electronics & Telecommunication,3,18,0,1,671000,3
RES01159,COL1147,Banking & Finance,0,0,1,1,689000,0
RES01160,COL1173,Electrical Engineering,27,199,4,3,4837000,2
RES01161,COL1515,Obstetrics & Gynaecological Nursing,2,12,0,3,1630000,2
RES01162,COL0396,Corporate Law,10,79,1,4,2638000,3
RES01163,COL1125,Marathi,16,97,1,5,10997000,1
RES01164,COL0717,Mathematics,0,0,0,0,0,3
RES01165,COL0675,English,4,37,2,2,6746000,0
RES01166,COL0810,Computer Science,7,45,6,3,6674000,1
RES01167,COL1313,Botany,1,5,0,1,1616000,0
RES01168,COL1591,Marathi,3,17,1,2,1685000,3
RES01169,COL1379,Electrical Engineering,1,6,0,2,6553000,1
RES01170,COL0341,English,1,5,1,1,860000,2
RES01171,COL1275,Physics,1,7,1,0,265000,1
RES01172,COL0875,Computer Engineering,6,61,6,2,5209000,2
RES01173,COL1711,Marathi,2,8,2,2,982000,0
RES01174,COL1792,Accountancy,0,0,0,1,264000,2
RES01175,COL1445,Economics,2,12,2,4,5177000,1
RES01176,COL0355,Civil Engineering,5,28,0,1,1161000,1
RES01177,COL0583,English,52,471,4,7,6715000,1
RES01178,COL1642,English,6,46,2,5,13962000,2
RES01179,COL1795,Mathematics,24,156,2,7,18928000,1
RES01180,COL1374,Constitutional Law,14,85,1,5,17253000,2
RES01181,COL1098,Mechanical Engineering,1,9,2,2,5837000,3
RES01182,COL0102,Accountancy,0,0,0,2,2733000,2
RES01183,COL0816,Pharmaceutical Chemistry,0,0,0,0,0,1
RES01184,COL1361,Computer Science,4,23,1,1,1736000,2
RES01185,COL1314,Computer Science,0,0,0,2,3615000,3
RES01186,COL0167,Electronics & Telecommunication,0,0,2,0,352000,2
RES01187,COL0267,Commerce,1,7,0,0,0,2
RES01188,COL1464,Mechanical Engineering,3,21,2,4,3977000,2
RES01189,COL0591,Business Administration,7,51,3,2,1887000,3
RES01190,COL0310,Electrical Engineering,4,24,4,4,7846000,2
RES01191,COL0835,English,1,7,0,0,0,0
RES01192,COL0506,Electrical Engineering,5,35,2,4,2153000,1
RES01193,COL0512,Electronics & Telecommunication,1,7,0,1,3311000,1
RES01194,COL0098,Business Administration,1,8,0,2,1103000,0
RES01195,COL1110,Mathematics,20,146,5,7,15040000,1
RES01196,COL0993,Political Science,33,209,0,8,4140000,0
RES01197,COL0848,Chemistry,1,4,4,3,5257000,2
RES01198,COL0142,Commerce,11,94,2,10,15195000,2
RES01199,COL1494,Information Technology,13,57,2,8,15646000,1
RES01200,COL1960,Commerce,0,0,0,3,4845000,1
RES01201,COL0525,Business Administration,29,147,2,10,7916000,2
RES01202,COL1978,English,0,0,1,0,201000,3
RES01203,COL0637,Accountancy,4,28,0,4,7768000,1
RES01204,COL0615,Business Administration,14,38,1,6,9423000,1
RES01205,COL0549,Civil Engineering,2,15,0,1,2458000,3
RES01206,COL0081,Mathematics,5,11,5,1,2022000,0
RES01207,COL1917,Economics,1,9,1,0,159000,1
RES01208,COL1847,Marathi,7,63,3,4,3766000,0
RES01209,COL1989,Child Health Nursing,1,7,3,2,6717000,1
RES01210,COL1189,Economics,47,368,4,10,15311000,1
RES01211,COL0538,Sociology,0,0,0,0,0,2
RES01212,COL1229,Mechanical Engineering,2,9,4,1,2299000,3
RES01213,COL0020,Physics,1,9,0,1,2409000,2
RES01214,COL0369,Mechanical Engineering,0,0,2,2,4817000,2
RES01215,COL1655,Accountancy,114,994,8,19,34691000,5
RES01216,COL1466,Physics,2,9,3,1,3474000,1
RES01217,COL1973,Computer Engineering,8,55,5,9,9660000,2
RES01218,COL0415,Physics,9,36,7,4,9425000,0
RES01219,COL1332,Mathematics,1,10,0,1,2658000,1
RES01220,COL0108,Operations Management,1,7,0,1,995000,3
RES01221,COL1299,Business Administration,1,6,0,1,2006000,2
RES01222,COL1917,Mathematics,3,20,1,2,6537000,2
RES01223,COL0861,Pharmaceutical Chemistry,1,5,4,1,1824000,1
RES01224,COL0813,Chemistry,5,53,3,2,5875000,1
RES01225,COL1328,Pathology,1,5,2,1,548000,3
RES01226,COL0989,Commerce,20,108,1,5,5159000,0
RES01227,COL0129,Civil Engineering,0,0,0,0,0,0
RES01228,COL1503,Finance,2,13,1,5,8084000,1
RES01229,COL0740,English,2,16,1,5,10131000,3
RES01230,COL0389,Economics,1,2,0,0,0,2
RES01231,COL1673,Surgery,2,13,0,1,2957000,1
RES01232,COL0390,Information Technology,18,146,5,1,2656000,3
RES01233,COL1358,Marathi,4,21,1,6,12326000,3
RES01234,COL1293,Business Administration,3,22,0,5,10641000,3
RES01235,COL0994,Commerce,1,7,0,4,4578000,0
RES01236,COL0404,Information Technology,3,10,3,0,643000,1
RES01237,COL1091,English,3,13,2,1,2110000,1
RES01238,COL0115,Electrical Engineering,0,0,0,0,0,1
RES01239,COL0787,Chemistry,1,10,2,1,3061000,2
RES01240,COL1248,Economics,0,0,0,0,0,1
RES01241,COL1570,History,10,108,0,4,13232000,1
RES01242,COL0589,Information Technology,11,71,6,6,5260000,4
RES01243,COL0929,Plant Pathology,2,16,0,0,0,0
RES01244,COL1490,English,0,0,0,2,6904000,2
RES01245,COL0907,Educational Psychology,0,0,0,0,0,0
RES01246,COL0051,Marathi,2,6,0,1,2018000,0
RES01247,COL0367,Business Administration,15,75,1,3,3612000,0
RES01248,COL1301,Economics,2,7,0,6,5316000,0
RES01249,COL1494,Mechanical Engineering,1,6,0,0,0,1
RES01250,COL1441,Physics,42,183,1,8,16294000,2
RES01251,COL0209,Business Administration,0,0,0,2,4890000,0
RES01252,COL0525,Accountancy,4,24,5,7,10733000,3
RES01253,COL0995,English,7,48,2,3,4558000,3
RES01254,COL1720,Economics,2,9,0,2,1020000,2
RES01255,COL1857,Sociology,0,0,2,1,3120000,1
RES01256,COL1044,Computer Science,7,43,5,3,3911000,1
RES01257,COL0551,Pharmaceutics,36,270,6,10,31880000,2
RES01258,COL0889,Electronics & Telecommunication,19,35,3,2,1072000,3
RES01259,COL1750,Computer Engineering,1,9,2,2,3541000,1
RES01260,COL1502,Chemistry,29,64,5,7,12317000,1
RES01261,COL1406,Physiology,2,9,2,2,3471000,2
RES01262,COL0889,Mechanical Engineering,12,74,8,6,5777000,1
RES01263,COL0760,Physics,1,5,0,0,0,1
RES01264,COL1314,Zoology,1,9,2,1,1768000,4
RES01265,COL1684,Botany,6,49,1,5,2078000,1
RES01266,COL1510,Computer Science,0,0,2,1,1114000,1
RES01267,COL0172,Economics,1,5,3,1,2637000,1
RES01268,COL0438,Civil Engineering,0,0,0,0,0,2
RES01269,COL1340,Information Technology,14,70,4,6,11311000,2
RES01270,COL0357,Electrical Engineering,3,16,4,0,995000,1
RES01271,COL1757,Computer Engineering,0,0,2,0,481000,0
RES01272,COL0915,Computer Science,0,0,1,0,300000,1
RES01273,COL0630,Mechanical Engineering,4,33,2,4,4211000,2
RES01274,COL1670,Civil Engineering,23,99,3,6,13360000,0
RES01275,COL1257,Computer Science,4,25,3,3,8865000,0
RES01276,COL1352,Accountancy,15,106,1,0,187000,0
RES01277,COL1354,History,0,0,0,0,0,2
RES01278,COL0552,English,5,42,0,1,1221000,1
RES01279,COL1019,Computer Science,0,0,0,1,2875000,2
RES01280,COL0749,Computer Engineering,1,6,0,3,6099000,3
RES01281,COL0325,Chemistry,28,263,9,14,23993000,2
RES01282,COL1404,Economics,23,117,5,6,8719000,0
RES01283,COL0306,Physics,1,7,1,1,2614000,2
RES01284,COL1188,Economics,3,12,0,1,452000,0
RES01285,COL0152,Educational Administration,12,82,1,3,2497000,3
RES01286,COL0858,Criminal Law,1,9,0,1,1728000,1
RES01287,COL0139,Commerce,2,13,0,3,6842000,2
RES01288,COL1727,Mechanical Engineering,72,230,16,12,28661000,0
RES01289,COL1435,Electrical Engineering,2,11,2,1,1668000,3
RES01290,COL1977,Chemistry,5,32,5,2,2983000,2
RES01291,COL0278,English,3,17,1,3,4911000,2
RES01292,COL1666,Information Technology,106,861,19,21,52429000,1
RES01293,COL1997,Marathi,0,0,0,0,0,0
RES01294,COL0622,Operations Management,7,33,4,4,2968000,0
RES01295,COL1807,Computer Engineering,1,8,2,1,762000,2
RES01296,COL1884,Mathematics,3,18,4,2,1851000,0
RES01297,COL1902,Economics,6,40,1,1,3201000,1
RES01298,COL1303,Mathematics,0,0,1,0,269000,0
RES01299,COL1464,Computer Engineering,2,13,1,1,3247000,3
RES01300,COL1424,Architectural Design,15,111,1,4,2911000,0
RES01301,COL0044,Economics,29,121,2,6,11866000,0
RES01302,COL1969,Computer Science,7,42,1,0,220000,1
RES01303,COL1634,Mechanical Engineering,2,10,9,1,2715000,0
RES01304,COL1962,Electrical Engineering,1,7,4,2,6582000,0
RES01305,COL0811,Business Administration,0,0,0,1,2798000,1
RES01306,COL0501,Chemistry,8,56,3,4,11720000,0
RES01307,COL0627,English,32,179,2,8,4305000,1
RES01308,COL1977,Marathi,4,24,1,3,8337000,1
RES01309,COL0273,Pharmaceutics,0,0,0,0,0,1
RES01310,COL0711,Mathematics,0,0,0,0,0,0
RES01311,COL1380,Accountancy,35,202,3,7,14000000,1
RES01312,COL1007,Chemistry,2,5,3,0,179000,1
RES01313,COL1736,Human Resources,38,293,1,9,28790000,1
RES01314,COL0833,Plant Pathology,1,7,0,0,0,2
RES01315,COL1435,Computer Engineering,10,79,5,4,6376000,3
RES01316,COL1794,Computer Engineering,46,384,4,10,16767000,0
RES01317,COL0778,Educational Administration,0,0,0,2,1426000,0
RES01318,COL0920,Chemistry,1,10,5,5,7663000,0
RES01319,COL1419,Anatomy,1,10,1,3,3706000,1
RES01320,COL0530,Pediatrics,33,228,2,9,6945000,1
RES01321,COL1520,Mechanical Engineering,6,46,4,5,8872000,2
RES01322,COL1291,Computer Engineering,43,335,4,8,13056000,2
RES01323,COL1042,Computer Science,4,20,3,4,5227000,0
RES01324,COL0142,Marathi,6,35,1,4,9772000,2
RES01325,COL1403,Civil Engineering,0,0,0,0,0,1
RES01326,COL1133,Mathematics,2,13,1,3,7253000,2
RES01327,COL0739,Electronics & Telecommunication,0,0,4,1,2332000,1
RES01328,COL0657,Pharmacognosy,0,0,1,1,2698000,2
RES01329,COL1165,Information Technology,18,116,6,7,15831000,1
RES01330,COL1817,Civil Law,8,50,1,1,708000,1
RES01331,COL1703,Commerce,9,63,2,3,4415000,0
RES01332,COL0018,Mathematics,1,7,0,0,0,0
RES01333,COL0114,Pharmacology,1,5,0,0,0,1
RES01334,COL0722,Mathematics,10,38,4,6,7851000,2
RES01335,COL0981,Computer Science,1,8,1,1,1698000,2
RES01336,COL0730,English,4,32,1,2,5683000,3
RES01337,COL0221,Botany,1,4,2,0,359000,2
RES01338,COL1635,Electronics & Telecommunication,1,5,2,1,2060000,0
RES01339,COL1128,Computer Engineering,8,82,3,3,6729000,3
RES01340,COL0978,Computer Science,1,6,0,0,0,0
RES01341,COL0799,Civil Engineering,3,14,3,4,3633000,0
RES01342,COL1545,Economics,3,24,0,8,7576000,1
RES01343,COL0290,Marathi,89,543,8,10,20921000,4
RES01344,COL1005,Mathematics,1,8,2,0,319000,2
RES01345,COL0329,Electronics & Telecommunication,0,0,2,0,562000,3
RES01346,COL0045,Constitutional Law,51,232,3,8,25660000,1
RES01347,COL0446,Marketing,1,4,0,0,0,1
RES01348,COL0506,Information Technology,8,49,4,2,6297000,3
RES01349,COL0593,Computer Engineering,2,23,1,2,1859000,3
RES01350,COL0583,Commerce,6,41,2,4,7410000,2
RES01351,COL0228,Pharmacognosy,2,15,3,1,3794000,1
RES01352,COL0869,Commerce,1,4,0,1,1503000,2
RES01353,COL1001,Economics,22,200,1,2,1598000,3
RES01354,COL0440,Economics,17,129,2,7,15909000,2
RES01355,COL1125,Computer Science,3,15,4,2,5032000,0
RES01356,COL0868,Agronomy,0,0,0,2,7247000,2
RES01357,COL1071,Human Resources,1,6,0,2,4559000,0
RES01358,COL1428,Pharmaceutical Chemistry,10,42,6,2,4822000,2
RES01359,COL1197,Electrical Engineering,28,218,12,10,22686000,0
RES01360,COL0076,Commerce,1,4,0,2,1041000,0
RES01361,COL0218,Marketing,5,30,0,1,1251000,0
RES01362,COL0748,Community Health Nursing,1,8,0,1,2929000,1
RES01363,COL1421,Economics,1,7,1,0,135000,1
RES01364,COL1439,Computer Science,7,66,4,5,5916000,0
RES01365,COL1306,Marathi,0,0,0,0,0,1
RES01366,COL1997,Commerce,0,0,0,1,2519000,2
RES01367,COL0685,Information Technology,6,33,7,2,3712000,5
RES01368,COL0137,Physics,4,42,4,5,13090000,0
RES01369,COL0127,Constitutional Law,7,22,0,3,5993000,1
RES01370,COL0749,Information Technology,1,6,3,2,4391000,1
RES01371,COL0978,Commerce,14,59,1,3,6370000,0
RES01372,COL0378,Electronics & Telecommunication,3,20,4,8,4236000,0
RES01373,COL1903,Information Technology,17,92,4,1,3869000,2
RES01374,COL0081,Marathi,26,61,1,8,11889000,0
RES01375,COL0130,Mechanical Engineering,2,12,0,2,1083000,0
RES01376,COL1028,English,2,6,0,1,1386000,1
RES01377,COL0809,Pharmacognosy,0,0,0,1,2568000,0
RES01378,COL1500,Civil Engineering,2,12,2,1,939000,0
RES01379,COL1607,Educational Psychology,4,21,1,2,4574000,1
RES01380,COL1990,Marathi,1,9,3,2,4960000,2
RES01381,COL1095,Marathi,82,612,5,17,18781000,0
RES01382,COL0095,Physiology,2,9,0,2,5002000,1
RES01383,COL0041,Physics,58,508,5,7,15280000,2
RES01384,COL1139,Pathology,1,4,1,3,5879000,2
RES01385,COL0072,Accountancy,0,0,4,1,1705000,1
RES01386,COL0728,Commerce,4,46,0,1,3425000,3
RES01387,COL0497,Computer Engineering,3,12,4,0,280000,0
RES01388,COL0241,Chemistry,3,20,0,2,3044000,2
RES01389,COL1170,Mathematics,0,0,0,2,3713000,1
RES01390,COL1865,Physics,12,85,4,8,6178000,3
RES01391,COL0837,Zoology,1,9,1,1,815000,1
RES01392,COL1360,Physics,1,7,0,3,1790000,2
RES01393,COL1848,Commerce,16,124,6,17,26711000,2
RES01394,COL0870,Marathi,4,12,0,5,9246000,1
RES01395,COL1460,Corporate Law,2,18,0,1,3115000,2
RES01396,COL1473,Accountancy,0,0,0,1,1944000,0
RES01397,COL0900,Pharmacology,0,0,0,1,2123000,0
RES01398,COL0235,Computer Science,4,18,4,2,3100000,2
RES01399,COL1394,Computer Engineering,16,100,12,7,14859000,2
RES01400,COL1870,Corporate Law,5,34,3,1,2095000,3
RES01401,COL1379,Information Technology,0,0,0,0,0,1
RES01402,COL1297,Mechanical Engineering,0,0,0,0,0,2
RES01403,COL1714,Surgery,1,7,0,0,0,1
RES01404,COL1412,Constitutional Law,13,65,1,2,5207000,0
RES01405,COL0754,Civil Law,0,0,0,0,0,0
RES01406,COL0520,Physics,13,97,3,7,3650000,1
RES01407,COL1967,Computer Science,2,8,3,3,1906000,2
RES01408,COL0448,Anatomy,0,0,0,0,0,3
RES01409,COL0784,Physics,4,30,1,4,9365000,3
RES01410,COL1229,Electrical Engineering,13,73,10,9,5049000,0
RES01411,COL0849,Civil Engineering,9,60,4,4,8453000,2
RES01412,COL1710,Corporate Law,5,45,1,3,1470000,1
RES01413,COL0240,Computer Science,7,50,5,3,4238000,1
RES01414,COL0042,Finance,1,6,1,0,280000,1
RES01415,COL0530,Anatomy,12,66,6,7,12886000,2
RES01416,COL0402,Marketing,0,0,0,2,6583000,1
RES01417,COL0868,Plant Pathology,3,20,0,5,11271000,3
RES01418,COL0536,Human Resources,0,0,0,0,0,2
RES01419,COL0962,Electronics & Telecommunication,52,409,7,10,36367000,1
RES01420,COL0614,Community Health Nursing,3,15,1,1,2358000,2
RES01421,COL0884,Information Technology,38,201,3,3,8899000,3
RES01422,COL1275,Computer Science,0,0,1,1,2215000,1
RES01423,COL1770,Electronics & Telecommunication,25,159,5,12,26091000,1
RES01424,COL1371,Pathology,1,5,0,0,0,1
RES01425,COL1169,Mathematics,1,7,0,1,2181000,3
RES01426,COL0515,Pharmaceutical Chemistry,1,3,0,3,2201000,0
RES01427,COL0758,Educational Psychology,1,8,0,1,882000,2
RES01428,COL0047,Physics,0,0,0,2,3948000,2
RES01429,COL1727,Civil Engineering,3,10,3,4,4457000,3
RES01430,COL1091,Physics,1,3,0,0,0,0
RES01431,COL1744,Mathematics,1,5,0,1,2425000,0
RES01432,COL1238,Mechanical Engineering,1,6,0,0,0,1
RES01433,COL0466,Pharmaceutics,1,6,0,0,0,2
RES01434,COL0504,Surgery,6,35,2,4,10197000,1
RES01435,COL1210,Political Science,1,9,1,2,6385000,3
RES01436,COL0110,Marathi,3,30,1,3,6533000,0
RES01437,COL1305,Computer Engineering,5,41,4,3,10264000,3
RES01438,COL0338,Biochemistry,9,76,2,1,3021000,2
RES01439,COL0781,Marathi,2,15,3,2,8703000,2
RES01440,COL0009,Electronics & Telecommunication,22,147,7,6,9614000,2
RES01441,COL1385,Computer Engineering,0,0,3,1,1457000,3
RES01442,COL1537,Pharmaceutics,1,6,2,0,500000,0
RES01443,COL1243,Criminal Law,1,6,1,1,824000,1
RES01444,COL1626,Computer Science,53,269,3,9,10971000,0
RES01445,COL1764,Mechanical Engineering,78,426,5,8,10834000,0
RES01446,COL0587,Chemistry,104,805,3,5,7286000,1
RES01447,COL1554,Commerce,5,28,0,2,2853000,1
RES01448,COL0229,Banking & Finance,0,0,1,2,1896000,2
RES01449,COL1853,Child Health Nursing,10,62,1,4,11395000,1
RES01450,COL1655,Economics,0,0,0,0,0,2
RES01451,COL0354,Mechanical Engineering,0,0,0,1,2647000,2
RES01452,COL1725,Mechanical Engineering,0,0,0,1,783000,0
RES01453,COL0343,Marathi,28,158,1,6,11887000,0
RES01454,COL0040,Electrical Engineering,1,4,7,3,6229000,2
RES01455,COL1158,Educational Administration,3,21,0,2,6681000,3
RES01456,COL0173,Banking & Finance,1,5,0,2,2730000,1
RES01457,COL0887,Electronics & Telecommunication,20,153,3,6,9341000,2
RES01458,COL1970,Criminal Law,1,7,1,0,212000,2
RES01459,COL1411,Civil Engineering,1,7,0,0,0,1
RES01460,COL0891,Mathematics,20,153,0,3,7743000,1
RES01461,COL1700,Surgery,25,146,0,3,5040000,3
RES01462,COL1361,Economics,1,6,0,0,0,0
RES01463,COL1467,Zoology,6,50,1,1,1233000,2
RES01464,COL0363,Commerce,1,7,1,0,247000,2
RES01465,COL1564,Electronics & Telecommunication,8,65,3,3,11115000,2
RES01466,COL1306,Mathematics,120,798,3,10,23206000,2
RES01467,COL1536,Corporate Law,10,52,2,7,6458000,2
RES01468,COL0295,Educational Psychology,24,263,1,7,14396000,1
RES01469,COL1103,Computer Science,0,0,0,0,0,3
RES01470,COL0283,Business Administration,5,54,1,3,3168000,1
RES01471,COL0300,Information Technology,1,6,1,2,1620000,1
RES01472,COL0810,Commerce,16,134,4,5,18263000,1
RES01473,COL1748,Economics,1,6,0,0,0,2
RES01474,COL0242,Business Analytics,1,7,1,1,2088000,0
RES01475,COL1339,Mathematics,1,4,1,1,2137000,1
RES01476,COL0064,Business Analytics,0,0,0,1,399000,2
RES01477,COL1370,Curriculum & Pedagogy,14,105,1,3,3345000,1
RES01478,COL0068,Economics,3,27,0,2,4982000,1
RES01479,COL0212,Marathi,1,3,0,0,0,1
RES01480,COL1629,Educational Administration,21,146,4,5,7545000,1
RES01481,COL1829,Operations Management,7,41,1,4,4396000,1
RES01482,COL0788,Electrical Engineering,14,32,3,4,7543000,2
RES01483,COL0473,Finance,0,0,0,2,4717000,1
RES01484,COL0722,English,1,4,4,5,3184000,1
RES01485,COL1983,Chemistry,10,118,3,5,17489000,2
RES01486,COL1581,Corporate Law,16,74,1,3,5917000,0
RES01487,COL0695,Computer Science,59,456,2,4,13177000,1
RES01488,COL0692,Computer Science,18,87,8,6,15919000,0
RES01489,COL0335,Mechanical Engineering,9,34,5,4,3951000,1
RES01490,COL0757,English,1,5,0,1,1792000,0
RES01491,COL1582,Human Resources,2,15,1,2,4717000,1
RES01492,COL0678,Chemistry,1,6,0,0,0,1
RES01493,COL0196,Electrical Engineering,8,55,5,1,3321000,3
RES01494,COL1180,Economics,10,66,3,7,9166000,0
RES01495,COL0373,Civil Engineering,20,45,3,6,8318000,0
RES01496,COL1796,Educational Administration,3,18,0,1,1069000,1
RES01497,COL1018,Mechanical Engineering,35,302,6,8,11899000,1
RES01498,COL0159,Zoology,0,0,0,1,2410000,2
RES01499,COL0194,Mathematics,0,0,0,2,2729000,1
RES01500,COL1034,Finance,1,8,0,2,5817000,1
RES01501,COL1385,Civil Engineering,43,347,3,8,4646000,2
RES01502,COL0818,Computer Science,3,25,1,3,4958000,2
RES01503,COL1933,Zoology,7,28,3,3,6686000,0
RES01504,COL0049,Electrical Engineering,14,62,1,9,8044000,1
RES01505,COL0195,Constitutional Law,5,29,0,4,2418000,1
RES01506,COL0033,Electronics & Telecommunication,28,154,11,10,35614000,2
RES01507,COL1961,Constitutional Law,0,0,0,1,1292000,1
RES01508,COL0962,Information Technology,0,0,2,0,201000,1
RES01509,COL1842,Computer Engineering,13,86,2,5,3689000,2
RES01510,COL1084,Marathi,8,71,4,6,21850000,3
RES01511,COL0148,Computer Science,9,75,9,5,16375000,1
RES01512,COL1308,Business Administration,1,7,0,0,0,2
RES01513,COL0398,English,3,10,3,2,957000,1
RES01514,COL1805,Electrical Engineering,5,50,5,4,5835000,3
RES01515,COL1125,Chemistry,1,5,1,1,2178000,0
RES01516,COL0896,Computer Science,0,0,1,0,103000,0
RES01517,COL1806,Corporate Law,1,3,1,1,1855000,3
RES01518,COL0499,Mechanical Engineering,5,21,3,4,4213000,4
RES01519,COL1383,Computer Science,0,0,0,2,1852000,2
RES01520,COL1403,Computer Engineering,1,5,0,0,0,2
RES01521,COL0150,Electrical Engineering,6,29,3,4,5896000,2
RES01522,COL1603,Botany,1,7,0,1,2915000,2
RES01523,COL0883,Pharmaceutical Chemistry,10,50,5,5,4724000,2
RES01524,COL0450,Computer Science,1,4,0,0,0,1
RES01525,COL1043,Business Administration,37,227,4,6,8700000,1
RES01526,COL1703,Computer Science,11,68,5,4,13893000,0
RES01527,COL0199,Economics,4,38,0,3,1662000,0
RES01528,COL1968,Mechanical Engineering,0,0,0,1,1348000,3
RES01529,COL0934,Educational Psychology,1,4,0,1,1276000,0
RES01530,COL1618,Business Analytics,0,0,0,0,0,2
RES01531,COL0465,Mathematics,3,26,0,4,8286000,2
RES01532,COL1546,Computer Science,1,6,1,1,1399000,1
RES01533,COL0113,Information Technology,0,0,0,0,0,3
RES01534,COL0398,Chemistry,1,6,2,1,2077000,0
RES01535,COL1163,Physics,0,0,0,1,367000,0
RES01536,COL0711,Marathi,11,30,1,2,2859000,2
RES01537,COL0250,Mathematics,40,354,4,8,10362000,0
RES01538,COL1114,Pharmaceutics,0,0,0,0,0,1
RES01539,COL1204,English,15,85,3,13,28051000,1
RES01540,COL1268,Mechanical Engineering,2,12,8,2,3931000,1
RES01541,COL1375,Electrical Engineering,1,3,0,0,0,0
RES01542,COL1226,Information Technology,0,0,4,0,796000,3
RES01543,COL1408,Computer Science,16,142,5,5,13081000,1
RES01544,COL1036,Political Science,1,11,0,0,0,3
RES01545,COL0303,Urban Planning,0,0,0,1,2622000,2
RES01546,COL0161,Pharmaceutical Chemistry,0,0,7,3,7992000,2
RES01547,COL0894,Economics,11,78,2,3,2405000,0
RES01548,COL0641,Mathematics,0,0,1,0,60000,0
RES01549,COL0742,Mechanical Engineering,7,51,3,8,8335000,0
RES01550,COL0535,Economics,1,4,0,3,6637000,0
RES01551,COL1423,Chemistry,1,4,1,2,4979000,0
RES01552,COL1162,Computer Science,2,16,1,2,1883000,2
RES01553,COL1827,Chemistry,0,0,1,0,168000,2
RES01554,COL1795,Chemistry,2,17,4,6,3710000,2
RES01555,COL0222,Computer Science,7,48,5,5,14321000,1
RES01556,COL0434,Economics,1,7,0,1,2684000,3
RES01557,COL1367,Economics,16,154,2,6,10422000,2
RES01558,COL1351,Mathematics,18,115,1,7,18486000,2
RES01559,COL1005,Commerce,5,33,2,1,2216000,2
RES01560,COL1836,Marathi,0,0,0,0,0,1
RES01561,COL0626,Constitutional Law,7,34,4,5,14356000,1
RES01562,COL0757,Computer Science,2,12,3,1,2656000,1
RES01563,COL1888,Chemistry,7,41,3,5,6319000,2
RES01564,COL0011,Commerce,15,89,0,7,13856000,0
RES01565,COL0576,Pharmacognosy,1,4,2,2,1389000,1
RES01566,COL1719,Computer Science,9,62,1,5,5453000,0
RES01567,COL0145,English,1,6,0,3,4705000,1
RES01568,COL1122,Electrical Engineering,6,32,1,5,8964000,0
RES01569,COL1172,Curriculum & Pedagogy,1,8,0,0,0,2
RES01570,COL1913,Chemistry,128,911,14,22,37684000,1
RES01571,COL0650,Physics,2,12,1,4,13814000,1
RES01572,COL0641,English,9,52,2,3,4228000,3
RES01573,COL1884,Chemistry,0,0,0,0,0,0
RES01574,COL1944,Marathi,8,31,1,4,5849000,1
RES01575,COL1415,Electrical Engineering,6,41,4,6,11372000,2
RES01576,COL0742,Civil Engineering,2,14,2,3,9524000,0
RES01577,COL0530,Surgery,1,6,1,4,4696000,2
RES01578,COL0768,Electronics & Telecommunication,3,17,2,3,3714000,3
RES01579,COL1639,Political Science,9,54,2,7,7760000,1
RES01580,COL1615,Finance,8,25,1,5,6267000,0
RES01581,COL1560,Curriculum & Pedagogy,1,6,3,1,2597000,0
RES01582,COL1799,Information Technology,1,8,2,1,1591000,2
RES01583,COL1138,Pharmaceutics,1,9,3,1,876000,2
RES01584,COL1511,Physics,87,836,1,12,10535000,4
RES01585,COL1145,Economics,2,14,0,0,0,0
RES01586,COL1602,Urban Planning,15,66,0,8,15920000,0
RES01587,COL1497,Constitutional Law,0,0,0,0,0,1
RES01588,COL0773,Chemistry,32,254,3,7,13644000,0
RES01589,COL0386,Mechanical Engineering,30,111,6,6,9484000,2
RES01590,COL1249,Zoology,1,8,2,3,2259000,1
RES01591,COL1538,Pathology,1,6,1,2,1279000,1
RES01592,COL1564,Civil Engineering,6,36,0,3,7585000,2
RES01593,COL0482,Business Analytics,0,0,0,0,0,0
RES01594,COL1948,Electrical Engineering,1,8,2,1,1257000,1
RES01595,COL0803,Physics,0,0,0,1,1754000,2
RES01596,COL1271,Anatomy,18,142,5,3,2856000,0
RES01597,COL0478,Human Resources,14,126,1,7,17049000,1
RES01598,COL1522,Botany,1,5,2,0,579000,2
RES01599,COL0784,English,40,343,4,7,12399000,1
RES01600,COL1017,Economics,1,4,0,0,0,0
RES01601,COL0387,Computer Engineering,1,5,3,0,821000,1
RES01602,COL1407,Commerce,8,34,2,4,3733000,1
RES01603,COL1484,Banking & Finance,5,30,0,4,6388000,1
RES01604,COL1489,Banking & Finance,1,4,1,3,2915000,3
RES01605,COL0666,Computer Science,3,16,1,3,2629000,1
RES01606,COL1909,Commerce,2,15,1,3,2741000,2
RES01607,COL1204,Economics,11,88,1,10,16421000,1
RES01608,COL1928,Pharmacognosy,0,0,0,1,2155000,1
RES01609,COL1215,Civil Engineering,156,1359,2,10,37000000,2
RES01610,COL0939,Chemistry,3,8,3,1,2124000,3
RES01611,COL0597,Physics,28,166,2,2,3882000,3
RES01612,COL1611,Educational Psychology,3,19,0,1,762000,0
RES01613,COL1418,Computer Engineering,1,6,1,0,60000,0
RES01614,COL1269,Computer Engineering,6,39,2,4,8107000,3
RES01615,COL1743,Computer Science,2,16,0,1,1368000,2
RES01616,COL0889,Information Technology,2,11,2,2,3062000,0
RES01617,COL1784,Commerce,0,0,0,2,2247000,2
RES01618,COL0403,Medicine,7,47,0,2,992000,1
RES01619,COL0279,Marathi,8,18,1,7,10720000,1
RES01620,COL0596,Physics,12,74,2,4,1999000,0
RES01621,COL1858,Corporate Law,1,9,0,1,2319000,2
RES01622,COL1592,Educational Psychology,2,15,1,1,2037000,1
RES01623,COL0865,Physics,21,146,2,6,15710000,3
RES01624,COL1617,Marathi,0,0,0,0,0,3
RES01625,COL0720,Commerce,2,19,0,1,2156000,1
RES01626,COL1709,Curriculum & Pedagogy,14,84,1,2,2952000,1
RES01627,COL1526,Physics,33,344,3,6,4660000,3
RES01628,COL1262,Accountancy,19,116,2,8,17061000,1
RES01629,COL0306,Marathi,2,15,1,2,6497000,2
RES01630,COL1038,Electrical Engineering,4,15,3,1,1854000,1
RES01631,COL1458,Electrical Engineering,11,75,4,6,8208000,1
RES01632,COL1326,English,0,0,0,2,4291000,2
RES01633,COL1647,Banking & Finance,0,0,0,1,941000,0
RES01634,COL0972,Educational Psychology,1,6,0,2,5203000,4
RES01635,COL1450,Chemistry,0,0,1,1,1420000,0
RES01636,COL1410,Educational Administration,2,10,1,0,265000,3
RES01637,COL0852,Computer Engineering,3,24,2,1,2509000,3
RES01638,COL1521,Constitutional Law,23,207,3,4,3328000,2
RES01639,COL1256,Corporate Law,2,16,0,6,5329000,0
RES01640,COL1827,Computer Science,7,42,1,4,8392000,0
RES01641,COL1367,Mathematics,0,0,1,1,3165000,1
RES01642,COL1112,Mechanical Engineering,0,0,0,0,0,1
RES01643,COL0514,Pharmaceutics,5,16,0,4,2299000,2
RES01644,COL1356,Chemistry,7,24,4,5,3084000,1
RES01645,COL0986,Economics,2,15,1,3,5706000,3
RES01646,COL1828,Botany,3,20,2,0,176000,2
RES01647,COL0740,Chemistry,0,0,1,1,1188000,2
RES01648,COL0129,Mechanical Engineering,3,15,2,0,130000,0
RES01649,COL1395,Corporate Law,1,5,0,1,578000,1
RES01650,COL0546,Accountancy,4,36,0,2,2563000,2
RES01651,COL1136,Marathi,9,29,1,5,8904000,0
RES01652,COL0788,Computer Engineering,2,9,0,1,618000,1
RES01653,COL1784,English,0,0,0,0,0,2
RES01654,COL0018,English,0,0,0,0,0,1
RES01655,COL0265,Economics,3,22,0,4,9572000,1
RES01656,COL1309,Chemistry,13,66,3,5,5015000,1
RES01657,COL1847,Mathematics,5,34,0,2,5311000,2
RES01658,COL1819,English,13,124,3,6,17856000,1
RES01659,COL1604,Commerce,17,95,5,7,15925000,1
RES01660,COL0531,Horticulture,1,8,0,0,0,2
RES01661,COL0360,History,14,97,0,3,5652000,3
RES01662,COL0959,Mathematics,32,288,3,8,9964000,3
RES01663,COL1892,Computer Engineering,1,7,2,1,1754000,2
RES01664,COL0996,Business Administration,1,10,0,1,3211000,1
RES01665,COL0223,Economics,0,0,1,4,1326000,1
RES01666,COL1963,Marathi,2,12,2,1,2002000,3
RES01667,COL0887,Electrical Engineering,3,25,0,1,1301000,1
RES01668,COL1872,Marketing,1,5,0,1,614000,1
RES01669,COL0568,English,0,0,0,2,3011000,1
RES01670,COL1841,Mechanical Engineering,0,0,1,0,288000,0
RES01671,COL1086,Architectural Design,41,175,6,12,7772000,2
RES01672,COL1485,Physiology,5,35,0,2,3593000,2
RES01673,COL0827,Commerce,17,129,3,6,18162000,0
RES01674,COL0654,Medical Surgical Nursing,0,0,0,1,1436000,1
RES01675,COL0532,Educational Psychology,1,9,0,2,3480000,3
RES01676,COL0594,Civil Engineering,12,43,2,3,4287000,0
RES01677,COL0919,Chemistry,2,17,0,1,2962000,1
RES01678,COL1263,Economics,1,6,0,2,4353000,1
RES01679,COL0219,Botany,58,405,2,13,35269000,2
RES01680,COL1849,Pharmacology,2,17,2,4,3833000,0
RES01681,COL1558,Economics,1,9,0,1,1360000,2
RES01682,COL0307,English,5,54,0,1,3233000,1
RES01683,COL1543,Pharmaceutics,2,10,1,1,1116000,4
RES01684,COL1680,Banking & Finance,1,2,1,1,979000,2
RES01685,COL1214,Botany,5,20,2,3,7286000,0
RES01686,COL0532,Curriculum & Pedagogy,72,720,3,7,21281000,2
RES01687,COL0524,Political Science,0,0,1,0,262000,0
RES01688,COL0419,Marathi,2,5,3,4,2894000,0
RES01689,COL1154,Mathematics,0,0,0,0,0,1
RES01690,COL0015,Mathematics,1,3,2,3,5320000,2
RES01691,COL0487,Electrical Engineering,86,567,4,4,7263000,1
RES01692,COL1055,Finance,8,45,1,3,4228000,2
RES01693,COL1742,Computer Science,1,7,1,2,6438000,0
RES01694,COL1914,Educational Psychology,1,4,1,0,169000,2
RES01695,COL0651,Information Technology,5,44,5,3,8112000,2
RES01696,COL0483,Computer Science,56,457,0,3,9095000,1
RES01697,COL1288,Banking & Finance,60,396,6,17,38521000,0
RES01698,COL0269,Economics,17,120,1,5,7027000,1
RES01699,COL0063,Horticulture,1,6,2,0,243000,1
RES01700,COL1780,Soil Science,2,16,0,1,1951000,2
RES01701,COL0688,Zoology,61,343,1,6,21308000,1
RES01702,COL0250,Physics,2,11,0,2,1964000,0
RES01703,COL0925,Information Technology,1,5,2,3,6616000,0
RES01704,COL0231,Information Technology,5,55,4,2,8104000,3
RES01705,COL0223,Business Administration,1,3,1,1,1268000,1
RES01706,COL1238,Electrical Engineering,0,0,0,1,1213000,1
RES01707,COL0288,Chemistry,1,10,0,1,1262000,1
RES01708,COL0871,Mathematics,0,0,0,0,0,0
RES01709,COL1127,Accountancy,4,23,1,1,1988000,2
RES01710,COL1091,Marathi,1,3,0,0,0,1
RES01711,COL1456,Information Technology,50,206,15,20,11930000,3
RES01712,COL1350,Mechanical Engineering,1,5,3,3,6085000,3
RES01713,COL0248,Computer Science,59,416,4,8,13154000,2
RES01714,COL1547,Pharmacognosy,0,0,4,1,3523000,4
RES01715,COL1515,Medical Surgical Nursing,1,8,3,1,1310000,2
RES01716,COL1105,Economics,31,137,1,5,6012000,0
RES01717,COL1269,Civil Engineering,79,349,9,14,34487000,2
RES01718,COL0631,Human Resources,1,5,2,3,9734000,1
RES01719,COL1391,Marathi,1,5,0,1,500000,2
RES01720,COL0618,Civil Engineering,21,122,6,11,6347000,2
RES01721,COL1447,History,2,11,1,2,5189000,0
RES01722,COL1299,Banking & Finance,1,8,2,1,1871000,0
RES01723,COL0834,Mathematics,1,4,0,0,0,0
RES01724,COL1669,Commerce,4,34,2,1,2700000,1
RES01725,COL1939,Computer Science,33,264,9,10,24018000,1
RES01726,COL1705,English,8,59,0,1,3564000,1
RES01727,COL1897,Computer Science,6,23,5,7,8159000,0
RES01728,COL0019,Computer Science,21,181,1,1,2374000,1
RES01729,COL0316,Physiology,2,16,1,2,2840000,1
RES01730,COL1047,Civil Engineering,27,181,1,9,30275000,2
RES01731,COL1704,Marathi,9,44,1,4,9971000,1
RES01732,COL1012,Educational Administration,1,7,0,1,478000,0
RES01733,COL0795,Mechanical Engineering,1,7,0,0,0,0
RES01734,COL1296,Computer Engineering,2,15,1,2,4732000,0
RES01735,COL0325,English,4,29,0,4,7138000,3
RES01736,COL0960,Computer Engineering,18,163,5,4,10280000,2
RES01737,COL0019,Chemistry,3,18,2,1,2185000,1
RES01738,COL1749,Electrical Engineering,10,69,4,2,5410000,0
RES01739,COL1953,Curriculum & Pedagogy,1,6,0,0,0,1
RES01740,COL1595,Mathematics,9,41,3,10,10700000,1
RES01741,COL1465,Sociology,4,28,1,4,8330000,3
RES01742,COL0822,Accountancy,0,0,1,2,3509000,0
RES01743,COL1907,Civil Engineering,40,248,5,7,15412000,2
RES01744,COL1998,Constitutional Law,1,6,0,0,0,1
RES01745,COL1635,Information Technology,0,0,3,0,711000,0
RES01746,COL1552,Electrical Engineering,42,233,3,7,21673000,1
RES01747,COL1517,Anatomy,3,22,2,2,2870000,3
RES01748,COL0992,Information Technology,2,4,8,4,3607000,0
RES01749,COL1663,Finance,1,6,0,0,0,0
RES01750,COL1139,Biochemistry,2,12,2,3,5962000,1
RES01751,COL0318,Physics,1,6,1,0,260000,1
RES01752,COL1054,Civil Engineering,1,6,0,1,2160000,3
RES01753,COL0624,Computer Engineering,1,5,2,2,2535000,0
RES01754,COL1371,Surgery,1,8,0,0,0,1
RES01755,COL0408,Information Technology,18,121,3,4,7710000,2
RES01756,COL0162,Electrical Engineering,2,14,3,1,4610000,2
RES01757,COL0818,Chemistry,9,86,5,3,3600000,1
RES01758,COL0141,Economics,0,0,1,1,966000,1
RES01759,COL0749,Civil Engineering,1,2,0,3,3154000,1
RES01760,COL1742,Physics,1,6,0,0,0,0
RES01761,COL1319,Educational Administration,0,0,1,1,1285000,1
RES01762,COL1081,Economics,3,23,0,3,1849000,0
RES01763,COL1512,Computer Science,2,19,2,1,2703000,2
RES01764,COL1339,Computer Science,5,28,1,4,1513000,0
RES01765,COL1267,Economics,3,13,6,2,6189000,2
RES01766,COL0213,Agronomy,12,71,3,4,12607000,2
RES01767,COL1960,Physics,11,79,0,8,9182000,1
RES01768,COL1608,Surgery,1,5,0,4,3242000,4
RES01769,COL0393,Marathi,16,92,1,3,4199000,1
RES01770,COL0226,Electrical Engineering,2,12,2,1,1610000,0
RES01771,COL0422,Pharmaceutical Chemistry,28,166,2,5,7985000,0
RES01772,COL1702,Finance,11,48,0,5,10426000,3
RES01773,COL0291,Community Health Nursing,0,0,0,0,0,0
RES01774,COL0412,Finance,1,4,0,1,975000,1
RES01775,COL0413,Civil Law,1,6,0,0,0,1
RES01776,COL0662,Marathi,3,26,0,2,2508000,2
RES01777,COL1884,Physics,0,0,0,0,0,1
RES01778,COL0376,Marketing,7,62,3,2,4916000,3
RES01779,COL1390,Electronics & Telecommunication,0,0,2,2,1228000,1
RES01780,COL1738,Physics,1,7,0,1,2386000,1
RES01781,COL1364,Economics,2,18,0,1,1829000,3
RES01782,COL0039,Marathi,0,0,2,0,530000,3
RES01783,COL0098,Economics,4,27,4,3,9712000,1
RES01784,COL0753,Curriculum & Pedagogy,0,0,1,1,1673000,2
RES01785,COL0072,Business Administration,2,6,4,5,11017000,0
RES01786,COL1411,Electronics & Telecommunication,21,69,21,16,29363000,3
RES01787,COL0353,Commerce,1,4,0,0,0,1
RES01788,COL1398,Chemistry,1,4,2,0,525000,2
RES01789,COL1178,Electrical Engineering,6,51,0,1,1637000,3
RES01790,COL0403,Pediatrics,1,9,0,1,1794000,2
RES01791,COL1955,Corporate Law,40,171,4,8,3773000,0
RES01792,COL0081,Commerce,2,11,2,2,3782000,1
RES01793,COL1579,Mathematics,17,77,2,16,39151000,0
RES01794,COL0983,English,1,4,0,0,0,0
RES01795,COL1906,Civil Engineering,0,0,0,2,1189000,0
RES01796,COL0288,Commerce,25,207,1,10,26410000,2
RES01797,COL0589,Electronics & Telecommunication,1,10,0,0,0,4
RES01798,COL0395,Accountancy,1,4,0,1,2288000,2
RES01799,COL0404,Civil Engineering,1,4,0,3,3923000,0
RES01800,COL0264,Physics,2,21,0,2,3788000,2
RES01801,COL0848,Marathi,2,12,4,2,5790000,0
RES01802,COL1455,English,3,27,2,6,6166000,2
RES01803,COL1018,Information Technology,14,93,14,10,7050000,1
RES01804,COL0033,Computer Engineering,71,533,6,11,38849000,2
RES01805,COL1423,Mathematics,5,30,1,1,1242000,1
RES01806,COL1504,Civil Engineering,15,126,3,6,13283000,1
RES01807,COL0983,Commerce,1,4,1,0,159000,0
RES01808,COL0075,Commerce,49,249,1,7,10204000,1
RES01809,COL0201,English,1,7,3,1,3118000,0
RES01810,COL0508,Business Administration,1,9,1,1,2822000,1
RES01811,COL1692,Physics,28,189,4,0,533000,3
RES01812,COL1284,Commerce,2,6,1,1,2052000,1
RES01813,COL0680,English,9,59,0,3,5503000,0
RES01814,COL0834,Economics,7,40,2,3,3205000,1
RES01815,COL0227,Mechanical Engineering,13,124,9,3,7031000,3
RES01816,COL1340,Civil Engineering,3,25,0,1,3032000,1
RES01817,COL0420,Civil Engineering,1,7,0,0,0,1
RES01818,COL0120,English,2,19,0,0,0,2
RES01819,COL1438,Marathi,41,228,3,5,14094000,2
RES01820,COL0239,Computer Science,0,0,0,0,0,2
RES01821,COL1085,Electronics & Telecommunication,4,27,5,4,7909000,2
RES01822,COL0870,English,14,99,6,10,21094000,0
RES01823,COL0423,Computer Science,0,0,2,0,526000,3
RES01824,COL0769,Computer Science,0,0,0,0,0,3
RES01825,COL1729,Mechanical Engineering,6,32,1,3,9044000,2
RES01826,COL1160,Computer Science,6,54,3,5,4326000,3
RES01827,COL1484,Accountancy,1,5,0,1,3087000,0
RES01828,COL1462,Building Construction & Materials,0,0,0,1,1362000,1
RES01829,COL1025,Physics,0,0,1,2,2161000,1
RES01830,COL1709,Educational Psychology,1,6,1,1,3128000,3
RES01831,COL0509,Electronics & Telecommunication,5,15,6,11,14442000,1
RES01832,COL0121,Electrical Engineering,39,294,4,3,7758000,2
RES01833,COL1357,Accountancy,45,461,6,8,13466000,1
RES01834,COL1917,Commerce,37,227,4,11,25827000,1
RES01835,COL0344,Computer Science,0,0,1,1,634000,1
RES01836,COL1712,Human Resources,0,0,0,0,0,3
RES01837,COL0782,Accountancy,10,53,0,4,9264000,4
RES01838,COL0178,Pharmacology,2,11,1,4,2748000,0
RES01839,COL1835,Computer Science,13,31,4,8,14814000,0
RES01840,COL0782,Banking & Finance,57,504,3,10,30253000,0
RES01841,COL1986,Physics,0,0,0,0,0,1
RES01842,COL1368,Mathematics,2,10,4,3,3742000,1
RES01843,COL0614,Medical Surgical Nursing,1,6,0,0,0,1
RES01844,COL0872,Curriculum & Pedagogy,1,2,0,3,3524000,0
RES01845,COL0026,Commerce,10,45,1,3,2046000,1
RES01846,COL1512,English,1,6,0,3,3273000,1
RES01847,COL0351,English,0,0,0,1,3599000,2
RES01848,COL1248,Accountancy,1,4,2,4,2294000,1
RES01849,COL1454,Zoology,2,17,2,4,10174000,2
RES01850,COL1079,Commerce,0,0,0,1,570000,2
RES01851,COL1434,Information Technology,1,2,1,1,716000,1
RES01852,COL1381,Building Construction & Materials,9,24,0,6,5835000,0
RES01853,COL1126,Mathematics,2,12,0,2,4062000,2
RES01854,COL0560,Chemistry,8,64,3,3,5480000,0
RES01855,COL0405,Curriculum & Pedagogy,1,6,0,1,2197000,1
RES01856,COL0528,Information Technology,7,28,1,4,9345000,2
RES01857,COL1992,Curriculum & Pedagogy,4,18,0,4,11198000,3
RES01858,COL0015,Economics,2,7,0,3,3500000,0
RES01859,COL1005,Computer Science,2,13,1,1,2807000,1
RES01860,COL0020,Marathi,2,14,0,0,0,2
RES01861,COL1481,Business Administration,13,110,1,12,19131000,3
RES01862,COL1623,Pharmaceutical Chemistry,0,0,3,1,2968000,4
RES01863,COL1389,Pediatrics,4,27,1,1,1529000,1
RES01864,COL0288,English,2,13,3,0,854000,2
RES01865,COL0060,Business Administration,3,24,1,4,4631000,1
RES01866,COL0637,Business Administration,18,128,1,2,7282000,2
RES01867,COL1968,Electrical Engineering,1,7,2,1,2607000,2
RES01868,COL1251,Economics,2,14,0,1,1624000,2
RES01869,COL0252,Mathematics,0,0,0,1,1742000,2
RES01870,COL0674,Pharmacognosy,4,25,0,3,6247000,2
RES01871,COL0371,Pharmacology,23,165,0,4,3894000,2
RES01872,COL0457,Economics,4,22,0,2,5109000,1
RES01873,COL1023,Economics,1,5,4,0,1180000,3
RES01874,COL0411,Physics,1,7,0,1,3002000,2
RES01875,COL1130,Computer Science,1,6,2,3,4648000,1
RES01876,COL1929,Banking & Finance,0,0,0,0,0,1
RES01877,COL1351,Chemistry,2,17,1,1,2446000,2
RES01878,COL1728,Information Technology,15,139,4,6,4324000,2
RES01879,COL0130,Civil Engineering,11,68,0,2,3546000,0
RES01880,COL0931,Physics,5,32,1,3,1718000,3
RES01881,COL0064,Marketing,1,4,0,4,6543000,1
RES01882,COL0313,Zoology,0,0,3,0,286000,2
RES01883,COL1988,Electronics & Telecommunication,9,40,4,5,8740000,0
RES01884,COL0841,Computer Engineering,1,5,1,5,5979000,0
RES01885,COL1215,Computer Engineering,3,25,3,2,2161000,2
RES01886,COL0958,Electrical Engineering,13,50,5,3,7194000,0
RES01887,COL1202,English,10,39,1,1,1048000,0
RES01888,COL0132,Chemistry,29,209,5,8,20517000,1
RES01889,COL0242,Marketing,4,35,1,2,2849000,2
RES01890,COL1884,Economics,6,43,0,5,10505000,2
RES01891,COL1106,Pharmacognosy,1,4,0,0,0,0
RES01892,COL0099,Chemistry,8,19,1,4,5338000,0
RES01893,COL0277,Electrical Engineering,0,0,4,1,1147000,2
RES01894,COL0957,Civil Law,29,196,1,5,2475000,1
RES01895,COL1595,Physics,49,327,5,13,12008000,2
RES01896,COL1056,Mathematics,6,41,3,3,2804000,1
RES01897,COL1918,Community Health Nursing,1,7,0,2,4347000,0
RES01898,COL0572,Banking & Finance,39,90,1,12,8066000,0
RES01899,COL0175,Mathematics,1,5,0,1,1169000,0
RES01900,COL1001,Mathematics,1,8,1,1,2797000,0
RES01901,COL0330,Electrical Engineering,1,3,0,4,2083000,1
RES01902,COL0101,Marathi,20,63,0,6,9320000,3
RES01903,COL1871,Child Health Nursing,0,0,0,0,0,1
RES01904,COL1113,Physiology,5,40,0,3,3050000,3
RES01905,COL1635,Mechanical Engineering,19,83,4,6,9372000,4
RES01906,COL1888,Marathi,19,111,4,8,23674000,2
RES01907,COL0185,Computer Engineering,0,0,0,0,0,0
RES01908,COL1241,Electrical Engineering,25,129,5,11,13742000,3
RES01909,COL1575,Mechanical Engineering,31,216,7,5,7575000,2
RES01910,COL0468,Chemistry,2,16,2,2,1770000,0
RES01911,COL0695,English,0,0,2,2,2264000,2
RES01912,COL1813,Marketing,0,0,0,1,3365000,2
RES01913,COL0402,Human Resources,2,19,2,0,451000,3
RES01914,COL1321,Marathi,2,14,1,3,2617000,3
RES01915,COL1102,Physics,36,205,2,5,7941000,3
RES01916,COL0034,Electronics & Telecommunication,87,468,14,13,5797000,1
RES01917,COL0344,English,2,10,1,1,1513000,1
RES01918,COL0591,Banking & Finance,15,136,0,3,11593000,1
RES01919,COL0918,Banking & Finance,2,7,0,0,0,0
RES01920,COL1084,Mathematics,24,202,1,8,28879000,1
RES01921,COL1999,Building Construction & Materials,20,169,3,6,10688000,3
RES01922,COL0012,Banking & Finance,1,6,0,0,0,2
RES01923,COL0906,Electronics & Telecommunication,50,426,9,13,19372000,2
RES01924,COL1925,Economics,2,12,1,2,1214000,3
RES01925,COL1161,Physics,5,39,1,2,1304000,1
RES01926,COL1936,Economics,1,7,0,1,3039000,3
RES01927,COL0022,English,4,34,1,3,6794000,0
RES01928,COL0802,Educational Administration,14,118,1,1,804000,3
RES01929,COL1021,Commerce,5,26,1,3,2259000,0
RES01930,COL0565,Educational Psychology,3,11,0,3,4450000,1
RES01931,COL0925,Electronics & Telecommunication,11,40,6,3,8078000,1
RES01932,COL1822,English,1,4,0,0,0,3
RES01933,COL0817,Mechanical Engineering,13,89,6,2,1863000,0
RES01934,COL0789,Business Administration,3,14,0,2,1927000,3
RES01935,COL1278,Economics,2,14,0,2,6473000,3
RES01936,COL1770,Computer Engineering,1,4,1,2,3482000,0
RES01937,COL1221,Chemistry,66,554,10,8,9838000,4
RES01938,COL0801,Criminal Law,0,0,2,1,2526000,2
RES01939,COL0157,Physics,9,67,0,5,13281000,2
RES01940,COL1091,Commerce,17,49,3,7,4153000,1
RES01941,COL1650,Curriculum & Pedagogy,2,15,1,1,2420000,2
RES01942,COL1701,Electrical Engineering,28,245,2,12,10129000,2
RES01943,COL0002,Zoology,51,433,1,7,5295000,0
RES01944,COL0638,Computer Engineering,0,0,1,0,165000,1
RES01945,COL0753,Educational Psychology,0,0,0,1,504000,3
RES01946,COL1323,Banking & Finance,1,5,1,1,564000,2
RES01947,COL1072,Pharmaceutics,1,5,2,1,1437000,0
RES01948,COL1734,Mathematics,10,44,0,7,6725000,1
RES01949,COL1399,Child Health Nursing,1,6,0,0,0,2
RES01950,COL0890,English,1,5,1,1,2142000,1
RES01951,COL1255,Physics,1,7,0,2,2605000,0
RES01952,COL1674,Commerce,6,58,2,9,18146000,1
RES01953,COL1476,Chemistry,0,0,0,0,0,1
RES01954,COL1141,Civil Engineering,8,37,0,5,11316000,3
RES01955,COL1578,Commerce,3,16,5,3,4128000,2
RES01956,COL0755,Building Construction & Materials,9,70,1,2,5155000,1
RES01957,COL1457,Mathematics,0,0,0,0,0,1
RES01958,COL0441,Electronics & Telecommunication,0,0,3,0,553000,2
RES01959,COL1751,Computer Science,0,0,2,1,2534000,2
RES01960,COL1370,Educational Psychology,0,0,1,1,1027000,2
RES01961,COL0794,Mechanical Engineering,1,5,3,2,5930000,1
RES01962,COL1678,Criminal Law,2,18,1,0,263000,1
RES01963,COL1579,English,0,0,1,1,1356000,1
RES01964,COL0271,Civil Engineering,11,59,1,4,7370000,2
RES01965,COL0449,Physics,1,6,1,4,10391000,1
RES01966,COL0043,Civil Engineering,30,309,2,5,10816000,1
RES01967,COL0314,Medical Surgical Nursing,66,441,4,7,3480000,2
RES01968,COL1938,Chemistry,10,17,8,4,6350000,0
RES01969,COL1485,Biochemistry,5,28,0,1,426000,1
RES01970,COL1699,Marathi,0,0,0,0,0,0
RES01971,COL1466,Mathematics,12,104,4,7,4111000,0
RES01972,COL1383,Marathi,0,0,0,1,659000,2
RES01973,COL0492,Economics,11,80,0,1,1394000,2
RES01974,COL0163,Computer Engineering,1,6,5,0,1303000,1
RES01975,COL0990,Electronics & Telecommunication,1,8,0,0,0,1
RES01976,COL1031,Physics,45,386,0,1,1409000,1
RES01977,COL1457,Computer Science,2,15,1,1,2712000,2
RES01978,COL0019,Commerce,0,0,0,0,0,1
RES01979,COL1051,Urban Planning,11,40,1,3,2456000,3
RES01980,COL1357,Business Administration,58,512,2,11,26283000,1
RES01981,COL0146,Commerce,19,202,1,8,7728000,2
RES01982,COL1772,Economics,7,47,3,10,14769000,2
RES01983,COL0714,Economics,13,93,2,11,33108000,3
RES01984,COL1761,Mechanical Engineering,3,12,4,4,8507000,1
RES01985,COL0765,Human Resources,10,48,0,3,3464000,1
RES01986,COL1740,Educational Administration,7,20,0,3,2467000,1
RES01987,COL0046,Chemistry,0,0,0,0,0,2
RES01988,COL0545,Chemistry,49,374,2,4,2522000,1
RES01989,COL1107,Mathematics,1,6,0,2,1393000,0
RES01990,COL0260,English,5,42,4,10,14147000,0
RES01991,COL0197,Electrical Engineering,5,36,0,4,11431000,0
RES01992,COL0831,Operations Management,1,8,0,0,0,2
RES01993,COL0288,Physics,4,42,1,1,3326000,3
RES01994,COL0355,Computer Engineering,2,11,4,3,8485000,2
RES01995,COL1037,Mathematics,9,41,0,2,4681000,1
RES01996,COL1777,Mathematics,21,53,1,9,16207000,1
RES01997,COL0417,Computer Engineering,1,8,1,0,92000,1
RES01998,COL1544,Computer Science,56,432,3,6,23257000,2
RES01999,COL0053,Finance,1,6,1,3,6557000,2
RES02000,COL0609,Mechanical Engineering,0,0,0,0,0,0
RES02001,COL0487,Information Technology,3,25,1,2,1969000,1
RES02002,COL1173,Mechanical Engineering,3,26,1,3,7492000,5
RES02003,COL0999,Marathi,4,19,1,3,2771000,1
RES02004,COL1016,Sociology,3,20,1,4,7036000,0
RES02005,COL1735,Chemistry,3,30,6,2,2792000,4
RES02006,COL0082,Mechanical Engineering,0,0,1,0,96000,0
RES02007,COL0664,Civil Engineering,0,0,0,0,0,2
RES02008,COL1631,Commerce,1,6,0,1,486000,0
RES02009,COL0877,Zoology,1,5,0,1,762000,1
RES02010,COL1696,Sociology,4,19,0,1,662000,1
RES02011,COL1533,Physics,2,11,0,0,0,2
RES02012,COL0701,Curriculum & Pedagogy,13,104,3,0,870000,0
RES02013,COL0032,Commerce,2,9,0,1,554000,2
RES02014,COL0990,Information Technology,36,194,3,7,11858000,2
RES02015,COL0046,English,2,11,4,1,3792000,2
RES02016,COL1795,Marathi,4,29,0,0,0,1
RES02017,COL1662,Pharmacology,1,7,2,1,2487000,3
RES02018,COL1777,Physics,4,12,0,2,983000,1
RES02019,COL0368,Electrical Engineering,1,8,2,1,884000,2
RES02020,COL1375,Mechanical Engineering,0,0,4,0,1164000,1
RES02021,COL0375,Mathematics,0,0,0,0,0,1
RES02022,COL0415,Computer Science,1,4,0,1,906000,2
RES02023,COL1762,Pharmacognosy,3,19,2,2,6537000,2
RES02024,COL1793,Pharmacology,0,0,0,0,0,1
RES02025,COL1934,Criminal Law,5,11,0,2,3054000,0
RES02026,COL0231,Mechanical Engineering,10,72,5,6,24522000,4
RES02027,COL0852,Civil Engineering,1,8,0,0,0,3
RES02028,COL1020,Obstetrics & Gynaecological Nursing,6,47,0,2,718000,1
RES02029,COL1255,Computer Science,0,0,1,1,1966000,0
RES02030,COL1622,Physics,4,24,3,4,7181000,1
RES02031,COL1405,Civil Engineering,0,0,0,0,0,1
RES02032,COL0726,Physics,2,8,2,2,726000,0
RES02033,COL0060,Banking & Finance,0,0,0,1,1089000,2
RES02034,COL1323,Business Administration,1,3,0,3,3106000,1
RES02035,COL1784,Economics,9,68,1,2,3805000,2
RES02036,COL0577,Information Technology,0,0,0,1,1509000,1
RES02037,COL1340,Mechanical Engineering,4,23,8,4,6762000,2
RES02038,COL1387,Chemistry,2,12,0,3,8602000,0
RES02039,COL1863,Criminal Law,30,130,2,8,19263000,0
RES02040,COL1398,Computer Science,0,0,1,1,2392000,0
RES02041,COL1316,Electronics & Telecommunication,0,0,0,1,3133000,4
RES02042,COL0623,Chemistry,7,33,4,3,6020000,0
RES02043,COL1213,Computer Engineering,2,15,3,1,3093000,1
RES02044,COL0293,Pharmacognosy,1,5,0,0,0,2
RES02045,COL1151,Electrical Engineering,6,44,0,4,11115000,1
RES02046,COL1498,Civil Engineering,5,23,2,3,8137000,2
RES02047,COL0705,Pharmaceutical Chemistry,3,32,3,1,4304000,3
RES02048,COL0143,Electronics & Telecommunication,1,6,0,1,1648000,3
RES02049,COL0971,Electrical Engineering,5,26,5,4,9464000,1
RES02050,COL0091,Chemistry,1,6,1,2,1520000,0
RES02051,COL0409,Chemistry,2,18,4,5,12175000,1
RES02052,COL1627,Civil Engineering,1,3,2,0,131000,0
RES02053,COL0663,Electronics & Telecommunication,3,16,2,3,7256000,2
RES02054,COL1664,Civil Engineering,1,8,1,0,173000,3
RES02055,COL0450,Chemistry,0,0,0,0,0,0
RES02056,COL0178,Anatomy,3,16,1,3,2930000,1
RES02057,COL0719,Curriculum & Pedagogy,7,65,1,2,4470000,0
RES02058,COL0787,Physics,2,15,0,1,2291000,2
RES02059,COL1063,Information Technology,1,5,2,1,2773000,0
RES02060,COL1178,Information Technology,2,20,3,1,3642000,2
RES02061,COL1603,Physics,13,91,1,1,3399000,0
RES02062,COL0950,Architectural Design,6,41,2,3,7575000,2
RES02063,COL0163,Electronics & Telecommunication,9,53,5,2,3455000,3
RES02064,COL0867,Sociology,1,4,0,2,2890000,1
RES02065,COL0682,Electronics & Telecommunication,0,0,2,2,5245000,3
RES02066,COL1661,Pharmacology,11,68,2,1,2696000,2
RES02067,COL1783,Chemistry,17,137,4,7,5958000,1
RES02068,COL0521,Mathematics,1,6,0,1,999000,0
RES02069,COL0594,Computer Engineering,1,6,0,2,2819000,2
RES02070,COL1756,English,3,15,3,1,2424000,0
RES02071,COL1004,Mechanical Engineering,1,2,1,1,2008000,0
RES02072,COL0382,Accountancy,0,0,0,1,2377000,0
RES02073,COL0276,Mathematics,1,6,2,3,4879000,1
RES02074,COL1731,Sociology,4,19,2,5,4074000,0
RES02075,COL1986,Marathi,2,10,1,1,1701000,1
RES02076,COL1250,Criminal Law,14,113,1,7,15297000,4
RES02077,COL0600,Economics,0,0,0,2,3574000,1
RES02078,COL1261,Business Analytics,4,30,3,5,14804000,2
RES02079,COL0777,Electronics & Telecommunication,1,8,1,0,121000,4
RES02080,COL1661,Surgery,1,5,0,1,1714000,1
RES02081,COL1672,Banking & Finance,1,6,1,2,6403000,3
RES02082,COL0385,Accountancy,1,3,0,0,0,0
RES02083,COL0547,Economics,0,0,1,1,3410000,3
RES02084,COL1600,Physiology,3,25,0,2,5093000,3
RES02085,COL0827,English,33,218,2,6,4170000,1
RES02086,COL1498,Electrical Engineering,17,106,4,5,4528000,2
RES02087,COL0586,Physics,1,5,2,1,1134000,1
RES02088,COL0670,Building Construction & Materials,6,37,0,4,9418000,2
RES02089,COL1770,Civil Engineering,22,70,4,5,10516000,1
RES02090,COL0048,Mechanical Engineering,0,0,2,0,309000,3
RES02091,COL0688,Chemistry,0,0,0,0,0,3
RES02092,COL0548,Economics,2,9,1,1,806000,1
RES02093,COL1175,English,1,11,2,1,1384000,1
RES02094,COL0612,Operations Management,47,299,1,4,6122000,2
RES02095,COL1061,Information Technology,5,14,2,1,665000,3
RES02096,COL0155,Zoology,32,142,0,2,3726000,0
RES02097,COL1548,Computer Science,0,0,0,0,0,2
RES02098,COL1948,Computer Engineering,12,96,13,7,12384000,3
RES02099,COL1567,Economics,1,7,0,0,0,3
RES02100,COL1632,Educational Administration,1,5,1,1,1870000,2
RES02101,COL1772,Banking & Finance,86,491,12,13,41095000,2
RES02102,COL0419,Computer Science,7,33,2,5,2745000,0
RES02103,COL1135,Marketing,1,5,0,1,2324000,1
RES02104,COL1550,Pharmacology,9,56,2,2,2609000,3
RES02105,COL1006,Pharmaceutical Chemistry,0,0,0,0,0,2
RES02106,COL1842,Electrical Engineering,2,21,5,4,6697000,2
RES02107,COL1027,Political Science,0,0,0,3,8905000,1
RES02108,COL1460,Civil Law,3,20,2,2,5180000,1
RES02109,COL0787,Mathematics,3,15,1,2,3054000,2
RES02110,COL0979,English,27,196,0,5,5908000,1
RES02111,COL0620,Commerce,6,49,2,4,3384000,0
RES02112,COL0970,English,0,0,2,1,1927000,1
RES02113,COL0980,Commerce,1,7,0,1,332000,1
RES02114,COL1693,Commerce,1,2,0,4,2827000,1
RES02115,COL1622,Commerce,16,83,3,7,6223000,1
RES02116,COL0871,Economics,2,15,1,2,3353000,2
RES02117,COL0873,Urban Planning,1,7,1,0,89000,0
RES02118,COL1682,Educational Psychology,2,8,1,2,1530000,1
RES02119,COL1658,Corporate Law,22,148,2,14,29938000,1
RES02120,COL1803,Pharmacognosy,2,10,0,2,4298000,3
RES02121,COL0468,Mathematics,73,523,5,10,29341000,1
RES02122,COL1288,Economics,2,10,2,2,1704000,2
RES02123,COL0496,Marathi,1,5,0,2,1504000,2
RES02124,COL1900,Marathi,5,18,0,5,1460000,1
RES02125,COL1266,Information Technology,0,0,2,1,1041000,2
RES02126,COL0418,Information Technology,16,99,3,2,2229000,3
RES02127,COL1295,Criminal Law,2,11,2,1,1172000,0
RES02128,COL0629,Botany,32,74,0,5,1420000,1
RES02129,COL0935,Mathematics,4,33,0,1,1370000,1
RES02130,COL0475,Mathematics,1,8,0,0,0,2
RES02131,COL0406,Horticulture,3,15,3,2,5684000,3
RES02132,COL1753,Finance,2,18,0,1,2709000,1
RES02133,COL1447,Sociology,13,90,0,2,4299000,1
RES02134,COL1039,Computer Engineering,8,43,3,3,4467000,1
RES02135,COL0921,Criminal Law,23,151,3,5,7561000,0
RES02136,COL0509,Electrical Engineering,11,52,3,3,2557000,0
RES02137,COL0845,English,1,7,1,1,1417000,1
RES02138,COL0620,Marathi,9,63,4,5,7741000,0
RES02139,COL0863,Mathematics,30,244,1,11,35930000,2
RES02140,COL1279,Pharmacology,0,0,0,0,0,0
RES02141,COL1382,Mathematics,79,293,4,10,17772000,0
RES02142,COL1896,Information Technology,0,0,1,0,225000,2
RES02143,COL0275,Chemistry,2,5,0,1,2005000,2
RES02144,COL1630,Constitutional Law,18,119,3,6,7537000,1
RES02145,COL0604,Civil Engineering,21,222,1,2,6750000,3
RES02146,COL0759,Economics,3,25,1,1,1999000,2
RES02147,COL1726,Business Analytics,18,96,3,5,6093000,2
RES02148,COL0760,English,1,6,1,1,2428000,2
RES02149,COL1230,Computer Science,1,8,1,1,979000,2
RES02150,COL1779,Electronics & Telecommunication,0,0,0,1,2168000,1
RES02151,COL0750,Electronics & Telecommunication,1,8,1,1,2108000,1
RES02152,COL1451,Curriculum & Pedagogy,0,0,0,0,0,0
RES02153,COL1437,Electronics & Telecommunication,0,0,2,1,1196000,0
RES02154,COL0747,Marathi,6,33,4,4,8996000,2
RES02155,COL0865,Marathi,1,5,0,1,1158000,2
RES02156,COL0304,Chemistry,0,0,4,0,941000,0
RES02157,COL0440,Physics,2,18,0,1,3979000,1
RES02158,COL0567,Finance,6,26,0,3,7759000,2
RES02159,COL1419,Biochemistry,28,195,1,8,5892000,3
RES02160,COL0817,Electronics & Telecommunication,14,66,9,7,8480000,1
RES02161,COL0647,Economics,40,297,3,4,3251000,2
RES02162,COL1739,Information Technology,1,7,3,0,559000,3
RES02163,COL0126,Civil Engineering,2,12,0,2,1557000,2
RES02164,COL1123,Medical Surgical Nursing,1,2,1,0,96000,3
RES02165,COL0652,English,1,9,0,0,0,2
RES02166,COL0797,Pharmaceutics,17,93,6,3,8877000,1
RES02167,COL1516,Pharmacology,12,97,2,5,8929000,2
RES02168,COL1979,Marathi,7,48,1,4,7555000,1
RES02169,COL0009,Civil Engineering,66,377,2,7,21271000,3
RES02170,COL1653,Physics,0,0,0,0,0,3
RES02171,COL0211,Pharmaceutical Chemistry,4,26,6,1,4796000,3
RES02172,COL0439,Mathematics,76,410,2,10,23727000,2
RES02173,COL0141,Banking & Finance,9,44,4,4,7838000,1
RES02174,COL0729,Educational Administration,1,5,0,1,1314000,0
RES02175,COL0053,Marketing,0,0,2,0,292000,2
RES02176,COL1690,Economics,1,8,0,1,2835000,0
RES02177,COL0833,Horticulture,0,0,1,1,1522000,1
RES02178,COL0202,Computer Engineering,44,391,8,3,8768000,1
RES02179,COL1772,Accountancy,1,7,0,5,11519000,2
RES02180,COL0603,Community Health Nursing,6,33,0,3,9485000,2
RES02181,COL0994,English,2,9,0,1,1310000,3
RES02182,COL1214,Computer Science,1,7,0,1,1266000,1
RES02183,COL1483,Chemistry,34,305,3,6,21924000,0
RES02184,COL0325,Economics,33,272,2,8,11299000,0
RES02185,COL0132,Economics,3,12,0,4,4450000,0
RES02186,COL1713,English,3,26,0,2,4415000,1
RES02187,COL0343,English,11,79,2,11,10202000,1
RES02188,COL1718,Physics,8,41,2,3,5918000,1
RES02189,COL1216,Marathi,8,57,1,3,9570000,1
RES02190,COL1706,Physiology,45,325,3,6,8759000,3
RES02191,COL0239,Commerce,8,34,1,4,8634000,1
RES02192,COL1707,Civil Engineering,0,0,1,0,178000,1
RES02193,COL1755,Civil Engineering,2,10,4,3,8230000,2
RES02194,COL0512,Civil Engineering,1,7,2,0,465000,3
RES02195,COL0962,Civil Engineering,113,706,4,11,5452000,1
RES02196,COL1153,Chemistry,4,15,5,1,2497000,0
RES02197,COL1265,Marathi,2,12,0,0,0,0
RES02198,COL1305,Mechanical Engineering,7,42,9,2,6665000,2
RES02199,COL0110,English,23,234,2,7,4091000,2
RES02200,COL1387,English,10,76,3,2,3763000,3
RES02201,COL0651,Computer Engineering,2,22,4,1,3045000,3
RES02202,COL1409,Business Analytics,6,40,0,1,2748000,4
RES02203,COL1231,Information Technology,1,7,0,4,10583000,4
RES02204,COL1565,Pharmacognosy,1,3,2,0,107000,1
RES02205,COL1005,Economics,1,6,1,0,55000,0
RES02206,COL0782,Economics,43,337,1,4,2444000,1
RES02207,COL1931,Mechanical Engineering,2,19,1,1,1860000,1
RES02208,COL1257,Commerce,6,43,1,7,13814000,1
RES02209,COL1513,English,17,111,4,6,3255000,2
RES02210,COL1389,Pharmacology,0,0,1,0,121000,3
RES02211,COL1380,Banking & Finance,9,49,2,4,8491000,2
RES02212,COL0660,Chemistry,6,44,4,1,3137000,2
RES02213,COL1042,Economics,1,3,0,1,1012000,0
RES02214,COL0592,Physics,40,325,2,8,20525000,3
RES02215,COL0911,Electronics & Telecommunication,4,23,4,5,9888000,1
RES02216,COL0789,Banking & Finance,0,0,0,2,4932000,1
RES02217,COL1005,Chemistry,0,0,2,1,1502000,4
RES02218,COL0727,Operations Management,4,6,0,2,2502000,1
RES02219,COL0757,Chemistry,7,48,2,3,5532000,0
RES02220,COL0409,Mathematics,5,48,0,2,1061000,2
RES02221,COL1198,Marathi,2,15,1,3,4498000,1
RES02222,COL0363,Computer Science,2,9,3,4,2090000,0
RES02223,COL0260,Commerce,0,0,0,0,0,0
RES02224,COL0596,Chemistry,1,5,1,0,58000,1
RES02225,COL0467,Electronics & Telecommunication,11,95,2,3,8370000,4
RES02226,COL1204,Computer Science,0,0,1,0,194000,2
RES02227,COL0761,Information Technology,10,90,5,5,16120000,2
RES02228,COL1917,Computer Science,1,6,7,0,795000,0
RES02229,COL1476,Economics,2,20,0,2,3688000,2
RES02230,COL0564,Architectural Design,2,13,1,1,1102000,3
RES02231,COL1976,Electrical Engineering,24,97,7,3,3144000,2
RES02232,COL0265,Physics,1,3,0,0,0,1
RES02233,COL1221,Computer Science,30,272,5,6,9917000,2
RES02234,COL1842,Information Technology,2,15,5,3,5813000,2
RES02235,COL0268,Biochemistry,179,1524,0,10,10778000,2
RES02236,COL1496,Physics,2,18,0,1,568000,2
RES02237,COL1380,Business Administration,6,29,1,7,19986000,2
RES02238,COL1713,Mathematics,18,134,4,4,14568000,0
RES02239,COL1293,Banking & Finance,8,72,1,5,14154000,1
RES02240,COL0507,Accountancy,18,149,4,4,12946000,1
RES02241,COL0150,Electronics & Telecommunication,5,14,1,4,7043000,2
RES02242,COL1496,Computer Science,5,52,9,4,11709000,2
RES02243,COL1724,Electronics & Telecommunication,18,176,4,2,4863000,1
RES02244,COL0304,Physics,0,0,0,1,1232000,0
RES02245,COL0652,Chemistry,1,9,2,2,5435000,1
RES02246,COL0875,Electronics & Telecommunication,0,0,1,1,1196000,1
RES02247,COL1927,Pharmaceutical Chemistry,2,15,4,1,1095000,3
RES02248,COL0137,English,2,12,0,4,3182000,1
RES02249,COL0979,Computer Science,1,9,4,1,2692000,0
RES02250,COL0875,Electrical Engineering,6,35,5,1,1653000,2
RES02251,COL1701,Computer Engineering,2,14,3,0,349000,3
RES02252,COL0163,Information Technology,2,17,0,2,5896000,1
RES02253,COL0948,Electrical Engineering,63,531,6,14,19191000,1
RES02254,COL1800,Chemistry,0,0,0,0,0,1
RES02255,COL1883,Computer Science,1,6,0,0,0,1
RES02256,COL0135,Computer Engineering,1,7,0,1,2335000,2
RES02257,COL0948,Electronics & Telecommunication,1,6,2,2,6009000,0
RES02258,COL0513,Chemistry,48,441,6,6,9939000,1
RES02259,COL0634,Operations Management,0,0,0,1,1091000,2
RES02260,COL1254,English,7,25,1,3,1776000,1
RES02261,COL1851,Surgery,5,23,0,3,3918000,0
RES02262,COL0747,Physics,0,0,0,1,1475000,3
RES02263,COL0388,Chemistry,0,0,3,0,792000,1
RES02264,COL0641,Marathi,0,0,0,3,6602000,1
RES02265,COL1000,Electronics & Telecommunication,0,0,0,0,0,0
RES02266,COL0298,Pharmacognosy,0,0,0,0,0,3
RES02267,COL0349,Pharmaceutical Chemistry,25,131,5,4,3706000,2
RES02268,COL1018,Electrical Engineering,2,11,3,4,9071000,2
RES02269,COL0340,Chemistry,1,5,0,0,0,0
RES02270,COL1722,Human Resources,0,0,0,1,1592000,3
RES02271,COL1050,Mathematics,0,0,0,0,0,1
RES02272,COL0876,Botany,1,5,0,0,0,1
RES02273,COL1403,Electrical Engineering,18,149,6,5,8200000,3
RES02274,COL0127,Corporate Law,25,135,2,7,10969000,0
RES02275,COL0887,Information Technology,62,583,5,7,10437000,3
RES02276,COL0935,Chemistry,25,196,5,5,8579000,2
RES02277,COL1895,Economics,12,76,0,2,5262000,1
RES02278,COL0620,Mathematics,13,101,3,3,2775000,1
RES02279,COL1049,Business Administration,39,289,1,9,14080000,0
RES02280,COL0287,English,1,3,0,3,1619000,0
RES02281,COL0206,Corporate Law,1,6,0,4,6685000,2
RES02282,COL1095,Mathematics,1,5,1,2,5738000,0
RES02283,COL0113,Mechanical Engineering,1,6,3,0,461000,3
RES02284,COL1332,Marathi,0,0,2,2,5081000,3
RES02285,COL0095,Pharmacology,1,6,0,0,0,2
RES02286,COL0460,Electrical Engineering,4,35,9,3,8000000,2
RES02287,COL0059,Pediatrics,0,0,2,1,1973000,2
RES02288,COL0615,Accountancy,0,0,0,0,0,2
RES02289,COL1256,Civil Law,12,106,0,3,2655000,2
RES02290,COL0959,Computer Science,24,213,4,7,7754000,1
RES02291,COL1312,Economics,8,29,1,6,8364000,2
RES02292,COL0033,Information Technology,108,908,10,14,44633000,2
RES02293,COL0468,Marathi,109,450,3,19,37513000,1
RES02294,COL1404,Mathematics,1,7,0,1,488000,1
RES02295,COL1057,Anatomy,0,0,0,0,0,1
RES02296,COL1724,Computer Engineering,0,0,0,3,1491000,3
RES02297,COL1741,Curriculum & Pedagogy,11,67,2,7,21465000,2
RES02298,COL1359,Operations Management,0,0,0,3,8703000,3
RES02299,COL1640,Chemistry,2,12,1,1,1789000,0
RES02300,COL1744,English,19,136,2,6,4214000,1
RES02301,COL0668,Pharmaceutical Chemistry,7,45,3,5,12087000,1
RES02302,COL0097,Chemistry,79,469,6,9,36154000,3
RES02303,COL1010,Civil Law,1,6,0,1,2703000,1
RES02304,COL1274,Pharmacology,1,8,2,2,1675000,3
RES02305,COL1957,Curriculum & Pedagogy,2,10,0,0,0,2
RES02306,COL0078,Physics,1,6,0,0,0,0
RES02307,COL1501,Building Construction & Materials,8,47,2,0,566000,2
RES02308,COL0082,Computer Engineering,0,0,1,0,90000,2
RES02309,COL1332,Commerce,2,14,0,3,5627000,1
RES02310,COL0423,Chemistry,4,28,1,2,2948000,1
RES02311,COL1114,Pharmacognosy,2,11,0,1,544000,2
RES02312,COL0070,Computer Engineering,1,7,1,1,1308000,1
RES02313,COL0201,Chemistry,2,10,2,2,3774000,1
RES02314,COL1117,Marketing,1,5,0,1,2075000,1
RES02315,COL0077,English,0,0,0,0,0,1
RES02316,COL1415,Electronics & Telecommunication,11,91,5,2,6196000,2
RES02317,COL0752,Mathematics,0,0,0,0,0,1
RES02318,COL1646,Electronics & Telecommunication,0,0,0,0,0,2
RES02319,COL0313,Chemistry,13,89,3,2,2250000,2
RES02320,COL0587,Mathematics,11,71,0,4,3937000,1
RES02321,COL0374,Mechanical Engineering,1,7,6,2,5273000,2
RES02322,COL1523,Mathematics,7,67,0,4,8915000,1
RES02323,COL1612,Commerce,0,0,0,1,2123000,0
RES02324,COL0370,English,0,0,0,0,0,1
RES02325,COL1547,Pharmaceutical Chemistry,0,0,0,2,4099000,3
RES02326,COL0542,Pharmacology,4,16,1,2,2097000,1
RES02327,COL1378,Marathi,1,5,1,1,2803000,2
RES02328,COL1760,English,11,109,0,6,2821000,2
RES02329,COL0405,Educational Psychology,5,31,1,1,2660000,2
RES02330,COL1738,English,14,115,0,4,3298000,2
RES02331,COL0736,Pharmacognosy,37,275,0,12,33211000,3
RES02332,COL0691,Computer Engineering,23,199,3,9,9938000,2
RES02333,COL1532,English,0,0,0,0,0,1
RES02334,COL0194,Computer Science,7,64,2,3,9207000,0
RES02335,COL1420,Educational Administration,4,28,2,2,2575000,1
RES02336,COL1882,Marathi,1,7,0,1,481000,2
RES02337,COL1309,Computer Science,1,6,1,0,213000,2
RES02338,COL0879,Chemistry,28,265,4,12,44175000,1
RES02339,COL1364,Physics,1,8,0,3,8230000,0
RES02340,COL0851,Accountancy,9,73,7,3,8856000,1
RES02341,COL0879,Physics,15,93,2,9,19311000,3
RES02342,COL0854,Corporate Law,0,0,0,0,0,1
RES02343,COL0864,Civil Engineering,3,30,0,0,0,0
RES02344,COL0545,Physics,1,10,0,0,0,1
RES02345,COL1673,Pediatrics,2,18,1,2,2823000,1
RES02346,COL1845,Electronics & Telecommunication,1,4,0,0,0,2
RES02347,COL0387,Civil Engineering,1,8,0,1,695000,3
RES02348,COL1252,Educational Psychology,7,56,1,6,11572000,2
RES02349,COL0528,Mechanical Engineering,0,0,5,3,4788000,0
RES02350,COL0595,Educational Psychology,5,24,0,2,1390000,1
RES02351,COL1889,Pharmaceutics,2,8,0,4,1951000,1
RES02352,COL1317,Computer Engineering,27,141,5,5,16852000,2
RES02353,COL0066,Computer Science,1,8,3,0,472000,3
RES02354,COL1963,Computer Science,3,28,3,0,663000,2
RES02355,COL0592,Marathi,2,16,1,1,3258000,1
RES02356,COL0838,Computer Science,13,100,3,4,7611000,1
RES02357,COL1601,Pharmacology,11,67,1,5,6828000,0
RES02358,COL0498,Marathi,8,66,0,2,1263000,1
RES02359,COL0418,Computer Engineering,1,6,0,1,2349000,2
RES02360,COL0751,Zoology,6,13,6,7,11373000,0
RES02361,COL1475,Pharmaceutical Chemistry,1,7,2,2,1590000,2
RES02362,COL1143,Educational Administration,1,6,1,0,124000,2
RES02363,COL1908,Computer Science,18,167,12,12,34496000,2
RES02364,COL0208,Computer Science,43,150,6,6,11945000,1
RES02365,COL0905,Surgery,1,4,0,0,0,3
RES02366,COL1249,Computer Science,0,0,2,1,1219000,3
RES02367,COL1996,Chemistry,2,10,4,2,1662000,2
RES02368,COL0721,Mathematics,0,0,2,1,2779000,2
RES02369,COL0192,Mechanical Engineering,17,83,0,5,4104000,1
RES02370,COL1919,Computer Science,14,133,8,5,3957000,2
RES02371,COL1041,Pharmaceutical Chemistry,22,137,5,5,8651000,2
RES02372,COL1803,Pharmaceutics,0,0,3,2,2106000,1
RES02373,COL0564,Urban Planning,0,0,2,1,1568000,2
RES02374,COL0690,Pharmacology,0,0,2,1,3338000,1
RES02375,COL0392,Human Resources,1,6,0,0,0,0
RES02376,COL1758,Architectural Design,2,17,0,1,578000,1
RES02377,COL0357,Civil Engineering,41,220,0,2,3544000,1
RES02378,COL0418,Electronics & Telecommunication,22,170,7,5,11885000,4
RES02379,COL1047,Electrical Engineering,6,33,0,3,7910000,2
RES02380,COL0769,Chemistry,0,0,1,1,1684000,1
RES02381,COL0645,Computer Engineering,11,78,8,7,13763000,2
RES02382,COL1919,Physics,4,37,1,2,4350000,3
RES02383,COL0568,Economics,1,5,1,1,1789000,1
RES02384,COL0649,Civil Engineering,92,812,0,7,13195000,1
RES02385,COL1391,Physics,1,5,0,4,6688000,1
RES02386,COL0954,Information Technology,1,4,1,2,4447000,1
RES02387,COL1386,Pharmaceutics,1,5,5,0,1204000,1
RES02388,COL0316,Medicine,136,1019,3,13,41273000,2
RES02389,COL1057,Pediatrics,1,6,0,0,0,4
RES02390,COL0221,Chemistry,8,39,3,2,4625000,0
RES02391,COL1884,Computer Science,1,5,3,0,418000,1
RES02392,COL0423,Mathematics,28,280,5,10,9136000,3
RES02393,COL0756,Computer Engineering,2,21,0,0,0,2
RES02394,COL1541,Mathematics,1,5,2,1,909000,0
RES02395,COL0499,Electronics & Telecommunication,1,5,3,0,704000,3
RES02396,COL1633,Economics,18,125,1,5,4909000,1
RES02397,COL0780,Marathi,2,12,2,1,1443000,1
RES02398,COL0596,Economics,0,0,0,1,1107000,0
RES02399,COL0513,English,35,330,6,14,44923000,0
RES02400,COL0676,Constitutional Law,10,52,1,5,4681000,0
RES02401,COL1943,Mechanical Engineering,5,37,3,3,3691000,2
RES02402,COL0941,English,1,8,0,5,8999000,2
RES02403,COL0785,Accountancy,1,7,1,1,1830000,1
RES02404,COL0427,Electrical Engineering,64,431,6,7,25685000,2
RES02405,COL1693,Physics,4,12,1,1,2004000,2
RES02406,COL1404,English,3,17,2,7,6677000,0
RES02407,COL0954,Civil Engineering,16,35,3,6,10710000,2
RES02408,COL0938,Commerce,35,148,1,1,1647000,1
RES02409,COL1869,Economics,1,9,1,0,229000,1
RES02410,COL0230,Economics,1,7,0,0,0,0
RES02411,COL0401,Child Health Nursing,2,13,2,1,2343000,3
RES02412,COL1480,Physics,1,8,4,2,1647000,0
RES02413,COL1088,Civil Engineering,2,15,4,5,11814000,0
RES02414,COL0411,Commerce,1,5,3,0,339000,4
RES02415,COL0613,Marathi,0,0,0,0,0,0
RES02416,COL0693,Electrical Engineering,1,5,2,2,4337000,2
RES02417,COL1671,Economics,31,220,3,8,21627000,0
RES02418,COL0009,Mechanical Engineering,10,66,2,3,8255000,2
RES02419,COL1624,Community Health Nursing,0,0,0,1,2039000,1
RES02420,COL0175,Commerce,0,0,0,0,0,0
RES02421,COL0513,Computer Science,9,54,11,8,9908000,1
RES02422,COL1416,Computer Engineering,2,11,4,3,1462000,2
RES02423,COL0897,Physics,0,0,0,0,0,0
RES02424,COL1150,Business Administration,3,20,1,2,2028000,2
RES02425,COL1128,Electronics & Telecommunication,62,571,9,3,7176000,1
RES02426,COL1234,Curriculum & Pedagogy,1,6,1,0,158000,1
RES02427,COL1474,Pharmacology,1,3,0,1,1864000,3
RES02428,COL0081,Economics,17,86,1,3,956000,0
RES02429,COL0408,Electrical Engineering,10,82,3,2,7280000,4
RES02430,COL0014,Computer Engineering,0,0,0,0,0,0
RES02431,COL1184,Economics,2,8,1,4,6375000,3
RES02432,COL0489,English,6,39,1,4,11703000,2
RES02433,COL1356,English,9,51,3,6,10303000,1
RES02434,COL0911,Civil Engineering,1,5,3,1,1632000,1
RES02435,COL1417,Plant Pathology,1,8,2,2,4302000,2
RES02436,COL0193,Computer Engineering,1,5,3,1,1773000,0
RES02437,COL1384,Commerce,27,182,1,13,33824000,1
RES02438,COL0489,Physics,21,124,1,8,27391000,0
RES02439,COL0588,Economics,1,10,1,1,3114000,4
RES02440,COL1512,Mathematics,5,37,0,1,2646000,2
RES02441,COL0075,English,1,8,0,1,2146000,1
RES02442,COL0020,Mathematics,2,18,0,2,1101000,2
RES02443,COL0035,Information Technology,0,0,0,1,1304000,2
RES02444,COL0625,Chemistry,0,0,0,3,3355000,1
RES02445,COL0963,Computer Engineering,0,0,2,1,2095000,2
RES02446,COL1149,Computer Engineering,20,120,2,4,10127000,3
RES02447,COL0651,Civil Engineering,33,290,2,6,11023000,3
RES02448,COL1645,Pharmacognosy,17,105,1,6,14883000,1
RES02449,COL0956,Mathematics,0,0,0,0,0,1
RES02450,COL0486,Electronics & Telecommunication,1,4,2,2,1835000,1
RES02451,COL1367,Chemistry,35,283,7,7,9109000,2
RES02452,COL0430,Computer Engineering,52,281,4,3,5591000,0
RES02453,COL1832,Computer Science,2,18,4,3,3947000,2
RES02454,COL0519,Chemistry,3,18,9,4,4523000,3
RES02455,COL0498,Commerce,3,25,1,1,2018000,1
RES02456,COL1002,Criminal Law,0,0,0,1,3337000,1
RES02457,COL0697,Physics,3,28,2,1,3487000,2
RES02458,COL1657,Commerce,20,49,1,7,9081000,0
RES02459,COL0060,Accountancy,1,7,1,0,124000,2
RES02460,COL0468,English,4,19,1,0,201000,1
RES02461,COL1448,Business Administration,2,16,1,1,2766000,3
RES02462,COL1996,English,0,0,0,0,0,0
RES02463,COL0295,Curriculum & Pedagogy,8,57,2,1,2273000,4
RES02464,COL1100,Civil Engineering,2,12,0,1,3980000,3
RES02465,COL1883,Commerce,1,3,0,2,3848000,1
RES02466,COL0423,Physics,0,0,1,1,4097000,1
RES02467,COL1925,Accountancy,1,6,0,0,0,2
RES02468,COL1001,English,4,35,3,5,11179000,1
RES02469,COL1163,Chemistry,3,18,2,2,3040000,0
RES02470,COL1033,English,0,0,0,0,0,1
RES02471,COL0209,Accountancy,18,98,3,7,16124000,2
RES02472,COL0307,Marathi,31,232,4,13,24200000,1
RES02473,COL1734,Marathi,1,6,0,2,3997000,1
RES02474,COL1097,Chemistry,11,31,6,7,5841000,2
RES02475,COL0926,Pharmacology,6,28,2,6,4794000,1
RES02476,COL0640,Commerce,0,0,0,0,0,1
RES02477,COL0020,Commerce,17,125,1,5,15734000,1
RES02478,COL1805,Computer Engineering,1,5,0,0,0,2
RES02479,COL1994,Urban Planning,1,7,0,0,0,1
RES02480,COL1149,Electronics & Telecommunication,1,8,2,0,453000,0
RES02481,COL0908,Chemistry,7,50,1,3,6032000,1
RES02482,COL0960,Information Technology,14,132,6,4,14740000,2
RES02483,COL1971,Mechanical Engineering,6,41,12,6,14090000,1
RES02484,COL0184,English,0,0,0,1,1697000,0
RES02485,COL1314,Physics,31,187,0,3,2797000,2
RES02486,COL1147,Business Administration,0,0,0,1,682000,0
RES02487,COL1419,Surgery,1,8,1,0,100000,3
RES02488,COL1959,Chemistry,0,0,0,2,3610000,1
RES02489,COL1966,Civil Engineering,1,6,0,0,0,1
RES02490,COL1310,Physics,1,8,1,2,4490000,2
RES02491,COL1785,Mechanical Engineering,3,13,3,5,12067000,2
RES02492,COL0477,Computer Engineering,0,0,1,2,7043000,3
RES02493,COL1198,Commerce,1,10,0,2,1603000,1
RES02494,COL0492,History,1,10,1,1,2649000,2
RES02495,COL0294,Information Technology,1,3,4,4,3918000,0
RES02496,COL1737,Commerce,0,0,1,1,1344000,2
RES02497,COL0067,Computer Science,1,9,1,0,249000,2
RES02498,COL1690,Business Administration,0,0,0,1,1766000,2
RES02499,COL1625,Chemistry,2,14,2,2,3760000,0
RES02500,COL0399,Computer Engineering,2,16,1,2,3710000,1
RES02501,COL0107,Finance,3,15,0,0,0,1
RES02502,COL1455,Computer Science,12,113,3,0,696000,0
RES02503,COL1046,Curriculum & Pedagogy,0,0,0,1,2062000,1
RES02504,COL1637,Finance,0,0,0,1,2324000,0
RES02505,COL0270,English,1,5,0,2,2433000,2
RES02506,COL1982,Information Technology,0,0,0,2,1793000,0
RES02507,COL1470,Educational Psychology,10,31,1,6,10985000,0
RES02508,COL0038,Marathi,2,13,0,2,4952000,0
RES02509,COL1843,Information Technology,1,7,0,0,0,0
RES02510,COL0176,Computer Science,7,44,4,1,2326000,0
RES02511,COL0230,English,14,79,0,6,10397000,0
RES02512,COL0203,English,19,90,5,7,5893000,2
RES02513,COL0061,Economics,1,11,0,1,3144000,0
RES02514,COL1383,Mathematics,0,0,1,1,1194000,0
RES02515,COL0147,Pharmacology,10,80,0,6,11426000,0
RES02516,COL1349,Economics,1,8,0,2,1717000,1
RES02517,COL0361,Mechanical Engineering,1,8,2,2,3648000,1
RES02518,COL1952,Civil Engineering,1,4,1,1,546000,0
RES02519,COL1827,Marathi,2,12,0,1,1300000,1
RES02520,COL0706,Information Technology,3,21,1,0,298000,1
RES02521,COL0684,Chemistry,1,4,1,1,1674000,2
RES02522,COL1632,Curriculum & Pedagogy,1,8,0,2,5044000,0
RES02523,COL0502,Medical Surgical Nursing,0,0,0,1,476000,0
RES02524,COL0339,Urban Planning,0,0,2,2,2260000,3
RES02525,COL0087,Marathi,2,8,0,0,0,1
RES02526,COL1660,Electrical Engineering,2,9,3,2,3091000,2
RES02527,COL1610,Pharmaceutical Chemistry,7,48,4,4,5455000,1
RES02528,COL0961,Physics,0,0,0,0,0,3
RES02529,COL0605,Business Analytics,15,101,1,2,1550000,3
RES02530,COL1640,Computer Science,32,189,6,8,14133000,1
RES02531,COL0433,Information Technology,5,22,2,3,9537000,2
RES02532,COL0044,English,1,6,0,1,1412000,4
RES02533,COL0868,Soil Science,0,0,0,2,4300000,3
RES02534,COL1408,Marathi,68,490,4,9,7011000,1
RES02535,COL0271,Computer Engineering,15,103,4,8,12758000,1
RES02536,COL1228,Curriculum & Pedagogy,24,251,0,10,5549000,3
RES02537,COL0454,Economics,1,6,0,0,0,0
RES02538,COL0751,Chemistry,4,16,3,2,2206000,1
RES02539,COL0643,Mathematics,34,229,2,9,19308000,2
RES02540,COL0995,Computer Science,1,8,1,1,946000,2
RES02541,COL0420,Computer Engineering,0,0,0,0,0,2
RES02542,COL0716,Educational Psychology,1,9,0,0,0,3
RES02543,COL0223,Accountancy,7,26,2,5,10692000,1
RES02544,COL1379,Mechanical Engineering,8,46,4,9,26024000,2
RES02545,COL1608,Pediatrics,2,14,2,2,4050000,1
RES02546,COL0803,Marathi,4,34,0,1,1194000,1
RES02547,COL0459,Economics,0,0,1,3,10950000,2
RES02548,COL1735,Mathematics,10,66,6,4,11034000,1
RES02549,COL1099,Information Technology,1,11,1,0,289000,4
RES02550,COL0341,Economics,15,79,0,1,1132000,2
RES02551,COL1601,Pharmaceutical Chemistry,10,52,11,6,16014000,4
RES02552,COL0510,Mechanical Engineering,1,5,3,1,3389000,0
RES02553,COL0922,Pharmaceutical Chemistry,12,69,0,5,15278000,3
RES02554,COL0735,Physics,0,0,0,0,0,0
RES02555,COL0331,Computer Engineering,3,19,8,2,5050000,1
RES02556,COL1341,English,0,0,0,0,0,1
RES02557,COL1009,Marathi,7,60,4,5,9064000,2
RES02558,COL0196,Information Technology,3,14,2,3,8946000,0
RES02559,COL0561,Economics,2,11,1,1,750000,0
RES02560,COL1291,Electronics & Telecommunication,11,79,2,1,2649000,2
RES02561,COL0497,Electronics & Telecommunication,18,139,9,3,2866000,1
RES02562,COL0850,Electronics & Telecommunication,0,0,0,1,2041000,1
RES02563,COL0267,Economics,1,6,0,1,2181000,1
RES02564,COL0332,Electrical Engineering,8,39,1,5,7780000,1
RES02565,COL0575,Economics,1,8,0,1,2311000,2
RES02566,COL1015,Pharmacognosy,2,6,0,2,1027000,2
RES02567,COL0768,Electrical Engineering,41,207,9,5,14026000,2
RES02568,COL0643,Physics,2,13,3,0,323000,1
RES02569,COL0996,Economics,9,49,1,2,2272000,2
RES02570,COL1264,Corporate Law,5,40,2,4,8420000,3
RES02571,COL1897,Commerce,1,5,0,2,4616000,1
RES02572,COL1883,Physics,1,7,1,0,109000,0
RES02573,COL0646,Educational Psychology,45,292,3,9,27942000,0
RES02574,COL1033,Marathi,23,224,2,5,17684000,2
RES02575,COL0505,Computer Engineering,2,9,0,0,0,2
RES02576,COL0340,Commerce,1,5,0,1,1491000,0
RES02577,COL0981,Commerce,0,0,1,0,230000,1
RES02578,COL0245,Economics,1,5,0,2,2399000,0
RES02579,COL0139,Mathematics,1,5,1,1,1836000,1
RES02580,COL0437,Electrical Engineering,6,32,0,2,4021000,0
RES02581,COL1766,Marathi,10,51,3,5,3581000,1
RES02582,COL0183,Mechanical Engineering,1,6,2,1,2782000,3
RES02583,COL0573,Child Health Nursing,2,14,0,2,5222000,2
RES02584,COL0890,Chemistry,18,138,2,4,5173000,3
RES02585,COL0353,Mathematics,14,87,0,1,701000,0
RES02586,COL1770,Information Technology,0,0,1,0,235000,1
RES02587,COL0366,Physics,3,19,1,4,6081000,3
RES02588,COL1945,Pediatrics,0,0,0,1,2332000,2
RES02589,COL0869,Mathematics,1,4,0,0,0,2
RES02590,COL0005,English,46,352,3,8,12145000,2
RES02591,COL1900,Chemistry,1,2,0,0,0,0
RES02592,COL0908,Computer Science,10,46,5,7,17775000,1
RES02593,COL0444,Horticulture,3,19,3,5,16341000,0
RES02594,COL1337,Mechanical Engineering,3,27,2,5,12590000,2
RES02595,COL1733,Computer Science,2,14,2,0,569000,3
RES02596,COL1732,Pharmaceutics,1,5,1,0,195000,2
RES02597,COL1865,Commerce,4,27,1,3,3022000,2
RES02598,COL1164,Banking & Finance,2,11,1,0,111000,1
RES02599,COL1820,Business Analytics,0,0,1,0,96000,2
RES02600,COL1559,Horticulture,0,0,2,0,534000,2
RES02601,COL0590,Corporate Law,1,8,0,1,1898000,1
RES02602,COL1968,Information Technology,7,46,8,4,6054000,1
RES02603,COL1757,Mechanical Engineering,0,0,1,0,255000,3
RES02604,COL0472,English,4,21,2,2,6524000,0
RES02605,COL0320,Mathematics,20,195,0,8,7987000,2
RES02606,COL1653,Computer Science,16,89,3,5,13816000,2
RES02607,COL0598,Mechanical Engineering,0,0,0,1,1373000,3
RES02608,COL0537,Pharmacognosy,1,5,0,0,0,1
RES02609,COL1460,Criminal Law,1,8,1,0,114000,4
RES02610,COL0607,Business Administration,9,88,4,3,6079000,1
RES02611,COL1317,Electrical Engineering,30,207,4,2,2057000,1
RES02612,COL0199,Mathematics,20,150,0,6,5620000,2
RES02613,COL1179,Pharmacology,53,245,10,5,9321000,1
RES02614,COL0981,Physics,1,9,0,2,7448000,2
RES02615,COL1026,Operations Management,0,0,0,0,0,1
RES02616,COL0501,Commerce,1,8,1,4,1837000,2
RES02617,COL1351,Physics,7,49,0,4,7383000,1
RES02618,COL0091,Mathematics,29,234,4,8,14241000,0
RES02619,COL0044,Chemistry,2,6,3,1,1494000,1
RES02620,COL1812,Educational Psychology,0,0,0,0,0,1
RES02621,COL1545,Computer Science,36,270,12,14,9626000,0
RES02622,COL0644,English,3,27,0,1,2263000,1
RES02623,COL1223,Chemistry,1,7,3,2,5647000,0
RES02624,COL1481,Economics,49,449,1,7,13100000,2
RES02625,COL0395,Business Administration,1,6,0,0,0,1
RES02626,COL0900,Pharmacognosy,0,0,0,0,0,1
RES02627,COL0997,Computer Engineering,3,18,3,1,2365000,3
RES02628,COL0810,Marathi,4,31,3,5,5925000,1
RES02629,COL0521,Economics,5,24,1,1,2150000,1
RES02630,COL0697,Chemistry,16,104,8,2,3189000,3
RES02631,COL1469,Medicine,6,50,0,3,10282000,3
RES02632,COL0149,Chemistry,4,22,3,3,3016000,0
RES02633,COL0924,Constitutional Law,64,433,2,9,22310000,1
RES02634,COL1829,Business Analytics,1,9,1,0,66000,1
RES02635,COL1676,Educational Administration,0,0,0,1,3342000,1
RES02636,COL1177,Civil Engineering,47,458,2,6,18354000,0
RES02637,COL0474,Economics,1,9,1,1,3021000,2
RES02638,COL1729,Electrical Engineering,2,19,4,1,3307000,1
RES02639,COL0389,Commerce,33,124,3,10,14498000,0
RES02640,COL1799,Civil Engineering,5,37,0,3,5110000,4
RES02641,COL0555,Chemistry,8,72,4,4,4941000,1
RES02642,COL0889,Civil Engineering,1,3,0,1,1687000,1
RES02643,COL1185,Physics,0,0,2,0,587000,1
RES02644,COL1620,Mechanical Engineering,112,555,13,8,23503000,2
RES02645,COL1244,Pharmacognosy,1,4,0,1,523000,1
RES02646,COL1117,Operations Management,0,0,0,1,1120000,1
RES02647,COL1808,Educational Administration,80,747,0,7,6883000,1
RES02648,COL1364,Mathematics,0,0,0,1,2855000,2
RES02649,COL1221,Mathematics,11,106,1,6,15076000,0
RES02650,COL1444,Surgery,17,147,3,3,8765000,3
RES02651,COL0471,Botany,26,108,0,2,1083000,3
RES02652,COL0097,Mathematics,21,176,3,7,4531000,2
RES02653,COL0995,Mathematics,0,0,1,0,224000,2
RES02654,COL1832,English,56,428,5,14,7354000,1
RES02655,COL0825,Mechanical Engineering,1,9,5,3,2831000,0
RES02656,COL0439,Physics,6,37,2,0,391000,1
RES02657,COL0820,Marathi,1,9,2,4,7917000,1
RES02658,COL1759,Computer Engineering,9,36,3,5,2868000,1
RES02659,COL0415,Zoology,1,6,0,1,359000,2
RES02660,COL0255,Business Administration,1,4,4,1,1857000,1
RES02661,COL1342,Architectural Design,1,11,1,1,3329000,1
RES02662,COL0728,Chemistry,0,0,0,0,0,0
RES02663,COL0919,Mathematics,61,597,2,10,31982000,3
RES02664,COL0723,Finance,0,0,0,1,1651000,1
RES02665,COL0483,Physics,0,0,0,0,0,1
RES02666,COL0579,Computer Science,1,6,0,1,1685000,1
RES02667,COL1689,Economics,1,4,1,0,142000,1
RES02668,COL1634,Computer Engineering,0,0,3,0,829000,1
RES02669,COL1779,Computer Engineering,1,5,1,1,1770000,2
RES02670,COL1738,Mathematics,0,0,0,0,0,0
RES02671,COL0919,Zoology,1,7,1,0,123000,1
RES02672,COL0935,Commerce,1,8,1,0,235000,1
RES02673,COL1369,Marathi,1,3,1,1,664000,0
RES02674,COL1019,Chemistry,17,110,4,7,15278000,1
RES02675,COL0602,Horticulture,1,6,2,1,3030000,2
RES02676,COL0137,Economics,0,0,0,0,0,2
RES02677,COL1952,Information Technology,1,5,0,1,1587000,2
RES02678,COL0165,Mathematics,152,1129,3,15,36483000,2
RES02679,COL0121,Information Technology,3,22,0,3,7205000,2
RES02680,COL0733,Physics,0,0,0,1,543000,1
RES02681,COL0989,Chemistry,8,49,8,8,6671000,0
RES02682,COL0966,English,4,20,0,4,4633000,0
RES02683,COL0471,Mathematics,1,6,0,0,0,2
RES02684,COL1283,Botany,0,0,0,1,2381000,5
RES02685,COL0498,English,43,304,1,6,21185000,2
RES02686,COL1704,Commerce,6,35,3,6,14327000,1
RES02687,COL0975,Chemistry,5,19,1,4,2189000,2
RES02688,COL0700,Civil Engineering,7,56,5,2,7390000,2
RES02689,COL1354,Sociology,0,0,1,2,4764000,1
RES02690,COL0750,Computer Engineering,3,25,2,2,7397000,2
RES02691,COL1740,Educational Psychology,3,18,0,2,2359000,0
RES02692,COL1513,Chemistry,4,29,1,0,163000,2
RES02693,COL0193,Electronics & Telecommunication,6,34,2,0,245000,1
RES02694,COL1490,Economics,20,159,4,10,30503000,2
RES02695,COL1687,Pharmacology,1,3,1,0,257000,2
RES02696,COL0225,Sociology,1,7,0,0,0,0
RES02697,COL1627,Electronics & Telecommunication,9,16,3,1,780000,1
RES02698,COL1832,Economics,35,255,5,11,29599000,1
RES02699,COL1233,Civil Engineering,11,47,4,7,12289000,1
RES02700,COL0625,Physics,2,8,1,0,92000,0
RES02701,COL1321,Economics,6,36,3,3,9693000,3
RES02702,COL1348,Commerce,2,10,1,1,947000,2
RES02703,COL1268,Electronics & Telecommunication,0,0,4,0,922000,1
RES02704,COL0120,Mathematics,12,99,1,5,17075000,1
RES02705,COL0607,Accountancy,1,6,3,0,166000,1
RES02706,COL1282,Mathematics,4,37,1,2,2391000,3
RES02707,COL1091,Economics,0,0,0,1,1885000,0
RES02708,COL1135,Operations Management,1,8,0,0,0,1
RES02709,COL0685,Civil Engineering,57,381,6,5,7380000,3
RES02710,COL1689,Computer Science,2,13,2,0,257000,0
RES02711,COL1634,Electrical Engineering,5,28,2,5,6576000,3
RES02712,COL0157,Marathi,62,358,2,10,7986000,2
RES02713,COL0446,Human Resources,0,0,1,0,225000,0
RES02714,COL1685,Computer Science,12,65,8,6,12685000,1
RES02715,COL1115,Mathematics,0,0,0,0,0,0
RES02716,COL1089,Economics,4,40,0,3,2744000,1
RES02717,COL1905,Computer Engineering,19,182,1,4,6531000,1
RES02718,COL1853,Community Health Nursing,3,19,0,3,8889000,3
RES02719,COL1622,Economics,7,63,1,1,3308000,1
RES02720,COL1432,Corporate Law,1,8,0,1,2737000,2
RES02721,COL1291,Mechanical Engineering,9,51,3,2,7886000,4
RES02722,COL0489,Marathi,4,24,0,3,8911000,2
RES02723,COL0938,Economics,13,89,0,0,0,2
RES02724,COL0440,Marathi,0,0,0,1,3914000,1
RES02725,COL0554,Constitutional Law,0,0,0,0,0,1
RES02726,COL1396,Chemistry,1,3,2,0,231000,1
RES02727,COL1778,Mathematics,2,10,1,2,1630000,0
RES02728,COL1510,Physics,0,0,0,1,1220000,1
RES02729,COL0443,Mathematics,0,0,0,0,0,1
RES02730,COL1361,English,1,8,0,0,0,0
RES02731,COL1382,Marathi,21,185,0,6,4061000,3
RES02732,COL0465,Physics,10,86,4,5,18558000,2
RES02733,COL0667,Commerce,101,766,3,9,18356000,3
RES02734,COL0678,Zoology,7,35,6,2,2788000,2
RES02735,COL1802,Chemistry,9,71,3,3,9095000,1
RES02736,COL0865,Chemistry,6,50,6,4,7797000,3
RES02737,COL0447,Electrical Engineering,4,25,6,8,15561000,2
RES02738,COL1231,Electrical Engineering,7,59,2,4,4219000,1
RES02739,COL1596,Medical Surgical Nursing,1,3,1,2,3599000,0
RES02740,COL0686,Electrical Engineering,36,256,8,6,18758000,3
RES02741,COL0939,Computer Science,1,4,5,0,498000,2
RES02742,COL0412,Marketing,10,74,0,2,5584000,0
RES02743,COL1263,History,1,5,1,3,7564000,1
RES02744,COL0555,Marathi,2,19,4,3,8841000,1
RES02745,COL0512,Electrical Engineering,5,30,3,3,9885000,2
RES02746,COL0111,Economics,9,36,0,2,1505000,2
RES02747,COL1165,Computer Engineering,4,26,8,3,2916000,2
RES02748,COL1328,Pharmacology,3,13,0,2,2650000,2
RES02749,COL0708,English,0,0,0,0,0,2
RES02750,COL1184,Accountancy,3,19,0,4,9472000,0
RES02751,COL0395,Economics,7,38,6,8,9635000,2
RES02752,COL1438,Physics,31,271,1,4,11342000,2
RES02753,COL1919,Mathematics,1,7,0,3,4680000,0
RES02754,COL0887,Mechanical Engineering,33,288,3,2,7061000,2
RES02755,COL1289,Zoology,18,90,1,4,8600000,3
RES02756,COL0393,English,1,4,1,4,7090000,1
RES02757,COL0087,Commerce,2,8,0,1,716000,1
RES02758,COL0142,Mathematics,13,93,1,5,6349000,1
RES02759,COL1895,Chemistry,1,9,1,0,298000,2
RES02760,COL1116,Architectural Design,8,25,0,7,2503000,1
RES02761,COL1879,Curriculum & Pedagogy,1,4,0,0,0,0
RES02762,COL0567,Business Analytics,1,4,0,0,0,1
RES02763,COL0452,Mathematics,4,25,3,1,3093000,2
RES02764,COL0094,Operations Management,0,0,0,1,464000,4
RES02765,COL1478,Computer Engineering,1,6,1,2,1114000,0
RES02766,COL0430,Mechanical Engineering,24,184,5,7,5752000,3
RES02767,COL1545,Chemistry,86,932,9,12,24903000,2
RES02768,COL1958,Electrical Engineering,20,165,5,5,12173000,3
RES02769,COL0793,Electrical Engineering,13,64,5,6,18502000,1
RES02770,COL1991,Information Technology,1,5,3,2,3248000,2
RES02771,COL1533,Commerce,6,31,0,5,7254000,0
RES02772,COL0423,Commerce,8,63,0,1,3128000,3
RES02773,COL1926,Curriculum & Pedagogy,13,37,0,4,1692000,0
RES02774,COL1600,Medicine,1,9,2,1,1427000,2
RES02775,COL1065,Chemistry,4,39,1,0,71000,0
RES02776,COL0969,Computer Engineering,28,183,3,11,27307000,1
RES02777,COL1776,Constitutional Law,5,44,0,4,2226000,0
RES02778,COL0641,Commerce,0,0,0,0,0,1
RES02779,COL1887,Mathematics,1,9,1,5,9728000,2
RES02780,COL0703,Mechanical Engineering,1,8,4,0,1049000,0
RES02781,COL1986,Computer Science,1,6,0,1,2710000,2
RES02782,COL1465,Marathi,1,8,1,0,171000,2
RES02783,COL1553,Computer Engineering,1,3,3,1,2376000,1
RES02784,COL0023,Pharmaceutics,9,37,4,7,7511000,1
RES02785,COL0328,Information Technology,4,23,5,2,1680000,2
RES02786,COL1477,Marathi,17,143,4,3,2191000,1
RES02787,COL0208,Chemistry,1,7,1,0,83000,0
RES02788,COL1674,Economics,17,168,1,6,23405000,0
RES02789,COL1545,Marathi,1,7,1,1,2900000,1
RES02790,COL1010,Criminal Law,1,6,1,2,7313000,1
RES02791,COL1093,Computer Science,37,257,4,2,7021000,3
RES02792,COL1399,Obstetrics & Gynaecological Nursing,18,128,3,2,3683000,0
RES02793,COL1452,Computer Science,1,6,1,1,1430000,4
RES02794,COL0933,English,1,8,0,1,2831000,0
RES02795,COL1824,Child Health Nursing,7,26,5,6,7372000,2
RES02796,COL1815,Computer Science,1,3,5,5,4345000,1
RES02797,COL0633,Electronics & Telecommunication,32,249,7,4,6538000,0
RES02798,COL0074,Mechanical Engineering,1,8,0,1,647000,1
RES02799,COL0761,Electrical Engineering,3,24,3,2,6974000,1
RES02800,COL0764,Computer Science,3,21,0,3,6003000,2
RES02801,COL1079,Economics,1,7,0,2,1530000,0
RES02802,COL0428,Mechanical Engineering,5,20,1,2,1260000,0
RES02803,COL1264,Criminal Law,0,0,1,0,241000,0
RES02804,COL1311,Commerce,0,0,1,1,3085000,0
RES02805,COL0994,Mathematics,1,8,0,0,0,0
RES02806,COL1800,Computer Science,1,5,3,1,824000,1
RES02807,COL0261,Human Resources,0,0,0,2,2438000,1
RES02808,COL0776,Soil Science,2,12,0,1,431000,2
RES02809,COL0036,Economics,0,0,0,0,0,2
RES02810,COL0292,Curriculum & Pedagogy,14,108,4,5,12213000,1
RES02811,COL0130,Information Technology,0,0,0,1,685000,2
RES02812,COL0164,Zoology,103,711,6,6,9753000,2
RES02813,COL1272,Pharmaceutics,5,31,2,2,3565000,1
RES02814,COL0449,Commerce,0,0,0,0,0,1
RES02815,COL0222,Mathematics,5,28,6,3,1454000,2
RES02816,COL0978,Economics,11,54,3,5,11242000,0
RES02817,COL1388,Economics,1,6,1,1,2422000,1
RES02818,COL0100,Electrical Engineering,0,0,1,0,83000,4
RES02819,COL0442,Building Construction & Materials,9,59,0,1,1533000,2
RES02820,COL0625,Computer Science,21,82,5,7,14597000,0
RES02821,COL0667,Marathi,45,387,2,8,13743000,1
RES02822,COL0081,Physics,0,0,0,0,0,0
RES02823,COL0460,Civil Engineering,1,8,0,1,1319000,0
RES02824,COL0533,Electronics & Telecommunication,87,587,12,12,21406000,1
RES02825,COL0470,Physics,53,242,7,11,16326000,4
RES02826,COL0624,Mechanical Engineering,14,54,8,4,5812000,0
RES02827,COL1835,Marathi,1,8,0,0,0,0
RES02828,COL0271,Information Technology,2,16,2,2,3739000,2
RES02829,COL1514,Mathematics,0,0,0,0,0,3
RES02830,COL1063,Electrical Engineering,1,7,0,1,343000,3
RES02831,COL0101,Commerce,50,246,2,8,15319000,2
RES02832,COL0438,Computer Engineering,17,111,2,2,2297000,1
RES02833,COL0784,Economics,14,69,5,5,4682000,2
RES02834,COL0214,Business Administration,3,22,1,0,250000,2
RES02835,COL0484,Mathematics,1,8,0,2,1383000,0
RES02836,COL0784,Commerce,64,551,5,17,47815000,1
RES02837,COL0032,Chemistry,2,11,0,1,1747000,1
RES02838,COL0210,Mechanical Engineering,1,2,3,0,567000,1
RES02839,COL1003,Computer Science,2,20,4,2,4320000,1
RES02840,COL0796,English,12,71,6,11,7219000,0
RES02841,COL0188,English,4,21,4,6,12808000,1
RES02842,COL1326,Computer Science,44,417,5,12,39591000,1
RES02843,COL1766,Commerce,4,26,0,0,0,2
RES02844,COL1188,Physics,1,6,0,0,0,1
RES02845,COL0619,Computer Engineering,0,0,3,0,898000,0
RES02846,COL1621,Computer Science,32,175,4,7,16470000,1
RES02847,COL1093,Physics,16,100,5,5,14314000,3
RES02848,COL1262,Banking & Finance,9,76,1,4,3742000,1
RES02849,COL0862,Business Analytics,0,0,1,1,1643000,1
RES02850,COL1852,Physics,0,0,0,0,0,3
RES02851,COL0407,Economics,1,9,0,2,4300000,2
RES02852,COL0425,Electrical Engineering,2,11,2,3,5152000,2
RES02853,COL1670,Information Technology,0,0,2,0,403000,0
RES02854,COL0146,Mathematics,4,35,1,7,5195000,2
RES02855,COL1059,Electronics & Telecommunication,2,12,3,3,6201000,3
RES02856,COL1946,Information Technology,8,66,4,4,5560000,3
RES02857,COL0226,Information Technology,37,171,6,9,5790000,1
RES02858,COL0037,Criminal Law,1,5,1,1,2818000,0
RES02859,COL1866,Chemistry,5,23,2,5,8239000,1
RES02860,COL1524,Community Health Nursing,12,71,0,5,16109000,2
RES02861,COL0505,Civil Engineering,0,0,0,0,0,1
RES02862,COL1028,Chemistry,1,2,1,0,107000,0
RES02863,COL1819,Marathi,12,60,1,5,11474000,0
RES02864,COL1154,Physics,2,16,4,2,6045000,2
RES02865,COL0991,Chemistry,0,0,0,1,2495000,4
RES02866,COL1270,Medicine,3,16,3,1,1901000,0
RES02867,COL1786,Computer Engineering,1,6,2,1,4077000,2
RES02868,COL1854,Commerce,0,0,0,1,2392000,1
RES02869,COL0716,Curriculum & Pedagogy,1,7,0,2,5192000,3
RES02870,COL1443,Computer Science,2,7,1,2,5109000,4
RES02871,COL0885,Political Science,11,63,2,7,8723000,1
RES02872,COL0213,Horticulture,2,11,2,1,2937000,2
RES02873,COL0087,Physics,6,37,2,8,20445000,2
RES02874,COL0707,Business Administration,3,21,1,4,12383000,1
RES02875,COL0483,Chemistry,84,653,0,8,17127000,2
RES02876,COL1773,Agronomy,0,0,0,2,5356000,4
RES02877,COL1615,Business Analytics,3,8,1,2,3500000,0
RES02878,COL1466,Computer Science,31,196,5,4,11146000,1
RES02879,COL0936,Marketing,41,323,3,9,14976000,3
RES02880,COL1391,Economics,8,54,2,4,2485000,0
RES02881,COL1094,Economics,0,0,0,1,919000,0
RES02882,COL0414,Economics,30,250,3,5,9580000,1
RES02883,COL0067,Commerce,0,0,2,0,125000,1
RES02884,COL0347,Business Analytics,1,5,1,1,2490000,3
RES02885,COL0232,Chemistry,51,397,8,6,18649000,3
RES02886,COL1787,Electronics & Telecommunication,23,167,14,7,12877000,1
RES02887,COL1025,Commerce,0,0,1,0,248000,0
RES02888,COL1257,Mathematics,1,8,0,0,0,2
RES02889,COL1741,Educational Administration,0,0,0,0,0,2
RES02890,COL1636,Mechanical Engineering,3,23,4,0,746000,2
RES02891,COL1593,Economics,1,7,1,1,3205000,3
RES02892,COL1674,Marathi,0,0,0,0,0,3
RES02893,COL0561,Business Administration,1,7,0,0,0,1
RES02894,COL1562,Community Health Nursing,2,16,1,3,9442000,2
RES02895,COL1074,Marathi,1,3,0,3,2011000,0
RES02896,COL1013,Commerce,1,6,0,0,0,1
RES02897,COL0193,Mechanical Engineering,8,40,0,4,3184000,1
RES02898,COL1003,Chemistry,3,18,7,5,3774000,1
RES02899,COL1027,History,0,0,0,0,0,1
RES02900,COL1802,Economics,12,76,5,8,19002000,2
RES02901,COL1043,Banking & Finance,0,0,2,0,201000,0
RES02902,COL0666,Mathematics,13,86,1,5,5007000,2
RES02903,COL0187,Pharmaceutical Chemistry,14,148,3,6,19072000,2
RES02904,COL1895,Computer Science,9,78,5,7,16871000,1
RES02905,COL1786,Electrical Engineering,7,65,10,7,19096000,2
RES02906,COL0658,Electrical Engineering,0,0,1,1,1774000,1
RES02907,COL0281,Marathi,10,40,1,8,9089000,0
RES02908,COL1879,Educational Administration,0,0,1,1,1458000,0
RES02909,COL1393,Mechanical Engineering,0,0,1,1,623000,1
RES02910,COL1938,Computer Science,10,34,6,5,2227000,1
RES02911,COL1692,Mathematics,3,30,2,1,3589000,2
RES02912,COL0968,Chemistry,1,4,3,1,2696000,1
RES02913,COL0784,Computer Science,2,12,0,2,3303000,3
RES02914,COL1749,Mechanical Engineering,5,24,0,4,8148000,2
RES02915,COL1899,Economics,1,4,0,0,0,3
RES02916,COL1993,Computer Science,4,21,5,3,5375000,0
RES02917,COL0787,Marathi,8,76,1,8,24043000,2
RES02918,COL0214,Economics,20,145,5,4,5372000,0
RES02919,COL1957,Educational Administration,0,0,0,0,0,0
RES02920,COL1815,English,2,9,1,1,2376000,0
RES02921,COL0533,Computer Engineering,1,6,2,1,1624000,1
RES02922,COL0193,Electrical Engineering,58,250,3,11,16231000,0
RES02923,COL0370,Chemistry,5,25,3,2,1990000,1
RES02924,COL0846,Civil Engineering,2,5,0,1,325000,2
RES02925,COL0468,Commerce,34,244,4,13,13878000,0
RES02926,COL0751,Mathematics,7,40,4,1,2335000,1
RES02927,COL0258,Physics,8,36,3,3,7733000,2
RES02928,COL1233,Mechanical Engineering,7,40,4,5,2678000,1
RES02929,COL1487,Pathology,1,11,0,0,0,3
RES02930,COL0081,English,0,0,0,0,0,2
RES02931,COL0032,Computer Science,0,0,0,1,1571000,1
RES02932,COL0594,Electrical Engineering,0,0,0,0,0,3
RES02933,COL0183,Information Technology,4,27,4,2,5216000,1
RES02934,COL0342,Criminal Law,4,29,1,1,1933000,0
RES02935,COL0193,Civil Engineering,7,35,2,2,4356000,1
RES02936,COL1435,Electronics & Telecommunication,11,62,4,5,9484000,1
RES02937,COL1719,Marathi,8,46,3,8,21706000,1
RES02938,COL1640,English,0,0,0,0,0,0
RES02939,COL1544,Physics,1,10,0,2,6148000,3
RES02940,COL0044,Computer Science,3,10,6,2,2134000,1
RES02941,COL1884,Marathi,1,6,3,0,189000,2
RES02942,COL0587,Economics,22,107,4,5,10033000,3
RES02943,COL0244,English,1,4,1,0,114000,1
RES02944,COL1680,Business Administration,0,0,2,0,135000,1
RES02945,COL1821,Computer Engineering,0,0,0,1,2654000,2
RES02946,COL1482,Information Technology,1,9,0,0,0,3
RES02947,COL0718,Electrical Engineering,1,5,4,0,804000,0
RES02948,COL0933,Sociology,2,12,0,2,6542000,1
RES02949,COL0204,Computer Engineering,0,0,0,0,0,0
RES02950,COL0508,Accountancy,3,25,2,2,2423000,2
RES02951,COL1082,Chemistry,10,79,0,3,4881000,1
RES02952,COL0832,Computer Science,1,5,1,1,620000,0
RES02953,COL0294,Electronics & Telecommunication,0,0,1,0,62000,0
RES02954,COL0997,Electronics & Telecommunication,10,98,6,0,1601000,1
RES02955,COL1810,Electronics & Telecommunication,1,8,1,2,3495000,3
RES02956,COL0200,Computer Engineering,12,95,7,12,32639000,3
RES02957,COL1369,English,3,12,2,4,2710000,0
RES02958,COL1528,Educational Psychology,8,73,0,2,7112000,1
RES02959,COL0031,Urban Planning,1,7,0,1,1568000,3
RES02960,COL0310,Civil Engineering,15,126,6,9,25233000,2
RES02961,COL1790,Mathematics,1,8,0,4,14884000,1
RES02962,COL0358,Pharmaceutics,46,384,5,6,17845000,3
RES02963,COL1904,Electrical Engineering,1,6,2,1,2448000,1
RES02964,COL1442,Mechanical Engineering,16,144,5,8,7711000,0
RES02965,COL1019,Economics,0,0,1,0,267000,1
RES02966,COL0544,English,3,29,2,4,10300000,1
RES02967,COL1220,Human Resources,0,0,0,0,0,2
RES02968,COL0345,Horticulture,3,17,4,4,2811000,3
RES02969,COL1336,Pharmaceutical Chemistry,5,30,4,3,7066000,3
RES02970,COL0315,Mathematics,8,72,2,2,5614000,4
RES02971,COL1454,Chemistry,1,9,2,0,141000,2
RES02972,COL0379,Economics,1,7,0,0,0,1
RES02973,COL1483,Physics,0,0,0,4,2890000,4
RES02974,COL0206,Criminal Law,24,180,1,4,5573000,0
RES02975,COL1268,Civil Engineering,0,0,0,1,1842000,1
RES02976,COL0895,Mechanical Engineering,14,79,5,5,5816000,2
RES02977,COL1407,English,1,5,0,2,1596000,0
RES02978,COL0372,Zoology,1,5,0,0,0,3
RES02979,COL0721,English,0,0,1,1,1037000,0
RES02980,COL0779,Marathi,37,366,2,8,22297000,3
RES02981,COL1216,English,1,6,2,4,11711000,1
RES02982,COL0849,Electronics & Telecommunication,32,305,6,4,11941000,2
RES02983,COL0725,Pharmaceutics,0,0,0,0,0,1
RES02984,COL0786,Mechanical Engineering,1,8,1,0,158000,2
RES02985,COL0902,Criminal Law,1,5,1,0,125000,2
RES02986,COL0556,Computer Engineering,0,0,1,1,1250000,0
RES02987,COL0285,Mathematics,10,78,1,7,4621000,1
RES02988,COL1505,Botany,2,10,1,1,1797000,2
RES02989,COL1809,Educational Psychology,2,12,3,1,2388000,2
RES02990,COL1200,Computer Engineering,14,140,6,2,9554000,3
RES02991,COL0378,Electrical Engineering,12,69,6,2,3695000,0
RES02992,COL1449,History,4,29,1,6,7152000,1
RES02993,COL0181,Mathematics,2,11,0,2,1011000,1
RES02994,COL1582,Marketing,0,0,0,0,0,0
RES02995,COL0552,Marathi,72,537,5,27,40424000,3
RES02996,COL1032,Pharmaceutics,2,12,1,0,275000,0
RES02997,COL1944,Physics,0,0,0,0,0,1
RES02998,COL1175,Physics,5,60,0,1,1328000,3
RES02999,COL0300,Electrical Engineering,15,109,3,2,3654000,3
RES03000,COL1129,Marathi,21,190,1,10,32559000,0
RES03001,COL1305,Information Technology,59,396,10,20,60406000,2
RES03002,COL1660,Computer Engineering,38,294,11,16,31727000,2
RES03003,COL1292,Economics,16,138,3,9,20088000,2
RES03004,COL1345,Accountancy,1,10,1,1,2579000,3
RES03005,COL1985,Physics,6,27,2,4,9696000,2
RES03006,COL1638,Civil Engineering,2,11,0,3,5461000,1
RES03007,COL0180,Chemistry,1,8,1,1,874000,2
RES03008,COL1958,Mechanical Engineering,18,94,5,7,18176000,2
RES03009,COL0440,Commerce,8,64,1,6,11537000,0
RES03010,COL0757,Economics,2,8,0,1,2469000,0
RES03011,COL0029,Economics,6,45,0,0,0,2
RES03012,COL1074,Commerce,1,6,1,4,7368000,0
RES03013,COL0097,Commerce,22,201,6,10,25686000,1
RES03014,COL0091,Commerce,2,14,3,2,3524000,2
RES03015,COL1407,Economics,6,30,2,5,8899000,1
RES03016,COL1308,Economics,1,9,3,1,2127000,2
RES03017,COL0965,Physics,6,35,0,5,8651000,2
RES03018,COL1142,Pharmacology,32,88,1,9,12055000,2
RES03019,COL0659,Information Technology,0,0,0,1,2217000,3
RES03020,COL1446,Criminal Law,0,0,0,0,0,1
RES03021,COL1854,English,113,516,6,18,14622000,1
RES03022,COL0337,Computer Engineering,2,9,4,3,1482000,0
RES03023,COL1133,Marathi,1,6,0,3,7583000,3
RES03024,COL1170,Physics,0,0,0,1,2266000,0
RES03025,COL1595,Chemistry,10,65,2,4,10533000,0
RES03026,COL0456,Business Analytics,38,239,3,7,5698000,2
RES03027,COL1095,Chemistry,1,7,2,1,1198000,1
RES03028,COL0681,Economics,1,8,1,2,5958000,2
RES03029,COL0091,Physics,1,5,1,1,1403000,2
RES03030,COL1599,Business Administration,0,0,0,0,0,1
RES03031,COL0792,Banking & Finance,1,7,0,1,2193000,2
RES03032,COL0122,Electrical Engineering,2,16,3,2,2420000,2
RES03033,COL1665,Civil Engineering,0,0,1,0,57000,3
RES03034,COL0817,Civil Engineering,2,15,1,5,8899000,3
RES03035,COL0356,Mathematics,1,9,0,2,4982000,2
RES03036,COL1276,Pharmaceutical Chemistry,2,12,0,1,3587000,2
RES03037,COL0917,Civil Engineering,35,144,3,12,19533000,2
RES03038,COL1307,Horticulture,1,8,2,1,3236000,4
RES03039,COL1206,Botany,1,6,0,2,3492000,2
RES03040,COL0590,Civil Law,2,9,0,4,11015000,2
RES03041,COL1187,Accountancy,2,10,2,2,4263000,3
RES03042,COL1193,Urban Planning,33,137,0,6,17113000,2
RES03043,COL0430,Electrical Engineering,15,116,9,7,24029000,2
RES03044,COL0210,Civil Engineering,0,0,0,0,0,2
RES03045,COL0253,Business Administration,6,18,1,4,2613000,1
RES03046,COL0911,Electrical Engineering,0,0,1,1,1464000,2
RES03047,COL1643,Pharmacognosy,0,0,0,0,0,1
RES03048,COL0638,Electrical Engineering,1,10,1,0,168000,2
RES03049,COL0145,Marathi,0,0,0,2,2913000,0
RES03050,COL0695,Marathi,0,0,5,1,3542000,2
RES03051,COL1902,Physics,35,224,1,6,5715000,1
RES03052,COL1502,Mathematics,2,4,3,4,2820000,0
RES03053,COL1837,Civil Law,1,2,0,1,272000,1
RES03054,COL1640,Physics,1,6,0,0,0,1
RES03055,COL1325,Banking & Finance,1,4,0,2,801000,0
RES03056,COL1372,Accountancy,2,13,1,2,6752000,0
RES03057,COL0226,Computer Engineering,4,23,4,2,3083000,0
RES03058,COL1822,Mathematics,2,15,0,0,0,1
RES03059,COL1095,Computer Science,8,64,5,4,5687000,1
RES03060,COL0954,Computer Engineering,15,49,2,6,10124000,2
RES03061,COL1525,Educational Administration,0,0,0,1,1873000,3
RES03062,COL0583,Mathematics,1,6,1,1,3305000,3
RES03063,COL1066,Urban Planning,3,15,0,3,1512000,1
RES03064,COL0125,History,1,9,0,2,3300000,2
RES03065,COL1759,Information Technology,2,7,3,2,3672000,3
RES03066,COL1668,Information Technology,1,7,2,1,2824000,1
RES03067,COL1241,Computer Engineering,1,9,0,1,1186000,1
RES03068,COL0244,Economics,1,3,2,0,517000,1
RES03069,COL1363,Information Technology,2,9,2,2,3377000,2
RES03070,COL0377,Economics,31,181,7,6,7451000,1
RES03071,COL1800,Commerce,1,3,3,1,1679000,0
RES03072,COL1233,Electronics & Telecommunication,5,19,0,3,4988000,2
RES03073,COL0715,Electronics & Telecommunication,12,70,3,2,5926000,1
RES03074,COL0800,Business Administration,6,46,3,5,18640000,3
RES03075,COL0779,Economics,1,9,2,2,4231000,3
RES03076,COL1137,Marathi,1,7,2,1,1686000,2
RES03077,COL1720,Accountancy,0,0,0,0,0,0
RES03078,COL1795,Physics,1,5,0,1,1524000,3
RES03079,COL1009,English,38,257,2,12,42505000,2
RES03080,COL1383,Physics,1,5,0,1,1767000,0
RES03081,COL0984,Criminal Law,1,5,0,0,0,2
RES03082,COL1888,Physics,43,258,1,12,37536000,1
RES03083,COL0039,English,0,0,0,1,1836000,3
RES03084,COL1176,Pharmacology,0,0,1,0,246000,0
RES03085,COL0180,Mathematics,0,0,0,1,1500000,1
RES03086,COL0414,Chemistry,8,82,2,4,2321000,1
RES03087,COL0571,Pediatrics,1,6,0,0,0,1
RES03088,COL1627,Computer Engineering,0,0,0,3,4649000,1
RES03089,COL0447,Civil Engineering,6,41,3,6,16459000,2
RES03090,COL1040,Business Administration,0,0,0,2,5199000,2
RES03091,COL1671,Accountancy,3,23,1,2,6961000,2
RES03092,COL1401,Mechanical Engineering,1,8,0,1,477000,0
RES03093,COL0154,Economics,14,73,3,7,10550000,1
RES03094,COL1513,Physics,1,8,0,1,633000,0
RES03095,COL0514,Pharmacology,1,6,0,1,1930000,2
RES03096,COL0866,Zoology,6,45,2,2,4375000,3
RES03097,COL1594,Electronics & Telecommunication,0,0,2,1,2256000,1
RES03098,COL1941,Electronics & Telecommunication,0,0,0,2,990000,2
RES03099,COL1267,Banking & Finance,1,6,0,1,1201000,0
RES03100,COL0121,Civil Engineering,41,379,2,6,16679000,1
RES03101,COL1461,Chemistry,3,14,2,3,6225000,1
RES03102,COL0318,Computer Science,1,6,2,0,140000,1
RES03103,COL1065,Physics,5,31,0,3,4740000,1
RES03104,COL1950,Information Technology,1,6,1,1,890000,2
RES03105,COL1898,Criminal Law,14,68,3,3,6511000,1
RES03106,COL0039,Chemistry,5,28,5,5,5514000,2
RES03107,COL1621,Marathi,0,0,3,3,2766000,1
RES03108,COL1282,Commerce,1,7,0,3,2869000,0
RES03109,COL1816,Computer Engineering,0,0,2,1,1923000,1
RES03110,COL0498,Physics,1,10,0,0,0,1
RES03111,COL1980,Civil Engineering,2,12,0,0,0,1
RES03112,COL0637,Economics,16,143,0,3,4833000,0
RES03113,COL0611,Computer Engineering,17,158,0,2,2675000,2
RES03114,COL1521,Criminal Law,15,76,4,9,16700000,0
RES03115,COL1840,Civil Engineering,2,7,2,2,4414000,2
RES03116,COL0258,English,0,0,0,0,0,1
RES03117,COL1812,Curriculum & Pedagogy,0,0,1,0,130000,2
RES03118,COL1003,Physics,1,7,1,2,1716000,1
RES03119,COL0463,Mechanical Engineering,1,6,1,2,6209000,2
RES03120,COL0770,Community Health Nursing,0,0,0,1,2557000,1
RES03121,COL0414,Physics,0,0,0,0,0,2
RES03122,COL0469,Mechanical Engineering,0,0,0,0,0,1
RES03123,COL0373,Electrical Engineering,2,7,3,2,3791000,0
RES03124,COL0838,Commerce,0,0,0,1,1393000,1
RES03125,COL0496,English,2,9,0,0,0,0
RES03126,COL1572,Electrical Engineering,12,66,5,9,29374000,1
RES03127,COL1639,English,3,17,2,1,1637000,0
RES03128,COL1332,Computer Science,49,464,11,7,11753000,2
RES03129,COL0945,Soil Science,7,27,0,2,1688000,1
RES03130,COL1405,Electrical Engineering,1,8,6,2,4570000,1
RES03131,COL0699,Curriculum & Pedagogy,1,7,1,2,4877000,0
RES03132,COL1722,Finance,3,16,1,1,930000,1
RES03133,COL1557,Business Analytics,23,83,2,4,2554000,0
RES03134,COL0513,Marathi,31,216,5,7,22592000,0
RES03135,COL1800,Physics,0,0,1,2,932000,0
RES03136,COL1561,Obstetrics & Gynaecological Nursing,1,11,0,2,7526000,0
RES03137,COL0859,Educational Psychology,13,90,1,5,11655000,1
RES03138,COL0969,Mechanical Engineering,9,76,4,4,2636000,2
RES03139,COL0201,Economics,1,7,0,1,3040000,2
RES03140,COL1648,Business Administration,3,33,0,2,7802000,2
RES03141,COL0643,Marathi,13,89,5,6,7861000,2
RES03142,COL1404,Commerce,0,0,1,2,4994000,1
RES03143,COL1103,Commerce,1,8,1,3,2324000,1
RES03144,COL1146,Mathematics,1,7,0,1,1629000,3
RES03145,COL1366,Physics,9,75,1,7,16726000,2
RES03146,COL1868,Sociology,2,15,1,0,98000,3
RES03147,COL0830,Mathematics,20,156,2,3,4193000,2
RES03148,COL0928,Electronics & Telecommunication,0,0,2,1,1435000,3
RES03149,COL1805,Mechanical Engineering,2,15,1,0,248000,0
RES03150,COL1686,Pharmaceutical Chemistry,1,9,0,3,8925000,3
RES03151,COL1832,Chemistry,3,20,1,3,6630000,0
RES03152,COL0305,Pharmaceutics,7,27,5,3,2271000,1
RES03153,COL1606,Physics,1,9,0,1,3064000,2
RES03154,COL1967,English,7,19,1,4,5466000,0
RES03155,COL0067,Marathi,27,155,1,5,8441000,2
RES03156,COL0817,Computer Engineering,5,35,7,4,7163000,1
RES03157,COL1821,Civil Engineering,1,8,0,2,1403000,1
RES03158,COL1447,Marathi,0,0,0,1,1699000,2
RES03159,COL0507,Business Administration,5,45,1,4,3511000,3
RES03160,COL0665,Building Construction & Materials,33,109,2,7,17099000,0
RES03161,COL0008,Electrical Engineering,2,12,7,1,1654000,0
RES03162,COL0225,English,1,6,0,2,1935000,2
RES03163,COL0916,Chemistry,2,9,0,6,12540000,2
RES03164,COL1600,Pediatrics,1,6,0,1,485000,2
RES03165,COL1436,Electronics & Telecommunication,0,0,5,0,510000,1
RES03166,COL1443,Mathematics,2,14,2,4,7204000,1
RES03167,COL0744,English,0,0,0,2,865000,0
RES03168,COL1981,Mathematics,0,0,1,0,122000,2
RES03169,COL0437,Information Technology,0,0,2,1,2216000,0
RES03170,COL0387,Electrical Engineering,19,134,4,7,13205000,1
RES03171,COL0247,Business Administration,1,7,2,1,2250000,1
RES03172,COL0309,Corporate Law,18,93,2,6,13138000,2
RES03173,COL1724,Electrical Engineering,0,0,0,0,0,1
RES03174,COL0604,Computer Engineering,2,19,1,1,2405000,3
RES03175,COL1425,Banking & Finance,1,5,1,2,3190000,2
RES03176,COL1933,Physics,0,0,0,1,2067000,1
RES03177,COL0207,Information Technology,4,31,6,0,572000,3
RES03178,COL1343,Civil Engineering,7,46,1,1,1194000,2
RES03179,COL1765,Economics,0,0,1,3,6480000,1
RES03180,COL1946,Computer Engineering,2,11,6,1,2669000,1
RES03181,COL1437,Civil Engineering,2,14,3,3,7146000,1
RES03182,COL1583,Mechanical Engineering,0,0,1,1,1936000,2
RES03183,COL1104,Marketing,0,0,0,1,1308000,0
RES03184,COL1361,Mathematics,4,28,0,2,2907000,1
RES03185,COL1823,Business Analytics,0,0,0,0,0,2
RES03186,COL1372,Business Administration,5,49,1,3,6665000,1
RES03187,COL1028,Commerce,8,40,4,4,4658000,2
RES03188,COL0430,Civil Engineering,48,388,3,9,16813000,3
RES03189,COL0498,Computer Science,6,47,2,5,12921000,4
RES03190,COL1651,Information Technology,3,16,3,0,466000,1
RES03191,COL0633,Mechanical Engineering,3,18,3,1,1499000,2
RES03192,COL0069,Accountancy,0,0,1,2,3474000,0
RES03193,COL0079,Economics,0,0,0,0,0,1
RES03194,COL0923,Urban Planning,3,24,3,2,3430000,2
RES03195,COL0179,Physics,1,7,0,0,0,2
RES03196,COL0728,English,33,268,4,7,25163000,2
RES03197,COL0377,Business Administration,4,31,3,1,1008000,0
RES03198,COL0248,English,7,34,2,1,1095000,1
RES03199,COL1514,Economics,1,4,0,0,0,1
RES03200,COL1266,Electrical Engineering,3,17,5,1,1461000,2
RES03201,COL1705,Commerce,8,62,0,5,12957000,3
RES03202,COL0344,Mathematics,19,96,2,6,9679000,0
RES03203,COL1373,Zoology,0,0,0,0,0,1
RES03204,COL1092,Finance,2,15,1,1,2652000,0
RES03205,COL0270,Commerce,1,4,1,4,3239000,1
RES03206,COL1212,Pharmaceutics,3,13,2,0,506000,3
RES03207,COL0378,Civil Engineering,15,92,2,6,2466000,0
RES03208,COL1152,Mathematics,3,23,1,5,11628000,1
RES03209,COL0952,Economics,1,6,0,0,0,0
RES03210,COL1141,Electrical Engineering,2,14,3,2,4413000,1
RES03211,COL0827,Mathematics,29,246,2,6,4360000,1
RES03212,COL0925,Civil Engineering,0,0,0,2,3194000,2
RES03213,COL0877,Botany,5,25,0,2,1187000,1
RES03214,COL1798,Architectural Design,1,7,0,0,0,1
RES03215,COL0027,Sociology,2,12,1,1,2410000,1
RES03216,COL0204,Electrical Engineering,1,6,0,0,0,1
RES03217,COL0441,Electrical Engineering,1,4,2,3,4577000,0
RES03218,COL0619,Mechanical Engineering,26,128,5,7,8354000,2
RES03219,COL0137,Commerce,26,236,4,7,7134000,3
RES03220,COL1434,Civil Engineering,4,8,2,1,809000,1
RES03221,COL0307,Computer Science,0,0,1,1,628000,0
RES03222,COL1527,English,4,28,2,2,3194000,1
RES03223,COL0777,Computer Engineering,1,9,8,2,3463000,2
RES03224,COL1664,Information Technology,4,30,0,2,1659000,0
RES03225,COL1366,Commerce,5,25,1,7,22162000,2
RES03226,COL0165,Marathi,1,5,0,1,2985000,2
RES03227,COL0817,Information Technology,17,91,16,7,8185000,1
RES03228,COL0622,Marketing,3,20,0,1,2358000,3
RES03229,COL1533,Computer Science,23,120,3,10,19509000,2
RES03230,COL0762,Chemistry,48,385,7,6,17441000,2
RES03231,COL1094,Banking & Finance,1,7,0,1,2205000,1
RES03232,COL1487,Medicine,1,12,1,0,203000,2
RES03233,COL0619,Electronics & Telecommunication,1,5,0,1,1321000,2
RES03234,COL1213,Civil Engineering,1,6,0,1,1784000,2
RES03235,COL1500,Mechanical Engineering,4,17,7,5,4778000,3
RES03236,COL0481,Civil Engineering,19,109,0,6,8017000,2
RES03237,COL1454,Physics,1,8,0,0,0,2
RES03238,COL0845,Physics,46,382,0,4,2766000,2
RES03239,COL0007,Business Administration,1,6,2,0,388000,1
RES03240,COL0700,Computer Engineering,3,19,5,1,1604000,1
RES03241,COL1124,Economics,62,275,6,22,66812000,1
RES03242,COL1937,Zoology,24,144,2,3,3794000,1
RES03243,COL1683,Educational Administration,1,10,0,1,1766000,2
RES03244,COL1202,Marathi,6,28,0,3,1477000,0
RES03245,COL1598,Mathematics,2,11,0,1,2629000,2
RES03246,COL1915,Civil Engineering,1,6,2,1,1212000,1
RES03247,COL0616,Pharmacognosy,0,0,0,1,1097000,2
RES03248,COL0359,Operations Management,1,6,1,3,4995000,1
RES03249,COL0808,Economics,20,205,3,9,15068000,0
RES03250,COL0609,Computer Engineering,0,0,0,0,0,4
RES03251,COL1409,Human Resources,2,14,0,1,3467000,3
RES03252,COL1429,Educational Administration,18,87,4,6,3463000,1
RES03253,COL1021,English,1,4,2,3,1715000,1
RES03254,COL0891,Zoology,1,9,0,1,1084000,1
RES03255,COL0743,Business Analytics,3,16,3,1,907000,1
RES03256,COL0179,English,1,10,0,0,0,1
RES03257,COL0272,Pharmacology,43,197,3,8,9258000,1
RES03258,COL0462,Physics,3,11,0,4,4730000,0
RES03259,COL1596,Obstetrics & Gynaecological Nursing,0,0,0,0,0,1
RES03260,COL0256,Operations Management,1,5,1,0,273000,1
RES03261,COL1488,Horticulture,1,8,0,1,2184000,3
RES03262,COL1407,Mathematics,13,82,1,10,15571000,0
RES03263,COL0502,Community Health Nursing,7,14,1,3,2971000,2
RES03264,COL0850,Computer Engineering,2,10,4,1,2002000,1
RES03265,COL0767,Physics,1,8,0,0,0,1
RES03266,COL0944,Pharmaceutical Chemistry,1,6,3,0,654000,3
RES03267,COL0329,Civil Engineering,33,92,6,4,3250000,1
RES03268,COL0445,Electrical Engineering,11,91,5,3,9619000,1
RES03269,COL1046,Educational Psychology,4,18,0,4,11252000,3
RES03270,COL0702,Pharmaceutical Chemistry,0,0,7,2,4829000,3
RES03271,COL0001,Business Administration,2,11,0,2,2213000,4
RES03272,COL0712,Mathematics,4,12,3,1,2314000,1
RES03273,COL0277,Information Technology,0,0,0,0,0,0
RES03274,COL1760,Computer Science,25,227,4,5,11350000,2
RES03275,COL0864,Mechanical Engineering,6,64,1,1,756000,2
RES03276,COL1426,Electrical Engineering,2,15,1,2,4175000,0
RES03277,COL1124,Chemistry,15,133,2,1,2237000,1
RES03278,COL0940,Information Technology,11,54,7,6,14686000,1
RES03279,COL1455,Mathematics,41,346,1,9,21681000,2
RES03280,COL0714,Accountancy,10,66,0,5,15963000,3
RES03281,COL1060,Sociology,2,12,0,2,3201000,3
RES03282,COL1958,Computer Engineering,0,0,5,1,3440000,2
RES03283,COL1084,Economics,1,7,0,3,7305000,3
RES03284,COL0408,Electronics & Telecommunication,14,110,4,6,20244000,2
RES03285,COL1318,Constitutional Law,0,0,0,1,436000,0
RES03286,COL0718,Information Technology,1,5,1,0,147000,3
RES03287,COL1219,Computer Engineering,0,0,0,0,0,2
RES03288,COL1748,English,21,171,0,8,8718000,0
RES03289,COL1204,Mathematics,1,6,1,4,7364000,1
RES03290,COL1198,Physics,4,26,4,3,9194000,2
RES03291,COL0181,Commerce,3,23,1,2,5056000,1
RES03292,COL0037,Constitutional Law,6,41,4,3,2697000,1
RES03293,COL1807,Electronics & Telecommunication,0,0,3,0,775000,1
RES03294,COL0149,Commerce,1,5,0,1,1814000,2
RES03295,COL1946,Mechanical Engineering,5,33,2,4,8732000,2
RES03296,COL1804,Chemistry,0,0,2,3,4891000,0
RES03297,COL0390,Civil Engineering,19,151,4,7,23357000,1
RES03298,COL0549,Mechanical Engineering,1,7,1,3,2164000,2
RES03299,COL1227,Chemistry,0,0,2,2,4131000,2
RES03300,COL1254,Economics,2,15,1,2,4569000,3
RES03301,COL0764,Physics,3,27,1,1,2429000,2
RES03302,COL0587,Computer Science,4,28,5,3,3297000,0
RES03303,COL0148,English,1,12,0,4,12657000,0
RES03304,COL1782,Physics,20,109,3,9,19842000,0
RES03305,COL0904,Physics,1,6,3,1,1393000,3
RES03306,COL1007,Computer Science,1,2,1,1,1179000,0
RES03307,COL1862,Commerce,3,17,1,2,4431000,1
RES03308,COL0261,Operations Management,1,8,1,0,193000,1
RES03309,COL1734,Computer Science,0,0,0,1,828000,0
RES03310,COL0649,Electronics & Telecommunication,0,0,0,1,1373000,2
RES03311,COL1904,Electronics & Telecommunication,13,55,5,7,10596000,1
RES03312,COL1247,Electrical Engineering,1,8,1,1,1248000,2
RES03313,COL1901,Economics,4,31,3,4,5959000,2
RES03314,COL0396,Criminal Law,0,0,1,1,1669000,1
RES03315,COL0216,Mathematics,33,142,4,2,5472000,2
RES03316,COL1342,Urban Planning,15,101,4,4,6106000,4
RES03317,COL1247,Computer Engineering,1,9,1,2,4599000,3
RES03318,COL0979,Chemistry,1,5,0,1,1332000,1
RES03319,COL1986,Commerce,1,5,0,1,2819000,1
RES03320,COL1575,Civil Engineering,0,0,0,2,2925000,2
RES03321,COL0635,Operations Management,0,0,0,0,0,2
RES03322,COL1021,Chemistry,2,9,3,1,1169000,0
RES03323,COL1897,Marathi,0,0,0,0,0,0
RES03324,COL0775,Computer Engineering,17,169,2,7,12902000,2
RES03325,COL1365,Physics,5,27,4,2,4659000,0
RES03326,COL1781,Electronics & Telecommunication,0,0,4,1,1353000,1
RES03327,COL1368,Chemistry,0,0,0,0,0,2
RES03328,COL1869,Sociology,1,8,3,2,5321000,1
RES03329,COL0096,Computer Science,0,0,0,1,2700000,0
RES03330,COL0718,Computer Engineering,14,85,3,5,4021000,2
RES03331,COL1454,Mathematics,74,703,0,6,10705000,3
RES03332,COL1894,Finance,0,0,1,0,137000,2
RES03333,COL1535,Banking & Finance,16,172,2,4,12955000,1
RES03334,COL0465,Economics,1,7,0,0,0,3
RES03335,COL1856,Marathi,0,0,0,2,4431000,1
RES03336,COL1282,Marathi,22,135,1,6,17866000,3
RES03337,COL1966,Electrical Engineering,0,0,0,0,0,0
RES03338,COL0856,Computer Science,23,147,4,6,10567000,2
RES03339,COL1511,Chemistry,24,182,9,6,15739000,2
RES03340,COL1011,Urban Planning,0,0,1,0,277000,1
RES03341,COL1815,Chemistry,11,64,7,12,25824000,0
RES03342,COL0222,Physics,3,12,0,1,2796000,1
RES03343,COL1335,Electrical Engineering,3,17,2,0,303000,2
RES03344,COL1844,Physics,13,111,4,4,2439000,2
RES03345,COL0731,Operations Management,1,4,0,0,0,1
RES03346,COL1546,Physics,4,28,1,3,7228000,3
RES03347,COL1402,Physics,2,12,2,8,5527000,3
RES03348,COL1852,Mathematics,2,19,0,0,0,2
RES03349,COL1308,Accountancy,43,286,3,3,1833000,0
RES03350,COL0890,Commerce,101,541,2,14,30905000,1
RES03351,COL1507,Criminal Law,0,0,1,0,137000,1
RES03352,COL1144,Civil Engineering,1,4,0,0,0,1
RES03353,COL0618,Information Technology,48,279,12,13,8820000,1
RES03354,COL1332,Economics,20,182,0,7,22605000,2
RES03355,COL0381,Electrical Engineering,2,12,1,1,2234000,2
RES03356,COL0372,Botany,10,52,1,7,9743000,4
RES03357,COL0573,Community Health Nursing,1,7,0,0,0,2
RES03358,COL0353,English,2,11,1,1,883000,0
RES03359,COL1388,Physics,67,527,2,14,27988000,2
RES03360,COL1866,Economics,5,39,2,5,9009000,1
RES03361,COL1920,Mechanical Engineering,0,0,1,2,2368000,2
RES03362,COL1438,English,1,5,1,1,1722000,0
RES03363,COL1530,Biochemistry,3,21,1,1,2215000,4
RES03364,COL0287,Economics,2,7,1,0,136000,0
RES03365,COL0155,Chemistry,8,40,8,3,6153000,1
RES03366,COL1014,Computer Engineering,2,20,1,1,3258000,2
RES03367,COL0470,Marathi,1,6,1,1,2195000,0
RES03368,COL0535,English,1,8,0,2,3616000,0
RES03369,COL0384,Constitutional Law,1,2,0,1,1000000,0
RES03370,COL0156,Marathi,3,15,2,3,4049000,1
RES03371,COL0334,History,3,28,0,1,829000,2
RES03372,COL0887,Civil Engineering,1,7,2,0,442000,3
RES03373,COL0453,Civil Law,1,6,0,0,0,2
RES03374,COL0424,Chemistry,0,0,2,1,1242000,2
RES03375,COL0351,Physics,5,34,3,0,602000,0
RES03376,COL1971,Computer Engineering,15,125,5,4,4741000,2
RES03377,COL1738,Economics,13,117,1,1,2685000,0
RES03378,COL1113,Pathology,7,57,3,2,7403000,2
RES03379,COL1571,Information Technology,0,0,1,0,125000,3
RES03380,COL0467,Mechanical Engineering,21,215,11,9,33941000,1
RES03381,COL0618,Computer Engineering,3,14,2,0,146000,1
RES03382,COL0049,Computer Engineering,6,37,0,3,5903000,0
RES03383,COL0660,Commerce,25,200,2,8,8375000,1
RES03384,COL0883,Pharmaceutics,0,0,1,1,2001000,1
RES03385,COL0679,History,1,7,1,1,1982000,0
RES03386,COL1586,Educational Psychology,1,5,0,0,0,2
RES03387,COL1140,Accountancy,0,0,0,0,0,2
RES03388,COL0764,Commerce,1,7,0,2,3305000,2
RES03389,COL0745,Urban Planning,33,210,3,4,7105000,3
RES03390,COL1118,Physiology,1,9,0,1,1111000,2
RES03391,COL1269,Mechanical Engineering,1,5,4,5,14249000,2
RES03392,COL0092,Mechanical Engineering,2,12,2,2,4512000,2
RES03393,COL1591,Physics,1,7,0,0,0,0
RES03394,COL0798,Electrical Engineering,1,4,0,1,781000,0
RES03395,COL1660,Mechanical Engineering,1,6,3,1,1463000,1
RES03396,COL1919,English,11,110,5,5,3539000,2
RES03397,COL0640,Chemistry,1,7,1,5,8131000,2
RES03398,COL0035,Civil Engineering,57,300,3,3,8734000,1
RES03399,COL0763,Mathematics,2,12,0,1,2791000,2
RES03400,COL0074,Civil Engineering,46,413,2,5,19205000,0
RES03401,COL1344,Pharmacognosy,2,11,0,1,1332000,2
RES03402,COL1397,Computer Science,27,133,6,7,6201000,1
RES03403,COL1930,Physics,1,4,3,0,715000,0
RES03404,COL1203,Electrical Engineering,12,37,4,9,4402000,2
RES03405,COL0908,Mathematics,0,0,0,2,3740000,2
RES03406,COL1412,Criminal Law,1,5,0,1,1374000,3
RES03407,COL0864,Information Technology,1,9,4,5,8484000,3
RES03408,COL0173,Business Administration,2,10,2,3,6380000,2
RES03409,COL0704,Electronics & Telecommunication,0,0,0,0,0,2
RES03410,COL1067,Pharmaceutics,20,120,6,9,23933000,2
RES03411,COL1890,Pharmacology,1,4,0,0,0,1
RES03412,COL1333,Computer Engineering,1,10,0,0,0,2
RES03413,COL0225,Marathi,0,0,0,0,0,2
RES03414,COL1224,Electrical Engineering,86,661,6,11,41305000,2
RES03415,COL0757,Commerce,0,0,0,0,0,1
RES03416,COL0371,Pharmaceutics,1,7,0,1,875000,2
RES03417,COL0475,Chemistry,11,66,2,4,7272000,3
RES03418,COL1590,Marathi,10,47,5,6,13745000,1
RES03419,COL0623,Zoology,11,53,5,4,4571000,3
RES03420,COL0136,Civil Engineering,2,16,1,2,2799000,3
RES03421,COL0813,Physics,2,15,2,2,6456000,2
RES03422,COL1281,Curriculum & Pedagogy,6,47,1,1,2314000,1
RES03423,COL0724,Chemistry,12,100,4,5,3282000,1
RES03424,COL0647,Computer Science,1,10,0,0,0,2
RES03425,COL0632,Medical Surgical Nursing,2,20,1,1,696000,1
RES03426,COL1670,Computer Engineering,0,0,4,1,2299000,3
RES03427,COL0643,English,9,49,1,10,18182000,0
RES03428,COL0941,Sociology,0,0,0,1,1890000,0
RES03429,COL0488,Zoology,16,177,1,6,18236000,3
RES03430,COL1609,Building Construction & Materials,3,16,0,1,913000,2
RES03431,COL0052,Pharmacognosy,0,0,0,0,0,2
RES03432,COL1754,Economics,12,50,1,8,12416000,2
RES03433,COL1995,Business Administration,7,36,2,8,18337000,0
RES03434,COL0270,Marathi,1,2,1,1,1544000,0
RES03435,COL1124,Commerce,35,321,1,7,17658000,2
RES03436,COL0043,Electrical Engineering,0,0,2,1,1328000,2
RES03437,COL1775,English,3,8,4,3,4321000,0
RES03438,COL0323,Electrical Engineering,4,22,5,2,1490000,4
RES03439,COL0089,English,0,0,0,2,2386000,1
RES03440,COL1204,Physics,2,12,1,4,7066000,0
RES03441,COL1974,Civil Engineering,1,9,0,0,0,2
RES03442,COL0829,Finance,0,0,3,1,1121000,3
RES03443,COL0417,Mechanical Engineering,29,174,8,13,35393000,2
RES03444,COL1242,Accountancy,1,7,0,3,6617000,1
RES03445,COL0487,Computer Engineering,101,667,5,9,18461000,3
RES03446,COL0393,Commerce,1,4,0,1,646000,2
RES03447,COL0102,Business Administration,12,120,0,2,7121000,3
RES03448,COL0659,Electronics & Telecommunication,0,0,0,0,0,2
RES03449,COL1050,Zoology,1,5,0,1,2024000,2
RES03450,COL0400,Human Resources,10,31,0,8,11311000,0
RES03451,COL0888,Computer Science,0,0,0,0,0,1
RES03452,COL0917,Mechanical Engineering,1,5,0,1,1803000,0
RES03453,COL0732,Mechanical Engineering,1,8,2,1,2644000,0
RES03454,COL0707,Banking & Finance,10,71,0,0,0,2
RES03455,COL0348,Computer Science,1,6,3,3,2091000,2
RES03456,COL0287,Computer Science,1,4,0,0,0,1
RES03457,COL1456,Civil Engineering,2,12,0,2,5747000,2
RES03458,COL1277,Chemistry,1,7,0,2,1609000,4
RES03459,COL0808,Physics,6,33,5,4,10302000,1
RES03460,COL1148,Physics,8,38,2,7,12490000,1
RES03461,COL0084,Information Technology,1,7,0,2,907000,2
RES03462,COL0588,Banking & Finance,3,24,1,1,3295000,1
RES03463,COL0606,Computer Engineering,1,2,1,1,798000,2
RES03464,COL0066,Chemistry,1,9,2,2,5038000,2
RES03465,COL1402,Commerce,0,0,1,2,964000,0
RES03466,COL1356,Economics,3,17,1,7,9489000,1
RES03467,COL0781,Physics,5,49,1,3,5240000,2
RES03468,COL1200,Electronics & Telecommunication,43,389,15,4,16414000,3
RES03469,COL0596,Computer Science,6,24,4,3,4656000,1
RES03470,COL0748,Medical Surgical Nursing,2,10,0,0,0,2
RES03471,COL1029,Computer Science,0,0,0,0,0,1
RES03472,COL1783,Physics,48,270,5,14,27993000,0
RES03473,COL1955,Civil Law,1,5,1,2,770000,0
RES03474,COL0988,Pharmaceutics,9,71,2,3,2995000,1
RES03475,COL0175,English,0,0,0,1,2011000,1
RES03476,COL0028,Biochemistry,40,358,2,5,14060000,2
RES03477,COL0039,Mathematics,4,20,2,4,7632000,0
RES03478,COL0888,Mathematics,0,0,0,0,0,3
RES03479,COL1241,Mechanical Engineering,11,50,3,10,26853000,2
RES03480,COL1651,Electrical Engineering,6,17,5,7,16263000,3
RES03481,COL0480,Mechanical Engineering,13,75,11,6,13541000,2
RES03482,COL1901,Mathematics,1,8,1,1,2796000,2
RES03483,COL0912,Computer Science,2,11,4,2,5213000,4
RES03484,COL0779,Physics,8,51,1,2,2108000,1
RES03485,COL1629,Educational Psychology,0,0,0,2,5178000,1
RES03486,COL1116,Urban Planning,5,29,2,3,1370000,2
RES03487,COL1031,Botany,1,10,2,4,12259000,2
RES03488,COL1786,Information Technology,3,26,4,1,3592000,0
RES03489,COL1868,Political Science,0,0,0,3,8155000,1
RES03490,COL1622,English,1,8,1,0,68000,1
RES03491,COL0940,Electrical Engineering,3,17,3,1,2400000,0
RES03492,COL1549,Electronics & Telecommunication,0,0,0,1,2414000,2
RES03493,COL0472,Physics,21,135,4,2,5350000,3
RES03494,COL0818,English,3,22,2,2,4184000,2
RES03495,COL0365,Information Technology,2,18,4,4,8172000,1
RES03496,COL0818,Commerce,5,41,2,1,2960000,0
RES03497,COL0005,Chemistry,2,10,3,1,1614000,0
RES03498,COL0518,Pharmacognosy,1,8,0,1,2089000,2
RES03499,COL1628,Building Construction & Materials,1,9,2,2,3283000,0
RES03500,COL1777,Chemistry,1,5,3,0,406000,0
RES03501,COL0726,Botany,9,48,4,3,3730000,2
RES03502,COL1097,Computer Science,16,57,6,5,3181000,2
RES03503,COL1421,Commerce,1,7,0,0,0,0
RES03504,COL0827,Marathi,19,116,3,2,5001000,0
RES03505,COL0421,Computer Engineering,1,10,1,2,3188000,3
RES03506,COL0470,Commerce,4,23,1,1,1627000,1
RES03507,COL1121,Medical Surgical Nursing,2,8,1,0,294000,0
RES03508,COL1400,Physics,1,5,1,1,1472000,1
RES03509,COL1045,Economics,1,7,0,5,7157000,2
RES03510,COL0503,Marathi,46,350,1,9,8442000,1
RES03511,COL0863,Computer Science,1,8,1,1,1765000,1
RES03512,COL1059,Mechanical Engineering,1,6,4,1,3722000,1
RES03513,COL0188,Computer Science,0,0,0,1,318000,1
RES03514,COL0285,Commerce,5,40,2,2,1460000,3
RES03515,COL1763,Economics,0,0,1,0,124000,0
RES03516,COL1638,Electrical Engineering,18,159,3,6,7527000,3
RES03517,COL0177,Electrical Engineering,9,60,6,2,2267000,1
RES03518,COL1974,Electrical Engineering,10,88,4,5,13240000,2
RES03519,COL0824,Pharmaceutics,2,12,1,2,1195000,2
RES03520,COL0168,Mathematics,1,7,0,1,2056000,0
RES03521,COL0947,Commerce,24,79,1,4,6018000,0
RES03522,COL0730,Mathematics,2,16,0,4,10228000,2
RES03523,COL1358,Sociology,1,7,1,5,7047000,2
RES03524,COL0983,Marathi,1,7,1,2,4094000,2
RES03525,COL0572,Business Administration,1,4,0,0,0,0
RES03526,COL0957,Constitutional Law,0,0,0,1,1461000,1
RES03527,COL1052,Pharmacology,2,12,2,2,4425000,1
RES03528,COL1197,Mechanical Engineering,127,939,8,8,19545000,4
RES03529,COL0202,Mechanical Engineering,1,6,5,2,5282000,3
RES03530,COL1289,Computer Science,283,2518,8,9,15314000,4
RES03531,COL1949,Marketing,3,24,0,5,12011000,1
RES03532,COL0837,Chemistry,0,0,0,0,0,3
RES03533,COL0569,Computer Engineering,0,0,1,0,142000,1
RES03534,COL0948,Civil Engineering,1,6,2,1,3477000,2
RES03535,COL1566,Mathematics,1,8,1,0,214000,3
RES03536,COL1003,Marathi,4,21,2,5,3455000,0
RES03537,COL1747,Constitutional Law,34,176,2,3,5396000,2
RES03538,COL0498,Mathematics,0,0,1,0,295000,3
RES03539,COL1921,English,1,6,0,3,5169000,0
RES03540,COL1087,Medical Surgical Nursing,1,5,0,0,0,1
RES03541,COL1106,Pharmaceutical Chemistry,13,70,5,6,9690000,2
RES03542,COL1644,Urban Planning,2,8,0,0,0,0
RES03543,COL0788,Mechanical Engineering,1,4,2,0,567000,2
RES03544,COL0459,Computer Science,0,0,0,0,0,0
RES03545,COL1078,Curriculum & Pedagogy,3,14,0,2,2584000,0
RES03546,COL0291,Obstetrics & Gynaecological Nursing,1,8,2,2,2617000,0
RES03547,COL1914,Curriculum & Pedagogy,0,0,0,0,0,0
RES03548,COL0035,Mechanical Engineering,88,528,11,13,29624000,2
RES03549,COL1982,Civil Engineering,53,396,3,1,3027000,2
RES03550,COL1145,Physics,0,0,0,0,0,0
RES03551,COL1569,Curriculum & Pedagogy,70,568,3,9,5734000,3
RES03552,COL0752,Chemistry,39,212,4,5,4864000,0
RES03553,COL1146,Zoology,0,0,0,1,845000,1
RES03554,COL0201,Physics,1,6,0,2,4167000,1
RES03555,COL1305,Electrical Engineering,2,17,6,2,6706000,2
RES03556,COL0274,Computer Engineering,31,141,4,7,14954000,2
RES03557,COL0592,English,2,13,3,1,961000,2
RES03558,COL0361,Civil Engineering,37,281,1,6,9666000,2
RES03559,COL1302,Banking & Finance,10,72,3,6,10584000,2
RES03560,COL0299,Electrical Engineering,16,45,10,5,9914000,1
RES03561,COL0361,Electronics & Telecommunication,1,8,0,0,0,2
RES03562,COL0609,Information Technology,4,26,3,1,2595000,2
RES03563,COL1929,Economics,1,6,1,1,1974000,1
RES03564,COL1174,Computer Engineering,1,6,1,1,1583000,1
RES03565,COL1275,English,1,4,0,0,0,0
RES03566,COL1819,Economics,0,0,0,0,0,1
RES03567,COL1280,Banking & Finance,0,0,0,0,0,0
RES03568,COL0056,Electrical Engineering,13,75,4,6,5952000,0
RES03569,COL1427,Banking & Finance,1,6,0,2,5082000,3
RES03570,COL1908,Physics,1,7,0,1,2247000,2
RES03571,COL1019,Physics,0,0,0,0,0,1
RES03572,COL1206,Physics,32,221,4,5,3126000,2
RES03573,COL1860,Economics,4,31,2,2,3731000,2
RES03574,COL1058,History,2,16,0,3,7520000,0
RES03575,COL1706,Anatomy,10,79,4,2,1224000,1
RES03576,COL1514,Marathi,0,0,0,0,0,0
RES03577,COL0438,Electronics & Telecommunication,58,265,1,13,23710000,3
RES03578,COL1465,Political Science,31,157,3,6,11978000,1
RES03579,COL1684,Computer Science,51,320,4,4,8991000,1
RES03580,COL1305,Electronics & Telecommunication,1,9,1,2,7068000,3
RES03581,COL0266,Civil Engineering,2,10,2,2,6709000,3
RES03582,COL1166,Computer Engineering,128,797,12,21,15609000,2
RES03583,COL1559,Soil Science,0,0,0,0,0,3
RES03584,COL1668,Civil Engineering,1,7,1,1,3099000,4
RES03585,COL1753,Business Analytics,51,238,1,7,11808000,1
RES03586,COL1894,Marketing,27,302,3,3,11091000,1
RES03587,COL1595,English,2,13,4,2,5390000,1
RES03588,COL0688,Computer Science,0,0,0,0,0,1
RES03589,COL1728,Electronics & Telecommunication,14,96,7,1,3348000,0
RES03590,COL1118,Medicine,1,8,0,1,640000,2
RES03591,COL0090,Mechanical Engineering,10,95,3,6,16393000,2
RES03592,COL1810,Information Technology,2,9,4,2,4615000,3
RES03593,COL1152,Physics,1,10,1,2,1434000,0
RES03594,COL1930,Mathematics,10,44,1,6,4224000,1
RES03595,COL1948,Mechanical Engineering,32,197,6,13,13852000,1
RES03596,COL0762,Physics,94,423,3,20,51351000,1
RES03597,COL1756,Computer Science,22,132,2,3,2609000,1
RES03598,COL0394,Pharmacology,0,0,4,2,5803000,3
RES03599,COL0317,Pathology,22,85,0,5,8213000,2
RES03600,COL1960,Economics,6,28,8,4,5003000,0
RES03601,COL1991,Computer Engineering,1,2,2,1,2506000,1
RES03602,COL1195,Child Health Nursing,1,5,1,0,246000,1
RES03603,COL1398,Economics,11,79,0,3,4656000,1
RES03604,COL1881,Pharmacognosy,13,41,0,5,3163000,0
RES03605,COL1011,Architectural Design,3,23,2,0,107000,3
RES03606,COL0277,Computer Engineering,29,105,6,8,10655000,1
RES03607,COL0231,Computer Engineering,3,29,0,3,2234000,1
RES03608,COL0844,History,1,6,0,3,4333000,0
RES03609,COL0579,Marathi,2,11,2,2,1926000,2
RES03610,COL1920,Electrical Engineering,0,0,1,1,2273000,2
RES03611,COL1035,Commerce,2,8,1,2,2559000,1
RES03612,COL1815,Marathi,0,0,0,1,2215000,0
RES03613,COL1665,Information Technology,4,15,1,1,1188000,1
RES03614,COL1845,Electrical Engineering,2,10,3,2,3406000,2
RES03615,COL0138,Chemistry,20,112,3,3,8775000,1
RES03616,COL0088,Economics,2,16,0,1,1470000,0
RES03617,COL1908,Chemistry,3,27,1,0,139000,2
RES03618,COL0747,English,2,15,2,5,6107000,3
RES03619,COL0458,Information Technology,11,75,7,5,12093000,2
RES03620,COL1306,English,24,127,1,3,8432000,2
RES03621,COL1280,Economics,5,12,1,0,269000,0
RES03622,COL0116,Physics,2,10,4,1,1819000,3
RES03623,COL0250,Computer Science,0,0,1,5,14380000,1
RES03624,COL1301,Computer Science,1,4,1,0,105000,2
RES03625,COL0721,Commerce,16,67,10,13,32665000,2
RES03626,COL1405,Computer Engineering,2,14,0,2,1145000,4
RES03627,COL1036,History,2,19,1,0,195000,2
RES03628,COL1563,Civil Engineering,0,0,0,0,0,2
RES03629,COL0695,Commerce,35,249,6,6,14408000,1
RES03630,COL1083,Computer Engineering,13,115,11,6,7377000,3
RES03631,COL1150,Banking & Finance,4,23,0,5,13824000,0
RES03632,COL0554,Civil Law,0,0,0,0,0,1
RES03633,COL1939,English,7,53,0,0,0,1
RES03634,COL0338,Anatomy,1,8,1,1,661000,3
RES03635,COL0828,Physics,0,0,0,0,0,2
RES03636,COL0759,Accountancy,19,134,0,8,16360000,3
RES03637,COL1136,Physics,6,37,0,5,11533000,2
RES03638,COL0284,Medical Surgical Nursing,4,31,2,2,4297000,1
RES03639,COL0024,Mathematics,0,0,1,0,136000,0
RES03640,COL1346,Information Technology,95,312,10,14,11749000,0
RES03641,COL0688,Mathematics,1,5,0,0,0,1
RES03642,COL0529,Criminal Law,3,18,1,2,4116000,0
RES03643,COL1109,Anatomy,26,132,0,2,1641000,2
RES03644,COL0239,Marathi,9,46,5,4,10071000,0
RES03645,COL1921,Physics,8,40,0,2,2089000,1
RES03646,COL0575,Computer Science,21,149,4,8,3513000,0
RES03647,COL1858,Civil Law,0,0,0,0,0,2
RES03648,COL1076,Electrical Engineering,0,0,3,1,2143000,1
RES03649,COL1751,Physics,0,0,0,0,0,0
RES03650,COL1908,Marathi,1,7,0,0,0,2
RES03651,COL0913,Physics,1,7,0,1,859000,1
RES03652,COL1300,Economics,13,75,2,7,13759000,1
RES03653,COL1672,Accountancy,40,250,4,8,26016000,1
RES03654,COL0840,Computer Science,3,12,2,1,1437000,0
RES03655,COL0356,Computer Science,2,11,2,4,10927000,2
RES03656,COL1431,Political Science,18,62,1,4,9978000,0
RES03657,COL1025,Economics,0,0,1,0,247000,0
RES03658,COL0610,English,17,119,0,7,15427000,3
RES03659,COL1529,Medicine,1,5,0,0,0,3
RES03660,COL0629,Physics,0,0,0,1,1536000,0
RES03661,COL0328,Civil Engineering,7,45,7,2,8919000,2
RES03662,COL1904,Computer Engineering,7,37,4,2,1957000,2
RES03663,COL0836,Building Construction & Materials,1,7,0,1,676000,3
RES03664,COL0497,Information Technology,1,5,2,0,280000,2
RES03665,COL0280,Electrical Engineering,2,6,9,2,6128000,2
RES03666,COL1667,Business Analytics,2,13,0,1,1754000,0
RES03667,COL1268,Information Technology,1,8,0,0,0,1
RES03668,COL1847,Computer Science,1,7,0,0,0,1
RES03669,COL1965,Electrical Engineering,1,6,2,2,5217000,2
RES03670,COL0025,Mathematics,2,13,3,3,2607000,1
RES03671,COL0247,Economics,3,27,2,4,6398000,2
RES03672,COL1530,Pediatrics,10,45,0,1,1510000,2
RES03673,COL1107,Marathi,10,45,1,3,1336000,1
RES03674,COL0250,Economics,13,84,2,4,6843000,1
RES03675,COL0273,Pharmaceutical Chemistry,3,20,1,1,2845000,2
RES03676,COL1679,English,1,7,0,0,0,1
RES03677,COL1099,Electronics & Telecommunication,14,143,6,5,4978000,3
RES03678,COL0050,Computer Science,1,6,4,2,4155000,1
RES03679,COL0563,Soil Science,2,14,1,1,3112000,1
RES03680,COL0247,Banking & Finance,10,55,0,9,29211000,2
RES03681,COL0750,Electrical Engineering,3,24,5,5,6221000,4
RES03682,COL0266,Mechanical Engineering,49,243,7,8,5676000,2
RES03683,COL1126,Chemistry,0,0,1,0,229000,2
RES03684,COL0104,Civil Engineering,1,6,0,0,0,1
RES03685,COL0087,Mathematics,5,27,0,3,6506000,1
RES03686,COL1818,History,12,128,1,3,5535000,0
RES03687,COL0528,Electronics & Telecommunication,1,8,0,1,2084000,1
RES03688,COL0544,Chemistry,16,86,2,7,7538000,1
RES03689,COL1967,Marathi,1,5,1,1,974000,0
RES03690,COL1223,Physics,16,84,3,5,9900000,0
RES03691,COL1266,Civil Engineering,5,32,2,2,5335000,3
RES03692,COL0344,Physics,66,493,2,9,8745000,1
RES03693,COL1775,Commerce,0,0,1,2,898000,1
RES03694,COL0374,Electronics & Telecommunication,2,13,4,0,1151000,0
RES03695,COL1760,Economics,1,7,0,0,0,1
RES03696,COL1874,Human Resources,15,115,2,6,6359000,2
RES03697,COL1533,Chemistry,25,110,0,2,4838000,2
RES03698,COL1554,Marathi,8,38,2,6,8668000,0
RES03699,COL1023,Chemistry,3,19,1,0,142000,1
RES03700,COL0853,Business Administration,1,3,0,3,4284000,0
RES03701,COL0194,Marathi,1,6,1,0,261000,1
RES03702,COL1815,Physics,5,16,0,3,3077000,1
RES03703,COL1754,Banking & Finance,28,157,1,5,8077000,0
RES03704,COL0282,Banking & Finance,0,0,0,0,0,1
RES03705,COL0253,Accountancy,19,129,2,7,2938000,1
RES03706,COL0520,Computer Science,1,9,1,5,11548000,3
RES03707,COL0112,Electrical Engineering,0,0,0,1,2066000,3
RES03708,COL0935,Economics,1,9,1,2,7761000,0
RES03709,COL0488,Computer Science,4,25,4,2,1619000,2
RES03710,COL0391,Pharmacology,2,16,1,0,298000,2
RES03711,COL1346,Electrical Engineering,0,0,5,0,789000,3
RES03712,COL1518,History,5,32,1,2,1805000,0
RES03713,COL0547,Physics,1,8,0,0,0,2
RES03714,COL1640,Marathi,1,7,2,0,349000,0
RES03715,COL1226,Electronics & Telecommunication,0,0,0,1,564000,3
RES03716,COL1499,Operations Management,3,9,0,1,1734000,0
RES03717,COL0289,Economics,5,33,0,3,2112000,1
RES03718,COL1669,Mathematics,0,0,2,0,270000,4
RES03719,COL1085,Electrical Engineering,43,401,9,8,27392000,2
RES03720,COL0698,Information Technology,12,87,9,2,6076000,3
RES03721,COL0362,Educational Administration,0,0,0,0,0,2
RES03722,COL0891,Computer Science,2,15,4,2,4167000,2
RES03723,COL0403,Surgery,14,113,5,6,15808000,2
RES03724,COL1188,Commerce,0,0,0,0,0,0
RES03725,COL1783,Economics,9,81,3,6,15847000,0
RES03726,COL1827,Commerce,2,8,2,3,6734000,0
RES03727,COL0999,Mathematics,2,15,0,0,0,2
RES03728,COL1538,Biochemistry,0,0,0,0,0,0
RES03729,COL0895,Electrical Engineering,9,65,5,3,5325000,1
RES03730,COL0775,Civil Engineering,0,0,1,1,902000,2
RES03731,COL0048,Computer Engineering,26,198,4,3,4937000,2
RES03732,COL1764,Information Technology,43,249,6,6,11379000,2
RES03733,COL0437,Civil Engineering,1,4,1,0,172000,2
RES03734,COL1318,Criminal Law,2,12,0,0,0,2
RES03735,COL1063,Computer Engineering,65,321,3,8,13797000,2
RES03736,COL0677,Chemistry,1,8,0,1,1397000,2
RES03737,COL1349,Accountancy,2,8,1,1,513000,1
RES03738,COL1767,Economics,23,172,3,7,8837000,0
RES03739,COL0661,History,0,0,0,1,2766000,2
RES03740,COL0835,Marathi,15,75,2,9,7329000,1
RES03741,COL0426,Marathi,7,48,1,5,14175000,2
RES03742,COL0958,Information Technology,1,4,2,2,4146000,3
RES03743,COL0423,Economics,70,631,2,8,8828000,1
RES03744,COL1509,Electronics & Telecommunication,3,20,5,2,7656000,2
RES03745,COL0397,Criminal Law,1,9,2,0,182000,1
RES03746,COL1531,Electronics & Telecommunication,1,10,2,1,3616000,1
RES03747,COL1330,Architectural Design,0,0,1,1,2731000,0
RES03748,COL1665,Electronics & Telecommunication,2,14,0,3,5491000,2
RES03749,COL0404,Electronics & Telecommunication,45,238,8,5,7037000,0
RES03750,COL1693,Computer Science,0,0,0,0,0,0
RES03751,COL1130,Chemistry,3,30,2,4,2299000,1
RES03752,COL1987,Educational Psychology,0,0,1,0,153000,2
RES03753,COL1115,Commerce,21,112,1,1,1625000,2
RES03754,COL0783,Pharmacognosy,1,7,0,2,4584000,2
RES03755,COL1564,Electrical Engineering,5,54,6,3,3601000,1
RES03756,COL0710,Mechanical Engineering,2,15,1,0,196000,1
RES03757,COL1148,Computer Science,1,8,1,0,262000,0
RES03758,COL1625,Computer Science,13,67,1,3,5801000,0
RES03759,COL0230,Marathi,2,13,0,1,663000,0
RES03760,COL0892,Pharmacology,0,0,0,0,0,0
RES03761,COL1360,English,19,155,3,9,9676000,1
RES03762,COL1695,Marathi,45,218,2,13,22205000,2
RES03763,COL0172,Computer Science,1,5,1,1,2010000,5
RES03764,COL1492,English,1,3,0,1,1628000,0
RES03765,COL1271,Pediatrics,0,0,0,0,0,2
RES03766,COL0823,Commerce,10,59,1,2,2385000,0
RES03767,COL1470,Educational Administration,1,3,1,0,124000,0
RES03768,COL1821,Mechanical Engineering,106,770,6,9,33009000,1
RES03769,COL1711,Computer Science,1,7,0,1,2109000,2
RES03770,COL1866,Computer Science,2,12,4,3,2328000,0
RES03771,COL0574,Mechanical Engineering,3,15,1,2,929000,1
RES03772,COL0210,Computer Engineering,1,2,2,2,1012000,2
RES03773,COL1442,Civil Engineering,28,212,2,4,14053000,1
RES03774,COL0138,Economics,1,6,0,0,0,1
RES03775,COL0704,Electrical Engineering,5,32,1,4,7096000,1
RES03776,COL0322,Finance,16,88,2,2,1995000,1
RES03777,COL1483,Marathi,27,188,2,4,10280000,2
RES03778,COL1523,English,0,0,0,1,2275000,1
RES03779,COL1197,Civil Engineering,5,42,2,4,12943000,4
RES03780,COL0805,English,6,13,0,3,3873000,1
RES03781,COL1398,Mathematics,1,4,0,1,1699000,0
RES03782,COL1282,Physics,5,31,4,8,14408000,1
RES03783,COL0928,Computer Engineering,12,120,2,1,3250000,3
RES03784,COL0457,Chemistry,8,58,3,1,4346000,2
RES03785,COL0126,Computer Engineering,5,29,6,0,749000,0
RES03786,COL1827,Economics,32,153,4,5,4842000,1
RES03787,COL0879,English,30,237,3,10,19965000,4
RES03788,COL1222,Marathi,1,9,0,3,3100000,2
RES03789,COL1107,Chemistry,2,13,3,1,620000,2
RES03790,COL1942,Political Science,0,0,2,2,3666000,3
RES03791,COL1302,Economics,6,46,2,4,11703000,2
RES03792,COL0839,Chemistry,0,0,0,0,0,2
RES03793,COL0280,Mechanical Engineering,1,5,2,1,983000,2
RES03794,COL0517,Pharmaceutical Chemistry,3,17,3,1,2121000,2
RES03795,COL1028,Computer Science,0,0,0,0,0,0
RES03796,COL1164,Business Administration,0,0,0,1,449000,1
RES03797,COL0075,Economics,5,49,0,4,4106000,1
RES03798,COL0235,Physics,4,26,1,3,7159000,1
RES03799,COL1901,Physics,6,43,0,4,6090000,1
RES03800,COL1278,Business Administration,59,422,1,10,34039000,2
RES03801,COL0026,Chemistry,8,29,4,3,5280000,0
RES03802,COL0032,Economics,13,120,4,6,16710000,2
RES03803,COL0735,Chemistry,1,7,4,1,2311000,0
RES03804,COL1425,Economics,1,5,0,0,0,0
RES03805,COL1448,Economics,4,32,0,1,3417000,2
RES03806,COL1198,Chemistry,50,290,10,16,10204000,2
RES03807,COL1018,Civil Engineering,7,60,2,2,6753000,2
RES03808,COL0627,Marathi,48,386,1,9,19439000,1
RES03809,COL1196,Community Health Nursing,5,33,0,3,3631000,2
RES03810,COL0410,Mathematics,3,24,0,1,743000,2
RES03811,COL1698,English,0,0,1,2,3110000,2
RES03812,COL0920,Physics,14,102,5,1,4537000,0
RES03813,COL1675,Commerce,5,41,0,4,11683000,1
RES03814,COL1689,Physics,14,72,0,2,3800000,0
RES03815,COL0034,Computer Engineering,1,7,6,1,2930000,2
RES03816,COL0465,Chemistry,19,128,5,8,24582000,0
RES03817,COL0302,Economics,0,0,0,0,0,1
RES03818,COL1525,Educational Psychology,0,0,3,0,419000,2
RES03819,COL1212,Pharmacognosy,1,7,0,2,2860000,1
RES03820,COL0986,Physics,1,7,0,0,0,1
RES03821,COL1074,Mathematics,11,38,3,4,5504000,1
RES03822,COL1810,Mechanical Engineering,25,189,4,11,4137000,3
RES03823,COL0014,Civil Engineering,1,8,1,1,1774000,0
RES03824,COL1303,Computer Science,5,12,3,3,6155000,1
RES03825,COL0558,Community Health Nursing,5,22,1,6,12830000,1
RES03826,COL0566,Electrical Engineering,67,554,9,13,30764000,2
RES03827,COL1991,Mechanical Engineering,44,119,4,8,17026000,1
RES03828,COL0673,Architectural Design,25,165,1,5,14620000,2
RES03829,COL0025,Chemistry,0,0,1,0,68000,0
RES03830,COL1282,Computer Science,0,0,1,0,292000,2
RES03831,COL0331,Electrical Engineering,0,0,4,1,2871000,1
RES03832,COL0424,Marathi,1,6,0,1,2732000,0
RES03833,COL0936,Operations Management,4,32,2,2,3278000,3
RES03834,COL1727,Computer Engineering,0,0,0,3,2331000,0
RES03835,COL1921,Economics,6,29,1,5,10085000,2
RES03836,COL1257,Chemistry,22,93,2,5,13864000,1
RES03837,COL0686,Computer Engineering,2,18,1,1,1757000,1
RES03838,COL1103,Physics,49,319,7,32,40186000,0
RES03839,COL1335,Computer Engineering,5,32,7,7,18215000,3
RES03840,COL0485,Sociology,6,41,0,1,1627000,0
RES03841,COL1006,Pharmacology,2,7,2,2,2981000,0
RES03842,COL0762,Commerce,2,18,0,1,2061000,0
RES03843,COL1490,Commerce,8,46,1,3,9033000,0
RES03844,COL1101,Pharmacology,0,0,0,2,3602000,2
RES03845,COL1097,Commerce,1,4,1,1,2114000,1
RES03846,COL1080,Mathematics,5,34,1,5,2809000,1
RES03847,COL0662,Commerce,0,0,0,0,0,1
RES03848,COL1130,English,1,5,0,1,3199000,2
RES03849,COL0149,Mathematics,3,17,1,6,8199000,1
RES03850,COL1958,Information Technology,50,312,3,8,13254000,3
RES03851,COL1451,Educational Administration,56,342,1,4,3733000,0
RES03852,COL0159,Physics,22,199,0,3,2881000,2
RES03853,COL1093,Zoology,8,62,0,0,0,1
RES03854,COL0826,Pathology,0,0,4,0,213000,2
RES03855,COL1320,Biochemistry,0,0,0,0,0,3
RES03856,COL0583,Chemistry,23,149,2,9,18499000,0
RES03857,COL0646,Curriculum & Pedagogy,1,7,0,3,5442000,0
RES03858,COL0116,Mathematics,0,0,0,0,0,3
RES03859,COL0967,Civil Engineering,28,207,1,5,3326000,2
RES03860,COL1273,Physics,1,5,0,1,1511000,0
RES03861,COL0838,Physics,1,4,0,0,0,1
RES03862,COL1325,Business Administration,3,16,3,4,8002000,0
RES03863,COL0702,Pharmacology,11,97,0,6,9536000,3
RES03864,COL0034,Information Technology,2,5,1,5,2631000,2
RES03865,COL0570,Pharmaceutical Chemistry,17,147,3,5,7640000,1
RES03866,COL1897,Mathematics,6,41,0,2,3696000,1
RES03867,COL1402,Economics,1,8,0,4,11625000,2
RES03868,COL1115,Economics,10,36,4,9,11463000,0
RES03869,COL0533,Electrical Engineering,7,25,10,2,2626000,2
RES03870,COL1494,Electrical Engineering,0,0,4,0,760000,2
RES03871,COL0666,Physics,2,12,1,3,2613000,1
RES03872,COL1339,Physics,1,6,0,0,0,1
RES03873,COL0593,Electronics & Telecommunication,9,77,4,6,17071000,1
RES03874,COL0960,Civil Engineering,10,97,4,6,13955000,3
RES03875,COL0324,Economics,2,16,0,1,1325000,0
RES03876,COL0067,Mathematics,1,7,3,1,3570000,1
RES03877,COL0009,Electrical Engineering,3,17,3,2,3997000,0
RES03878,COL1819,Computer Science,20,140,2,4,10873000,3
RES03879,COL1751,Commerce,2,9,2,1,1716000,2
RES03880,COL1891,Computer Engineering,0,0,0,0,0,1
RES03881,COL1301,Chemistry,67,347,4,6,10139000,0
RES03882,COL0810,Economics,27,268,5,3,7871000,1
RES03883,COL0097,Marathi,13,119,2,7,16068000,3
RES03884,COL0904,Chemistry,34,158,12,21,18980000,1
RES03885,COL1378,Physics,2,10,0,1,1689000,2
RES03886,COL1166,Electrical Engineering,9,59,4,1,2175000,4
RES03887,COL1153,Marathi,1,7,1,4,6156000,1
RES03888,COL1367,English,1,7,3,0,478000,1
RES03889,COL1962,Civil Engineering,3,20,2,5,7419000,0
RES03890,COL0692,English,21,156,1,5,10157000,1
RES03891,COL0795,Electrical Engineering,1,5,2,0,148000,2
RES03892,COL1273,Chemistry,3,16,6,2,4038000,3
RES03893,COL1533,Marathi,0,0,1,0,215000,2
RES03894,COL0461,Electrical Engineering,1,4,0,0,0,2
RES03895,COL1301,Mathematics,7,41,0,1,931000,1
RES03896,COL0976,Electronics & Telecommunication,17,151,1,3,3600000,3
RES03897,COL1406,Pharmacology,0,0,1,1,1920000,1
RES03898,COL1664,Electronics & Telecommunication,24,228,5,8,22310000,2
RES03899,COL0735,Mathematics,0,0,0,0,0,2
RES03900,COL1232,Agronomy,0,0,0,0,0,0
RES03901,COL0977,Obstetrics & Gynaecological Nursing,1,8,1,1,1998000,1
RES03902,COL0920,Mathematics,0,0,3,1,2177000,1
RES03903,COL0423,English,1,7,3,2,8558000,1
RES03904,COL0989,Economics,0,0,0,0,0,1
RES03905,COL1398,Physics,2,11,1,1,1876000,1
RES03906,COL0320,Chemistry,2,18,4,0,986000,2
RES03907,COL1298,Computer Science,1,7,1,0,78000,0
RES03908,COL0901,Educational Psychology,1,5,0,4,2312000,1
RES03909,COL1477,Computer Science,9,49,2,2,5047000,2
RES03910,COL0480,Civil Engineering,12,73,4,3,6187000,2
RES03911,COL1165,Mechanical Engineering,0,0,0,0,0,1
RES03912,COL0333,Physics,0,0,0,0,0,0
RES03913,COL0311,Electrical Engineering,35,268,15,17,48304000,2
RES03914,COL0253,Banking & Finance,31,134,1,6,8525000,0
RES03915,COL1666,Electronics & Telecommunication,2,11,2,1,3050000,4
RES03916,COL1245,Community Health Nursing,0,0,0,1,2734000,0
RES03917,COL1398,Commerce,26,114,1,6,13956000,2
RES03918,COL1056,Marathi,2,9,2,3,7947000,2
RES03919,COL0726,Zoology,9,38,2,3,1114000,1
RES03920,COL0954,Mechanical Engineering,23,89,5,4,1972000,2
RES03921,COL0879,Economics,1,7,2,1,3251000,0
RES03922,COL1938,Commerce,3,12,0,1,1188000,2
RES03923,COL0643,Chemistry,8,43,1,6,7932000,0
RES03924,COL1738,Marathi,1,7,0,0,0,1
RES03925,COL0268,Pediatrics,1,7,4,2,3949000,2
RES03926,COL1095,Economics,2,14,0,6,14219000,2
RES03927,COL0711,Physics,1,6,1,5,9705000,0
RES03928,COL0026,Marathi,5,25,1,8,16863000,1
RES03929,COL0816,Pharmacology,8,52,2,2,3702000,3
RES03930,COL0870,Commerce,6,17,0,1,1630000,1
RES03931,COL1097,English,11,48,6,7,10847000,1
RES03932,COL0100,Mechanical Engineering,5,25,1,1,1032000,3
RES03933,COL0521,English,2,19,1,0,69000,0
RES03934,COL1551,Finance,1,9,0,1,1917000,0
RES03935,COL1446,Constitutional Law,2,17,2,1,677000,2
RES03936,COL0474,Accountancy,1,7,0,1,3433000,1
RES03937,COL0552,Mathematics,32,341,2,10,38155000,1
RES03938,COL1574,Physics,2,15,0,1,744000,3
RES03939,COL0351,Chemistry,0,0,1,0,205000,2
RES03940,COL1499,Business Analytics,0,0,0,0,0,1
RES03941,COL0953,Economics,0,0,0,0,0,1
RES03942,COL0305,Pharmacognosy,1,3,0,1,340000,2
RES03943,COL1255,Chemistry,11,32,3,5,6209000,2
RES03944,COL0334,Marathi,2,15,1,1,1944000,3
RES03945,COL0871,Computer Science,0,0,3,2,1557000,1
RES03946,COL0099,Computer Science,5,23,1,7,2361000,2
RES03947,COL0842,Pharmaceutics,0,0,3,1,716000,1
RES03948,COL1167,Mechanical Engineering,12,71,4,3,7561000,4
RES03949,COL1533,Economics,52,338,7,13,7080000,2
RES03950,COL1720,Banking & Finance,9,74,1,10,4381000,1
RES03951,COL0856,Economics,1,6,0,0,0,2
RES03952,COL1967,Mathematics,3,10,4,4,10585000,1
RES03953,COL0664,Information Technology,2,19,2,4,4544000,3
RES03954,COL0175,Physics,1,4,0,0,0,1
RES03955,COL0055,Pharmaceutics,29,205,7,2,5512000,2
RES03956,COL1259,Economics,4,32,2,4,10145000,3
RES03957,COL1952,Mechanical Engineering,134,1134,21,23,54461000,2
RES03958,COL0860,Pharmaceutical Chemistry,31,252,3,3,9100000,2
RES03959,COL0734,English,1,3,1,0,250000,1
RES03960,COL0724,English,1,9,0,2,3431000,1
RES03961,COL0985,Computer Science,14,117,2,2,3196000,0
RES03962,COL1374,Criminal Law,0,0,1,2,1128000,3
RES03963,COL1855,Operations Management,0,0,0,1,1776000,1
RES03964,COL0112,Computer Engineering,7,44,1,1,1135000,3
RES03965,COL1486,Physiology,2,11,3,1,1630000,0
RES03966,COL1258,Corporate Law,23,209,1,5,2526000,1
RES03967,COL0540,Marathi,26,85,2,6,12854000,1
RES03968,COL1294,Pharmacology,2,13,0,2,1220000,2
RES03969,COL1348,Computer Science,12,81,2,5,9144000,1
RES03970,COL1080,Commerce,0,0,1,0,148000,1
RES03971,COL0180,Commerce,8,36,0,9,22704000,1
RES03972,COL0920,Economics,3,24,0,1,1848000,1
RES03973,COL0767,Botany,3,30,1,1,3321000,2
RES03974,COL1976,Information Technology,0,0,0,2,2718000,1
RES03975,COL1275,Economics,12,66,1,7,9119000,2
RES03976,COL0570,Pharmacology,0,0,0,0,0,2
RES03977,COL0765,Operations Management,12,87,0,7,10957000,0
RES03978,COL1737,Chemistry,6,53,5,3,3722000,2
RES03979,COL1324,Mathematics,2,16,3,1,1644000,0
RES03980,COL1189,Business Administration,1,7,0,0,0,2
RES03981,COL0046,Marathi,23,158,2,6,3011000,0
RES03982,COL0062,English,9,52,0,4,2664000,1
RES03983,COL1975,Physics,6,49,1,2,4343000,3
RES03984,COL0843,Sociology,1,6,0,2,971000,1
RES03985,COL0163,Mechanical Engineering,152,1184,4,4,2964000,3
RES03986,COL1799,Computer Engineering,0,0,1,2,6125000,5
RES03987,COL0644,Marathi,1,10,0,1,2923000,2
RES03988,COL1393,Electrical Engineering,67,387,8,8,24649000,0
RES03989,COL1329,Civil Engineering,1,3,0,1,1136000,3
RES03990,COL0693,Civil Engineering,87,577,5,7,15856000,2
RES03991,COL1912,Banking & Finance,2,10,0,3,4345000,1
RES03992,COL0257,Sociology,0,0,1,2,3631000,2
RES03993,COL1061,Civil Engineering,0,0,0,0,0,2
RES03994,COL1978,Physics,1,11,2,3,10409000,2
RES03995,COL1670,Mechanical Engineering,0,0,2,0,460000,2
RES03996,COL0761,Civil Engineering,34,239,4,2,5840000,3
RES03997,COL1285,Educational Psychology,1,6,1,0,103000,1
RES03998,COL1384,Economics,0,0,1,0,134000,1
RES03999,COL0381,Civil Engineering,0,0,0,0,0,1
RES04000,COL0932,Civil Engineering,1,2,3,1,1702000,1
RES04001,COL1367,Commerce,25,248,6,12,20031000,1
RES04002,COL0128,Pharmaceutical Chemistry,1,5,2,1,3009000,1
RES04003,COL1000,Civil Engineering,0,0,0,1,1020000,2
RES04004,COL0734,Mathematics,3,17,3,1,1609000,0
RES04005,COL0090,Electronics & Telecommunication,23,222,3,4,3804000,3
RES04006,COL1603,Mathematics,0,0,0,0,0,4
RES04007,COL0168,Zoology,2,17,2,3,3896000,2
RES04008,COL0569,Mechanical Engineering,1,4,1,0,210000,0
RES04009,COL0274,Mechanical Engineering,1,5,2,2,1892000,0
RES04010,COL1384,English,3,24,0,0,0,0
RES04011,COL1290,Computer Engineering,0,0,2,1,2980000,2
RES04012,COL0536,Finance,1,8,0,1,1948000,3
RES04013,COL0739,Computer Engineering,4,17,2,2,5735000,1
RES04014,COL1633,Computer Science,2,9,1,1,547000,2
RES04015,COL1674,Chemistry,35,249,8,8,15714000,2
RES04016,COL1035,English,8,31,1,17,20272000,0
RES04017,COL1593,Business Administration,7,58,3,5,13410000,0
RES04018,COL1599,Economics,7,60,0,6,2899000,3
RES04019,COL1149,Mechanical Engineering,1,10,0,0,0,3
RES04020,COL0552,Commerce,2,21,0,4,9044000,1
RES04021,COL1396,Computer Science,0,0,4,2,1424000,0
RES04022,COL1013,Physics,0,0,1,1,3217000,0
RES04023,COL1971,Electrical Engineering,3,22,3,3,7425000,2
RES04024,COL1841,Electrical Engineering,1,9,0,1,2304000,3
RES04025,COL1493,Mechanical Engineering,38,202,11,9,16215000,1
RES04026,COL1849,Medicine,3,18,2,1,2029000,2
RES04027,COL1467,Botany,1,7,0,0,0,1
RES04028,COL0559,Pharmacology,0,0,2,1,717000,1
RES04029,COL1065,Commerce,3,20,2,2,5605000,1
RES04030,COL0020,English,0,0,1,0,166000,3
RES04031,COL0756,Mechanical Engineering,51,400,12,10,35423000,1
RES04032,COL0744,Chemistry,1,4,5,1,1920000,1
RES04033,COL0867,Economics,1,8,0,4,8292000,1
RES04034,COL0167,Electrical Engineering,0,0,2,0,265000,3
RES04035,COL1100,Computer Engineering,6,57,2,2,4198000,2
RES04036,COL0325,Computer Science,5,22,6,4,8163000,1
RES04037,COL0847,Business Administration,0,0,0,0,0,0
RES04038,COL0111,Banking & Finance,7,34,2,3,3104000,0
RES04039,COL0914,Mechanical Engineering,17,110,1,4,8418000,1
RES04040,COL1797,Zoology,1,7,3,1,3328000,5
RES04041,COL0671,Economics,0,0,0,0,0,2
RES04042,COL1783,English,9,64,1,2,3000000,1
RES04043,COL1009,Mathematics,3,18,1,0,191000,1
RES04044,COL0512,Mechanical Engineering,29,301,7,7,15122000,3
RES04045,COL1639,Marathi,2,18,1,1,1762000,2
RES04046,COL0496,Commerce,1,8,0,2,2931000,2
RES04047,COL0639,Pharmacology,1,7,0,0,0,0
RES04048,COL1935,Business Administration,4,25,0,1,789000,1
RES04049,COL0489,Commerce,1,7,3,2,1275000,2
RES04050,COL0720,English,9,59,1,6,11261000,1
RES04051,COL0176,Chemistry,1,4,3,2,4701000,1
RES04052,COL1846,Criminal Law,0,0,0,0,0,3
RES04053,COL1555,Civil Law,1,6,1,1,779000,1
RES04054,COL0011,English,8,44,1,11,7007000,2
RES04055,COL0265,Chemistry,4,27,5,7,7859000,1
RES04056,COL0146,Chemistry,10,96,6,4,17162000,3
RES04057,COL1423,Commerce,0,0,0,1,1931000,0
RES04058,COL1490,Chemistry,35,376,4,9,30111000,1
RES04059,COL1544,Chemistry,1,7,5,1,2358000,2
RES04060,COL1175,Marathi,5,33,0,3,8825000,3
RES04061,COL1719,Commerce,7,61,1,4,4071000,2
RES04062,COL1782,Commerce,1,4,0,1,1294000,1
RES04063,COL0874,Computer Engineering,40,287,5,8,18344000,1
RES04064,COL0194,Physics,9,76,1,1,2970000,1
RES04065,COL1129,Commerce,0,0,0,1,3051000,2
RES04066,COL0419,English,3,9,0,2,1424000,0
RES04067,COL0028,Physiology,66,428,3,6,21586000,2
RES04068,COL0513,Mathematics,2,19,0,2,3070000,1
RES04069,COL0700,Information Technology,3,29,0,2,3603000,2
RES04070,COL0411,Chemistry,0,0,1,0,52000,3
RES04071,COL1308,Banking & Finance,2,14,1,0,70000,3
RES04072,COL1546,Marathi,8,76,4,3,9029000,1
RES04073,COL1107,Computer Science,1,6,1,1,975000,2
RES04074,COL1362,Chemistry,1,6,1,1,2850000,2
RES04075,COL1935,Economics,1,4,0,0,0,1
RES04076,COL1705,Computer Science,65,446,5,7,12209000,2
RES04077,COL0710,Civil Engineering,0,0,0,1,1665000,0
RES04078,COL1423,English,3,20,2,0,533000,2
RES04079,COL0125,Sociology,1,9,1,2,5119000,1
RES04080,COL1589,Pharmacology,0,0,0,0,0,1
RES04081,COL1115,Chemistry,0,0,1,2,2658000,0
RES04082,COL0384,Civil Law,0,0,1,0,224000,1
RES04083,COL1896,Computer Engineering,2,16,6,3,9688000,2
RES04084,COL0407,Business Administration,16,133,1,2,1865000,3
RES04085,COL1154,Marathi,2,11,1,2,6256000,2
RES04086,COL1972,Computer Engineering,1,9,1,2,3888000,0
RES04087,COL0181,Economics,1,3,0,1,2441000,0
RES04088,COL0348,Chemistry,12,61,5,5,10325000,0
RES04089,COL0477,Civil Engineering,0,0,0,0,0,2
RES04090,COL0772,Electrical Engineering,5,38,7,4,8156000,0
RES04091,COL0108,Marketing,1,7,0,1,1451000,1
RES04092,COL0943,Pharmacognosy,9,41,4,5,7527000,2
RES04093,COL0407,Accountancy,45,379,2,7,7433000,1
RES04094,COL0871,English,3,23,1,3,4863000,1
RES04095,COL1919,Economics,1,6,0,3,2984000,0
RES04096,COL0386,Civil Engineering,5,16,0,3,3558000,1
RES04097,COL1385,Electrical Engineering,10,58,4,9,12976000,2
RES04098,COL1840,Electrical Engineering,2,15,5,3,5790000,2
RES04099,COL0308,Pharmaceutics,1,9,2,3,6239000,3
RES04100,COL1512,Commerce,1,6,0,0,0,1
RES04101,COL0239,Mathematics,1,8,0,1,1416000,2
RES04102,COL0432,Finance,17,127,2,6,8924000,1
RES04103,COL0459,Mathematics,7,49,1,2,5458000,1
RES04104,COL0452,Marathi,28,97,1,6,6343000,1
RES04105,COL0503,Economics,3,21,3,3,6877000,1
RES04106,COL0327,Economics,1,5,1,4,6151000,2
RES04107,COL0120,Marathi,2,20,0,4,1962000,2
RES04108,COL0979,Marathi,1,8,0,1,2010000,1
RES04109,COL0823,Physics,0,0,0,0,0,1
RES04110,COL0806,Educational Administration,1,2,1,0,226000,0
RES04111,COL1954,Electrical Engineering,1,7,0,1,2055000,1
RES04112,COL1624,Child Health Nursing,2,9,0,3,1788000,0
RES04113,COL0269,Sociology,7,21,0,4,4372000,0
RES04114,COL0294,Mechanical Engineering,1,2,0,0,0,1
RES04115,COL1932,Electronics & Telecommunication,6,37,1,3,3053000,0
RES04116,COL0491,Finance,1,6,0,0,0,1
RES04117,COL1607,Educational Administration,0,0,3,2,6724000,2
RES04118,COL0301,Anatomy,1,6,1,0,242000,1
RES04119,COL0812,Economics,7,27,0,1,636000,1
RES04120,COL1723,Marathi,1,10,0,1,2946000,2
RES04121,COL0814,Computer Science,12,55,5,4,10280000,2
RES04122,COL0156,Mathematics,1,5,1,2,661000,1
RES04123,COL0252,English,0,0,0,1,1006000,2
RES04124,COL0460,Information Technology,0,0,0,0,0,1
RES04125,COL0623,Computer Science,1,8,0,0,0,1
RES04126,COL1133,English,1,9,0,0,0,1
RES04127,COL1008,History,1,6,1,1,853000,2
RES04128,COL0669,Educational Administration,1,6,0,1,3136000,1
RES04129,COL0010,Educational Administration,2,16,1,2,4674000,0
RES04130,COL0364,Computer Engineering,2,16,1,5,5215000,1
RES04131,COL1575,Electronics & Telecommunication,8,67,7,6,9921000,3
RES04132,COL0889,Computer Engineering,0,0,4,1,1503000,1
RES04133,COL0931,Mathematics,0,0,0,0,0,2
RES04134,COL1896,Civil Engineering,45,296,0,4,12222000,3
RES04135,COL1947,Educational Psychology,0,0,0,2,2147000,0
RES04136,COL0056,Civil Engineering,3,20,1,4,4101000,0
RES04137,COL1641,Business Analytics,1,7,1,1,3358000,3
RES04138,COL0555,English,1,6,0,0,0,0
RES04139,COL1413,Information Technology,1,6,1,0,155000,1
RES04140,COL0906,Civil Engineering,6,35,2,7,2493000,0
RES04141,COL0237,Soil Science,1,4,2,1,1414000,3
RES04142,COL1892,Civil Engineering,28,227,4,7,5965000,2
RES04143,COL1122,Computer Engineering,1,4,1,4,2371000,2
RES04144,COL1326,Physics,1,8,1,0,100000,2
RES04145,COL0890,Mathematics,29,171,3,12,38431000,1
RES04146,COL0459,Physics,0,0,1,0,158000,0
RES04147,COL0945,Horticulture,18,94,1,3,2991000,0
RES04148,COL1393,Computer Engineering,13,120,2,4,5395000,2
RES04149,COL0863,English,1,8,0,2,1116000,2
RES04150,COL0493,Economics,6,37,0,2,1084000,2
RES04151,COL0744,Physics,0,0,0,0,0,1
RES04152,COL1813,Operations Management,1,8,1,0,258000,2
RES04153,COL1144,Computer Engineering,0,0,4,0,702000,0
RES04154,COL1351,English,2,16,1,2,2034000,2
RES04155,COL1830,Curriculum & Pedagogy,2,18,0,4,8492000,2
RES04156,COL1608,Pharmacology,2,10,1,2,4147000,2
RES04157,COL1606,Commerce,27,248,1,6,8185000,1
RES04158,COL0952,Computer Science,0,0,2,1,2671000,0
RES04159,COL0794,Computer Engineering,20,159,2,4,2263000,1
RES04160,COL1184,Business Administration,9,32,0,2,1645000,2
RES04161,COL1544,English,12,117,2,5,9082000,1
RES04162,COL1911,Operations Management,4,19,1,0,179000,0
RES04163,COL1280,Business Administration,0,0,0,3,3349000,1
RES04164,COL0121,Mechanical Engineering,17,149,1,4,2163000,1
RES04165,COL0059,Surgery,0,0,0,1,660000,1
RES04166,COL0884,Mechanical Engineering,24,182,14,8,8180000,3
RES04167,COL1292,Commerce,6,32,1,3,7460000,3
RES04168,COL0506,Mechanical Engineering,1,6,0,2,3787000,3
RES04169,COL1464,Civil Engineering,8,54,0,5,3756000,2
RES04170,COL0089,Mathematics,2,20,1,4,11566000,0
RES04171,COL1887,Economics,9,66,4,7,9442000,3
RES04172,COL0386,Electronics & Telecommunication,0,0,0,0,0,2
RES04173,COL1967,Commerce,1,3,1,2,3508000,2
RES04174,COL0718,Electronics & Telecommunication,0,0,0,0,0,1
RES04175,COL1532,Computer Science,0,0,1,2,1163000,0
RES04176,COL1201,Pharmaceutical Chemistry,14,74,10,5,6397000,1
RES04177,COL1035,Mathematics,32,198,5,14,8232000,1
RES04178,COL0808,Computer Science,5,27,5,3,8604000,1
RES04179,COL1617,English,5,24,1,4,3147000,0
RES04180,COL1574,Commerce,48,404,1,5,15677000,2
RES04181,COL0470,Economics,8,36,3,7,16503000,3
RES04182,COL1548,Economics,32,254,2,6,6385000,3
RES04183,COL0165,Computer Science,4,26,5,5,4629000,2
RES04184,COL1689,Mathematics,3,10,1,4,5175000,2
RES04185,COL0647,English,3,18,1,2,7224000,2
RES04186,COL0720,Computer Science,1,9,2,3,9423000,3
RES04187,COL1277,Computer Science,1,7,0,0,0,3
RES04188,COL1662,Pharmaceutics,43,400,2,6,10168000,2
RES04189,COL0336,Constitutional Law,3,16,0,0,0,0
RES04190,COL0503,Physics,0,0,0,0,0,1
RES04191,COL0149,English,2,14,1,5,12718000,4
RES04192,COL0705,Pharmaceutics,0,0,1,0,174000,2
RES04193,COL0704,Information Technology,1,7,5,5,11120000,2
RES04194,COL0959,Chemistry,17,82,3,4,7550000,2
RES04195,COL1647,Accountancy,33,144,3,11,20158000,1
RES04196,COL0346,Mechanical Engineering,0,0,4,1,4170000,1
RES04197,COL1128,Information Technology,2,12,5,4,3296000,5
RES04198,COL1508,Finance,1,8,1,1,1449000,0
RES04199,COL0306,Commerce,1,7,1,1,1973000,1
RES04200,COL1821,Electronics & Telecommunication,148,788,4,12,23705000,1
RES04201,COL1754,Business Administration,1,5,1,1,1367000,3
RES04202,COL0248,Physics,4,18,0,2,3640000,2
RES04203,COL1489,Economics,0,0,0,1,1957000,1
RES04204,COL1742,Commerce,7,53,7,5,7542000,1
RES04205,COL0628,Electrical Engineering,57,344,9,7,16156000,2
RES04206,COL0029,English,0,0,0,0,0,1
RES04207,COL1924,Pharmaceutics,1,4,3,0,619000,1
RES04208,COL1155,Plant Pathology,2,5,0,1,309000,0
RES04209,COL1312,Business Administration,4,16,2,4,6229000,0
RES04210,COL0418,Electrical Engineering,1,6,1,0,168000,3
RES04211,COL0479,Physics,1,6,1,1,2228000,2
RES04212,COL0559,Pediatrics,1,7,3,2,5046000,4
RES04213,COL0021,Electrical Engineering,12,69,3,3,4097000,0
RES04214,COL1423,Physics,1,6,1,2,5120000,1
RES04215,COL0262,Urban Planning,23,221,4,6,23192000,1
RES04216,COL0453,Constitutional Law,43,198,1,13,37208000,1
RES04217,COL1577,Civil Engineering,2,9,2,1,1246000,1
RES04218,COL1094,Business Administration,28,167,4,8,4370000,1
RES04219,COL0317,Physiology,11,58,0,2,3125000,1
RES04220,COL1111,Banking & Finance,1,3,0,1,1117000,1
RES04221,COL1876,Mathematics,13,106,3,9,25782000,1
RES04222,COL0523,Business Administration,1,6,1,0,241000,1
RES04223,COL1216,Mathematics,2,13,0,2,1428000,1
RES04224,COL0191,Electronics & Telecommunication,5,33,7,3,6309000,2
RES04225,COL0500,Computer Engineering,22,121,3,1,1407000,0
RES04226,COL1553,Mechanical Engineering,1,3,0,1,1525000,3
RES04227,COL1471,Human Resources,0,0,0,1,1176000,1
RES04228,COL1313,Chemistry,1,5,1,0,164000,1
RES04229,COL0452,Commerce,69,283,4,7,5523000,1
RES04230,COL0553,Medicine,2,3,2,0,296000,2
RES04231,COL0144,Marketing,2,9,0,3,7607000,0
RES04232,COL0294,Civil Engineering,1,2,0,1,708000,0
RES04233,COL0935,Computer Science,4,38,1,1,1252000,0
RES04234,COL0374,Civil Engineering,2,9,4,2,4267000,0
RES04235,COL0280,Information Technology,5,32,5,3,3044000,2
RES04236,COL0584,Finance,1,6,1,2,1383000,1
RES04237,COL0041,Computer Science,0,0,0,0,0,3
RES04238,COL0430,Information Technology,2,16,7,2,6997000,3
RES04239,COL1039,Mechanical Engineering,1,6,2,0,430000,0
RES04240,COL0450,Zoology,0,0,1,0,297000,1
RES04241,COL0054,Community Health Nursing,3,22,0,3,7000000,0
RES04242,COL1705,Physics,0,0,0,1,2031000,2
RES04243,COL1191,Medical Surgical Nursing,1,5,3,3,3216000,0
RES04244,COL0309,Criminal Law,24,207,0,2,1587000,0
RES04245,COL1074,Computer Science,3,17,2,3,2756000,0
RES04246,COL1222,Mathematics,23,203,1,6,6339000,2
RES04247,COL0043,Computer Engineering,1,6,2,0,205000,3
RES04248,COL1726,Human Resources,4,11,0,3,4312000,0
RES04249,COL1605,Architectural Design,0,0,2,1,2074000,1
RES04250,COL0068,Accountancy,6,47,5,10,36478000,2
RES04251,COL0515,Pharmaceutics,2,11,3,2,2284000,2
RES04252,COL0370,Physics,0,0,1,0,139000,0
RES04253,COL0072,Banking & Finance,12,79,1,8,9897000,0
RES04254,COL0791,Pharmacognosy,2,15,1,2,5444000,2
RES04255,COL0762,English,11,79,3,4,4056000,1
RES04256,COL1891,Electrical Engineering,14,102,6,3,5920000,2
RES04257,COL1355,Pharmacology,1,7,0,0,0,2
RES04258,COL0475,English,0,0,0,0,0,2
RES04259,COL0717,Chemistry,1,7,0,0,0,2
RES04260,COL1811,Mathematics,3,19,3,2,5059000,2
RES04261,COL0664,Computer Engineering,1,5,5,1,3582000,3
RES04262,COL0557,Urban Planning,71,267,7,7,10954000,1
RES04263,COL1945,Surgery,4,23,1,2,2016000,3
RES04264,COL0376,Finance,1,7,0,1,2295000,1
RES04265,COL1737,Computer Science,9,74,4,3,10163000,0
RES04266,COL1141,Information Technology,2,13,1,3,4463000,1
RES04267,COL0117,English,11,90,2,8,16246000,0
RES04268,COL1287,Mechanical Engineering,0,0,2,0,373000,0
RES04269,COL0310,Mechanical Engineering,0,0,1,1,653000,1
RES04270,COL1523,Economics,3,31,0,2,4950000,3
RES04271,COL0198,Computer Science,9,53,7,4,5765000,1
RES04272,COL1586,Educational Administration,45,271,4,7,7142000,4
RES04273,COL1440,Economics,1,6,0,0,0,2
RES04274,COL0325,Mathematics,6,25,3,4,11132000,0
RES04275,COL0898,Human Resources,1,6,0,0,0,1
RES04276,COL0954,Electronics & Telecommunication,1,4,5,3,4951000,2
RES04277,COL1165,Civil Engineering,1,5,0,0,0,1
RES04278,COL1513,Economics,2,16,1,2,1656000,1
RES04279,COL0282,Accountancy,3,19,1,6,2767000,2
RES04280,COL0927,Pharmacology,18,177,4,5,7675000,2
RES04281,COL1873,Mathematics,25,189,3,6,5517000,0
RES04282,COL1779,Electrical Engineering,63,245,5,4,8475000,3
RES04283,COL1788,Information Technology,2,20,4,0,962000,3
RES04284,COL0696,Computer Engineering,18,96,7,5,6832000,2
RES04285,COL0734,Chemistry,0,0,0,0,0,0
RES04286,COL1014,Electronics & Telecommunication,31,252,4,12,44122000,3
RES04287,COL1775,Economics,1,5,1,1,1394000,0
RES04288,COL0865,Economics,8,44,1,4,6380000,1
RES04289,COL0604,Mechanical Engineering,22,187,4,7,15931000,2
RES04290,COL0739,Mechanical Engineering,1,8,2,1,2421000,3
RES04291,COL1969,Chemistry,1,10,3,1,1213000,0
RES04292,COL0012,Accountancy,10,78,3,0,857000,3
RES04293,COL1875,Curriculum & Pedagogy,9,66,3,2,3350000,0
RES04294,COL1774,Physics,2,9,1,2,6478000,1
RES04295,COL1506,Electrical Engineering,0,0,1,0,139000,0
RES04296,COL0036,Accountancy,1,3,0,0,0,0
RES04297,COL0299,Computer Engineering,0,0,0,0,0,3
RES04298,COL0157,English,0,0,0,1,783000,1
RES04299,COL1422,Curriculum & Pedagogy,2,20,1,1,1922000,2
RES04300,COL1717,Medical Surgical Nursing,7,41,3,3,11305000,1
RES04301,COL1834,Business Administration,5,37,1,2,3279000,2
RES04302,COL1060,Marathi,11,93,0,2,7950000,3
RES04303,COL0463,Electrical Engineering,7,49,1,3,9232000,2
RES04304,COL0004,Educational Psychology,2,7,2,1,997000,0
RES04305,COL0592,Chemistry,1,9,1,1,3189000,0
RES04306,COL1534,Accountancy,38,277,1,7,16081000,1
RES04307,COL0726,Chemistry,1,3,4,0,355000,1
RES04308,COL1568,Pharmaceutical Chemistry,1,8,0,0,0,1
RES04309,COL1131,Physics,1,6,0,2,4933000,1
RES04310,COL1900,Physics,0,0,1,2,2302000,0
RES04311,COL1161,Mathematics,39,350,0,7,19224000,2
RES04312,COL1157,Accountancy,1,4,1,2,2152000,0
RES04313,COL0288,Economics,3,21,3,3,7854000,3
RES04314,COL0182,Mathematics,12,66,0,3,4001000,2
RES04315,COL1977,Computer Science,0,0,4,2,6342000,3
RES04316,COL0026,Economics,1,2,1,0,68000,0
RES04317,COL1009,Physics,7,41,1,3,7166000,3
RES04318,COL0144,Human Resources,5,32,0,3,1942000,1
RES04319,COL0808,Mathematics,0,0,0,0,0,3
RES04320,COL1716,Criminal Law,0,0,0,1,1374000,0
RES04321,COL1277,Economics,0,0,0,0,0,0
RES04322,COL0191,Information Technology,1,6,2,1,857000,2
RES04323,COL0881,Electrical Engineering,2,20,3,1,3243000,1
RES04324,COL0427,Information Technology,2,21,4,0,668000,3
RES04325,COL1098,Electronics & Telecommunication,18,167,3,4,10851000,2
RES04326,COL1322,Civil Law,0,0,0,1,1836000,2
RES04327,COL1910,Economics,27,257,6,6,14934000,0
RES04328,COL0189,Anatomy,3,14,3,2,1872000,1
RES04329,COL1927,Pharmacology,0,0,1,0,279000,3
RES04330,COL0255,Banking & Finance,4,12,2,7,5087000,1
RES04331,COL0772,Electronics & Telecommunication,25,108,7,1,3562000,2
RES04332,COL0987,Operations Management,1,5,0,1,442000,0
RES04333,COL1964,Plant Pathology,10,61,4,4,10486000,1
RES04334,COL0534,English,1,4,4,4,3838000,0
RES04335,COL1063,Mechanical Engineering,34,182,6,10,9402000,1
RES04336,COL0336,Corporate Law,0,0,3,1,2531000,0
RES04337,COL0917,Electrical Engineering,15,88,7,4,2242000,3
RES04338,COL1367,Marathi,20,115,2,9,25640000,3
RES04339,COL1895,Commerce,11,76,1,5,4230000,1
RES04340,COL1168,Computer Science,44,171,7,7,8255000,0
RES04341,COL0961,Mathematics,2,14,0,1,2101000,2
RES04342,COL0099,Mathematics,0,0,0,0,0,2
RES04343,COL0487,Civil Engineering,2,10,2,0,238000,2
RES04344,COL0815,Chemistry,3,16,0,1,1956000,2
RES04345,COL1358,Economics,1,7,1,1,2400000,0
RES04346,COL1699,Physics,9,59,1,9,6549000,0
RES04347,COL0194,Chemistry,0,0,0,2,3316000,1
RES04348,COL1147,Accountancy,0,0,1,2,2887000,0
RES04349,COL0846,Computer Engineering,5,28,4,3,4557000,3
RES04350,COL0980,Marathi,22,85,2,4,6909000,0
RES04351,COL1736,Finance,1,10,1,1,2499000,2
RES04352,COL0319,Physics,1,9,1,1,3194000,2
RES04353,COL0552,Economics,0,0,0,0,0,2
RES04354,COL0016,Marketing,0,0,0,0,0,1
RES04355,COL0149,Physics,10,39,3,4,6557000,3
RES04356,COL1211,Mathematics,1,4,2,1,2806000,3
RES04357,COL1911,Finance,1,5,0,2,4716000,0
RES04358,COL0643,Computer Science,1,6,4,2,4028000,1
RES04359,COL0457,English,1,11,0,1,3699000,1
RES04360,COL0697,Economics,1,10,1,2,3044000,1
RES04361,COL0545,Mathematics,1,7,0,1,1242000,2
RES04362,COL1563,Computer Engineering,29,157,2,5,10657000,0
RES04363,COL0218,Human Resources,1,5,0,2,4105000,0
RES04364,COL1210,English,0,0,0,0,0,2
RES04365,COL1254,Commerce,0,0,0,1,1419000,1
RES04366,COL0986,Marathi,7,48,1,4,6502000,0
RES04367,COL1336,Pharmacognosy,38,254,4,8,4330000,3
RES04368,COL1637,Marketing,0,0,1,0,54000,1
RES04369,COL0136,Mechanical Engineering,1,8,2,2,7653000,2
RES04370,COL1699,Economics,1,6,1,2,5400000,2
RES04371,COL0051,Mathematics,36,145,6,8,7264000,1
RES04372,COL0465,Computer Science,18,106,3,10,14360000,2
RES04373,COL0438,Mechanical Engineering,2,7,2,3,2041000,1
RES04374,COL1498,Mechanical Engineering,1,4,1,0,53000,0
RES04375,COL0209,Banking & Finance,4,34,2,1,2519000,2
RES04376,COL1941,Information Technology,11,48,5,4,6297000,1
RES04377,COL0328,Computer Engineering,71,718,9,8,15175000,2
RES04378,COL1103,Mathematics,2,15,5,1,3831000,1
RES04379,COL1616,Information Technology,1,7,0,0,0,3
RES04380,COL1356,Mathematics,2,11,0,0,0,0
RES04381,COL1910,Marathi,52,377,5,15,19504000,2
RES04382,COL1828,Physics,1,3,1,5,9807000,2
RES04383,COL1724,Mechanical Engineering,0,0,1,2,6306000,2
RES04384,COL0110,Computer Science,3,26,7,4,10121000,3
RES04385,COL1896,Electronics & Telecommunication,4,23,2,2,919000,2
RES04386,COL0115,Civil Engineering,0,0,0,0,0,1
RES04387,COL1540,Political Science,4,33,2,2,3561000,0
RES04388,COL0845,Commerce,5,28,0,4,7822000,2
RES04389,COL1491,Mathematics,2,16,0,1,632000,2
RES04390,COL0780,Computer Science,1,6,0,1,357000,1
RES04391,COL0932,Electrical Engineering,40,174,3,8,4041000,1
RES04392,COL1746,Electronics & Telecommunication,22,103,7,3,3402000,1
RES04393,COL1652,English,3,19,2,2,2239000,3
RES04394,COL1036,Sociology,0,0,1,1,3224000,2
RES04395,COL1845,Information Technology,0,0,2,1,2166000,1
RES04396,COL0181,Chemistry,2,14,2,1,1620000,1
RES04397,COL1654,Zoology,50,396,0,5,14814000,2
RES04398,COL1327,Marathi,1,8,0,0,0,1
RES04399,COL1723,History,6,32,2,2,5175000,0
RES04400,COL1507,Constitutional Law,0,0,1,0,112000,0
RES04401,COL1083,Information Technology,1,7,1,1,3235000,2
RES04402,COL0722,Economics,1,5,3,4,3211000,0
RES04403,COL0752,Computer Science,1,9,0,1,2724000,0
RES04404,COL0180,Marathi,4,25,0,2,3622000,2
RES04405,COL0983,Mathematics,0,0,0,1,395000,0
RES04406,COL0506,Electronics & Telecommunication,4,22,4,5,5704000,4
RES04407,COL0857,Marathi,0,0,0,0,0,2
RES04408,COL1540,Sociology,1,8,0,0,0,0
RES04409,COL1296,Mechanical Engineering,17,69,3,7,14412000,1
RES04410,COL1831,Physics,8,68,1,3,2937000,2
RES04411,COL0200,Mechanical Engineering,0,0,1,2,5921000,3
RES04412,COL0416,Civil Engineering,21,118,0,1,404000,0
RES04413,COL1233,Computer Engineering,0,0,0,0,0,1
RES04414,COL0813,English,6,46,2,5,11027000,2
RES04415,COL0527,Physics,0,0,1,0,71000,3
RES04416,COL0599,Civil Engineering,0,0,0,0,0,2
RES04417,COL0914,Electrical Engineering,0,0,3,0,476000,2
RES04418,COL0238,Electrical Engineering,1,6,0,1,1222000,2
RES04419,COL1563,Electrical Engineering,41,290,8,3,9539000,1
RES04420,COL0301,Physiology,6,56,0,1,1939000,3
RES04421,COL0207,Electrical Engineering,1,6,3,1,2915000,4
RES04422,COL0051,English,0,0,0,1,1196000,0
RES04423,COL1619,Pharmaceutical Chemistry,7,62,0,2,921000,1
RES04424,COL1027,English,5,41,0,3,8862000,1
RES04425,COL0087,Computer Science,0,0,0,3,8295000,1
RES04426,COL1698,Marathi,1,5,0,0,0,1
RES04427,COL1405,Mechanical Engineering,32,249,5,7,5903000,3
RES04428,COL1704,Computer Science,6,30,3,4,2893000,0
RES04429,COL0328,Electrical Engineering,9,83,7,2,8454000,1
RES04430,COL1216,Commerce,27,180,1,6,7694000,2
RES04431,COL0553,Pathology,19,71,4,4,3273000,1
RES04432,COL0516,Criminal Law,1,7,0,0,0,2
RES04433,COL1290,Civil Engineering,8,64,5,9,28194000,1
RES04434,COL0894,Commerce,1,6,0,1,1096000,1
RES04435,COL1860,English,3,17,4,3,9387000,3
RES04436,COL0810,Chemistry,1,8,1,2,5758000,2
RES04437,COL1172,Educational Administration,1,10,1,1,3596000,2
RES04438,COL1888,Commerce,3,19,0,4,6347000,2
RES04439,COL0932,Electronics & Telecommunication,1,5,0,1,795000,1
RES04440,COL0062,Economics,3,21,3,1,949000,3
RES04441,COL1228,Educational Psychology,4,37,3,3,10772000,3
RES04442,COL1357,Economics,1,11,0,1,1612000,2
RES04443,COL0763,Botany,17,126,0,6,16968000,3
RES04444,COL0279,English,6,37,2,5,4869000,0
RES04445,COL0361,Computer Engineering,44,388,8,8,26281000,4
RES04446,COL1321,Mathematics,3,26,2,3,5554000,0
RES04447,COL1363,Civil Engineering,1,4,0,1,1150000,0
RES04448,COL1565,Pharmacology,1,6,0,0,0,2
RES04449,COL0051,Commerce,1,6,1,0,150000,0
RES04450,COL1769,Obstetrics & Gynaecological Nursing,0,0,0,3,7190000,3
RES04451,COL0657,Pharmaceutics,3,25,5,4,6100000,1
RES04452,COL1456,Mechanical Engineering,14,96,5,5,12249000,3
RES04453,COL0025,English,1,4,0,1,2259000,1
RES04454,COL0704,Civil Engineering,1,4,0,1,1849000,2
RES04455,COL0098,Banking & Finance,14,96,2,7,8654000,1
RES04456,COL1132,Child Health Nursing,11,85,3,4,6727000,1
RES04457,COL0985,Chemistry,1,7,2,0,218000,3
RES04458,COL0192,Civil Engineering,12,66,5,3,4323000,3
RES04459,COL1099,Mechanical Engineering,1,8,2,2,6812000,3
RES04460,COL1713,Commerce,4,36,1,1,2804000,2
RES04461,COL0811,Banking & Finance,29,151,4,7,8567000,3
RES04462,COL1679,Computer Science,0,0,0,1,735000,0
RES04463,COL1938,English,0,0,1,0,121000,0
RES04464,COL0348,Economics,3,8,2,9,8415000,0
RES04465,COL0500,Electrical Engineering,0,0,0,0,0,0
RES04466,COL1752,Educational Psychology,1,7,0,1,2961000,1
RES04467,COL0847,Accountancy,1,4,0,0,0,0
RES04468,COL0375,Chemistry,20,149,1,6,4352000,1
RES04469,COL1859,Computer Engineering,92,775,5,14,18612000,5
RES04470,COL0693,Mechanical Engineering,0,0,4,0,283000,1
RES04471,COL0129,Electrical Engineering,1,3,1,0,201000,0
RES04472,COL1873,Physics,1,6,0,1,680000,2
RES04473,COL1453,Mechanical Engineering,0,0,2,0,514000,1
RES04474,COL1060,English,25,196,2,2,2839000,3
RES04475,COL1284,Computer Science,1,5,2,0,415000,2
RES04476,COL1003,Economics,1,4,0,1,1627000,1
RES04477,COL0204,Electronics & Telecommunication,1,5,2,1,1557000,2
RES04478,COL1715,Physiology,103,974,1,6,17473000,2
RES04479,COL1303,Economics,1,5,1,0,299000,0
RES04480,COL0685,Mechanical Engineering,5,30,1,2,3953000,0
RES04481,COL1051,Architectural Design,2,10,0,0,0,2
RES04482,COL1331,Building Construction & Materials,26,155,4,5,6325000,0
RES04483,COL1048,Electrical Engineering,0,0,1,1,911000,1
RES04484,COL0418,Civil Engineering,12,99,1,9,23611000,2
RES04485,COL0709,Educational Administration,10,45,1,6,6363000,0
RES04486,COL0078,Botany,2,4,1,1,1139000,1
RES04487,COL1576,Economics,11,111,1,2,5692000,0
RES04488,COL0470,English,0,0,0,0,0,1
RES04489,COL1392,Chemistry,37,296,9,9,6487000,0
RES04490,COL1260,Physics,23,128,3,5,7479000,1
RES04491,COL1221,Physics,12,78,2,8,13187000,3
RES04492,COL1072,Pharmaceutical Chemistry,0,0,0,0,0,1
RES04493,COL0910,Civil Law,1,5,3,4,6389000,1
RES04494,COL1240,Chemistry,0,0,0,1,1693000,2
RES04495,COL1160,English,21,182,0,4,11424000,1
RES04496,COL0843,English,0,0,0,0,0,0
RES04497,COL0455,Business Administration,0,0,0,1,2689000,2
RES04498,COL0896,Mathematics,9,26,0,4,5889000,0
RES04499,COL1003,English,6,28,0,1,456000,2
RES04500,COL1216,Economics,87,714,5,10,32212000,2
RES04501,COL0628,Electronics & Telecommunication,3,23,0,3,2129000,0
RES04502,COL0942,Botany,1,7,1,1,781000,1
RES04503,COL0038,Economics,0,0,0,0,0,2
RES04504,COL0550,Mechanical Engineering,33,151,8,10,26640000,2
RES04505,COL1168,Physics,0,0,2,3,6194000,2
RES04506,COL0188,Mathematics,1,5,1,6,5554000,2
RES04507,COL0942,Mathematics,1,11,4,1,3815000,3
RES04508,COL1237,Marathi,0,0,0,0,0,1
RES04509,COL1120,Mechanical Engineering,2,10,2,1,877000,2
RES04510,COL1111,Economics,6,20,1,2,2920000,0
RES04511,COL1643,Pharmaceutical Chemistry,5,31,6,3,10488000,2
RES04512,COL0597,Chemistry,1,5,2,1,1857000,2
RES04513,COL1786,Mechanical Engineering,6,33,2,1,2144000,2
RES04514,COL0224,Pharmacognosy,0,0,0,0,0,1
RES04515,COL0389,Computer Science,8,40,5,6,3227000,1
RES04516,COL0577,Computer Engineering,0,0,3,2,3546000,1
RES04517,COL0366,Commerce,5,47,0,1,684000,2
RES04518,COL0810,English,13,84,0,5,5423000,3
RES04519,COL0131,Civil Engineering,0,0,0,1,2569000,0
RES04520,COL1269,Information Technology,39,253,5,6,16616000,3
RES04521,COL0596,Commerce,0,0,0,0,0,0
RES04522,COL0137,Chemistry,4,32,2,2,3961000,1
RES04523,COL1315,Marathi,12,115,3,7,16090000,2
RES04524,COL0815,Mathematics,11,100,3,6,6715000,3
RES04525,COL1963,Physics,1,7,1,5,8757000,4
RES04526,COL0300,Mechanical Engineering,2,17,4,2,7287000,1
RES04527,COL0807,Marathi,1,5,1,0,60000,3
RES04528,COL0773,Economics,2,10,1,2,2999000,1
RES04529,COL1103,Marathi,36,237,1,8,7382000,2
RES04530,COL0297,Operations Management,0,0,0,3,5475000,3
RES04531,COL1982,Electronics & Telecommunication,1,4,4,0,715000,2
RES04532,COL0615,Banking & Finance,2,6,0,4,3130000,0
RES04533,COL0533,Civil Engineering,8,35,1,8,2792000,2
RES04534,COL0821,Economics,11,93,3,9,14680000,2
RES04535,COL0044,Marathi,6,18,0,2,3925000,1
RES04536,COL1785,Information Technology,5,18,4,2,4424000,1
RES04537,COL0388,Zoology,14,68,2,3,4343000,1
RES04538,COL0901,Educational Administration,1,3,0,3,4221000,1
RES04539,COL0879,Commerce,4,37,2,1,2542000,0
RES04540,COL1943,Electrical Engineering,9,45,0,3,6176000,0
RES04541,COL0030,Civil Engineering,0,0,0,0,0,1
RES04542,COL1982,Computer Engineering,19,104,3,2,6533000,1
RES04543,COL1324,Physics,0,0,0,0,0,3
RES04544,COL0374,Electrical Engineering,28,111,2,11,23007000,1
RES04545,COL0976,Electrical Engineering,0,0,0,0,0,2
RES04546,COL1384,Computer Science,18,137,3,6,15863000,1
RES04547,COL1326,Mathematics,3,21,3,2,5301000,2
RES04548,COL1400,Computer Science,7,20,5,2,2311000,1
RES04549,COL0116,Botany,5,34,0,2,1132000,3
RES04550,COL1152,Commerce,8,55,4,6,7499000,1
RES04551,COL0849,Mechanical Engineering,1,4,0,0,0,2
RES04552,COL1924,Pharmacology,1,9,0,1,1990000,0
RES04553,COL0904,Economics,16,84,3,7,10006000,0
RES04554,COL0904,Computer Science,0,0,1,0,64000,2
RES04555,COL0545,Economics,14,100,0,1,2919000,1
RES04556,COL0214,Banking & Finance,3,24,2,4,7337000,1
RES04557,COL1731,Economics,12,32,0,7,8793000,0
RES04558,COL1967,Physics,34,232,0,14,24417000,1
RES04559,COL1958,Civil Engineering,16,131,8,6,18601000,1
RES04560,COL0051,Physics,1,4,0,1,1212000,1
RES04561,COL0903,Pharmacology,6,38,0,2,4273000,2
RES04562,COL1121,Obstetrics & Gynaecological Nursing,3,15,2,2,3595000,0
RES04563,COL1905,Electrical Engineering,27,244,11,5,14855000,2
RES04564,COL1906,Mechanical Engineering,0,0,1,0,124000,1
RES04565,COL1124,Marathi,0,0,1,1,3111000,0
RES04566,COL0154,Accountancy,1,8,0,2,4803000,1
RES04567,COL1991,Civil Engineering,1,5,1,1,528000,2
RES04568,COL0497,Electrical Engineering,8,47,12,6,12219000,1
RES04569,COL0506,Civil Engineering,34,195,5,8,21828000,2
RES04570,COL0352,Agronomy,1,9,2,5,3356000,2
RES04571,COL0835,Economics,1,6,1,1,2020000,0
RES04572,COL1052,Pharmacognosy,1,7,0,5,6778000,2
RES04573,COL1190,Civil Engineering,12,82,2,10,15865000,0
RES04574,COL0259,Constitutional Law,16,110,4,6,8231000,2
RES04575,COL1041,Pharmacology,0,0,1,1,1465000,2
RES04576,COL0666,Chemistry,1,9,3,1,2672000,2
RES04577,COL0042,Business Analytics,1,4,0,0,0,3
RES04578,COL1693,Marathi,15,79,1,7,13428000,1
RES04579,COL0435,Mechanical Engineering,4,37,1,4,3231000,2
RES04580,COL1183,Civil Engineering,1,7,1,0,193000,1
RES04581,COL1680,Accountancy,1,5,1,2,2419000,0
RES04582,COL1549,Civil Engineering,16,106,0,5,4667000,3
RES04583,COL0937,Civil Engineering,1,7,2,1,2730000,2
RES04584,COL1956,Pharmacology,0,0,0,0,0,3
RES04585,COL0239,Physics,1,4,0,0,0,1
RES04586,COL1136,Chemistry,3,10,5,2,5502000,1
RES04587,COL1782,Marathi,1,7,0,5,9803000,0
RES04588,COL0105,Community Health Nursing,7,68,0,2,3251000,0
RES04589,COL0333,Economics,0,0,0,0,0,0
RES04590,COL1054,Electronics & Telecommunication,27,220,11,4,11337000,3
RES04591,COL1306,Computer Science,25,204,5,9,6960000,1
RES04592,COL1154,Computer Science,0,0,3,0,603000,0
RES04593,COL1430,Constitutional Law,4,13,2,3,4960000,0
RES04594,COL0040,Computer Engineering,22,119,4,10,15944000,0
RES04595,COL0656,Architectural Design,11,57,0,1,791000,2
RES04596,COL0773,Computer Science,2,7,1,1,2030000,1
RES04597,COL0938,Chemistry,4,26,1,2,5425000,2
RES04598,COL1350,Civil Engineering,20,89,3,7,6390000,1
RES04599,COL1940,Computer Engineering,47,398,9,8,10297000,2
RES04600,COL0180,Economics,46,235,2,8,10642000,2
RES04601,COL0620,Economics,13,85,0,8,14808000,1
RES04602,COL0058,Criminal Law,0,0,1,0,163000,2
RES04603,COL0177,Information Technology,4,14,8,5,3037000,1
RES04604,COL1684,Chemistry,18,62,3,2,2120000,2
RES04605,COL0677,Economics,30,136,2,2,5058000,1
RES04606,COL1329,Computer Engineering,19,122,5,8,10453000,1
RES04607,COL1130,Mathematics,23,227,3,1,3537000,2
RES04608,COL0082,Electrical Engineering,0,0,0,0,0,1
RES04609,COL0946,Constitutional Law,0,0,0,1,1730000,2
RES04610,COL1984,Physiology,2,20,0,0,0,0
RES04611,COL0991,Economics,36,188,2,10,7590000,0
RES04612,COL1434,Mechanical Engineering,0,0,2,2,3541000,0
RES04613,COL1418,Civil Engineering,2,10,0,4,1264000,2
RES04614,COL1095,Physics,2,14,2,3,10018000,1
RES04615,COL0636,Botany,8,72,3,2,6713000,2
RES04616,COL0087,English,24,140,1,7,16737000,3
RES04617,COL0561,Accountancy,54,284,3,5,14469000,1
RES04618,COL1685,Marathi,4,24,1,3,1471000,0
RES04619,COL1599,Accountancy,3,19,0,6,19315000,1
RES04620,COL1577,Mechanical Engineering,4,22,2,1,874000,0
RES04621,COL0619,Electrical Engineering,18,27,3,5,6533000,0
RES04622,COL0002,Chemistry,34,293,9,6,21141000,4
RES04623,COL1847,Chemistry,1,7,1,1,3373000,1
RES04624,COL1732,Pharmaceutical Chemistry,20,171,5,11,7434000,3
RES04625,COL0406,Soil Science,0,0,0,1,690000,3
RES04626,COL1077,Human Resources,1,6,1,2,5930000,1
RES04627,COL1583,Electrical Engineering,11,72,4,3,4166000,0
RES04628,COL1284,Chemistry,0,0,0,0,0,1
RES04629,COL1312,Banking & Finance,7,38,3,5,4823000,1
RES04630,COL0818,Physics,2,14,0,3,4473000,0
RES04631,COL0847,Economics,12,33,3,5,8525000,0
RES04632,COL0289,English,16,44,2,4,1174000,0
RES04633,COL0161,Pharmacognosy,14,93,0,2,6116000,3
RES04634,COL1912,Economics,2,12,1,1,604000,2
RES04635,COL1251,Commerce,2,18,1,1,1463000,2
RES04636,COL1728,Electrical Engineering,3,24,1,2,7353000,1
RES04637,COL0964,Accountancy,1,8,0,2,4949000,0
RES04638,COL1520,Computer Engineering,1,9,2,1,3660000,1
RES04639,COL0689,Urban Planning,5,43,3,2,5482000,2
RES04640,COL0589,Mechanical Engineering,2,12,2,1,1749000,3
RES04641,COL1020,Community Health Nursing,1,7,1,0,92000,2
RES04642,COL1292,English,7,59,1,6,11831000,1
RES04643,COL1119,Electrical Engineering,30,184,3,7,5252000,0
RES04644,COL1253,Educational Administration,4,29,3,3,3469000,3
RES04645,COL1205,Community Health Nursing,1,8,0,1,1085000,2
RES04646,COL0024,English,8,68,0,2,2855000,1
RES04647,COL0054,Child Health Nursing,0,0,0,1,777000,0
RES04648,COL0486,Information Technology,0,0,1,0,170000,3
RES04649,COL1194,Commerce,5,47,1,7,6313000,2
RES04650,COL1304,Physics,9,42,1,1,2658000,2
RES04651,COL1910,Chemistry,7,49,0,2,6346000,1
RES04652,COL1326,Marathi,9,57,5,4,12591000,2
RES04653,COL1872,Business Analytics,9,70,2,2,2265000,0
RES04654,COL1674,Mathematics,1,7,1,2,1389000,1
RES04655,COL0270,Computer Science,1,4,1,2,3597000,0
RES04656,COL0777,Mechanical Engineering,17,100,5,12,34034000,2
RES04657,COL0513,Commerce,57,366,3,15,7627000,0
RES04658,COL0091,Computer Science,6,53,1,5,14436000,1
RES04659,COL0110,Economics,28,215,3,11,21822000,2
RES04660,COL0175,Economics,1,5,0,0,0,1
RES04661,COL0529,Civil Law,2,12,3,1,1944000,0
RES04662,COL1502,Physics,5,14,3,3,1837000,1
RES04663,COL0961,Chemistry,13,115,6,2,2836000,4
RES04664,COL0764,Economics,9,81,3,5,9064000,1
RES04665,COL0543,Pharmaceutical Chemistry,13,70,5,5,13349000,3
RES04666,COL1850,Information Technology,2,18,3,0,525000,2
RES04667,COL1170,Chemistry,5,36,1,2,3198000,1
RES04668,COL1220,Finance,1,6,0,2,3623000,1
RES04669,COL1902,Marathi,2,12,1,2,3086000,4
RES04670,COL1522,Zoology,3,17,0,0,0,2
RES04671,COL0428,Computer Engineering,0,0,6,0,1180000,0
RES04672,COL1528,Educational Administration,8,69,2,3,7110000,2
RES04673,COL1466,Chemistry,11,100,4,6,5915000,2
RES04674,COL1675,Marathi,0,0,0,0,0,2
RES04675,COL1025,English,0,0,0,1,567000,5
RES04676,COL0885,History,0,0,0,0,0,3
RES04677,COL1539,Physics,39,254,1,5,15299000,2
RES04678,COL1961,Criminal Law,26,194,2,4,5360000,1
RES04679,COL0603,Medical Surgical Nursing,6,46,3,1,3679000,1
RES04680,COL0028,Pharmacology,1,8,1,2,4623000,5
RES04681,COL0655,Pharmacology,0,0,0,1,2072000,2
RES04682,COL0330,Computer Engineering,1,4,0,1,2142000,1
RES04683,COL1977,Economics,5,36,3,4,5559000,2
RES04684,COL1883,Marathi,1,6,3,0,830000,1
RES04685,COL1204,Chemistry,33,248,9,14,26636000,3
RES04686,COL0426,Economics,128,1143,2,15,38705000,1
RES04687,COL0034,Electrical Engineering,1,5,2,1,1210000,1
RES04688,COL1126,Economics,2,6,0,4,3010000,3
RES04689,COL0948,Computer Engineering,5,38,3,2,5538000,3
RES04690,COL0544,Physics,1,10,2,1,1996000,0
RES04691,COL0784,Mathematics,1,4,0,2,3941000,2
RES04692,COL0065,Electrical Engineering,0,0,0,1,2549000,1
RES04693,COL1445,Business Administration,4,20,2,4,8577000,1
RES04694,COL0671,Mathematics,27,241,3,7,21454000,1
RES04695,COL1391,Commerce,5,19,4,2,3074000,0
RES04696,COL0647,Marathi,4,37,2,4,12861000,1
RES04697,COL1161,Marathi,3,19,0,1,3509000,1
RES04698,COL1839,Mathematics,3,13,0,0,0,1
RES04699,COL0850,Electrical Engineering,0,0,1,1,1474000,3
RES04700,COL0165,Economics,1,9,2,3,1627000,1
RES04701,COL1838,Human Resources,0,0,1,2,6342000,1
RES04702,COL1789,Educational Psychology,58,285,3,6,4003000,1
RES04703,COL0839,Commerce,6,48,2,4,4878000,4
RES04704,COL1240,Commerce,3,21,3,1,2773000,1
RES04705,COL1001,Physics,4,22,1,0,203000,1
RES04706,COL0132,English,12,70,2,7,11184000,0
RES04707,COL1922,Electrical Engineering,4,31,2,3,5908000,0
RES04708,COL0116,Computer Science,2,11,5,5,15106000,2
RES04709,COL1715,Pharmacology,0,0,0,0,0,2
RES04710,COL0810,Physics,13,120,5,9,29890000,2
RES04711,COL0489,Economics,4,27,1,1,3224000,0
RES04712,COL0165,Physics,9,77,0,7,18302000,1
RES04713,COL1785,Computer Engineering,1,4,2,0,380000,1
RES04714,COL1648,Accountancy,10,76,1,5,14975000,3
RES04715,COL1542,Chemistry,9,58,2,3,2181000,2
RES04716,COL0207,Computer Engineering,2,18,4,3,10035000,1
RES04717,COL1258,Civil Law,2,16,3,2,4409000,2
RES04718,COL0452,Economics,65,317,0,7,16683000,1
RES04719,COL0899,Human Resources,1,6,3,1,1940000,2
RES04720,COL0807,English,2,13,0,1,1232000,1
RES04721,COL1387,Commerce,4,25,0,4,12159000,2
RES04722,COL1100,Electrical Engineering,16,99,5,4,13539000,2
RES04723,COL1459,Civil Law,2,8,0,2,2155000,1
RES04724,COL0140,Educational Psychology,35,220,3,11,7541000,0
RES04725,COL0033,Civil Engineering,0,0,0,0,0,2
RES04726,COL0343,Mathematics,10,39,3,4,5037000,2
RES04727,COL0715,Information Technology,0,0,0,1,1950000,1
RES04728,COL0789,Economics,0,0,0,2,952000,1
RES04729,COL1782,Chemistry,10,47,2,3,2425000,0
RES04730,COL0905,Medicine,0,0,1,1,2043000,2
RES04731,COL1508,Business Analytics,1,6,1,0,88000,3
RES04732,COL1616,Electronics & Telecommunication,0,0,0,0,0,0
RES04733,COL0156,Physics,1,4,1,0,189000,0
RES04734,COL1882,Physics,1,6,2,4,7259000,1
RES04735,COL1480,Economics,1,5,0,3,1619000,2
RES04736,COL1907,Electrical Engineering,5,42,5,4,5963000,2
RES04737,COL1320,Medicine,1,5,0,1,3137000,3
RES04738,COL1250,Corporate Law,0,0,0,0,0,1
RES04739,COL0903,Pharmaceutics,3,18,1,0,235000,3
RES04740,COL1389,Physiology,13,65,3,4,9480000,0
RES04741,COL1069,English,1,10,0,0,0,3
RES04742,COL0660,Marathi,8,72,0,8,13321000,1
RES04743,COL1303,Physics,3,12,0,2,1828000,1
RES04744,COL1311,English,1,9,2,0,480000,1
RES04745,COL0249,Mathematics,25,165,1,5,15448000,1
RES04746,COL1786,Civil Engineering,3,24,1,1,2758000,2
RES04747,COL1614,Pharmacognosy,1,7,1,0,132000,2
RES04748,COL0602,Plant Pathology,0,0,0,0,0,2
RES04749,COL1136,Commerce,3,15,0,1,2157000,0
RES04750,COL0811,Accountancy,25,174,3,7,22764000,0
RES04751,COL1441,Computer Science,11,45,4,6,9904000,1
RES04752,COL1001,Chemistry,26,255,4,6,21236000,2
RES04753,COL1518,Marathi,12,60,1,7,16434000,1
RES04754,COL0729,Curriculum & Pedagogy,8,23,1,4,3805000,2
RES04755,COL0429,Civil Law,0,0,0,2,2588000,1
RES04756,COL1480,Commerce,0,0,0,2,2407000,0
RES04757,COL0133,Pharmaceutical Chemistry,2,18,0,0,0,2
RES04758,COL1221,English,20,109,2,10,11842000,3
RES04759,COL0703,Computer Engineering,2,7,2,0,578000,2
RES04760,COL0606,Electrical Engineering,0,0,0,0,0,0
RES04761,COL0578,Educational Psychology,20,190,1,1,1209000,2
RES04762,COL0234,Educational Psychology,2,16,3,2,1276000,3
RES04763,COL0556,Electrical Engineering,0,0,0,1,2075000,1
RES04764,COL0451,Civil Engineering,1,3,0,1,890000,4
RES04765,COL1361,Marathi,0,0,0,0,0,0
RES04766,COL0250,Commerce,1,4,3,1,3287000,2
RES04767,COL0517,Pharmacology,47,282,5,5,6184000,1
RES04768,COL0819,Banking & Finance,4,32,1,0,192000,3
RES04769,COL1357,Banking & Finance,5,41,5,5,8492000,1
RES04770,COL0854,Constitutional Law,2,17,1,1,899000,1
RES04771,COL1725,Civil Engineering,7,32,8,6,10557000,0
RES04772,COL1229,Civil Engineering,0,0,0,0,0,2
RES04773,COL0393,Economics,0,0,1,0,73000,2
RES04774,COL1389,Biochemistry,0,0,0,0,0,2
RES04775,COL1958,Electronics & Telecommunication,21,173,9,6,17610000,3
RES04776,COL1287,Electrical Engineering,1,6,3,2,1389000,2
RES04777,COL0233,Pharmacology,0,0,0,1,2061000,1
RES04778,COL0281,Economics,2,11,0,3,1950000,2
RES04779,COL0175,Chemistry,0,0,1,0,93000,0
RES04780,COL0499,Information Technology,2,13,5,4,11492000,1
RES04781,COL1636,Information Technology,7,50,3,1,2858000,2
RES04782,COL0815,Zoology,34,240,2,4,5870000,2
RES04783,COL1315,Sociology,1,8,1,2,1232000,1
RES04784,COL0648,Soil Science,0,0,0,1,286000,0
RES04785,COL1867,Constitutional Law,4,15,3,1,1172000,2
RES04786,COL0431,Computer Engineering,12,79,0,2,3330000,1
RES04787,COL0207,Mechanical Engineering,2,16,0,4,10230000,0
RES04788,COL0610,Economics,1,6,0,3,3823000,0
RES04789,COL1300,English,2,16,0,0,0,1
RES04790,COL0941,History,0,0,0,0,0,2
RES04791,COL0908,English,12,46,2,6,11479000,0
RES04792,COL0048,Information Technology,0,0,2,1,3013000,1
RES04793,COL0885,Sociology,4,27,2,3,9334000,3
RES04794,COL1678,Civil Law,0,0,1,1,1249000,1
RES04795,COL1137,Economics,0,0,0,1,535000,0
RES04796,COL0596,Mathematics,22,149,3,8,15471000,1
RES04797,COL0747,Computer Science,1,8,3,0,505000,1
RES04798,COL1203,Electronics & Telecommunication,0,0,0,0,0,2
RES04799,COL1074,English,0,0,0,0,0,1
RES04800,COL1413,Electronics & Telecommunication,4,13,2,3,3496000,0
RES04801,COL1793,Pharmaceutics,17,44,7,3,4005000,2
RES04802,COL1580,Medical Surgical Nursing,5,39,0,1,1603000,0
RES04803,COL1963,Commerce,16,144,0,4,2074000,1
RES04804,COL0132,Computer Science,0,0,1,3,7690000,0
RES04805,COL1587,Business Analytics,6,48,3,5,10822000,3
RES04806,COL0482,Human Resources,1,2,0,1,722000,0
RES04807,COL1603,Zoology,4,27,2,0,318000,3
RES04808,COL1519,Medical Surgical Nursing,59,232,3,8,4284000,0
RES04809,COL0591,Economics,0,0,0,0,0,3
RES04810,COL0003,Curriculum & Pedagogy,20,196,1,8,22083000,1
RES04811,COL0874,Mechanical Engineering,1,5,1,0,293000,2
RES04812,COL0555,Mathematics,2,21,0,4,3548000,2
RES04813,COL0500,Civil Engineering,1,7,0,2,6418000,2
RES04814,COL1035,Computer Science,35,124,2,9,9088000,1
RES04815,COL0906,Electrical Engineering,7,29,0,3,1829000,0
RES04816,COL0260,Mathematics,6,26,1,3,6289000,0
RES04817,COL0302,Business Administration,12,89,5,7,5936000,2
RES04818,COL1703,Mathematics,11,79,2,6,16523000,0
RES04819,COL0499,Civil Engineering,3,11,0,1,851000,1
RES04820,COL0241,Physics,1,5,0,1,1857000,1
RES04821,COL0092,Computer Engineering,15,85,2,6,2885000,2
RES04822,COL1439,Mathematics,9,69,0,1,1331000,2
RES04823,COL0379,History,1,8,0,0,0,0
RES04824,COL0022,Commerce,1,5,0,2,2275000,2
RES04825,COL0065,Civil Engineering,1,8,0,0,0,0
RES04826,COL1042,Physics,0,0,0,4,3764000,0
RES04827,COL1437,Computer Engineering,20,125,8,8,14112000,2
RES04828,COL0401,Medical Surgical Nursing,2,21,0,2,5359000,3
RES04829,COL1450,Commerce,1,3,0,2,2056000,0
RES04830,COL0994,Economics,3,25,2,3,5063000,1
RES04831,COL0671,Physics,28,166,3,18,53250000,1
RES04832,COL0467,Computer Engineering,29,328,7,5,14242000,2
RES04833,COL0229,Economics,1,6,1,0,104000,0
RES04834,COL0414,Mathematics,46,327,1,8,22927000,3
RES04835,COL1784,Chemistry,6,51,2,2,1957000,0
RES04836,COL0728,Marathi,0,0,1,0,249000,2
RES04837,COL0165,Commerce,1,5,0,3,7461000,1
RES04838,COL1092,Operations Management,12,70,0,3,10120000,2
RES04839,COL1300,Marathi,2,12,3,0,777000,0
RES04840,COL1390,Information Technology,0,0,0,1,2178000,3
RES04841,COL0222,Economics,2,9,0,1,1675000,2
RES04842,COL1281,Educational Psychology,0,0,0,0,0,2
RES04843,COL1860,Computer Science,1,8,1,0,82000,1
RES04844,COL1502,Computer Science,28,81,2,6,2777000,1
RES04845,COL1321,English,5,26,3,4,9867000,0
RES04846,COL1017,Business Administration,1,5,1,1,1386000,1
RES04847,COL1677,Physics,14,85,1,5,9515000,2
RES04848,COL1620,Electronics & Telecommunication,1,10,2,0,131000,3
RES04849,COL1348,Marathi,7,32,1,2,4231000,3
RES04850,COL1955,Constitutional Law,0,0,0,0,0,2
RES04851,COL1007,Botany,2,12,0,3,1622000,0
RES04852,COL1273,Computer Science,9,71,5,3,4540000,1
RES04853,COL0341,Political Science,1,5,0,1,1388000,3
RES04854,COL1224,Computer Engineering,98,784,5,6,18439000,4
RES04855,COL1657,Mathematics,19,88,1,8,3571000,0
RES04856,COL0197,Electronics & Telecommunication,1,4,2,1,3674000,1
RES04857,COL0876,Mathematics,13,86,2,4,7675000,2
RES04858,COL0511,Mathematics,5,33,0,2,2596000,1
RES04859,COL0547,Computer Science,0,0,0,0,0,2
RES04860,COL1688,Criminal Law,1,5,0,1,1894000,2
RES04861,COL0398,Computer Science,1,5,1,0,61000,0
RES04862,COL1414,Educational Administration,0,0,1,0,211000,1
RES04863,COL0820,Economics,8,77,2,3,6237000,2
RES04864,COL1231,Mechanical Engineering,0,0,2,1,2328000,2
RES04865,COL1598,Computer Science,1,9,1,2,1635000,1
RES04866,COL0366,Economics,1,10,0,2,6970000,3
RES04867,COL0263,English,14,147,1,5,18367000,1
RES04868,COL0356,Physics,32,202,0,10,23805000,3
RES04869,COL1902,Mathematics,1,8,1,4,12249000,3
RES04870,COL0385,Economics,0,0,0,0,0,1
RES04871,COL0768,Civil Engineering,6,45,3,8,18546000,3
RES04872,COL0814,Mathematics,5,30,0,1,1740000,0
RES04873,COL0280,Civil Engineering,11,37,2,4,10129000,2
RES04874,COL0125,Marathi,1,8,1,0,101000,1
RES04875,COL1713,Computer Science,2,13,1,0,72000,0
RES04876,COL1574,Economics,16,125,0,2,3241000,2
RES04877,COL0081,Chemistry,1,6,1,0,237000,0
RES04878,COL1744,Commerce,3,20,1,1,855000,0
RES04879,COL1751,Economics,0,0,1,0,252000,0
RES04880,COL0720,Economics,1,9,1,1,1841000,3
RES04881,COL0671,English,9,56,1,4,9702000,2
RES04882,COL1546,Commerce,3,30,2,7,14347000,0
RES04883,COL0959,Physics,22,106,2,8,7472000,0
RES04884,COL0443,Computer Science,1,7,1,1,908000,4
RES04885,COL0799,Mechanical Engineering,1,7,0,0,0,0
RES04886,COL1413,Civil Engineering,5,13,6,2,4945000,1
RES04887,COL0949,Business Administration,44,239,3,12,11793000,1
RES04888,COL1225,Finance,1,6,2,0,202000,1
RES04889,COL1792,Business Administration,9,17,1,4,5549000,0
RES04890,COL0620,Chemistry,2,17,2,4,2814000,1
RES04891,COL0617,Computer Science,6,55,1,1,2781000,3
RES04892,COL0771,Pharmacognosy,5,29,3,4,2137000,1
RES04893,COL0081,Computer Science,0,0,1,2,550000,1
RES04894,COL0988,Pharmaceutical Chemistry,1,7,2,0,574000,1
RES04895,COL1311,Economics,13,49,1,4,2527000,3
RES04896,COL0888,Commerce,1,5,0,1,1430000,0
RES04897,COL1290,Electronics & Telecommunication,6,62,5,2,3012000,4
RES04898,COL0233,Pediatrics,2,9,4,2,5664000,1
RES04899,COL1774,Commerce,48,415,2,12,16326000,0
RES04900,COL0039,Physics,7,31,1,6,11308000,1
RES04901,COL1697,Physics,5,34,3,7,11384000,0
RES04902,COL1861,Computer Science,0,0,2,1,1216000,3
RES04903,COL1971,Information Technology,0,0,1,1,1256000,1
RES04904,COL1539,Computer Science,25,181,8,6,21049000,3
RES04905,COL1996,Marathi,0,0,0,0,0,0
RES04906,COL1660,Information Technology,8,60,4,3,5353000,3
RES04907,COL1065,Economics,1,8,0,1,3040000,1
RES04908,COL0649,Computer Engineering,1,5,3,2,6150000,2
RES04909,COL1573,Educational Psychology,1,5,1,2,3452000,1
RES04910,COL0436,Marketing,1,10,1,1,1360000,1
RES04911,COL0196,Electronics & Telecommunication,1,7,0,1,1784000,2
RES04912,COL0585,Electrical Engineering,0,0,1,2,5684000,0
RES04913,COL1068,Economics,26,259,1,8,31736000,3
RES04914,COL1265,Chemistry,0,0,1,1,617000,2
RES04915,COL0259,Civil Law,1,10,3,1,1336000,3
RES04916,COL1320,Pediatrics,1,8,4,0,893000,2
RES04917,COL0652,Mathematics,13,90,1,4,5603000,2
RES04918,COL0520,Mathematics,0,0,0,0,0,3
RES04919,COL0869,Physics,0,0,0,0,0,1
RES04920,COL1710,Constitutional Law,3,24,3,6,3681000,2
RES04921,COL0150,Mechanical Engineering,0,0,0,0,0,0
RES04922,COL1496,Marathi,24,254,7,21,30948000,1
RES04923,COL0275,Commerce,0,0,1,1,2323000,1
RES04924,COL1552,Mechanical Engineering,0,0,1,1,2946000,1
RES04925,COL0523,Accountancy,0,0,0,1,1626000,2
RES04926,COL1983,Physics,20,150,2,4,3635000,2
RES04927,COL1938,Marathi,19,95,1,7,9119000,0
RES04928,COL0169,Chemistry,3,16,8,3,5386000,1
RES04929,COL1391,Computer Science,1,7,2,3,7931000,0
RES04930,COL1996,Computer Science,35,116,8,7,3839000,0
RES04931,COL1731,English,1,4,0,0,0,0
RES04932,COL1768,Pharmaceutical Chemistry,5,33,2,3,1557000,0
RES04933,COL0154,Business Administration,2,9,1,4,11484000,0
RES04934,COL1430,Corporate Law,2,11,1,2,2399000,0
RES04935,COL1888,Mathematics,55,407,1,18,38694000,1
RES04936,COL1775,Physics,1,7,2,2,4714000,0
RES04937,COL1691,Sociology,2,12,3,7,4332000,1
RES04938,COL0801,Corporate Law,0,0,0,0,0,3
RES04939,COL1287,Civil Engineering,1,7,0,1,1823000,2
RES04940,COL1883,Mathematics,1,3,1,1,902000,0
RES04941,COL1978,Chemistry,17,157,3,7,5510000,1
RES04942,COL0610,Commerce,1,8,1,1,2392000,2
RES04943,COL1495,Banking & Finance,1,6,1,5,7841000,1
RES04944,COL0593,Electrical Engineering,2,17,0,0,0,3
RES04945,COL1735,Computer Science,1,6,1,0,225000,1
RES04946,COL1090,Marketing,8,41,0,5,16170000,0
RES04947,COL1907,Computer Engineering,6,65,4,3,4178000,2
RES04948,COL0478,Marketing,0,0,0,1,2624000,0
RES04949,COL0151,Economics,19,95,0,6,3525000,2
RES04950,COL1178,Mechanical Engineering,17,155,2,3,3884000,2
RES04951,COL1625,Economics,3,17,0,4,3678000,2
RES04952,COL0370,Marathi,0,0,0,0,0,0
RES04953,COL1282,Economics,32,284,1,8,13042000,1
RES04954,COL1862,Chemistry,9,45,5,7,10100000,1
RES04955,COL1415,Civil Engineering,1,5,0,1,742000,2
RES04956,COL0898,Marketing,0,0,0,1,1129000,2
RES04957,COL1080,Computer Science,1,8,0,2,6130000,1
RES04958,COL1933,Chemistry,52,390,11,7,16416000,2
RES04959,COL1796,Educational Psychology,1,7,1,1,1554000,1
RES04960,COL0186,English,19,170,3,7,6964000,4
RES04961,COL1931,Electrical Engineering,1,6,1,2,5321000,2
RES04962,COL0577,Electrical Engineering,1,3,5,5,4079000,0
RES04963,COL0109,Commerce,5,34,1,2,4745000,0
RES04964,COL1612,Marathi,29,254,2,3,7734000,1
RES04965,COL1846,Civil Law,5,41,0,6,10266000,2
RES04966,COL0212,English,2,9,0,2,4050000,1
RES04967,COL0546,Economics,10,73,5,8,24085000,0
RES04968,COL1496,English,15,113,2,3,3865000,2
RES04969,COL0049,Mechanical Engineering,1,6,0,2,2279000,1
RES04970,COL1273,Economics,0,0,1,2,915000,1
RES04971,COL0860,Pharmacognosy,0,0,0,0,0,2
RES04972,COL1097,Economics,5,24,3,4,5911000,0
RES04973,COL1221,Commerce,9,58,3,4,4758000,2
RES04974,COL1801,Physics,1,7,0,5,14676000,2
RES04975,COL0476,Marathi,1,8,0,4,6985000,1
RES04976,COL1153,English,0,0,1,2,3374000,0
RES04977,COL0183,Electrical Engineering,16,70,5,5,12424000,1
RES04978,COL0712,Commerce,1,3,0,1,608000,0
RES04979,COL0084,Civil Engineering,8,48,0,2,4363000,1
RES04980,COL0923,Architectural Design,0,0,0,0,0,4
RES04981,COL1327,Chemistry,6,41,2,2,6237000,2
RES04982,COL0940,Civil Engineering,28,106,7,10,21442000,0
RES04983,COL1864,Civil Law,24,130,0,9,23866000,2
RES04984,COL1040,Accountancy,2,13,1,0,134000,2
RES04985,COL1558,Marathi,0,0,0,0,0,2
RES04986,COL0160,Pharmaceutics,1,5,3,1,1150000,0
RES04987,COL0130,Computer Engineering,19,89,3,8,13314000,1
RES04988,COL1788,Mechanical Engineering,0,0,0,2,1832000,2
RES04989,COL1002,Corporate Law,9,82,1,3,8083000,1
RES04990,COL0458,Computer Engineering,10,52,5,5,2566000,2
RES04991,COL1691,English,14,110,0,5,2047000,1
RES04992,COL1182,Horticulture,0,0,0,2,5278000,1
RES04993,COL0117,Physics,2,19,0,1,1828000,2
RES04994,COL0426,Computer Science,12,66,3,4,13093000,3
RES04995,COL1371,Pediatrics,0,0,1,0,120000,3
RES04996,COL0090,Information Technology,67,728,9,7,8514000,3
RES04997,COL1660,Civil Engineering,7,47,3,3,7984000,0
RES04998,COL0897,Marathi,3,16,1,1,768000,0
RES04999,COL0726,Mathematics,2,7,2,3,3206000,0
RES05000,COL0391,Pathology,9,46,3,2,2821000,2
